Order_ID,Order_Date,Restaurant,Cuisine,Area,Distance_KM,Prep_Time_Min,Traffic,Delivery_Time_Min,Order_Value,Delivery_Fee,Status,Customer_Rating,Payment_Mode,Customer_Type
FD000001,2026-03-04,Tandoori Tales,Healthy,Rajouri Garden,8.9,26,Low,39,934.09,44.55,Cancelled,,Wallet,New
FD000002,2025-04-08,Urban Tadka,Desserts,Lajpat Nagar,17.9,28,High,72,702.34,75.24,Delivered,2,COD,Returning
FD000003,2025-03-06,Delhi Zaika,Desserts,Rohini,6.1,17,High,41,1414.72,34.97,Delivered,5,Wallet,New
FD000004,2025-03-25,Pizza Corner,South Indian,Noida Sec 62,2.0,19,Low,29,856.42,29.87,Delivered,5,Wallet,New
FD000005,2025-06-25,Spice Route,Fast Food,Gurugram Cyber City,7.1,17,High,47,645.7,41.67,Delivered,5,COD,New
FD000006,2025-12-17,Noodle Street,Biryani,Dwarka,8.8,20,Medium,40,1675.97,49.98,Delivered,3,UPI,Returning
FD000007,2026-06-10,Urban Tadka,Biryani,Rohini,6.6,23,High,51,1697.15,39.25,Delivered,4,UPI,New
FD000008,2025-09-24,Curry House,Desserts,Lajpat Nagar,11.1,35,Medium,66,207.46,54.49,Delivered,3,Wallet,New
FD000009,2025-04-24,Urban Tadka,North Indian,Connaught Place,2.0,15,High,33,1686.56,27.85,Delivered,5,UPI,Returning
FD000010,2025-12-21,Tandoori Tales,South Indian,Dwarka,7.1,33,High,70,210.1,36.97,Delivered,2,UPI,Returning
FD000011,2026-01-20,Spice Route,Fast Food,Connaught Place,15.5,16,Low,33,403.78,67.7,Delivered,,COD,New
FD000012,2026-01-12,Curry House,Biryani,Nehru Place,14.7,19,Medium,50,1012.9,71.52,Delivered,4,COD,Returning
FD000013,2026-01-08,Noodle Street,Chinese,Nehru Place,2.9,20,Low,22,1380.79,27.87,Delivered,2,Card,Returning
FD000014,2025-09-24,Delhi Zaika,Chinese,Gurugram Cyber City,14.6,16,High,52,449.19,60.51,Delivered,5,Wallet,New
FD000015,2025-02-12,Biryani Hub,Fast Food,Gurugram Cyber City,17.7,26,High,78,694.51,69.42,Delivered,4,UPI,New
FD000016,2025-11-11,Burger Yard,Biryani,Saket,4.0,32,Medium,48,971.12,40.01,Delivered,,Card,New
FD000017,2025-10-16,Pizza Corner,Pizza,Dwarka,3.1,9,High,28,1777.05,28.46,Delivered,4,UPI,Returning
FD000018,2026-08-12,Noodle Street,Healthy,Noida Sec 62,2.7,33,Medium,38,1792.47,37.14,Delivered,,Wallet,New
FD000019,2025-12-05,Noodle Street,South Indian,Noida Sec 62,12.3,14,Low,33,1436.45,58.92,Delivered,4,Card,Returning
FD000020,2026-06-28,Cafe Metro,Desserts,Connaught Place,8.2,17,Medium,36,1439.56,51.18,Delivered,1,COD,Returning
FD000021,2025-02-14,Cafe Metro,Fast Food,Mayur Vihar,3.4,13,High,33,742.98,29.14,Delivered,4,Card,Returning
FD000022,2025-04-26,Burger Yard,South Indian,Dwarka,3.3,28,Medium,41,1245.44,34.52,Delivered,5,UPI,New
FD000023,2026-05-09,Healthy Bites,South Indian,Connaught Place,16.0,35,Medium,68,1593.31,71.97,Delivered,3,UPI,Returning
FD000024,2025-11-29,Biryani Hub,Pizza,Nehru Place,7.8,17,High,45,333.86,38.55,Delivered,5,COD,New
FD000025,2025-03-11,Pizza Corner,Biryani,Rajouri Garden,10.0,35,High,66,1722.16,46.57,Delivered,5,COD,New
FD000026,2025-12-05,Spice Route,Biryani,Dwarka,12.4,23,High,62,288.2,53.29,Delivered,3,UPI,Returning
FD000027,2026-02-10,Spice Route,Biryani,Saket,3.6,13,High,39,1442.83,29.7,Delivered,4,COD,Returning
FD000028,2025-04-12,Spice Route,Desserts,Connaught Place,2.1,19,High,31,1464.9,29.48,Delivered,5,COD,Returning
FD000029,2026-04-01,South Bowl,South Indian,Mayur Vihar,8.4,9,Low,23,994.86,49.67,Delivered,1,Card,Returning
FD000030,2025-05-11,Cafe Metro,Pizza,Connaught Place,16.4,23,Low,53,1028.63,74.35,Delivered,5,COD,Returning
FD000031,2025-05-11,Healthy Bites,Healthy,Rajouri Garden,1.3,30,Medium,46,602.7,19.43,Delivered,3,UPI,New
FD000032,2026-07-13,Pizza Corner,North Indian,Lajpat Nagar,9.5,22,High,61,140.06,54.25,Delivered,3,UPI,New
FD000033,2025-01-27,Curry House,South Indian,Rohini,10.5,11,High,47,1530.37,59.92,Delivered,1,COD,New
FD000034,2026-05-14,Tandoori Tales,Biryani,Saket,17.5,16,High,69,1318.0,70.78,Delivered,,Card,Returning
FD000035,2026-08-24,Spice Route,Healthy,Rohini,16.2,8,Low,51,209.31,74.73,Delivered,4,Wallet,Returning
FD000036,2025-11-24,Biryani Hub,South Indian,Noida Sec 62,15.7,34,Medium,74,167.64,73.55,Delivered,2,Card,Returning
FD000037,2025-01-08,Delhi Zaika,Pizza,Lajpat Nagar,8.0,9,High,33,598.69,45.6,Delivered,1,COD,New
FD000038,2025-04-02,Curry House,Desserts,Gurugram Cyber City,4.6,27,Low,36,1293.86,34.11,Cancelled,,Card,Returning
FD000039,2025-01-14,Burger Yard,Healthy,Rajouri Garden,14.6,18,High,62,1255.63,67.01,Delivered,1,UPI,Returning
FD000040,2026-06-27,Pizza Corner,Fast Food,Gurugram Cyber City,14.6,20,High,65,1143.04,63.64,Delivered,2,UPI,New
FD000041,2026-06-05,Tandoori Tales,South Indian,Connaught Place,10.6,22,High,59,1644.89,55.43,Refunded,,UPI,New
FD000042,2026-04-30,South Bowl,Fast Food,Gurugram Cyber City,10.6,30,High,70,549.8,49.45,Delivered,,Wallet,New
FD000043,2026-07-04,Pizza Corner,North Indian,Mayur Vihar,3.4,20,High,40,216.31,25.8,Delivered,2,COD,New
FD000044,2026-02-27,Tandoori Tales,Fast Food,Rajouri Garden,8.8,10,High,42,1492.13,48.62,Cancelled,,COD,Returning
FD000045,2025-08-07,Curry House,North Indian,Dwarka,12.7,26,Low,42,1656.41,55.89,Delivered,3,UPI,New
FD000046,2025-04-07,Pizza Corner,Desserts,Nehru Place,5.6,14,High,38,1455.04,46.33,Delivered,2,COD,New
FD000047,2026-07-18,Healthy Bites,Fast Food,Lajpat Nagar,3.2,12,Medium,27,910.41,31.92,Cancelled,,Card,Returning
FD000048,2025-01-19,Burger Yard,Fast Food,Rajouri Garden,12.7,24,Low,44,212.8,61.17,Delivered,1,COD,New
FD000049,2026-04-24,Noodle Street,Chinese,Connaught Place,5.7,17,High,47,1663.4,46.02,Cancelled,,COD,Returning
FD000050,2025-12-29,Healthy Bites,Desserts,Nehru Place,12.8,31,Low,58,751.52,60.37,Delivered,4,Wallet,New
FD000051,2025-07-11,Urban Tadka,Healthy,Rohini,14.9,20,High,66,473.98,61.16,Delivered,,Card,New
FD000052,2026-01-17,Tandoori Tales,Chinese,Rohini,2.5,20,High,35,1135.96,32.17,Delivered,4,UPI,Returning
FD000053,2026-06-26,Urban Tadka,Chinese,Connaught Place,9.8,29,Medium,56,929.73,53.72,Delivered,,Wallet,Returning
FD000054,2026-08-16,Tandoori Tales,Desserts,Mayur Vihar,14.3,11,Low,32,1464.75,63.84,Delivered,3,Card,Returning
FD000055,2025-06-12,Healthy Bites,Chinese,Connaught Place,11.5,17,High,53,1117.65,57.8,Delivered,2,Wallet,Returning
FD000056,2025-08-02,South Bowl,Biryani,Mayur Vihar,15.7,24,High,67,758.89,64.0,Delivered,4,Card,New
FD000057,2025-12-22,Cafe Metro,Chinese,Gurugram Cyber City,12.6,35,High,87,563.49,67.64,Delivered,4,COD,New
FD000058,2025-01-13,Urban Tadka,Pizza,Lajpat Nagar,13.3,11,High,51,1722.91,66.65,Delivered,2,Card,New
FD000059,2025-01-31,Urban Tadka,Pizza,Rohini,11.8,13,High,52,447.55,55.4,Delivered,5,Wallet,New
FD000060,2025-08-24,Delhi Zaika,South Indian,Dwarka,5.4,23,Low,38,1760.5,42.64,Delivered,2,UPI,New
FD000061,2026-03-01,Pizza Corner,Biryani,Saket,4.8,12,Medium,33,1176.58,41.18,Delivered,2,COD,Returning
FD000062,2025-05-25,Tandoori Tales,Healthy,Rohini,6.8,31,High,57,330.59,37.67,Delivered,,UPI,Returning
FD000063,2025-10-31,Burger Yard,Fast Food,Nehru Place,8.6,31,Low,51,413.17,46.5,Delivered,3,UPI,New
FD000064,2025-09-09,Urban Tadka,South Indian,Gurugram Cyber City,3.4,23,High,47,634.56,29.52,Delivered,2,Wallet,New
FD000065,2025-10-07,Spice Route,Desserts,Lajpat Nagar,2.9,30,High,42,297.98,34.18,Delivered,5,COD,New
FD000066,2025-01-15,Healthy Bites,Chinese,Connaught Place,6.9,18,High,50,1008.2,46.8,Delivered,1,UPI,New
FD000067,2025-08-29,Tandoori Tales,North Indian,Rajouri Garden,4.4,9,High,37,416.32,39.1,Delivered,4,UPI,New
FD000068,2026-06-26,Curry House,Chinese,Dwarka,3.4,19,Medium,41,967.75,35.09,Delivered,2,COD,New
FD000069,2026-04-26,Tandoori Tales,Desserts,Dwarka,11.3,24,Medium,53,691.1,60.72,Delivered,,COD,Returning
FD000070,2025-08-24,Delhi Zaika,Biryani,Nehru Place,5.0,14,High,33,870.07,41.31,Delivered,2,UPI,Returning
FD000071,2026-07-02,Burger Yard,North Indian,Gurugram Cyber City,16.0,19,Low,44,524.04,74.54,Refunded,,COD,New
FD000072,2025-12-22,Urban Tadka,Chinese,Rajouri Garden,16.9,22,High,75,814.38,67.12,Refunded,,UPI,New
FD000073,2026-03-13,Spice Route,Desserts,Rajouri Garden,3.4,16,High,39,888.35,38.79,Delivered,2,COD,Returning
FD000074,2025-12-14,Pizza Corner,Biryani,Dwarka,3.5,27,High,43,1710.81,33.01,Delivered,4,UPI,New
FD000075,2025-12-03,Cafe Metro,Fast Food,Mayur Vihar,17.0,10,High,54,882.04,78.86,Delivered,3,Card,Returning
FD000076,2025-12-21,Healthy Bites,Desserts,Lajpat Nagar,12.4,9,High,37,1608.19,63.79,Delivered,3,UPI,New
FD000077,2025-12-07,Cafe Metro,North Indian,Noida Sec 62,16.5,28,High,78,1600.0,75.77,Cancelled,,COD,New
FD000078,2026-02-15,South Bowl,Healthy,Mayur Vihar,3.7,16,High,46,1760.13,39.45,Delivered,3,Card,New
FD000079,2025-11-13,Pizza Corner,North Indian,Mayur Vihar,8.9,23,High,62,932.96,47.19,Delivered,4,Wallet,New
FD000080,2026-08-23,Urban Tadka,South Indian,Nehru Place,0.8,24,Medium,43,478.32,19.44,Delivered,4,UPI,New
FD000081,2025-02-12,Biryani Hub,Fast Food,Saket,8.2,30,Low,43,1795.12,40.87,Delivered,4,Card,New
FD000082,2025-09-01,Tandoori Tales,Healthy,Gurugram Cyber City,13.9,23,High,64,721.93,62.16,Delivered,,UPI,New
FD000083,2026-08-06,Healthy Bites,North Indian,Gurugram Cyber City,13.8,12,Medium,43,1018.81,58.13,Delivered,1,Card,New
FD000084,2025-09-26,Burger Yard,Biryani,Rajouri Garden,13.0,11,Medium,42,248.33,66.16,Delivered,5,Card,New
FD000085,2025-12-27,Tandoori Tales,Fast Food,Saket,6.5,17,High,51,1121.35,35.84,Delivered,,Wallet,Returning
FD000086,2025-10-08,Delhi Zaika,North Indian,Nehru Place,3.2,19,Low,21,368.09,34.61,Delivered,5,UPI,Returning
FD000087,2026-02-28,Tandoori Tales,Pizza,Mayur Vihar,14.4,10,High,56,1226.54,59.13,Delivered,3,COD,Returning
FD000088,2026-07-26,Curry House,Biryani,Lajpat Nagar,13.6,29,High,70,1093.36,55.89,Delivered,4,UPI,Returning
FD000089,2025-10-13,Tandoori Tales,Healthy,Rohini,11.5,25,High,61,1443.87,61.38,Delivered,3,COD,Returning
FD000090,2026-05-03,Delhi Zaika,Pizza,Rajouri Garden,10.3,34,Low,44,480.16,55.93,Delivered,,Wallet,New
FD000091,2026-06-30,Healthy Bites,Desserts,Nehru Place,9.2,26,Medium,49,664.5,50.19,Delivered,1,Wallet,New
FD000092,2025-12-25,Healthy Bites,Chinese,Connaught Place,17.0,8,High,49,947.56,72.74,Delivered,,Card,New
FD000093,2025-08-24,Curry House,Desserts,Rajouri Garden,1.0,18,High,40,1647.19,29.12,Delivered,3,UPI,New
FD000094,2026-07-13,Burger Yard,Desserts,Saket,3.3,29,High,58,882.95,36.47,Delivered,,Card,Returning
FD000095,2026-07-20,Noodle Street,Healthy,Gurugram Cyber City,3.9,25,Medium,36,707.1,38.1,Delivered,4,Card,Returning
FD000096,2025-12-30,Delhi Zaika,Healthy,Dwarka,7.8,25,Low,37,1007.92,42.18,Cancelled,,Card,Returning
FD000097,2025-09-11,Healthy Bites,Fast Food,Dwarka,5.4,25,High,50,423.54,39.27,Delivered,4,Card,New
FD000098,2025-01-20,Noodle Street,Pizza,Mayur Vihar,4.1,17,High,40,807.12,30.36,Delivered,4,Card,New
FD000099,2026-04-26,Noodle Street,Chinese,Gurugram Cyber City,1.6,32,High,59,1535.96,27.34,Delivered,,COD,Returning
FD000100,2026-08-06,Burger Yard,North Indian,Dwarka,11.1,21,Medium,48,335.14,62.06,Delivered,4,COD,New
FD000101,2026-01-23,Spice Route,Healthy,Lajpat Nagar,15.2,15,High,58,788.25,67.52,Delivered,3,Card,Returning
FD000102,2026-06-03,Burger Yard,North Indian,Connaught Place,5.2,27,High,49,1307.15,41.4,Cancelled,,Wallet,Returning
FD000103,2025-12-08,Pizza Corner,Desserts,Rohini,10.9,22,Medium,41,479.57,57.4,Delivered,3,UPI,New
FD000104,2025-03-07,Pizza Corner,Chinese,Nehru Place,8.5,24,Medium,52,148.13,55.27,Delivered,,Wallet,New
FD000105,2025-02-21,Tandoori Tales,North Indian,Connaught Place,2.3,31,High,50,804.96,36.45,Delivered,2,Card,New
FD000106,2025-09-14,South Bowl,Healthy, Rajouri Garden,3.1,27,Low,28,1336.3,34.46,Delivered,3,Card,Returning
FD000107,2026-06-20,Urban Tadka,Chinese,Gurugram Cyber City,17.3,25,Low,56,784.95,80.47,Delivered,3,Wallet,New
FD000108,2025-11-13,Pizza Corner,North Indian,Connaught Place,13.2,35,High,71,1064.55,55.64,Delivered,2,UPI,Returning
FD000109,2025-06-08,Cafe Metro,Chinese,Mayur Vihar,17.1,34,Low,61,1462.49,66.43,Delivered,1,Card,Returning
FD000110,2026-06-19,Urban Tadka,Biryani,Gurugram Cyber City,17.9,25,Medium,73,762.25,83.53,Delivered,2,Wallet,New
FD000111,2026-02-27,South Bowl,Chinese,Nehru Place,5.7,34,Medium,47,228.57,44.16,Cancelled,,UPI,New
FD000112,2026-01-01,Curry House,Desserts,Gurugram Cyber City,9.4,15,Medium,35,1629.91,55.45,Delivered,5,COD,Returning
FD000113,2025-07-12,Pizza Corner,Desserts,Rajouri Garden,6.8,19,Medium,29,1210.29,41.24,Delivered,2,Wallet,New
FD000114,2026-01-04,Tandoori Tales,Desserts,Noida Sec 62,5.1,27,Medium,40,1322.46,41.81,Delivered,5,UPI,Returning
FD000115,2026-03-31,Healthy Bites,Desserts,Noida Sec 62,8.6,13,Medium,45,1041.43,47.18,Delivered,,UPI,New
FD000116,2025-12-08,South Bowl,Fast Food,Rajouri Garden,6.4,29,Medium,56,712.7,46.71,Delivered,2,COD,Returning
FD000117,2026-01-20,Biryani Hub,North Indian,Gurugram Cyber City,14.7,26,Medium,57,1432.08,64.3,Delivered,1,Card,Returning
FD000118,2026-08-14,Delhi Zaika,South Indian,Noida Sec 62,9.4,22,High,57,1304.63,50.82,Delivered,3,Card,New
FD000119,2025-12-11,Urban Tadka,Chinese,Lajpat Nagar,9.0,33,Medium,52,616.31,50.74,Delivered,4,Wallet,New
FD000120,2025-11-28,Pizza Corner,Biryani,Saket,3.8,12,High,39,1358.24,26.47,Delivered,4,COD,Returning
FD000121,2025-11-17,Urban Tadka,North Indian,Rohini,15.1,16,Low,46,297.69,74.75,Delivered,5,Wallet,Returning
FD000122,2025-09-07,Noodle Street,South Indian,Rajouri Garden,1.5,9,High,26,1228.48,31.86,Delivered,4,Wallet,New
FD000123,2025-12-21,Healthy Bites,North Indian,Nehru Place,5.0,9,High,39,845.74,30.34,Delivered,1,Wallet,New
FD000124,2025-08-12,Noodle Street,Biryani,Saket,9.8,17,Low,32,1641.05,55.81,Delivered,2,COD,New
FD000125,2025-08-27,Delhi Zaika,North Indian,Rohini,1.8,15,High,41,1630.7,29.41,Delivered,,Card,Returning
FD000126,2026-06-19,Urban Tadka,Fast Food,Saket,11.5,29,Medium,53,663.91,60.31,Delivered,1,COD,Returning
FD000127,2025-05-26,Noodle Street,Healthy,Rohini,13.5,31,High,75,1502.47,59.13,Delivered,3,UPI,Returning
FD000128,2026-05-21,Burger Yard,Fast Food,Rajouri Garden,4.9,16,High,39,1071.93,34.18,Delivered,5,UPI,Returning
FD000129,2026-01-16,Biryani Hub,Desserts,Rohini,7.2,22,Low,27,711.87,43.52,Delivered,4,Card,Returning
FD000130,2025-10-23,Pizza Corner,Pizza,Noida Sec 62,1.0,29,High,51,1532.33,18.63,Delivered,1,Wallet,New
FD000131,2025-06-12,Healthy Bites,Fast Food,Saket,3.8,13,Low,20,936.96,38.01,Delivered,1,Wallet,New
FD000132,2026-04-18,Delhi Zaika,North Indian,Noida Sec 62,11.0,30,High,71,614.89,50.09,Delivered,1,COD,Returning
FD000133,2025-11-23,Noodle Street,Pizza,Rajouri Garden,2.7,17,High,45,375.4,32.94,Delivered,2,COD,New
FD000134,2026-07-03,Urban Tadka,Biryani,Nehru Place,6.7,10,High,37,667.75,38.77,Delivered,5,COD,New
FD000135,2026-04-16,Urban Tadka,Desserts,Saket,12.2,15,High,55,850.76,66.26,Delivered,3,Wallet,New
FD000136,2025-04-28,Noodle Street,North Indian,Lajpat Nagar,3.7,24,Low,30,1142.98,34.84,Delivered,4,Wallet,Returning
FD000137,2026-06-18,Noodle Street,North Indian,Noida Sec 62,8.2,12,Medium,29,124.29,49.58,Delivered,,Card,Returning
FD000138,2026-07-26,Burger Yard,Biryani,Connaught Place,3.1,27,Medium,41,1513.65,27.94,Cancelled,,Wallet,Returning
FD000139,2025-10-10,Burger Yard,South Indian,Nehru Place,10.1,30,High,67,295.9,45.66,Delivered,4,UPI,Returning
FD000140,2026-01-16,Cafe Metro,Fast Food,Lajpat Nagar,13.7,10,Low,42,1658.39,69.2,Delivered,2,COD,Returning
FD000141,2025-03-10,Tandoori Tales,Healthy,Mayur Vihar,5.0,8,High,32,1170.4,42.46,Delivered,,Card,Returning
FD000142,2025-09-11,Tandoori Tales,North Indian,Noida Sec 62,17.0,11,Medium,46,1561.84,73.86,Cancelled,,UPI,Returning
FD000143,2025-08-13,South Bowl,South Indian,Saket,3.6,33,High,67,1266.62,38.77,Delivered,5,COD,Returning
FD000144,2025-08-03,Spice Route,South Indian,Rajouri Garden,17.8,16,Low,48,1063.16,79.81,Delivered,2,Wallet,Returning
FD000145,2025-04-08,Spice Route,Fast Food,Noida Sec 62,16.1,26,High,69,1707.24,72.59,Delivered,,Card,New
FD000146,2025-06-01,Healthy Bites,North Indian,Rohini,2.4,26,Medium,41,1204.42,31.52,Delivered,5,Card,Returning
FD000147,2026-03-30,Noodle Street,Desserts,Rajouri Garden,14.1,16,High,51,1676.95,68.76,Delivered,2,UPI,New
FD000148,2025-04-24,Spice Route,Healthy,Mayur Vihar,1.2,9,Low,15,1612.1,24.05,Delivered,2,COD,Returning
FD000149,2025-01-14,Delhi Zaika,North Indian,Gurugram Cyber City,12.2,29,Medium,52,1267.2,61.82,Delivered,2,Card,New
FD000150,2025-10-19,Healthy Bites,South Indian,Lajpat Nagar,11.8,9,Medium,39,1263.69,63.73,Cancelled,,Card,Returning
FD000151,2025-03-25,Biryani Hub,Fast Food,Connaught Place,8.0,14,Medium,37,641.49,53.71,Delivered,3,UPI,New
FD000152,2026-03-19,Healthy Bites,South Indian,Nehru Place,5.0,25,Low,27,521.44,38.16,Delivered,5,Wallet,Returning
FD000153,2025-06-29,Spice Route,North Indian,Mayur Vihar,8.7,31,High,60,225.27,44.69,Delivered,4,UPI,New
FD000154,2026-05-16,Noodle Street,Pizza,Saket,5.4,27,Medium,47,1454.6,42.53,Delivered,5,COD,New
FD000155,2026-08-06,Spice Route,Chinese,Lajpat Nagar,13.8,17,Medium,48,724.97,70.09,Delivered,5,Wallet,New
FD000156,2025-12-10,South Bowl,Chinese,Saket,12.6,23,Medium,46,227.02,53.87,Delivered,1,Card,New
FD000157,2025-08-16,Burger Yard,Desserts,Dwarka,1.7,33,Low,36,1493.03,33.4,Delivered,4,COD,New
FD000158,2026-05-13,Spice Route,Fast Food,Rohini,10.4,27,High,69,1703.79,59.01,Delivered,2,COD,New
FD000159,2025-01-28,Biryani Hub,South Indian,Connaught Place,10.5,18,High,53,356.47,57.22,Delivered,3,COD,Returning
FD000160,2026-06-08,Urban Tadka,North Indian,Gurugram Cyber City,10.4,22,High,53,653.57,50.63,Delivered,,Card,New
FD000161,2026-08-26,Delhi Zaika,Desserts,Saket,5.6,33,Medium,55,1390.05,36.36,Refunded,,Wallet,Returning
FD000162,2025-09-23,South Bowl,Desserts,Nehru Place,13.9,32,High,68,929.18,58.47,Delivered,5,Card,Returning
FD000163,2025-08-19,Burger Yard,South Indian,Mayur Vihar,13.7,33,Low,53,1338.12,62.19,Delivered,2,Wallet,Returning
FD000164,2026-05-28,Cafe Metro,North Indian,Gurugram Cyber City,18.0,17,High,64,324.24,70.68,Delivered,5,COD,Returning
FD000165,2025-12-11,Noodle Street,Desserts,Saket,16.0,11,High,58,1345.14,73.43,Delivered,2,Card,Returning
FD000166,2025-06-12,Curry House,Healthy,Lajpat Nagar,9.9,27,Low,47,1037.24,49.22,Delivered,1,Card,New
FD000167,2025-10-18,Urban Tadka,Fast Food,Rohini,15.7,11,High,60,1400.43,74.76,Delivered,5,Card,New
FD000168,2025-12-06,Cafe Metro,North Indian,Rajouri Garden,5.8,22,Low,30,1328.87,40.78,Delivered,2,Card,Returning
FD000169,2026-06-06,Pizza Corner,Biryani,Mayur Vihar,11.0,26,High,68,413.0,60.49,Delivered,5,COD,New
FD000170,2025-05-07,Pizza Corner,Desserts,Rohini,9.7,34,Low,51,1653.24,46.21,Delivered,3,Card,New
FD000171,2026-02-27,Curry House,Biryani,Connaught Place,5.8,30,Low,48,128.49,40.47,Delivered,5,UPI,Returning
FD000172,2026-08-30,Urban Tadka,Healthy,Saket,11.7,22,High,54,1356.91,50.44,Delivered,3,Wallet,New
FD000173,2025-09-24,Noodle Street,Biryani,Gurugram Cyber City,12.3,17,High,55,373.59,66.47,Delivered,,Card,New
FD000174,2025-10-04,Healthy Bites,Fast Food,Mayur Vihar,7.5,29,Low,46,1055.88,39.85,Delivered,1,COD,Returning
FD000175,2025-06-09,Pizza Corner,Desserts,Lajpat Nagar,11.3,15,Medium,40,1740.84,53.71,Delivered,3,COD,New
FD000176,2025-07-21,Cafe Metro,South Indian,Nehru Place,13.0,11,Low,39,1629.49,63.58,Delivered,1,Card,New
FD000177,2026-08-22,Tandoori Tales,Desserts,Connaught Place,15.9,31,High,80,124.68,74.89,Delivered,5,Wallet,New
FD000178,2026-05-17,Burger Yard,Fast Food,Rohini,16.3,10,High,50,1739.85,66.73,Delivered,1,Card,New
FD000179,2025-08-14,Noodle Street,Healthy,Dwarka,6.6,34,High,59,839.66,45.37,Delivered,3,COD,New
FD000180,2026-08-27,Tandoori Tales,Pizza,Nehru Place,6.0,31,Low,30,1676.2,39.24,Delivered,3,Card,Returning
FD000181,2025-04-06,Cafe Metro,Pizza,Saket,14.1,31,Medium,65,1753.0,63.09,Delivered,3,UPI,Returning
FD000182,2026-04-16,Pizza Corner,South Indian,Noida Sec 62,2.1,8,Medium,13,131.94,25.98,Delivered,5,Wallet,New
FD000183,2026-05-28,South Bowl,Pizza,Dwarka,15.1,16,High,57,1548.74,61.74,Delivered,5,Wallet,Returning
FD000184,2025-05-30,South Bowl,North Indian,Mayur Vihar,11.6,17,High,45,983.18,64.39,Delivered,,UPI,Returning
FD000185,2025-09-23,Biryani Hub,Healthy,Rohini,16.1,13,Low,53,860.02,76.03,Delivered,1,Card,New
FD000186,2025-11-24,South Bowl,Desserts,Gurugram Cyber City,15.5,9,High,46,1675.49,69.38,Delivered,1,Wallet,Returning
FD000187,2025-10-03,Noodle Street,Pizza,Saket,14.2,10,Low,30,1436.44,58.96,Delivered,2,COD,New
FD000188,2026-05-21,Delhi Zaika,Fast Food,Nehru Place,10.7,35,Low,61,642.11,51.17,Delivered,5,UPI,New
FD000189,2025-08-05,Cafe Metro,Healthy,Noida Sec 62,10.3,32,High,63,214.65,56.23,Delivered,4,COD,New
FD000190,2025-08-27,Tandoori Tales,Healthy,Gurugram Cyber City,3.7,24,High,54,964.08,35.1,Delivered,5,Card,New
FD000191,2025-04-18,Urban Tadka,Desserts,Dwarka,1.7,12,High,28,1602.66,28.16,Delivered,1,COD,New
FD000192,2026-08-10,Tandoori Tales,Pizza,Rajouri Garden,1.7,33,Low,31,918.03,21.99,Delivered,5,UPI,New
FD000193,2026-02-09,South Bowl,Healthy,Rohini,3.5,15,Low,26,562.74,26.3,Delivered,3,Wallet,New
FD000194,2025-02-12,Spice Route,Fast Food,Noida Sec 62,2.7,23,High,45,1360.21,27.35,Cancelled,,Card,New
FD000195,2025-11-21,Spice Route,Desserts,Nehru Place,8.9,14,Medium,43,806.33,53.45,Delivered,4,UPI,New
FD000196,2026-06-03,Tandoori Tales,North Indian,Mayur Vihar,10.6,25,Medium,53,1618.71,58.67,Delivered,4,Card,New
FD000197,2026-02-17,Cafe Metro,Desserts,Rajouri Garden,8.4,15,Low,31,1516.57,48.05,Delivered,,COD,New
FD000198,2025-08-16,Pizza Corner,South Indian,Noida Sec 62,1.1,23,Low,26,1365.01,24.94,Delivered,4,Card,New
FD000199,2025-11-21,Healthy Bites,Biryani,Nehru Place,1.0,15,High,26,510.36,32.33,Delivered,2,COD,New
FD000200,2026-06-26,Burger Yard,South Indian,Noida Sec 62,6.6,33,Medium,53,1676.69,42.75,Delivered,4,Wallet,Returning
FD000201,2025-05-15,Healthy Bites,North Indian,Lajpat Nagar,10.4,11,Low,26,159.33,59.98,Delivered,1,UPI,New
FD000202,2025-11-18,Urban Tadka,South Indian,Saket,9.5,23,High,61,927.31,55.81,Delivered,1,Wallet,New
FD000203,2026-05-11,Healthy Bites,Fast Food,Mayur Vihar,1.4,25,Medium,27,1462.46,24.64,Delivered,,Wallet,New
FD000204,2025-03-05,Pizza Corner,Healthy,Gurugram Cyber City,1.7,22,Low,23,593.77,21.29,Delivered,3,UPI,Returning
FD000205,2025-08-30,Biryani Hub,Chinese,Rohini,7.7,30,Low,40,643.39,40.75,Delivered,,Wallet,Returning
FD000206,2026-08-29,Spice Route,South Indian,Connaught Place,2.7,9,High,35,1562.01,27.93,Delivered,2,Card,Returning
FD000207,2025-11-16,South Bowl,Biryani,Saket,3.3,28,Low,45,1535.01,32.15,Delivered,4,Card,New
FD000208,2026-03-21,Cafe Metro,Healthy,Noida Sec 62,5.9,14,Medium,27,122.45,33.0,Delivered,2,Card,Returning
FD000209,2026-08-13,Spice Route,North Indian,Rohini,15.4,28,High,70,1622.21,74.62,Delivered,2,UPI,New
FD000210,2025-12-25,South Bowl,Fast Food,Mayur Vihar,12.2,30,Medium,54,1448.37,51.98,Delivered,1,UPI,Returning
FD000211,2025-08-18,Urban Tadka,North Indian,Rajouri Garden,5.2,24,High,55,949.5,34.63,Delivered,5,COD,Returning
FD000212,2025-11-20,Urban Tadka,Pizza,Noida Sec 62,13.5,15,High,54,984.55,56.69,Delivered,4,Card,Returning
FD000213,2025-08-14,Delhi Zaika,Healthy,Dwarka,17.4,34,High,92,516.94,68.49,Delivered,4,UPI,Returning
FD000214,2025-10-07,Curry House,Biryani,Dwarka,14.1,8,High,53,412.76,71.42,Delivered,1,COD,Returning
FD000215,2025-10-27,Biryani Hub,Fast Food,Gurugram Cyber City,11.9,35,Medium,71,991.82,51.17,Delivered,5,UPI,Returning
FD000216,2026-04-04,Tandoori Tales,South Indian,Rajouri Garden,5.9,24,High,46,1701.26,33.76,Delivered,1,UPI,Returning
FD000217,2025-05-29,Urban Tadka,Pizza, Saket,4.3,31,High,64,497.32,31.76,Delivered,4,COD,Returning
FD000218,2025-01-04,Spice Route,North Indian,Mayur Vihar,8.0,28,Medium,59,755.78,53.16,Delivered,,UPI,New
FD000219,2025-10-06,Biryani Hub,North Indian,Gurugram Cyber City,4.0,13,Low,18,1326.17,27.96,Delivered,5,COD,New
FD000220,2025-08-24,Pizza Corner,Pizza,Lajpat Nagar,14.6,29,Low,55,886.23,59.06,Delivered,1,COD,Returning
FD000221,2025-10-03,Pizza Corner,Biryani,Connaught Place,6.0,16,High,42,1251.2,39.76,Delivered,,UPI,Returning
FD000222,2025-11-26,Spice Route,Desserts,Lajpat Nagar,11.0,13,Low,29,722.16,57.23,Delivered,4,Wallet,New
FD000223,2026-07-08,Spice Route,South Indian,Rohini,13.5,8,Low,31,796.13,61.37,Delivered,2,COD,Returning
FD000224,2025-07-10,Spice Route,Healthy,Nehru Place,5.8,9,High,32,1788.34,41.21,Delivered,,COD,Returning
FD000225,2026-04-25,South Bowl,Desserts,Lajpat Nagar,3.2,15,High,37,1520.51,25.94,Delivered,1,UPI,Returning
FD000226,2025-07-11,Spice Route,Biryani,Lajpat Nagar,5.7,18,High,49,1215.76,41.42,Cancelled,,COD,Returning
FD000227,2026-04-01,Biryani Hub,Chinese,Gurugram Cyber City,8.6,22,Low,40,1043.19,55.35,Delivered,2,UPI,Returning
FD000228,2026-07-07,Cafe Metro,Biryani,Noida Sec 62,6.9,35,High,68,1672.01,45.07,Delivered,1,Card,New
FD000229,2025-01-07,Healthy Bites,Fast Food,Gurugram Cyber City,12.6,9,Medium,44,1177.99,67.12,Delivered,2,Card,Returning
FD000230,2025-03-10,Healthy Bites,Healthy,Lajpat Nagar,12.3,17,Low,36,510.49,58.41,Cancelled,,UPI,Returning
FD000231,2025-12-28,Curry House,Biryani,Rohini,12.4,35,High,76,240.87,66.43,Cancelled,,Card,New
FD000232,2025-11-19,Curry House,Fast Food,Gurugram Cyber City,1.0,16,Low,15,1380.36,22.85,Delivered,1,Card,Returning
FD000233,2025-10-16,Cafe Metro,Healthy,Rohini,2.4,29,High,48,495.64,32.81,Delivered,5,Wallet,Returning
FD000234,2025-08-02,Delhi Zaika,Fast Food,Rajouri Garden,6.0,13,High,43,1242.53,34.07,Delivered,4,UPI,New
FD000235,2025-09-01,Pizza Corner,North Indian,Lajpat Nagar,17.2,33,High,82,922.06,70.44,Delivered,4,COD,New
FD000236,2026-07-16,Pizza Corner,Biryani,Dwarka,12.9,31,High,75,545.28,68.15,Delivered,3,Wallet,Returning
FD000237,2026-07-25,Noodle Street,South Indian,Lajpat Nagar,14.6,32,Low,62,133.98,68.3,Delivered,5,UPI,Returning
FD000238,2025-03-02,Spice Route,Pizza,Rajouri Garden,4.4,34,Medium,53,1162.61,37.31,Delivered,,Card,Returning
FD000239,2025-09-19,Urban Tadka,Desserts,Rajouri Garden,17.0,33,Medium,72,319.95,71.64,Delivered,,Wallet,New
FD000240,2025-11-23,Noodle Street,Desserts,Noida Sec 62,10.7,28,High,65,1542.48,58.02,Cancelled,,Card,New
FD000241,2025-06-19,Curry House,Fast Food,Nehru Place,11.3,33,Medium,61,524.29,53.07,Delivered,1,UPI,New
FD000242,2025-03-05,Cafe Metro,Biryani,Gurugram Cyber City,1.2,11,Low,16,838.07,19.83,Delivered,3,COD,Returning
FD000243,2025-05-16,South Bowl,Fast Food,Noida Sec 62,2.0,11,Medium,23,1361.86,27.9,Delivered,1,UPI,New
FD000244,2025-01-26,Urban Tadka,Chinese,Nehru Place,15.9,31,High,81,568.79,76.52,Delivered,3,UPI,New
FD000245,2025-06-02,Noodle Street,Desserts,Noida Sec 62,15.2,8,High,47,265.8,73.79,Delivered,,COD,New
FD000246,2025-08-09,Urban Tadka,North Indian,Dwarka,8.4,17,High,48,170.51,48.57,Delivered,5,Card,Returning
FD000247,2025-11-07,Tandoori Tales,Healthy,Dwarka,11.8,25,Medium,50,533.82,62.53,Delivered,2,Wallet,Returning
FD000248,2025-05-23,Curry House,Chinese,Mayur Vihar,14.7,33,Medium,68,1579.56,69.47,Delivered,1,UPI,Returning
FD000249,2025-06-11,Cafe Metro,Fast Food,Mayur Vihar,8.1,28,High,54,329.67,43.15,Delivered,,Card,New
FD000250,2025-02-24,South Bowl,Pizza,Noida Sec 62,13.1,28,High,74,991.13,61.29,Delivered,4,Card,New
FD000251,2025-04-29,Delhi Zaika,Fast Food,Nehru Place,8.1,17,High,53,434.69,49.29,Delivered,5,COD,New
FD000252,2025-03-08,Tandoori Tales,Fast Food,Lajpat Nagar,10.8,26,High,68,577.7,58.1,Delivered,1,COD,New
FD000253,2025-05-24,Noodle Street,Desserts,Gurugram Cyber City,9.0,9,High,31,989.75,43.56,Delivered,2,Card,New
FD000254,2025-02-02,Burger Yard,Desserts,Noida Sec 62,1.9,22,Medium,32,1740.41,24.81,Delivered,1,COD,Returning
FD000255,2026-01-13,Delhi Zaika,Chinese,Rajouri Garden,2.5,13,High,28,138.17,36.83,Delivered,3,COD,New
FD000256,2026-04-30,Urban Tadka,Fast Food,Rajouri Garden,15.2,19,High,65,969.21,75.17,Delivered,4,COD,New
FD000257,2025-10-14,Noodle Street,Healthy,Dwarka,14.4,10,High,46,735.93,69.65,Delivered,,COD,Returning
FD000258,2025-11-04,Pizza Corner,Chinese,Rohini,14.4,12,Low,29,1118.0,69.27,Delivered,,Card,Returning
FD000259,2025-08-06,Urban Tadka,North Indian,Mayur Vihar,16.5,22,High,67,173.61,75.1,Delivered,2,Wallet,Returning
FD000260,2025-07-05,Curry House,South Indian,Noida Sec 62,16.6,10,High,52,843.32,72.45,Delivered,,UPI,New
FD000261,2025-05-10,Tandoori Tales,South Indian,Gurugram Cyber City,7.7,31,High,60,1547.6,43.68,Delivered,4,COD,New
FD000262,2025-10-12,Delhi Zaika,Fast Food,Connaught Place,11.6,9,Low,30,1495.66,60.99,Delivered,1,COD,Returning
FD000263,2026-01-04,Delhi Zaika,South Indian,Gurugram Cyber City,12.7,19,Medium,48,905.74,66.91,Cancelled,,UPI,Returning
FD000264,2025-12-24,Biryani Hub,Healthy,Rohini,3.5,8,High,35,336.15,34.28,Cancelled,,UPI,New
FD000265,2025-11-11,Cafe Metro,Pizza,Saket,12.9,19,Medium,49,1432.58,64.31,Delivered,1,UPI,New
FD000266,2025-09-05,Noodle Street,South Indian,Dwarka,12.0,21,Medium,57,1192.56,56.0,Delivered,4,UPI,Returning
FD000267,2025-03-25,Pizza Corner,South Indian,Saket,9.6,19,Medium,40,315.2,56.2,Delivered,4,COD,New
FD000268,2026-06-10,South Bowl,Healthy,Lajpat Nagar,7.8,34,Low,39,148.0,42.95,Delivered,5,UPI,New
FD000269,2025-05-17,Healthy Bites,Biryani,Connaught Place,13.3,32,High,64,989.06,55.67,Delivered,3,Card,New
FD000270,2025-04-13,Noodle Street,South Indian,Rajouri Garden,3.9,14,Low,17,224.13,35.47,Delivered,,UPI,Returning
FD000271,2026-03-29,Curry House,Pizza,Noida Sec 62,0.9,30,High,48,1275.4,30.69,Delivered,4,UPI,New
FD000272,2026-07-01,Healthy Bites,Desserts,Mayur Vihar,13.2,20,High,60,688.74,67.24,Delivered,2,Card,Returning
FD000273,2025-09-03,Urban Tadka,Pizza,Rajouri Garden,6.4,33,Low,52,1044.37,37.96,Delivered,5,UPI,Returning
FD000274,2025-02-05,Delhi Zaika,Chinese,Connaught Place,8.1,19,High,48,1130.04,44.81,Delivered,4,COD,New
FD000275,2026-05-02,Urban Tadka,Chinese,Rajouri Garden,7.7,8,High,42,1217.73,40.23,Delivered,5,UPI,New
FD000276,2026-02-09,South Bowl,South Indian,Dwarka,8.3,33,High,56,756.79,53.17,Delivered,3,UPI,New
FD000277,2026-05-12,Healthy Bites,Healthy,Lajpat Nagar,11.7,15,High,55,944.92,53.29,Delivered,2,UPI,New
FD000278,2025-10-23,Noodle Street,Biryani,Noida Sec 62,5.8,22,High,59,1127.93,43.07,Delivered,1,COD,New
FD000279,2025-02-12,Biryani Hub,Pizza,Noida Sec 62,5.9,9,High,46,1042.33,40.09,Delivered,,Card,New
FD000280,2026-05-18,Biryani Hub,Pizza,Gurugram Cyber City,17.6,32,Medium,60,135.82,71.19,Delivered,1,Card,Returning
FD000281,2025-06-20,Noodle Street,Fast Food,Gurugram Cyber City,16.5,33,Low,62,1569.79,73.8,Delivered,1,COD,New
FD000282,2026-03-26,Noodle Street,Fast Food,Nehru Place,17.8,14,High,59,260.33,78.68,Delivered,1,Card,New
FD000283,2025-09-22,Healthy Bites,Biryani,Gurugram Cyber City,10.7,12,Medium,32,1138.85,53.74,Delivered,1,UPI,Returning
FD000284,2025-08-09,Spice Route,South Indian,Dwarka,11.5,14,High,53,1488.49,60.45,Delivered,1,Wallet,New
FD000285,2025-04-03,Healthy Bites,Biryani, Lajpat Nagar,17.9,34,High,81,1382.01,70.3,Delivered,1,UPI,New
FD000286,2026-07-20,Biryani Hub,Healthy,Gurugram Cyber City,9.9,30,Medium,54,1614.74,50.03,Delivered,2,UPI,Returning
FD000287,2026-02-16,Healthy Bites,North Indian,Gurugram Cyber City,9.6,33,High,67,277.44,55.24,Delivered,1,COD,New
FD000288,2025-07-28,Delhi Zaika,Chinese,Nehru Place,6.7,10,High,37,1016.63,48.46,Delivered,5,COD,Returning
FD000289,2026-05-23,Urban Tadka,Desserts,Connaught Place,5.2,12,High,32,732.84,36.74,Delivered,,UPI,Returning
FD000290,2025-03-20,Healthy Bites,South Indian,Rajouri Garden,9.5,32,High,59,961.96,44.11,Delivered,,Card,New
FD000291,2026-03-03,Tandoori Tales,Chinese,Gurugram Cyber City,14.4,18,High,63,296.96,63.61,Delivered,5,UPI,Returning
FD000292,2026-07-31,Burger Yard,Biryani,Lajpat Nagar,13.1,9,Low,40,1725.4,62.92,Delivered,1,COD,New
FD000293,2025-02-22,Urban Tadka,Chinese,Noida Sec 62,13.9,14,Low,43,724.19,59.93,Delivered,,UPI,Returning
FD000294,2026-04-26,Biryani Hub,North Indian,Rajouri Garden,17.2,21,Medium,57,250.33,78.13,Delivered,5,Card,New
FD000295,2025-08-30,Curry House,Fast Food,Mayur Vihar,4.5,26,Medium,41,127.28,40.7,Delivered,2,Card,New
FD000296,2025-10-01,Noodle Street,Pizza,Gurugram Cyber City,16.4,15,High,63,1797.87,73.42,Delivered,4,Card,New
FD000297,2025-04-09,Curry House,Biryani,Dwarka,7.9,13,High,37,409.76,41.79,Delivered,,COD,New
FD000298,2025-04-15,Healthy Bites,Chinese,Connaught Place,5.6,15,High,39,173.84,34.93,Delivered,1,Wallet,Returning
FD000299,2026-07-15,Spice Route,Fast Food,Nehru Place,16.7,13,Medium,48,1561.4,75.0,Delivered,1,Wallet,Returning
FD000300,2025-11-08,Healthy Bites,Chinese,Mayur Vihar,9.1,21,Medium,53,978.23,44.74,Delivered,4,Wallet,New
FD000301,2025-10-04,Curry House,Fast Food,Mayur Vihar,1.9,19,High,33,592.44,32.23,Delivered,1,Wallet,New
FD000302,2026-06-16,Healthy Bites,Fast Food,Nehru Place,6.6,13,High,43,1249.77,44.32,Delivered,5,UPI,New
FD000303,2026-03-30,Burger Yard,Chinese,Mayur Vihar,15.8,16,High,66,1713.15,76.36,Delivered,1,Wallet,Returning
FD000304,2025-04-15,Healthy Bites,Desserts,Rajouri Garden,14.1,17,High,60,398.31,64.37,Delivered,3,UPI,Returning
FD000305,2025-10-09,Healthy Bites,Fast Food,Connaught Place,17.2,8,Medium,44,1032.97,74.16,Delivered,5,UPI,New
FD000306,2026-05-07,Burger Yard,Healthy,Lajpat Nagar,9.4,10,Low,20,1243.32,53.06,Delivered,3,UPI,New
FD000307,2025-07-29,Noodle Street,North Indian,Gurugram Cyber City,15.5,9,Medium,45,1267.86,72.53,Delivered,4,COD,Returning
FD000308,2025-07-10,Tandoori Tales,North Indian,Rohini,7.9,10,High,44,580.24,48.5,Delivered,3,COD,Returning
FD000309,2025-03-31,Biryani Hub,Biryani,Mayur Vihar,6.1,22,Medium,37,630.26,41.1,Delivered,4,COD,New
FD000310,2025-11-04,Burger Yard,Fast Food,Saket,13.1,24,High,63,586.33,64.11,Delivered,5,COD,Returning
FD000311,2026-08-05,Cafe Metro,Desserts,Lajpat Nagar,16.0,31,High,75,1144.46,70.0,Cancelled,,Wallet,Returning
FD000312,2025-03-25,Urban Tadka,Healthy, Saket,6.5,14,Medium,28,152.67,38.78,Delivered,5,Card,Returning
FD000313,2026-02-13,Cafe Metro,South Indian,Rajouri Garden,1.9,35,High,51,168.92,35.56,Delivered,1,UPI,Returning
FD000314,2025-06-03,Noodle Street,South Indian,Gurugram Cyber City,16.5,10,High,50,1427.49,67.26,Delivered,,Card,New
FD000315,2025-04-16,Curry House,South Indian,Saket,4.9,29,Low,43,1453.89,32.62,Refunded,,Wallet,Returning
FD000316,2025-01-24,Urban Tadka,South Indian,Saket,17.8,26,Low,63,1484.89,81.6,Delivered,3,COD,Returning
FD000317,2026-06-23,Delhi Zaika,South Indian,Connaught Place,7.2,26,High,51,228.81,39.34,Delivered,,UPI,New
FD000318,2026-07-18,Tandoori Tales,North Indian,Connaught Place,13.6,11,Low,30,1583.93,70.8,Delivered,1,Card,New
FD000319,2026-08-08,Healthy Bites,South Indian,Gurugram Cyber City,10.0,30,Medium,51,1359.72,55.59,Delivered,2,UPI,Returning
FD000320,2025-03-29,Tandoori Tales,Fast Food,Dwarka,16.4,14,Low,39,1035.9,72.45,Delivered,,Wallet,Returning
FD000321,2026-07-08,Delhi Zaika,South Indian,Rohini,11.4,8,High,47,1425.06,59.54,Delivered,,UPI,New
FD000322,2025-01-02,Tandoori Tales,Pizza,Saket,6.6,31,Low,43,495.51,41.68,Delivered,3,Card,New
FD000323,2026-02-19,Urban Tadka,Healthy,Rajouri Garden,4.2,20,Medium,42,1599.88,39.61,Refunded,,COD,Returning
FD000324,2025-02-05,Cafe Metro,Biryani,Rohini,2.4,24,Medium,27,833.42,26.65,Delivered,5,UPI,New
FD000325,2026-03-31,Delhi Zaika,North Indian,Saket,17.1,18,Medium,53,1615.69,73.3,Delivered,5,Wallet,New
FD000326,2026-08-09,Cafe Metro,North Indian,Noida Sec 62,4.8,13,Medium,32,1716.14,32.52,Delivered,5,Card,New
FD000327,2025-09-11,South Bowl,Pizza,Connaught Place,16.3,27,Medium,67,1234.28,70.75,Delivered,2,Wallet,New
FD000328,2025-06-27,Noodle Street,North Indian,Noida Sec 62,15.7,21,Low,51,676.62,66.66,Delivered,4,COD,Returning
FD000329,2026-06-15,Curry House,Healthy,Rohini,8.4,30,High,63,1661.99,52.5,Delivered,2,UPI,New
FD000330,2025-04-27,Tandoori Tales,Desserts,Noida Sec 62,17.4,19,High,66,1530.81,69.1,Delivered,2,Card,New
FD000331,2025-10-27,Tandoori Tales,Pizza,Connaught Place,6.3,30,High,61,1575.05,42.3,Delivered,1,UPI,Returning
FD000332,2025-06-09,Biryani Hub,Desserts,Rohini,11.9,26,Medium,53,1142.57,51.63,Delivered,1,UPI,New
FD000333,2026-07-15,Cafe Metro,North Indian,Saket,12.3,16,Medium,42,860.38,56.48,Delivered,1,COD,New
FD000334,2025-02-17,Cafe Metro,Healthy,Nehru Place,2.9,27,High,52,1465.67,27.72,Delivered,3,COD,Returning
FD000335,2025-05-10,Healthy Bites,Desserts,Saket,4.4,23,High,49,1094.83,28.68,Delivered,1,Wallet,New
FD000336,2025-08-14,Urban Tadka,North Indian,Mayur Vihar,6.2,34,High,60,479.29,41.71,Delivered,,UPI,Returning
FD000337,2025-03-13,Urban Tadka,Biryani,Gurugram Cyber City,9.1,11,Low,29,592.93,43.5,Delivered,1,COD,New
FD000338,2025-05-26,Curry House,Healthy,Mayur Vihar,5.0,35,Medium,48,309.17,34.06,Delivered,,Card,New
FD000339,2025-09-26,Delhi Zaika,Pizza,Gurugram Cyber City,12.2,26,Low,52,1590.78,60.69,Cancelled,,Card,Returning
FD000340,2025-07-14,Spice Route,Healthy,Lajpat Nagar,17.4,8,High,57,1790.79,79.78,Delivered,3,COD,New
FD000341,2025-10-18,Noodle Street,Chinese,Gurugram Cyber City,15.3,29,Low,53,1065.26,73.16,Delivered,1,Card,New
FD000342,2025-09-28,Pizza Corner,North Indian,Mayur Vihar,3.9,22,High,45,1337.14,39.04,Delivered,4,Card,New
FD000343,2026-05-05,Burger Yard,Biryani,Rohini,3.1,10,High,34,212.79,28.18,Cancelled,,Card,New
FD000344,2026-05-29,Pizza Corner,Pizza,Gurugram Cyber City,17.1,22,High,70,1527.46,72.56,Cancelled,,UPI,Returning
FD000345,2026-03-03,Tandoori Tales,Pizza,Dwarka,17.4,21,High,71,1177.82,77.63,Delivered,5,COD,Returning
FD000346,2025-09-13,South Bowl,Biryani,Connaught Place,5.1,34,Medium,50,1094.04,39.27,Cancelled,,UPI,New
FD000347,2025-06-03,Tandoori Tales,South Indian,Lajpat Nagar,15.8,27,High,69,1485.61,63.68,Delivered,2,Wallet,Returning
FD000348,2026-06-20,Pizza Corner,North Indian,Rohini,6.3,11,High,34,1541.12,41.39,Delivered,4,UPI,Returning
FD000349,2025-04-19,Cafe Metro,Healthy,Mayur Vihar,14.2,34,Low,67,1026.23,58.47,Delivered,4,UPI,Returning
FD000350,2026-04-22,Noodle Street,Chinese,Dwarka,3.1,29,High,52,1698.44,35.65,Delivered,5,Wallet,New
FD000351,2026-08-19,Urban Tadka,Desserts,Lajpat Nagar,17.8,18,High,54,901.54,83.33,Delivered,,Card,Returning
FD000352,2025-09-25,South Bowl,Desserts,Gurugram Cyber City,14.7,20,Low,45,1303.42,60.16,Delivered,1,Card,Returning
FD000353,2026-03-08,Biryani Hub,Pizza,Mayur Vihar,11.1,28,Low,53,934.72,51.06,Cancelled,,Card,New
FD000354,2025-06-13,Cafe Metro,Healthy,Saket,11.2,26,Low,41,449.07,50.82,Delivered,4,UPI,New
FD000355,2025-03-07,Burger Yard,Pizza,Dwarka,9.6,16,High,49,240.52,57.33,Delivered,2,Wallet,Returning
FD000356,2026-05-06,Spice Route,Chinese,Gurugram Cyber City,6.6,11,Medium,31,1107.47,40.92,Delivered,4,Card,Returning
FD000357,2026-07-31,Biryani Hub,Biryani,Gurugram Cyber City,2.6,19,Medium,25,1459.49,27.43,Delivered,3,COD,Returning
FD000358,2026-02-28,Healthy Bites,Desserts,Dwarka,3.6,9,High,31,1153.04,39.87,Delivered,2,COD,Returning
FD000359,2025-06-16,Curry House,Biryani,Nehru Place,2.4,22,High,41,1241.99,24.58,Delivered,5,Card,Returning
FD000360,2026-03-04,Curry House,North Indian,Saket,6.0,10,Medium,33,1374.71,36.78,Delivered,5,COD,Returning
FD000361,2025-01-23,South Bowl,Pizza,Dwarka,7.6,26,Medium,52,950.8,52.64,Delivered,5,Wallet,Returning
FD000362,2026-01-13,Biryani Hub,Fast Food,Dwarka,8.6,30,Low,41,1540.1,47.76,Delivered,3,Card,New
FD000363,2025-09-09,Delhi Zaika,Desserts,Mayur Vihar,6.6,28,Medium,46,1067.73,42.29,Cancelled,,Card,Returning
FD000364,2025-03-29,Noodle Street,Chinese,Gurugram Cyber City,9.5,10,Low,27,174.13,46.74,Delivered,4,Card,Returning
FD000365,2026-08-13,Delhi Zaika,Pizza,Gurugram Cyber City,11.8,25,Medium,49,181.25,52.05,Delivered,,COD,Returning
FD000366,2025-08-10,Cafe Metro,North Indian,Mayur Vihar,1.4,20,High,35,1757.92,32.43,Delivered,4,UPI,Returning
FD000367,2025-11-10,Noodle Street,Healthy,Noida Sec 62,15.6,34,Low,61,1171.34,74.36,Delivered,2,Card,Returning
FD000368,2025-04-24,South Bowl,Healthy,Dwarka,17.8,26,High,70,1230.58,80.26,Delivered,,Wallet,Returning
FD000369,2025-06-30,Noodle Street,Biryani,Dwarka,10.1,22,High,57,1799.44,58.41,Delivered,1,Card,New
FD000370,2026-01-06,Spice Route,South Indian,Gurugram Cyber City,6.4,12,High,46,271.02,40.76,Delivered,3,UPI,Returning
FD000371,2025-12-15,Spice Route,North Indian,Rajouri Garden,2.5,16,High,38,1701.27,27.82,Delivered,2,UPI,Returning
FD000372,2025-02-02,Delhi Zaika,South Indian,Lajpat Nagar,1.0,28,Low,34,1269.79,18.35,Delivered,1,Card,Returning
FD000373,2026-04-11,Healthy Bites,Pizza,Gurugram Cyber City,2.5,32,High,47,666.46,26.71,Delivered,4,UPI,New
FD000374,2025-09-06,Noodle Street,Healthy,Rohini,5.7,21,High,44,1388.48,41.14,Delivered,,Card,New
FD000375,2026-01-18,Tandoori Tales,Pizza,Lajpat Nagar,7.7,14,High,46,464.08,43.14,Delivered,,Card,New
FD000376,2025-04-02,Delhi Zaika,Healthy,Lajpat Nagar,1.2,9,Low,16,1714.81,30.22,Delivered,,Wallet,Returning
FD000377,2025-08-22,Pizza Corner,Healthy,Rajouri Garden,13.5,28,Medium,61,616.29,68.68,Delivered,5,COD,Returning
FD000378,2026-05-01,Biryani Hub,South Indian,Saket,17.3,23,High,79,1597.78,73.4,Delivered,,UPI,Returning
FD000379,2026-03-25,Cafe Metro,Fast Food,Rohini,10.2,19,Low,31,242.33,60.55,Delivered,2,Card,Returning
FD000380,2025-09-24,Pizza Corner,Chinese,Saket,11.4,19,High,59,922.74,64.19,Delivered,3,COD,Returning
FD000381,2026-04-13,Burger Yard,Desserts,Saket,17.8,31,High,80,877.72,76.46,Delivered,1,COD,New
FD000382,2025-01-20,Tandoori Tales,North Indian,Rajouri Garden,12.6,24,Low,45,262.22,53.25,Delivered,4,COD,New
FD000383,2025-06-25,Urban Tadka,Fast Food,Dwarka,3.0,27,High,46,716.48,28.64,Refunded,,Wallet,New
FD000384,2025-06-05,Biryani Hub,North Indian,Connaught Place,8.9,28,Medium,49,250.68,47.17,Delivered,1,Wallet,New
FD000385,2026-04-29,Noodle Street,North Indian,Connaught Place,2.4,16,High,37,738.76,24.51,Delivered,1,Wallet,New
FD000386,2026-01-04,Cafe Metro,South Indian, Nehru Place,10.9,12,High,47,143.84,47.85,Delivered,5,Wallet,Returning
FD000387,2026-04-21,Delhi Zaika,Chinese,Gurugram Cyber City,14.2,28,Low,56,994.21,63.88,Delivered,3,UPI,Returning
FD000388,2026-05-17,Urban Tadka,Desserts,Rajouri Garden,15.5,9,Low,36,1672.31,75.0,Delivered,,COD,New
FD000389,2026-06-14,Tandoori Tales,North Indian,Gurugram Cyber City,13.4,19,High,64,1045.39,60.55,Delivered,3,Card,New
FD000390,2025-05-15,Curry House,Fast Food,Dwarka,3.7,13,Medium,25,1019.48,36.98,Delivered,3,Wallet,Returning
FD000391,2025-06-19,Spice Route,Chinese,Connaught Place,9.1,11,Low,26,1010.24,49.3,Delivered,2,UPI,Returning
FD000392,2026-02-15,Urban Tadka,Pizza,Saket,6.6,28,High,48,620.5,48.2,Delivered,3,COD,Returning
FD000393,2025-05-02,Burger Yard,North Indian,Noida Sec 62,3.0,12,Low,20,820.16,28.05,Delivered,1,Wallet,New
FD000394,2026-06-23,Biryani Hub,Biryani,Gurugram Cyber City,6.9,30,Medium,52,125.06,43.08,Delivered,1,UPI,Returning
FD000395,2025-06-28,South Bowl,Chinese,Nehru Place,12.7,30,Medium,61,1420.22,66.2,Cancelled,,Wallet,New
FD000396,2026-03-24,Delhi Zaika,Pizza,Lajpat Nagar,11.3,34,Low,54,1340.57,57.82,Delivered,4,UPI,New
FD000397,2025-03-01,Cafe Metro,Biryani,Noida Sec 62,15.0,13,Medium,44,668.02,69.39,Delivered,1,COD,New
FD000398,2025-07-15,Burger Yard,Fast Food,Connaught Place,15.5,27,High,70,290.45,65.45,Delivered,1,UPI,New
FD000399,2025-02-12,Cafe Metro,Pizza,Dwarka,16.3,8,High,58,1097.78,77.7,Delivered,3,UPI,Returning
FD000400,2025-12-13,Healthy Bites,Desserts,Noida Sec 62,10.7,23,High,53,218.71,60.19,Cancelled,,Wallet,New
FD000401,2026-07-14,Urban Tadka,Healthy,Rajouri Garden,6.9,12,High,41,1231.65,42.64,Delivered,4,Card,New
FD000402,2025-02-25,Pizza Corner,Fast Food,Rohini,8.7,8,High,34,1715.82,41.91,Delivered,,Card,New
FD000403,2025-05-21,Burger Yard,South Indian,Connaught Place,13.8,11,Medium,42,658.78,61.96,Delivered,,Wallet,Returning
FD000404,2026-05-11,Noodle Street,Chinese,Connaught Place,7.6,9,Medium,35,1237.31,42.05,Delivered,1,COD,Returning
FD000405,2025-11-03,Curry House,Pizza,Rajouri Garden,11.0,24,High,61,1162.43,59.24,Delivered,3,Card,New
FD000406,2025-08-16,Cafe Metro,Pizza,Noida Sec 62,3.3,35,Medium,48,1409.78,28.31,Delivered,3,COD,Returning
FD000407,2026-01-17,Delhi Zaika,Chinese,Noida Sec 62,13.7,10,Low,38,1682.08,63.22,Delivered,2,COD,Returning
FD000408,2025-05-03,Burger Yard,Healthy,Mayur Vihar,16.4,29,High,83,1603.1,79.14,Delivered,1,UPI,New
FD000409,2025-10-29,Pizza Corner,South Indian,Gurugram Cyber City,1.5,8,Medium,20,1547.25,23.14,Delivered,2,Wallet,New
FD000410,2025-01-13,Healthy Bites,Fast Food,Rohini,9.6,32,Low,45,1019.94,45.3,Refunded,,Card,New
FD000411,2025-03-25,Curry House,Fast Food,Rajouri Garden,2.7,21,High,49,183.02,29.35,Delivered,2,Wallet,New
FD000412,2025-11-16,Tandoori Tales,South Indian,Connaught Place,11.3,27,Low,47,637.49,62.41,Delivered,3,COD,Returning
FD000413,2025-07-09,Burger Yard,Fast Food,Lajpat Nagar,7.4,9,High,43,1789.58,50.34,Delivered,,UPI,New
FD000414,2025-12-13,Urban Tadka,South Indian,Rohini,13.8,26,High,61,1717.16,57.7,Cancelled,,Wallet,Returning
FD000415,2025-01-29,Pizza Corner,South Indian,Dwarka,7.2,21,High,53,1481.02,48.95,Delivered,1,UPI,Returning
FD000416,2026-08-28,Biryani Hub,Desserts,Noida Sec 62,5.5,10,High,39,1249.5,31.54,Delivered,1,UPI,Returning
FD000417,2025-07-03,Spice Route,Healthy,Rohini,10.3,31,High,75,1427.65,50.47,Delivered,3,Wallet,Returning
FD000418,2025-04-04,Tandoori Tales,Biryani,Gurugram Cyber City,3.6,30,High,53,870.26,33.95,Delivered,4,COD,New
FD000419,2025-02-10,Tandoori Tales,Healthy,Saket,14.4,18,High,67,265.52,69.09,Delivered,5,Wallet,Returning
FD000420,2026-04-26,Noodle Street,Healthy,Mayur Vihar,13.2,34,Medium,54,1505.94,65.91,Delivered,3,UPI,New
FD000421,2026-01-13,Tandoori Tales,Desserts,Nehru Place,1.3,8,Low,12,975.49,19.3,Delivered,,Wallet,Returning
FD000422,2025-01-21,South Bowl,Chinese,Mayur Vihar,13.9,33,High,78,576.96,63.47,Delivered,,COD,Returning
FD000423,2026-07-04,Pizza Corner,South Indian,Noida Sec 62,16.6,23,High,66,894.84,78.38,Delivered,5,COD,New
FD000424,2025-01-20,Cafe Metro,South Indian,Saket,9.9,16,Medium,32,1255.2,58.45,Delivered,2,Wallet,New
FD000425,2025-12-15,Burger Yard,Pizza,Gurugram Cyber City,17.2,28,Medium,49,1760.49,78.93,Delivered,,UPI,Returning
FD000426,2026-04-01,Delhi Zaika,Pizza,Nehru Place,6.1,24,Medium,34,1394.62,48.13,Delivered,1,Card,New
FD000427,2025-09-22,Cafe Metro,North Indian,Dwarka,10.6,17,High,58,1156.37,61.04,Delivered,2,Card,Returning
FD000428,2025-12-15,South Bowl,Healthy,Rajouri Garden,6.6,22,High,47,725.53,36.94,Delivered,2,UPI,New
FD000429,2026-05-11,Healthy Bites,Fast Food,Nehru Place,7.8,28,High,55,809.64,44.87,Cancelled,,UPI,Returning
FD000430,2026-02-14,Pizza Corner,Desserts,Rajouri Garden,1.2,13,High,30,397.11,30.97,Delivered,,Wallet,New
FD000431,2025-10-02,Delhi Zaika,North Indian,Dwarka,12.9,23,Medium,49,772.25,67.64,Delivered,,COD,Returning
FD000432,2025-07-26,South Bowl,Chinese,Dwarka,17.6,32,High,75,1591.58,81.13,Delivered,1,COD,Returning
FD000433,2025-12-12,Urban Tadka,Biryani,Nehru Place,13.1,9,High,42,445.57,55.51,Delivered,3,COD,Returning
FD000434,2025-08-10,Cafe Metro,Desserts,Nehru Place,16.2,13,High,64,714.8,69.15,Delivered,1,Wallet,Returning
FD000435,2026-02-09,Urban Tadka,North Indian,Connaught Place,4.2,29,High,55,922.99,38.24,Delivered,3,Card,New
FD000436,2026-01-14,Pizza Corner,Pizza,Rohini,11.5,8,Medium,44,732.7,54.7,Delivered,1,Card,Returning
FD000437,2025-04-08,Cafe Metro,Pizza,Dwarka,12.6,10,High,54,916.99,59.36,Delivered,1,Card,New
FD000438,2026-08-28,Spice Route,Pizza,Mayur Vihar,15.3,10,High,58,1065.17,70.76,Delivered,1,Card,New
FD000439,2026-04-22,Spice Route,Pizza,Saket,1.5,20,High,38,406.5,27.55,Delivered,,Card,New
FD000440,2025-09-15,Tandoori Tales,Healthy,Saket,9.5,28,High,61,864.47,56.96,Delivered,3,COD,New
FD000441,2026-06-02,Burger Yard,Pizza,Dwarka,8.5,28,Low,47,1762.62,48.06,Delivered,4,COD,New
FD000442,2025-03-04,Noodle Street,North Indian,Connaught Place,12.8,8,High,45,1477.47,68.2,Delivered,,Wallet,Returning
FD000443,2025-06-05,Biryani Hub,Desserts,Connaught Place,7.9,27,High,59,1785.11,52.02,Delivered,4,Wallet,Returning
FD000444,2025-03-19,Delhi Zaika,Biryani,Noida Sec 62,6.2,17,High,39,388.29,34.57,Delivered,,Card,Returning
FD000445,2025-01-19,South Bowl,Healthy,Connaught Place,16.7,30,High,81,441.96,75.17,Delivered,3,COD,Returning
FD000446,2025-09-20,Pizza Corner,North Indian,Saket,11.5,26,High,56,491.66,58.87,Delivered,2,Wallet,Returning
FD000447,2025-06-28,Burger Yard,Desserts,Noida Sec 62,6.0,18,Low,31,700.3,46.95,Delivered,2,Wallet,Returning
FD000448,2025-01-06,Curry House,Healthy,Nehru Place,9.6,8,High,35,204.56,55.52,Delivered,5,COD,New
FD000449,2026-08-17,Noodle Street,South Indian,Dwarka,6.3,10,High,31,799.24,48.72,Delivered,1,COD,New
FD000450,2025-04-09,Burger Yard,Biryani,Lajpat Nagar,8.1,10,High,46,1136.78,39.93,Delivered,1,COD,New
FD000451,2026-07-24,Tandoori Tales,Chinese,Rajouri Garden,4.9,34,Medium,39,995.41,39.03,Delivered,,UPI,New
FD000452,2025-03-28,Curry House,Fast Food,Lajpat Nagar,1.3,20,High,54,1793.86,26.89,Delivered,,UPI,Returning
FD000453,2026-05-15,Burger Yard,Pizza, Connaught Place,2.5,12,High,33,1568.22,37.44,Delivered,1,Card,Returning
FD000454,2026-03-19,Healthy Bites,Biryani,Connaught Place,14.1,19,High,45,402.96,59.04,Delivered,1,Card,New
FD000455,2025-05-10,South Bowl,Pizza,Rohini,17.6,8,Medium,41,1676.31,74.52,Delivered,5,Card,New
FD000456,2026-05-14,Spice Route,Healthy,Lajpat Nagar,9.7,11,Medium,30,1681.88,49.18,Delivered,4,Wallet,New
FD000457,2025-01-01,Burger Yard,Biryani,Connaught Place,11.8,23,Medium,42,1790.7,55.57,Cancelled,,Card,New
FD000458,2025-12-13,Curry House,Biryani, Gurugram Cyber City,6.3,21,Medium,40,172.68,39.37,Delivered,1,Card,New
FD000459,2026-04-07,Cafe Metro,Biryani,Rohini,5.0,17,Medium,28,1554.19,37.51,Delivered,5,Card,New
FD000460,2025-11-17,Noodle Street,Desserts,Connaught Place,5.8,31,High,58,548.75,36.6,Delivered,3,Wallet,New
FD000461,2026-06-28,Biryani Hub,North Indian,Dwarka,11.6,22,Medium,49,970.39,63.38,Refunded,,Wallet,New
FD000462,2025-08-21,Tandoori Tales,South Indian,Connaught Place,1.7,27,High,46,861.96,35.01,Delivered,1,UPI,Returning
FD000463,2025-05-24,Biryani Hub,South Indian,Lajpat Nagar,10.1,30,Low,51,1640.78,55.91,Delivered,,UPI,Returning
FD000464,2025-06-02,Tandoori Tales,Pizza,Connaught Place,14.4,17,High,55,1610.74,60.83,Delivered,2,UPI,Returning
FD000465,2025-07-01,Healthy Bites,South Indian,Rohini,5.0,23,High,42,297.34,34.49,Delivered,1,Wallet,Returning
FD000466,2025-03-01,Healthy Bites,Healthy,Dwarka,3.6,27,Medium,35,806.73,26.8,Delivered,2,UPI,Returning
FD000467,2026-01-05,Curry House,South Indian,Nehru Place,9.4,8,High,38,855.31,56.15,Delivered,2,Card,New
FD000468,2025-12-23,Noodle Street,Biryani,Lajpat Nagar,2.0,14,High,39,1290.96,25.14,Delivered,4,UPI,Returning
FD000469,2026-02-18,Biryani Hub,Chinese,Connaught Place,15.4,34,Low,58,866.79,74.31,Delivered,5,COD,New
FD000470,2025-01-30,Healthy Bites,Chinese,Rajouri Garden,15.3,17,Low,47,1209.51,74.59,Delivered,5,Card,New
FD000471,2025-01-11,Curry House,Fast Food,Saket,7.8,21,Medium,42,1446.58,44.35,Delivered,4,Wallet,Returning
FD000472,2026-02-26,Cafe Metro,North Indian,Dwarka,8.7,23,Medium,44,307.93,52.34,Delivered,2,UPI,Returning
FD000473,2025-06-29,Spice Route,Biryani,Mayur Vihar,8.9,12,Medium,36,1753.35,56.53,Delivered,4,Wallet,New
FD000474,2025-04-28,Delhi Zaika,Biryani,Saket,17.1,20,High,58,1481.27,72.2,Delivered,1,Wallet,Returning
FD000475,2026-02-28,Biryani Hub,Pizza,Nehru Place,6.2,33,Low,48,1211.61,46.93,Delivered,2,UPI,Returning
FD000476,2026-04-07,Biryani Hub,Chinese,Mayur Vihar,13.7,19,Medium,56,1120.52,66.21,Cancelled,,Card,Returning
FD000477,2025-05-20,Noodle Street,Chinese,Saket,16.0,25,Low,57,620.03,69.31,Delivered,3,Wallet,New
FD000478,2026-05-26,Pizza Corner,Healthy,Dwarka,10.3,18,High,48,1557.11,58.74,Delivered,5,Card,New
FD000479,2026-01-29,Cafe Metro,Healthy,Gurugram Cyber City,15.8,27,High,77,507.56,66.12,Delivered,,Wallet,Returning
FD000480,2026-07-05,Healthy Bites,Chinese,Rajouri Garden,10.5,9,Low,28,1361.09,48.85,Cancelled,,UPI,Returning
FD000481,2025-06-13,Delhi Zaika,Desserts,Lajpat Nagar,11.4,10,Low,34,1479.23,55.42,Delivered,4,UPI,New
FD000482,2025-02-22,Urban Tadka,Fast Food,Rohini,7.0,14,High,45,581.3,49.92,Delivered,4,COD,New
FD000483,2026-05-27,Healthy Bites,Desserts,Noida Sec 62,14.2,35,Low,65,674.05,62.11,Delivered,2,Card,New
FD000484,2025-03-02,Cafe Metro,South Indian,Rajouri Garden,17.7,26,Medium,66,939.5,83.1,Refunded,,Wallet,New
FD000485,2026-02-25,Pizza Corner,Desserts,Connaught Place,12.8,10,Low,27,754.48,60.2,Delivered,2,COD,Returning
FD000486,2026-04-10,South Bowl,South Indian,Noida Sec 62,3.5,18,Low,20,409.02,27.7,Delivered,,Card,New
FD000487,2025-11-09,Spice Route,Fast Food,Saket,17.1,27,High,73,301.01,74.27,Delivered,4,Card,New
FD000488,2026-06-21,Pizza Corner,Pizza,Saket,16.1,33,High,78,1192.6,65.57,Delivered,2,COD,Returning
FD000489,2025-02-02,Biryani Hub,Pizza,Rajouri Garden,9.1,22,Medium,45,755.56,45.79,Delivered,4,Wallet,Returning
FD000490,2025-04-23,Urban Tadka,Healthy,Rohini,13.6,21,Low,50,1771.09,67.74,Delivered,2,Card,Returning
FD000491,2026-07-10,Noodle Street,Chinese,Lajpat Nagar,2.5,26,Low,26,1080.23,30.17,Delivered,3,Card,Returning
FD000492,2025-03-05,Cafe Metro,North Indian,Connaught Place,1.4,28,Medium,32,922.08,22.74,Delivered,,Wallet,New
FD000493,2025-09-21,Delhi Zaika,Biryani,Gurugram Cyber City,10.2,12,High,48,1273.75,57.83,Delivered,5,UPI,New
FD000494,2025-04-15,Curry House,Pizza,Rohini,5.2,9,High,33,129.21,31.88,Refunded,,Card,Returning
FD000495,2026-07-29,Tandoori Tales,Biryani,Mayur Vihar,1.0,35,High,55,635.07,32.92,Refunded,,Wallet,New
FD000496,2026-05-02,Pizza Corner,Biryani,Mayur Vihar,10.0,27,Low,56,279.9,55.96,Delivered,,UPI,New
FD000497,2025-10-17,Biryani Hub,Desserts,Noida Sec 62,13.7,25,Medium,56,1631.5,65.15,Delivered,3,Card,New
FD000498,2026-01-01,Delhi Zaika,Biryani,Rohini,16.2,11,High,56,1345.91,77.31,Delivered,5,Card,Returning
FD000499,2025-07-21,Cafe Metro,Pizza,Gurugram Cyber City,1.6,8,Low,12,750.8,22.15,Delivered,,UPI,Returning
FD000500,2025-06-03,Pizza Corner,South Indian,Rohini,14.4,8,Medium,36,920.25,58.47,Delivered,5,COD,Returning
FD000501,2025-08-20,Healthy Bites,Healthy,Dwarka,2.6,27,Low,36,882.21,35.98,Delivered,1,Wallet,Returning
FD000502,2025-08-17,Burger Yard,Biryani,Mayur Vihar,9.5,24,High,65,891.27,52.16,Delivered,1,UPI,Returning
FD000503,2025-09-17,Delhi Zaika,North Indian,Nehru Place,8.0,11,Low,20,1439.74,50.98,Delivered,2,COD,Returning
FD000504,2025-03-04,Urban Tadka,Fast Food,Rohini,14.4,30,Low,58,1169.12,65.32,Delivered,5,COD,Returning
FD000505,2025-06-10,Noodle Street,North Indian,Rajouri Garden,2.7,21,High,48,1710.83,36.6,Delivered,3,COD,New
FD000506,2025-01-07,Noodle Street,South Indian,Gurugram Cyber City,15.3,15,High,59,895.58,61.43,Delivered,3,COD,Returning
FD000507,2025-04-07,Delhi Zaika,Biryani,Rajouri Garden,13.6,9,High,40,1677.94,57.39,Delivered,4,Wallet,Returning
FD000508,2026-03-04,Pizza Corner,Healthy,Saket,2.3,11,Low,19,1146.91,28.2,Delivered,2,Wallet,Returning
FD000509,2025-04-04,Spice Route,Pizza,Lajpat Nagar,17.8,23,High,71,1776.9,69.35,Delivered,5,Wallet,New
FD000510,2026-05-31,Noodle Street,Fast Food,Lajpat Nagar,4.9,13,High,38,459.24,38.63,Cancelled,,COD,Returning
FD000511,2025-11-28,Urban Tadka,South Indian,Nehru Place,14.4,18,Medium,59,1614.81,64.45,Delivered,5,Wallet,Returning
FD000512,2025-04-10,Biryani Hub,Desserts,Nehru Place,2.7,29,Low,38,779.73,31.32,Delivered,,Card,Returning
FD000513,2025-11-08,Spice Route,South Indian,Rohini,8.8,24,High,58,1450.98,56.23,Delivered,1,Card,Returning
FD000514,2026-05-06,Delhi Zaika,Pizza,Mayur Vihar,15.0,11,Medium,48,411.08,65.91,Delivered,4,Wallet,Returning
FD000515,2025-02-14,Healthy Bites,North Indian,Dwarka,9.8,34,High,68,1617.0,48.97,Delivered,3,Card,New
FD000516,2025-12-28,Spice Route,South Indian,Gurugram Cyber City,6.3,25,Medium,33,646.78,45.99,Delivered,3,Wallet,Returning
FD000517,2025-07-29,Tandoori Tales,Pizza,Noida Sec 62,13.8,10,Medium,45,443.93,66.2,Delivered,5,Wallet,New
FD000518,2025-02-25,Cafe Metro,Desserts,Nehru Place,14.9,15,Medium,44,1213.73,73.19,Delivered,3,Wallet,New
FD000519,2026-03-31,Healthy Bites,Healthy,Rohini,17.2,12,High,63,1277.04,72.9,Delivered,2,COD,Returning
FD000520,2025-12-19,Pizza Corner,Biryani,Nehru Place,14.2,25,High,62,682.03,71.56,Refunded,,Wallet,Returning
FD000521,2025-06-01,Tandoori Tales,Chinese,Dwarka,10.3,20,Low,40,1036.22,48.84,Delivered,3,Wallet,Returning
FD000522,2025-07-24,Noodle Street,Chinese,Noida Sec 62,1.6,24,Low,27,1254.17,25.71,Delivered,3,Wallet,New
FD000523,2025-07-24,Pizza Corner,Chinese,Nehru Place,8.7,25,High,61,747.37,55.6,Cancelled,,UPI,Returning
FD000524,2026-03-28,Spice Route,Desserts,Noida Sec 62,4.9,23,High,53,1740.57,31.38,Delivered,5,Card,Returning
FD000525,2026-02-06,Tandoori Tales,Pizza,Noida Sec 62,8.8,22,Medium,42,1038.51,49.22,Delivered,,UPI,Returning
FD000526,2025-07-10,Curry House,North Indian,Nehru Place,5.1,26,High,52,1798.04,42.56,Delivered,2,UPI,Returning
FD000527,2025-05-31,Spice Route,South Indian,Rajouri Garden,3.4,8,High,37,1639.97,29.08,Delivered,4,Card,Returning
FD000528,2026-08-15,Pizza Corner,Biryani,Mayur Vihar,14.5,24,High,72,1799.82,62.84,Delivered,1,Wallet,Returning
FD000529,2026-04-09,Curry House,Fast Food,Nehru Place,14.6,14,Low,42,1145.65,72.61,Refunded,,Card,New
FD000530,2026-07-28,Spice Route,South Indian,Connaught Place,1.3,23,High,38,973.51,26.5,Delivered,4,Card,Returning
FD000531,2025-06-23,Burger Yard,Healthy,Rajouri Garden,7.0,21,High,51,932.42,42.33,Delivered,2,UPI,Returning
FD000532,2025-09-06,South Bowl,Healthy,Noida Sec 62,1.0,13,High,32,564.37,32.5,Delivered,1,COD,Returning
FD000533,2026-07-24,Pizza Corner,South Indian,Nehru Place,4.7,12,High,38,1377.02,36.52,Delivered,2,COD,New
FD000534,2025-02-08,Curry House,South Indian,Lajpat Nagar,14.6,24,Low,50,1782.74,71.4,Delivered,4,UPI,New
FD000535,2025-09-22,Cafe Metro,Fast Food,Connaught Place,17.8,19,Low,50,1037.62,71.15,Cancelled,,UPI,Returning
FD000536,2025-10-01,Biryani Hub,Biryani,Dwarka,6.8,35,High,62,1435.47,43.43,Delivered,4,COD,Returning
FD000537,2025-03-08,Delhi Zaika,North Indian,Lajpat Nagar,11.2,32,High,67,280.01,52.63,Delivered,5,UPI,Returning
FD000538,2026-05-01,Urban Tadka,Chinese,Nehru Place,4.6,29,High,61,136.75,29.85,Delivered,5,Wallet,New
FD000539,2025-05-25,Curry House,Pizza,Lajpat Nagar,12.3,17,Low,43,1449.7,56.73,Delivered,1,Wallet,New
FD000540,2026-02-15,Spice Route,Chinese,Noida Sec 62,15.1,13,High,57,287.29,68.14,Cancelled,,Card,Returning
FD000541,2026-04-24,Urban Tadka,North Indian,Connaught Place,16.0,30,High,67,909.31,70.28,Delivered,1,Card,New
FD000542,2025-10-24,South Bowl,North Indian,Mayur Vihar,14.4,8,Medium,36,1732.74,63.25,Delivered,4,COD,Returning
FD000543,2026-06-06,Delhi Zaika,Desserts, Nehru Place,16.2,21,High,71,909.79,64.6,Delivered,3,COD,New
FD000544,2025-09-28,Tandoori Tales,Desserts,Gurugram Cyber City,15.2,14,High,54,1002.54,70.27,Delivered,2,COD,New
FD000545,2025-04-10,Noodle Street,Biryani,Dwarka,15.0,14,Medium,45,150.06,65.98,Cancelled,,UPI,Returning
FD000546,2025-07-21,Noodle Street,Chinese,Rohini,6.2,30,Medium,48,972.59,47.15,Delivered,4,UPI,Returning
FD000547,2026-03-02,South Bowl,Healthy,Lajpat Nagar,2.4,25,Low,25,221.76,36.62,Delivered,,Wallet,Returning
FD000548,2025-05-19,Urban Tadka,Chinese,Dwarka,16.4,26,Medium,62,1411.29,78.58,Delivered,,COD,Returning
FD000549,2025-09-15,Healthy Bites,Desserts,Rajouri Garden,9.0,12,Low,26,846.16,46.89,Delivered,1,Card,New
FD000550,2025-08-24,Burger Yard,Desserts,Connaught Place,14.7,16,High,54,1087.41,59.11,Delivered,5,COD,Returning
FD000551,2026-06-03,South Bowl,South Indian,Rohini,12.8,15,High,47,1377.84,61.53,Delivered,,UPI,Returning
FD000552,2026-06-23,Curry House,Biryani,Gurugram Cyber City,4.0,28,High,53,203.4,32.21,Delivered,,Card,Returning
FD000553,2026-04-21,Tandoori Tales,North Indian,Noida Sec 62,3.4,16,High,48,1041.84,34.26,Delivered,,Card,Returning
FD000554,2026-08-17,Spice Route,North Indian,Gurugram Cyber City,6.1,33,Medium,51,1743.71,38.24,Delivered,2,Wallet,Returning
FD000555,2026-04-21,Curry House,Biryani,Noida Sec 62,11.2,14,High,36,351.21,51.53,Delivered,,Wallet,Returning
FD000556,2025-10-09,Pizza Corner,North Indian,Saket,1.2,25,High,50,940.79,23.99,Delivered,2,Wallet,New
FD000557,2025-02-28,Curry House,North Indian,Gurugram Cyber City,8.2,17,Low,32,1162.73,50.55,Delivered,4,UPI,Returning
FD000558,2025-10-31,South Bowl,North Indian,Mayur Vihar,1.5,9,High,30,595.99,26.41,Delivered,5,Wallet,New
FD000559,2026-03-24,Healthy Bites,South Indian,Nehru Place,8.9,27,Medium,49,1430.4,48.82,Delivered,,COD,Returning
FD000560,2025-09-14,Burger Yard,South Indian,Nehru Place,16.2,17,High,56,1410.58,67.59,Delivered,2,Wallet,New
FD000561,2026-02-26,Curry House,South Indian,Rohini,8.3,26,High,63,1088.1,49.52,Delivered,3,UPI,Returning
FD000562,2026-05-22,Burger Yard,Fast Food,Mayur Vihar,14.9,8,Medium,38,542.99,65.77,Delivered,5,UPI,Returning
FD000563,2026-04-17,Cafe Metro,North Indian,Rohini,2.6,29,Low,39,741.02,35.48,Delivered,,Wallet,Returning
FD000564,2025-04-13,Cafe Metro,South Indian,Noida Sec 62,11.5,26,Medium,50,332.62,61.81,Delivered,,UPI,New
FD000565,2025-10-23,Delhi Zaika,Biryani,Lajpat Nagar,4.9,21,High,45,1259.35,43.59,Delivered,,COD,New
FD000566,2026-04-29,Urban Tadka,North Indian,Noida Sec 62,15.0,23,Medium,50,885.79,65.97,Delivered,5,UPI,New
FD000567,2025-02-16,Burger Yard,Pizza,Nehru Place,16.1,19,High,61,1054.54,73.78,Cancelled,,Wallet,New
FD000568,2025-12-12,Urban Tadka,Biryani,Rajouri Garden,15.8,8,Medium,39,1536.51,67.54,Cancelled,,Card,New
FD000569,2025-04-07,Pizza Corner,Biryani,Lajpat Nagar,10.9,22,Low,44,622.05,48.16,Delivered,5,Card,New
FD000570,2025-06-11,Urban Tadka,North Indian,Saket,16.8,34,Medium,58,1642.96,79.75,Delivered,1,UPI,New
FD000571,2026-08-20,Noodle Street,Pizza,Gurugram Cyber City,1.6,16,Low,16,599.49,34.53,Delivered,3,Card,Returning
FD000572,2026-07-25,Delhi Zaika,South Indian,Nehru Place,3.5,33,Medium,44,438.15,31.32,Delivered,,COD,New
FD000573,2025-02-14,Tandoori Tales,Pizza,Lajpat Nagar,2.1,33,Medium,39,1408.6,26.56,Cancelled,,UPI,New
FD000574,2025-04-25,Noodle Street,South Indian,Lajpat Nagar,5.5,9,High,39,1172.63,38.71,Delivered,1,Card,New
FD000575,2025-03-08,Delhi Zaika,Healthy,Saket,11.7,11,Low,25,725.72,50.26,Delivered,3,UPI,New
FD000576,2025-06-15,Cafe Metro,Desserts,Noida Sec 62,4.2,27,Low,38,1100.12,35.34,Delivered,,Card,New
FD000577,2026-08-20,Curry House,Pizza,Dwarka,1.3,8,High,26,852.61,29.65,Delivered,3,Wallet,Returning
FD000578,2026-03-31,South Bowl,Healthy,Rohini,10.9,30,Low,49,1275.79,60.92,Delivered,,Wallet,Returning
FD000579,2026-08-21,Tandoori Tales,Biryani,Rajouri Garden,5.0,32,High,51,408.63,35.3,Delivered,4,Wallet,Returning
FD000580,2025-08-04,Burger Yard,Biryani,Rajouri Garden,6.7,17,Low,25,908.57,44.77,Delivered,4,Card,Returning
FD000581,2025-10-04,South Bowl,Desserts,Gurugram Cyber City,2.0,25,Medium,37,780.25,35.66,Delivered,4,COD,New
FD000582,2026-07-05,Pizza Corner,Desserts,Dwarka,5.5,32,High,53,419.54,32.11,Delivered,3,Card,New
FD000583,2026-07-30,Urban Tadka,Pizza,Rohini,9.5,24,High,59,976.56,53.32,Refunded,,Wallet,New
FD000584,2025-10-19,Delhi Zaika,Healthy,Nehru Place,9.1,32,High,63,682.71,49.16,Cancelled,,COD,Returning
FD000585,2026-06-13,Delhi Zaika,Biryani,Saket,8.8,34,High,66,832.71,51.03,Delivered,2,Wallet,New
FD000586,2026-07-05,Tandoori Tales,Fast Food,Noida Sec 62,11.0,21,High,55,1722.98,59.3,Delivered,5,UPI,New
FD000587,2025-03-06,Spice Route,Chinese,Lajpat Nagar,17.7,26,High,81,1448.33,72.61,Delivered,3,UPI,Returning
FD000588,2025-11-18,Tandoori Tales,Healthy,Mayur Vihar,7.6,15,High,42,1706.79,49.29,Delivered,2,UPI,Returning
FD000589,2026-03-19,Healthy Bites,South Indian,Saket,17.4,35,Low,61,942.22,69.36,Delivered,3,COD,Returning
FD000590,2025-01-11,Delhi Zaika,Chinese,Saket,7.9,9,High,43,787.84,42.01,Delivered,,Card,New
FD000591,2026-01-27,Pizza Corner,Fast Food,Nehru Place,3.2,27,Low,27,139.33,38.05,Delivered,,COD,New
FD000592,2025-10-20,Tandoori Tales,North Indian,Rohini,4.9,17,High,52,269.04,40.77,Delivered,3,COD,New
FD000593,2026-08-07,South Bowl,Desserts,Rajouri Garden,7.2,30,Low,40,862.74,41.63,Delivered,5,Card,Returning
FD000594,2025-06-29,Healthy Bites,Healthy,Rohini,6.2,21,High,56,993.12,40.74,Delivered,2,COD,Returning
FD000595,2026-05-26,Cafe Metro,Chinese,Mayur Vihar,5.7,13,Medium,44,1118.16,45.58,Delivered,1,Wallet,New
FD000596,2026-02-26,Noodle Street,Fast Food,Rajouri Garden,8.0,12,Low,29,912.72,45.93,Cancelled,,Card,Returning
FD000597,2025-06-14,Pizza Corner,Healthy,Rohini,8.6,34,High,56,1695.04,50.36,Delivered,2,Card,New
FD000598,2026-06-06,Biryani Hub,North Indian,Mayur Vihar,12.7,15,Medium,43,1044.8,62.83,Delivered,4,UPI,Returning
FD000599,2026-07-17,Urban Tadka,South Indian,Mayur Vihar,13.5,32,High,84,528.28,59.81,Delivered,2,COD,Returning
FD000600,2025-11-24,South Bowl,Biryani,Connaught Place,5.5,19,Medium,44,464.33,37.53,Delivered,5,COD,Returning
FD000601,2025-09-20,South Bowl,South Indian,Noida Sec 62,4.4,17,Low,29,793.8,36.59,Delivered,1,Card,New
FD000602,2025-12-18,Urban Tadka,Desserts,Dwarka,5.9,20,High,44,431.96,41.28,Delivered,,Wallet,Returning
FD000603,2025-01-25,Cafe Metro,Healthy,Mayur Vihar,2.4,8,Low,12,144.68,35.92,Delivered,2,UPI,New
FD000604,2025-08-09,Noodle Street,Fast Food,Mayur Vihar,5.7,24,Medium,38,565.88,33.38,Delivered,,UPI,New
FD000605,2025-11-09,Tandoori Tales,Healthy,Noida Sec 62,4.0,8,High,28,189.39,28.03,Cancelled,,Wallet,Returning
FD000606,2025-02-28,Curry House,Biryani,Noida Sec 62,6.6,34,Medium,61,773.37,44.3,Delivered,4,Wallet,Returning
FD000607,2025-08-24,Curry House,North Indian,Rajouri Garden,6.6,23,Medium,50,1471.76,48.18,Delivered,2,COD,Returning
FD000608,2025-09-16,Healthy Bites,North Indian,Rohini,14.2,22,High,66,193.99,64.42,Delivered,2,UPI,Returning
FD000609,2025-07-21,South Bowl,Biryani,Noida Sec 62,1.5,17,High,42,1270.98,25.6,Delivered,4,UPI,Returning
FD000610,2025-06-20,Curry House,Fast Food,Rajouri Garden,8.1,10,High,47,344.53,50.44,Delivered,4,Wallet,Returning
FD000611,2025-05-02,Spice Route,Healthy,Dwarka,9.0,10,High,27,690.53,46.38,Delivered,3,UPI,Returning
FD000612,2025-06-30,Urban Tadka,Fast Food,Dwarka,4.8,20,Medium,40,820.24,43.96,Delivered,1,UPI,Returning
FD000613,2025-01-19,Delhi Zaika,Chinese,Dwarka,9.9,35,High,73,1012.39,49.37,Delivered,5,Wallet,Returning
FD000614,2026-05-01,Biryani Hub,Pizza,Mayur Vihar,6.7,28,High,46,127.39,47.08,Delivered,5,UPI,Returning
FD000615,2026-08-25,Spice Route,Fast Food,Nehru Place,9.6,18,High,45,1276.21,51.89,Delivered,2,COD,New
FD000616,2026-07-20,Delhi Zaika,Healthy,Rohini,9.9,23,High,50,442.77,58.96,Delivered,5,UPI,Returning
FD000617,2025-05-14,Urban Tadka,Chinese, Noida Sec 62,3.2,26,Medium,40,1353.14,25.28,Delivered,1,UPI,New
FD000618,2025-12-16,Burger Yard,Fast Food,Gurugram Cyber City,8.7,15,High,46,1636.6,50.81,Delivered,4,Wallet,Returning
FD000619,2025-09-17,Noodle Street,Chinese,Saket,2.5,26,High,52,396.66,24.16,Delivered,,Wallet,New
FD000620,2025-01-31,Urban Tadka,Pizza,Rohini,8.2,27,High,73,1148.41,41.83,Delivered,5,UPI,New
FD000621,2025-04-15,Burger Yard,Fast Food,Noida Sec 62,5.2,24,Medium,37,1307.13,42.89,Delivered,,Wallet,New
FD000622,2025-12-22,Spice Route,South Indian,Connaught Place,17.0,21,High,58,321.16,68.32,Delivered,5,COD,Returning
FD000623,2026-06-05,Biryani Hub,North Indian,Mayur Vihar,4.5,28,High,56,1181.41,28.63,Delivered,5,COD,Returning
FD000624,2025-12-30,Healthy Bites,South Indian,Rohini,5.9,35,Medium,49,1383.46,46.15,Delivered,2,UPI,Returning
FD000625,2025-07-19,Pizza Corner,Pizza,Lajpat Nagar,13.8,8,Medium,30,146.48,69.69,Delivered,2,Wallet,New
FD000626,2026-07-24,Delhi Zaika,Desserts,Noida Sec 62,3.7,8,High,31,608.74,37.19,Delivered,,Wallet,Returning
FD000627,2025-03-25,Curry House,Biryani,Connaught Place,1.0,30,High,57,1679.8,19.41,Delivered,1,COD,Returning
FD000628,2026-03-19,South Bowl,Pizza,Lajpat Nagar,3.0,27,High,54,186.43,24.57,Delivered,,Card,New
FD000629,2025-12-20,Curry House,South Indian,Mayur Vihar,16.2,25,Medium,59,1710.74,72.78,Cancelled,,UPI,Returning
FD000630,2025-06-17,Delhi Zaika,South Indian,Dwarka,14.4,17,Medium,47,1110.3,68.21,Delivered,3,UPI,Returning
FD000631,2026-01-15,Burger Yard,Desserts,Saket,14.6,19,Low,53,1454.28,60.28,Delivered,,UPI,Returning
FD000632,2025-07-22,Urban Tadka,Desserts,Rajouri Garden,2.0,23,High,53,1403.25,34.09,Delivered,,Card,Returning
FD000633,2026-04-16,Curry House,Chinese,Rajouri Garden,3.0,32,High,49,1518.69,32.53,Delivered,4,Card,New
FD000634,2026-06-24,Curry House,North Indian,Connaught Place,9.4,18,High,54,337.4,46.85,Delivered,5,Wallet,New
FD000635,2025-12-15,Tandoori Tales,South Indian,Gurugram Cyber City,15.0,18,Medium,59,1475.02,61.99,Delivered,5,COD,New
FD000636,2025-12-17,Tandoori Tales,South Indian,Gurugram Cyber City,14.3,28,Medium,65,211.09,71.25,Delivered,4,COD,New
FD000637,2025-08-17,Curry House,Desserts,Rajouri Garden,16.7,19,Medium,62,1518.72,79.15,Delivered,4,UPI,Returning
FD000638,2025-05-17,Biryani Hub,Chinese,Mayur Vihar,14.6,33,Medium,69,1318.18,64.65,Cancelled,,Wallet,Returning
FD000639,2026-03-12,Urban Tadka,Biryani,Noida Sec 62,8.9,15,Low,34,130.8,52.13,Delivered,5,COD,New
FD000640,2025-01-07,South Bowl,Fast Food,Saket,2.2,31,Low,44,1046.87,26.9,Delivered,2,Wallet,Returning
FD000641,2026-05-12,Curry House,South Indian,Gurugram Cyber City,2.0,9,Medium,21,898.95,30.89,Delivered,5,COD,Returning
FD000642,2026-01-07,Tandoori Tales,South Indian,Noida Sec 62,4.4,32,High,52,438.05,36.77,Delivered,4,Card,Returning
FD000643,2025-09-30,Biryani Hub,Biryani,Saket,9.1,31,Medium,60,1666.82,54.82,Delivered,4,Card,Returning
FD000644,2026-03-20,South Bowl,North Indian,Connaught Place,5.8,25,High,56,1649.89,39.0,Delivered,4,COD,Returning
FD000645,2025-11-25,Urban Tadka,North Indian,Connaught Place,2.1,14,Low,13,777.58,21.77,Delivered,3,Wallet,New
FD000646,2025-03-30,Delhi Zaika,Biryani,Rohini,8.3,33,High,65,1359.31,50.18,Delivered,3,UPI,Returning
FD000647,2025-08-22,South Bowl,Pizza,Nehru Place,6.3,16,High,46,420.77,36.25,Delivered,1,COD,Returning
FD000648,2025-11-20,Pizza Corner,North Indian,Mayur Vihar,13.3,25,High,70,917.22,59.24,Delivered,1,COD,Returning
FD000649,2025-09-14,Noodle Street,Biryani,Nehru Place,6.9,28,High,49,1369.01,41.0,Delivered,3,COD,New
FD000650,2025-01-14,Curry House,Desserts,Rajouri Garden,15.2,25,High,75,928.32,61.39,Delivered,2,UPI,Returning
FD000651,2025-07-01,Noodle Street,North Indian,Rajouri Garden,15.5,20,High,70,891.37,75.24,Delivered,2,Card,Returning
FD000652,2025-01-29,Spice Route,Chinese,Lajpat Nagar,17.4,12,High,51,1650.58,72.22,Delivered,3,COD,Returning
FD000653,2025-05-16,Tandoori Tales,Desserts,Connaught Place,1.7,9,Low,14,626.94,20.22,Delivered,1,UPI,New
FD000654,2026-07-09,Healthy Bites,Biryani,Lajpat Nagar,14.5,28,Low,56,995.69,65.72,Delivered,4,COD,New
FD000655,2026-02-18,Healthy Bites,North Indian,Saket,3.6,19,High,37,1444.48,31.61,Cancelled,,Card,Returning
FD000656,2026-06-18,Curry House,North Indian,Gurugram Cyber City,8.1,32,High,60,1075.09,42.29,Refunded,,Card,Returning
FD000657,2025-05-29,Tandoori Tales,Chinese,Connaught Place,5.4,19,Medium,43,249.12,32.66,Delivered,2,Card,Returning
FD000658,2026-01-08,Pizza Corner,South Indian,Saket,8.1,24,High,54,806.59,52.35,Cancelled,,Card,Returning
FD000659,2025-04-10,Healthy Bites,South Indian,Saket,7.0,10,Medium,29,185.41,48.94,Delivered,5,Card,Returning
FD000660,2025-03-11,Noodle Street,Pizza,Gurugram Cyber City,12.8,20,High,60,708.28,56.75,Delivered,1,Wallet,New
FD000661,2026-06-28,Noodle Street,Chinese,Saket,6.1,35,High,62,1136.1,47.74,Delivered,1,Wallet,Returning
FD000662,2026-02-03,Tandoori Tales,Desserts,Rohini,15.9,31,Medium,63,878.57,62.72,Delivered,5,Wallet,Returning
FD000663,2025-08-20,Cafe Metro,Chinese,Rohini,8.9,24,Low,36,1586.47,55.01,Delivered,4,COD,Returning
FD000664,2026-06-24,Cafe Metro,Pizza,Rohini,12.0,11,Low,42,1352.33,63.02,Delivered,,COD,Returning
FD000665,2026-05-21,Pizza Corner,Chinese,Rohini,0.9,16,Medium,22,1776.99,23.04,Delivered,,COD,New
FD000666,2026-07-19,Healthy Bites,Pizza,Gurugram Cyber City,12.3,32,Medium,55,806.43,59.77,Delivered,5,UPI,New
FD000667,2025-06-24,Spice Route,Healthy,Saket,13.4,20,Low,58,1329.49,67.94,Delivered,1,Wallet,Returning
FD000668,2026-08-14,Burger Yard,Biryani,Gurugram Cyber City,11.5,31,High,68,411.45,58.84,Delivered,1,UPI,Returning
FD000669,2026-07-13,Burger Yard,Desserts,Dwarka,5.0,18,Medium,29,1461.63,44.62,Delivered,,COD,Returning
FD000670,2025-05-20,Delhi Zaika,Biryani,Noida Sec 62,16.9,32,Low,61,332.08,67.56,Delivered,5,UPI,Returning
FD000671,2025-06-07,Noodle Street,Pizza,Rohini,4.4,16,Medium,29,1165.55,32.96,Cancelled,,Card,New
FD000672,2026-02-03,South Bowl,North Indian,Gurugram Cyber City,4.5,32,Low,42,563.98,43.42,Delivered,3,UPI,Returning
FD000673,2026-07-23,Burger Yard,Fast Food,Rajouri Garden,8.0,34,Low,50,441.97,40.03,Delivered,4,UPI,New
FD000674,2025-05-05,Spice Route,Healthy,Mayur Vihar,14.3,18,Low,44,1137.58,70.94,Delivered,4,COD,New
FD000675,2026-07-26,Tandoori Tales,South Indian,Noida Sec 62,2.3,13,High,40,426.68,22.46,Delivered,3,Wallet,New
FD000676,2026-01-04,Tandoori Tales,Pizza,Dwarka,12.4,31,Medium,55,432.25,62.82,Delivered,5,Card,New
FD000677,2025-02-28,South Bowl,South Indian,Connaught Place,16.1,28,Medium,58,194.7,71.64,Delivered,3,Card,Returning
FD000678,2025-10-18,Urban Tadka,Healthy,Gurugram Cyber City,9.3,35,Low,50,318.66,47.74,Delivered,4,COD,New
FD000679,2025-04-25,Biryani Hub,Desserts,Noida Sec 62,10.7,24,Medium,51,279.54,53.06,Delivered,5,Card,Returning
FD000680,2025-02-24,Healthy Bites,South Indian,Mayur Vihar,12.2,16,High,47,685.14,52.99,Delivered,5,UPI,New
FD000681,2025-05-23,Spice Route,South Indian,Rohini,7.5,17,High,42,1180.55,44.04,Refunded,,Wallet,New
FD000682,2025-08-17,Spice Route,South Indian,Lajpat Nagar,5.9,17,Medium,38,879.28,36.8,Delivered,4,COD,New
FD000683,2026-08-09,Spice Route,Biryani,Connaught Place,14.0,14,High,56,1203.64,58.34,Delivered,1,COD,New
FD000684,2025-11-20,Burger Yard,North Indian,Nehru Place,11.2,8,Medium,31,1176.64,53.52,Delivered,2,UPI,Returning
FD000685,2026-05-20,Burger Yard,Chinese,Gurugram Cyber City,13.7,25,Low,51,751.98,69.78,Delivered,5,Card,New
FD000686,2026-06-10,Burger Yard,Pizza,Lajpat Nagar,9.7,14,Medium,40,155.24,45.94,Delivered,4,Card,Returning
FD000687,2025-02-02,Urban Tadka,Desserts,Lajpat Nagar,4.6,31,High,53,780.55,28.94,Delivered,1,Wallet,New
FD000688,2025-08-27,Urban Tadka,Chinese,Rajouri Garden,5.6,32,High,61,1257.13,40.59,Delivered,5,COD,New
FD000689,2025-11-02,Urban Tadka,Pizza, Connaught Place,10.2,23,High,56,1793.19,52.84,Delivered,3,Card,Returning
FD000690,2026-01-11,South Bowl,North Indian,Mayur Vihar,17.3,21,High,66,592.97,74.8,Delivered,1,UPI,Returning
FD000691,2025-10-12,Biryani Hub,South Indian,Connaught Place,11.9,23,High,56,1486.98,58.74,Delivered,1,Wallet,New
FD000692,2025-02-22,Burger Yard,Desserts,Mayur Vihar,4.2,29,Low,43,362.9,35.36,Refunded,,Wallet,New
FD000693,2025-06-04,South Bowl,South Indian,Mayur Vihar,10.9,28,High,65,858.59,59.01,Delivered,4,Wallet,New
FD000694,2025-09-19,Urban Tadka,North Indian,Connaught Place,8.0,23,Low,41,1560.65,44.12,Delivered,2,Card,New
FD000695,2025-09-04,Noodle Street,Chinese,Nehru Place,15.5,20,High,59,1416.83,75.52,Delivered,3,UPI,New
FD000696,2025-03-06,Noodle Street,Biryani,Rohini,2.5,9,Medium,19,390.68,27.83,Delivered,5,Card,New
FD000697,2025-05-08,Biryani Hub,Healthy,Dwarka,9.8,33,High,69,550.95,48.75,Delivered,2,UPI,New
FD000698,2026-04-25,Cafe Metro,Fast Food,Dwarka,11.0,26,Medium,53,298.23,61.78,Delivered,,Wallet,Returning
FD000699,2026-02-05,Burger Yard,Pizza,Rajouri Garden,17.4,23,Medium,63,1342.2,69.55,Delivered,3,UPI,New
FD000700,2026-07-12,Delhi Zaika,Fast Food,Dwarka,4.5,28,Medium,45,753.47,42.08,Delivered,3,COD,New
FD000701,2026-08-21,Pizza Corner,Fast Food,Mayur Vihar,3.5,22,Medium,30,1606.33,26.24,Delivered,2,UPI,Returning
FD000702,2025-12-29,Curry House,North Indian,Rajouri Garden,6.9,12,High,44,1435.9,39.0,Delivered,1,Card,Returning
FD000703,2025-09-06,Pizza Corner,North Indian,Lajpat Nagar,5.0,27,High,54,1033.69,33.38,Delivered,3,Wallet,Returning
FD000704,2025-01-08,Burger Yard,South Indian,Noida Sec 62,11.1,9,Low,40,1680.91,60.42,Delivered,2,COD,New
FD000705,2026-04-16,Noodle Street,Pizza,Rajouri Garden,12.3,23,Low,53,625.74,66.3,Delivered,1,Card,New
FD000706,2025-12-22,Tandoori Tales,Biryani,Dwarka,12.0,30,High,68,1254.41,53.88,Delivered,5,Card,Returning
FD000707,2026-02-18,Pizza Corner,Chinese,Dwarka,13.0,26,Medium,49,1782.62,58.95,Delivered,5,Card,Returning
FD000708,2025-02-09,Curry House,Fast Food,Rohini,15.2,17,Low,36,864.84,70.3,Delivered,2,UPI,Returning
FD000709,2026-02-04,Delhi Zaika,South Indian,Lajpat Nagar,13.1,12,Low,38,922.74,58.01,Refunded,,UPI,New
FD000710,2025-05-08,Biryani Hub,Pizza,Rohini,11.4,29,High,68,264.43,56.22,Delivered,5,UPI,Returning
FD000711,2025-11-02,Urban Tadka,Pizza,Connaught Place,1.4,35,High,56,818.12,26.71,Delivered,4,Wallet,Returning
FD000712,2025-04-12,Noodle Street,Pizza,Mayur Vihar,3.3,10,Medium,24,749.59,25.02,Delivered,,UPI,New
FD000713,2026-07-31,Healthy Bites,North Indian,Connaught Place,3.6,12,High,38,283.2,35.88,Delivered,5,UPI,Returning
FD000714,2025-04-04,Delhi Zaika,South Indian,Noida Sec 62,9.9,29,High,70,517.23,50.51,Delivered,2,UPI,Returning
FD000715,2026-04-18,Noodle Street,Healthy,Lajpat Nagar,11.8,24,High,54,274.65,63.23,Delivered,,COD,Returning
FD000716,2026-02-14,Biryani Hub,North Indian,Rohini,2.1,20,Medium,31,1030.44,27.18,Delivered,4,UPI,Returning
FD000717,2025-07-20,Pizza Corner,Fast Food,Nehru Place,2.5,19,Low,24,1057.95,27.53,Delivered,4,Card,New
FD000718,2025-06-10,Delhi Zaika,Desserts,Connaught Place,7.4,29,Low,42,1708.29,43.49,Delivered,2,UPI,New
FD000719,2025-10-04,Burger Yard,North Indian,Noida Sec 62,11.0,12,Medium,49,995.11,61.1,Delivered,,UPI,New
FD000720,2026-07-05,Curry House,Healthy,Rajouri Garden,16.6,23,Medium,60,470.33,79.47,Delivered,,COD,Returning
FD000721,2025-09-11,Cafe Metro,Biryani,Nehru Place,8.7,27,Low,50,830.43,45.21,Delivered,3,UPI,Returning
FD000722,2025-08-16,Curry House,Pizza,Noida Sec 62,12.8,31,High,64,444.86,54.08,Delivered,,Wallet,New
FD000723,2025-12-11,Cafe Metro,Pizza,Rohini,13.2,33,Low,53,1408.3,61.41,Delivered,,COD,New
FD000724,2025-09-22,South Bowl,Desserts,Rohini,16.7,29,Low,60,1496.14,75.14,Delivered,5,UPI,New
FD000725,2025-12-11,Curry House,Pizza,Nehru Place,2.2,18,High,40,1658.58,35.88,Cancelled,,COD,Returning
FD000726,2025-06-29,Tandoori Tales,Fast Food,Nehru Place,9.2,17,High,50,1407.38,43.02,Delivered,4,UPI,New
FD000727,2025-09-03,Tandoori Tales,Desserts,Saket,7.1,27,High,57,1660.81,41.93,Delivered,1,Card,Returning
FD000728,2025-09-16,Spice Route,Fast Food,Gurugram Cyber City,12.7,33,Medium,66,1457.85,57.18,Delivered,2,COD,New
FD000729,2026-04-02,Spice Route,Biryani,Nehru Place,13.7,11,Low,41,429.64,66.91,Delivered,,UPI,Returning
FD000730,2025-10-11,Spice Route,Chinese,Noida Sec 62,16.0,12,Medium,41,200.86,71.36,Cancelled,,Wallet,Returning
FD000731,2026-03-01,Curry House,Biryani,Nehru Place,7.6,23,Medium,38,407.33,49.1,Delivered,4,Card,New
FD000732,2026-01-02,Spice Route,Fast Food,Lajpat Nagar,5.9,30,Low,41,706.97,35.05,Delivered,5,Wallet,New
FD000733,2026-05-04,Pizza Corner,Healthy,Nehru Place,11.8,32,High,68,1798.19,53.52,Delivered,3,COD,Returning
FD000734,2026-03-06,Burger Yard,Healthy,Nehru Place,4.5,20,High,48,689.82,42.46,Delivered,5,Wallet,Returning
FD000735,2025-09-02,Curry House,Pizza,Mayur Vihar,4.8,25,Low,35,985.2,32.98,Delivered,2,UPI,New
FD000736,2026-04-06,Biryani Hub,Fast Food,Rajouri Garden,2.1,18,High,39,917.55,36.02,Delivered,2,COD,New
FD000737,2026-01-12,Noodle Street,Healthy,Noida Sec 62,1.9,21,Low,21,694.19,28.2,Delivered,2,Wallet,Returning
FD000738,2026-08-26,Tandoori Tales,Chinese,Rohini,4.4,22,High,52,524.27,39.08,Delivered,,Wallet,Returning
FD000739,2026-06-02,Healthy Bites,Desserts,Rohini,10.7,14,Medium,31,1123.22,51.81,Delivered,4,COD,New
FD000740,2026-08-15,Healthy Bites,Desserts,Lajpat Nagar,7.8,11,High,36,993.4,38.55,Delivered,3,Card,Returning
FD000741,2025-04-09,Urban Tadka,Fast Food,Gurugram Cyber City,10.2,22,Low,39,634.95,52.55,Delivered,2,UPI,New
FD000742,2025-04-06,Curry House,Desserts,Dwarka,10.2,25,High,57,331.36,52.79,Delivered,3,Card,New
FD000743,2025-08-17,Delhi Zaika,Fast Food,Lajpat Nagar,13.0,12,High,56,1789.54,68.53,Delivered,5,UPI,New
FD000744,2026-04-03,Urban Tadka,North Indian,Dwarka,8.0,26,High,50,1629.25,46.5,Delivered,4,COD,New
FD000745,2025-10-29,South Bowl,North Indian,Connaught Place,2.0,16,Medium,30,1575.16,34.58,Delivered,5,UPI,Returning
FD000746,2025-05-25,Noodle Street,Pizza,Connaught Place,2.1,23,Low,23,594.32,22.43,Delivered,1,COD,New
FD000747,2025-09-03,Curry House,Desserts,Lajpat Nagar,4.1,25,High,52,818.06,28.73,Delivered,3,Card,Returning
FD000748,2025-05-17,Tandoori Tales,Fast Food,Noida Sec 62,3.7,20,Medium,31,1298.37,35.04,Delivered,2,COD,Returning
FD000749,2025-07-14,Burger Yard,Chinese,Connaught Place,7.8,33,High,68,679.84,41.2,Delivered,5,UPI,New
FD000750,2026-05-21,Cafe Metro,Fast Food,Gurugram Cyber City,12.5,21,High,65,261.52,60.21,Delivered,,COD,New
FD000751,2026-07-16,South Bowl,South Indian,Rohini,1.8,18,Medium,24,1542.78,32.87,Delivered,,Card,Returning
FD000752,2025-11-22,Noodle Street,Chinese,Nehru Place,7.2,24,High,53,1157.83,49.3,Refunded,,COD,Returning
FD000753,2025-05-29,Curry House,Fast Food,Gurugram Cyber City,9.2,20,Low,32,622.84,43.95,Delivered,2,UPI,New
FD000754,2026-03-17,Burger Yard,Healthy,Rajouri Garden,15.0,30,High,75,523.94,72.13,Delivered,4,Wallet,New
FD000755,2025-01-23,Tandoori Tales,Desserts,Noida Sec 62,13.5,8,Medium,35,188.29,59.7,Delivered,,UPI,New
FD000756,2026-02-18,South Bowl,Fast Food,Connaught Place,1.7,8,Medium,13,369.81,33.29,Delivered,4,UPI,Returning
FD000757,2026-07-26,Noodle Street,South Indian, Rajouri Garden,15.6,16,High,55,677.83,63.0,Delivered,4,UPI,New
FD000758,2026-04-21,Spice Route,Pizza,Noida Sec 62,6.2,30,Low,45,533.56,41.94,Delivered,3,UPI,New
FD000759,2025-01-06,Delhi Zaika,Healthy,Noida Sec 62,7.2,8,Low,17,425.24,49.41,Delivered,2,Card,New
FD000760,2026-04-21,Biryani Hub,North Indian,Connaught Place,6.2,20,High,55,1692.87,35.67,Delivered,4,UPI,Returning
FD000761,2025-10-10,Healthy Bites,Chinese,Saket,17.9,16,Low,48,686.49,80.63,Delivered,,Wallet,Returning
FD000762,2026-07-02,Urban Tadka,Biryani,Connaught Place,14.1,23,Medium,46,593.59,70.54,Delivered,1,UPI,New
FD000763,2025-11-17,Pizza Corner,Pizza,Rajouri Garden,4.1,34,Medium,48,911.35,28.43,Delivered,4,COD,Returning
FD000764,2025-01-04,Noodle Street,Biryani,Lajpat Nagar,13.4,9,High,50,776.06,61.55,Delivered,1,UPI,Returning
FD000765,2025-10-24,Delhi Zaika,Biryani,Rajouri Garden,2.1,9,High,25,740.73,29.79,Delivered,4,Card,Returning
FD000766,2025-07-21,Delhi Zaika,South Indian,Gurugram Cyber City,7.5,15,High,43,1036.08,40.25,Refunded,,COD,New
FD000767,2026-06-25,South Bowl,Fast Food,Noida Sec 62,11.5,32,High,70,657.02,51.65,Delivered,4,Wallet,Returning
FD000768,2026-07-24,Noodle Street,Chinese,Connaught Place,8.5,31,Low,40,1680.85,40.57,Delivered,4,UPI,Returning
FD000769,2025-08-30,Spice Route,Pizza,Mayur Vihar,16.1,26,High,85,1040.36,67.34,Delivered,4,Card,Returning
FD000770,2025-07-04,Urban Tadka,Chinese,Dwarka,14.5,15,Medium,41,1128.98,62.95,Delivered,2,Wallet,Returning
FD000771,2025-03-06,Spice Route,Biryani,Connaught Place,12.3,32,Medium,64,962.79,58.79,Delivered,1,Card,Returning
FD000772,2025-01-07,Biryani Hub,Chinese,Dwarka,11.0,32,Low,42,1320.64,48.83,Delivered,,UPI,Returning
FD000773,2025-01-25,Tandoori Tales,North Indian,Gurugram Cyber City,5.4,17,Medium,37,1658.84,34.82,Delivered,1,Wallet,New
FD000774,2025-08-27,Spice Route,South Indian,Gurugram Cyber City,3.7,24,High,45,872.66,34.9,Delivered,1,Card,Returning
FD000775,2026-05-13,Urban Tadka,Chinese,Nehru Place,14.0,10,Low,34,983.92,65.41,Delivered,4,Card,New
FD000776,2026-06-16,Curry House,Chinese,Saket,6.6,29,High,63,1339.61,41.31,Delivered,1,Card,Returning
FD000777,2025-10-18,Tandoori Tales,Fast Food,Saket,15.7,25,High,70,1725.71,73.95,Delivered,2,COD,New
FD000778,2026-08-27,Pizza Corner,Pizza,Rohini,14.0,12,Low,43,868.78,68.39,Refunded,,Wallet,New
FD000779,2026-02-10,Noodle Street,Fast Food,Saket,6.5,15,Medium,38,1044.13,42.89,Delivered,4,Card,New
FD000780,2025-03-01,Burger Yard,Biryani,Connaught Place,10.2,13,Low,32,1457.31,55.36,Delivered,5,Card,Returning
FD000781,2026-02-27,Delhi Zaika,Chinese,Dwarka,10.8,22,High,65,182.57,54.79,Delivered,1,UPI,New
FD000782,2025-02-02,Delhi Zaika,Biryani,Mayur Vihar,16.8,30,Low,61,625.32,67.51,Delivered,4,Wallet,New
FD000783,2026-03-26,Biryani Hub,Pizza,Gurugram Cyber City,1.5,10,Low,12,801.61,19.62,Delivered,4,Wallet,New
FD000784,2025-09-04,Noodle Street,Healthy,Mayur Vihar,6.0,31,Medium,49,256.37,42.87,Delivered,5,COD,Returning
FD000785,2026-05-24,Pizza Corner,South Indian,Noida Sec 62,17.5,14,High,57,156.39,68.2,Delivered,1,Wallet,New
FD000786,2025-02-08,Noodle Street,Fast Food,Lajpat Nagar,1.4,26,Low,28,368.92,20.74,Delivered,4,Wallet,Returning
FD000787,2025-03-25,Noodle Street,Fast Food,Gurugram Cyber City,7.1,18,Medium,39,1209.63,45.36,Delivered,2,Wallet,Returning
FD000788,2025-01-03,Tandoori Tales,South Indian,Noida Sec 62,13.8,10,Medium,50,818.18,60.9,Delivered,2,UPI,Returning
FD000789,2026-06-26,Biryani Hub,South Indian,Gurugram Cyber City,1.8,12,Medium,24,1244.04,22.61,Delivered,4,COD,New
FD000790,2025-02-28,Delhi Zaika,Biryani,Rohini,4.0,21,High,51,985.27,41.25,Delivered,2,Wallet,Returning
FD000791,2026-07-19,Curry House,Chinese,Mayur Vihar,9.2,24,Medium,51,1777.52,53.72,Delivered,5,UPI,Returning
FD000792,2025-09-29,South Bowl,South Indian,Lajpat Nagar,5.2,11,High,35,1790.93,39.65,Delivered,2,UPI,Returning
FD000793,2025-07-04,Burger Yard,South Indian,Rohini,1.7,15,High,29,1619.75,31.37,Delivered,1,COD,Returning
FD000794,2026-06-25,Spice Route,North Indian,Nehru Place,11.5,29,High,62,167.58,64.43,Delivered,1,Card,New
FD000795,2026-01-30,Cafe Metro,Fast Food,Rajouri Garden,10.6,19,Medium,41,1627.25,57.96,Delivered,4,UPI,New
FD000796,2026-04-23,Urban Tadka,South Indian,Nehru Place,2.2,22,Medium,30,650.03,36.35,Delivered,,UPI,Returning
FD000797,2025-01-21,Delhi Zaika,Chinese,Connaught Place,10.2,16,High,46,551.4,54.91,Delivered,5,UPI,New
FD000798,2025-04-04,Burger Yard,Chinese,Nehru Place,9.0,20,Medium,42,1011.28,51.9,Delivered,4,COD,New
FD000799,2025-03-17,Pizza Corner,Biryani,Connaught Place,14.0,31,High,71,792.85,60.16,Cancelled,,UPI,New
FD000800,2026-04-25,Biryani Hub,Healthy,Mayur Vihar,7.3,12,High,47,1627.84,39.86,Delivered,3,Card,New
FD000801,2026-01-12,Noodle Street,North Indian,Saket,5.9,23,Low,35,440.71,37.88,Delivered,1,COD,New
FD000802,2025-06-05,Tandoori Tales,Biryani,Rohini,4.0,25,High,44,1402.56,32.86,Delivered,1,COD,Returning
FD000803,2025-11-05,Delhi Zaika,Biryani,Gurugram Cyber City,8.1,11,High,38,471.02,45.68,Delivered,2,COD,Returning
FD000804,2025-07-25,Healthy Bites,North Indian,Mayur Vihar,13.3,33,High,88,528.44,55.03,Delivered,2,Card,New
FD000805,2026-01-08,Noodle Street,North Indian,Lajpat Nagar,3.7,19,Low,25,1776.7,33.56,Delivered,2,COD,Returning
FD000806,2026-08-10,Burger Yard,Fast Food,Rohini,10.0,31,High,57,1118.39,46.95,Delivered,2,Wallet,New
FD000807,2025-12-11,South Bowl,South Indian,Saket,15.7,15,Low,35,672.46,72.25,Delivered,5,UPI,Returning
FD000808,2026-03-25,Delhi Zaika,Chinese,Nehru Place,11.8,15,High,51,572.07,61.04,Delivered,2,UPI,New
FD000809,2025-04-03,Burger Yard,Chinese,Connaught Place,5.0,9,High,35,904.5,36.6,Delivered,1,UPI,Returning
FD000810,2025-10-18,Curry House,Fast Food,Lajpat Nagar,8.1,10,Medium,39,822.41,48.16,Delivered,1,COD,New
FD000811,2025-08-17,Urban Tadka,Desserts,Rohini,0.9,11,High,33,1299.37,24.31,Delivered,2,Card,Returning
FD000812,2026-07-10,Tandoori Tales,Fast Food,Nehru Place,13.7,15,Medium,48,1557.69,69.43,Delivered,5,Card,Returning
FD000813,2025-10-23,Tandoori Tales,South Indian,Gurugram Cyber City,7.0,23,High,49,271.14,38.4,Delivered,4,Card,New
FD000814,2026-08-02,Delhi Zaika,Biryani,Nehru Place,2.0,34,Medium,49,907.96,24.18,Delivered,3,COD,New
FD000815,2026-06-13,Pizza Corner,South Indian,Connaught Place,2.0,18,High,38,613.06,32.26,Delivered,4,UPI,Returning
FD000816,2025-06-29,Burger Yard,Biryani,Nehru Place,7.8,22,Medium,44,1250.77,41.1,Delivered,4,Card,Returning
FD000817,2025-07-11,Urban Tadka,South Indian,Mayur Vihar,13.9,13,Medium,45,1609.61,56.78,Delivered,4,Card,Returning
FD000818,2026-02-25,Pizza Corner,Desserts,Gurugram Cyber City,17.5,13,High,58,401.86,72.13,Delivered,2,Wallet,New
FD000819,2025-06-24,Cafe Metro,Desserts,Saket,10.4,9,Low,23,748.35,50.26,Delivered,4,Card,Returning
FD000820,2025-02-14,Pizza Corner,South Indian,Nehru Place,17.4,31,Low,66,197.86,73.78,Delivered,3,UPI,New
FD000821,2025-10-10,South Bowl,Healthy,Connaught Place,3.6,19,High,42,1522.28,29.83,Delivered,1,Wallet,Returning
FD000822,2025-11-25,Healthy Bites,Fast Food,Lajpat Nagar,4.0,26,Medium,33,1108.54,36.91,Delivered,2,UPI,New
FD000823,2025-12-07,Burger Yard,Biryani,Dwarka,11.6,27,High,64,1031.14,55.13,Delivered,4,Wallet,Returning
FD000824,2026-08-31,South Bowl,Pizza,Saket,13.5,9,Low,24,371.89,57.54,Delivered,3,Card,Returning
FD000825,2026-04-08,Urban Tadka,Fast Food,Lajpat Nagar,9.8,18,High,58,517.7,45.72,Delivered,5,COD,Returning
FD000826,2025-03-03,Cafe Metro,Healthy,Connaught Place,0.8,35,High,48,738.03,17.43,Delivered,1,COD,Returning
FD000827,2026-08-23,Urban Tadka,Desserts,Nehru Place,11.4,31,Medium,54,1682.42,56.89,Delivered,3,COD,New
FD000828,2025-01-26,Noodle Street,Biryani,Nehru Place,4.6,15,High,51,905.13,40.54,Cancelled,,Card,New
FD000829,2026-02-23,Cafe Metro,North Indian,Connaught Place,5.8,16,Low,28,825.87,44.04,Delivered,3,COD,Returning
FD000830,2026-02-08,Delhi Zaika,South Indian,Dwarka,9.3,21,Low,36,1253.45,47.47,Delivered,,Card,New
FD000831,2026-08-20,Tandoori Tales,South Indian,Rajouri Garden,7.9,20,Low,35,512.71,42.27,Delivered,4,Wallet,New
FD000832,2025-01-18,Urban Tadka,Fast Food,Rohini,17.5,11,High,60,1204.86,67.64,Delivered,4,Card,Returning
FD000833,2025-07-02,Tandoori Tales,Pizza,Gurugram Cyber City,3.6,23,High,53,1763.81,28.16,Delivered,3,Wallet,Returning
FD000834,2026-08-08,Biryani Hub,Healthy,Gurugram Cyber City,12.0,28,High,74,1450.3,53.87,Delivered,5,UPI,New
FD000835,2026-02-09,Spice Route,Fast Food,Gurugram Cyber City,13.6,27,High,60,403.38,59.32,Refunded,,Card,New
FD000836,2025-04-28,Urban Tadka,North Indian,Gurugram Cyber City,15.9,33,High,83,1025.34,63.18,Delivered,4,Wallet,New
FD000837,2025-11-25,Urban Tadka,Chinese,Nehru Place,15.1,12,High,57,317.05,73.46,Refunded,,COD,New
FD000838,2026-01-07,Healthy Bites,Chinese,Noida Sec 62,13.8,20,High,59,1499.84,68.26,Delivered,1,UPI,New
FD000839,2026-06-30,Delhi Zaika,Desserts,Nehru Place,11.0,20,Low,46,1484.49,59.38,Delivered,4,COD,New
FD000840,2026-08-16,South Bowl,North Indian,Rajouri Garden,10.0,24,Medium,41,772.13,56.04,Cancelled,,COD,New
FD000841,2025-11-11,Tandoori Tales,Desserts,Rajouri Garden,14.1,13,High,58,393.9,63.66,Delivered,1,UPI,Returning
FD000842,2026-01-09,Tandoori Tales,Desserts,Rohini,9.7,21,Low,38,607.04,49.38,Delivered,5,UPI,New
FD000843,2025-10-29,Tandoori Tales,Chinese,Connaught Place,14.8,31,Medium,73,1782.27,71.45,Delivered,1,COD,Returning
FD000844,2025-01-16,Tandoori Tales,Pizza,Rohini,9.1,27,Low,46,1459.43,46.78,Delivered,,UPI,Returning
FD000845,2026-02-11,Burger Yard,North Indian,Nehru Place,17.5,26,Medium,56,343.07,77.43,Delivered,1,Card,New
FD000846,2025-09-02,South Bowl,North Indian,Rajouri Garden,14.6,14,Low,35,1257.17,64.71,Delivered,4,COD,Returning
FD000847,2025-12-11,Healthy Bites,Fast Food,Lajpat Nagar,3.3,14,Medium,23,1729.03,25.85,Delivered,2,UPI,New
FD000848,2026-06-03,Healthy Bites,Pizza,Gurugram Cyber City,7.1,22,Low,44,754.0,48.18,Delivered,2,Card,Returning
FD000849,2025-08-07,Tandoori Tales,Chinese,Lajpat Nagar,11.7,14,High,50,1517.96,52.77,Delivered,5,Card,New
FD000850,2026-03-20,South Bowl,Desserts,Gurugram Cyber City,6.1,23,Medium,46,1741.5,42.85,Delivered,1,COD,New
FD000851,2026-07-14,Tandoori Tales,Healthy,Lajpat Nagar,6.3,16,High,43,149.32,48.33,Delivered,4,Wallet,New
FD000852,2026-05-24,South Bowl,Desserts, Gurugram Cyber City,9.2,20,High,57,629.31,57.1,Delivered,2,Card,New
FD000853,2025-05-19,Tandoori Tales,Desserts,Rohini,16.5,17,High,61,1166.55,73.23,Delivered,5,COD,New
FD000854,2026-02-21,South Bowl,Healthy,Lajpat Nagar,7.5,21,Low,30,1443.63,49.32,Refunded,,Wallet,New
FD000855,2025-01-15,South Bowl,North Indian,Nehru Place,8.2,22,High,49,1055.86,45.32,Delivered,5,COD,Returning
FD000856,2026-06-04,Pizza Corner,Biryani,Gurugram Cyber City,8.8,31,Medium,51,1783.84,43.37,Delivered,,COD,New
FD000857,2025-05-03,Biryani Hub,Desserts,Noida Sec 62,3.0,26,Medium,38,1541.63,24.86,Delivered,4,UPI,Returning
FD000858,2025-01-20,South Bowl,Biryani,Rajouri Garden,1.4,8,High,32,830.83,27.58,Delivered,5,COD,New
FD000859,2025-10-19,Healthy Bites,Chinese,Saket,3.8,31,High,57,699.62,31.7,Delivered,,Wallet,New
FD000860,2026-04-23,Urban Tadka,Biryani,Rajouri Garden,13.1,22,High,58,1524.0,60.76,Delivered,4,Card,Returning
FD000861,2026-08-05,Biryani Hub,Pizza,Rohini,17.0,19,High,67,1133.23,68.1,Delivered,4,COD,Returning
FD000862,2026-04-29,Tandoori Tales,Biryani,Noida Sec 62,3.5,34,High,52,1766.9,31.93,Delivered,1,Wallet,New
FD000863,2026-03-22,Burger Yard,North Indian,Saket,15.4,34,High,80,154.44,75.73,Delivered,4,Card,Returning
FD000864,2025-12-20,Curry House,South Indian,Rohini,6.5,26,Low,37,760.38,34.7,Delivered,3,COD,New
FD000865,2025-03-25,Delhi Zaika,Healthy,Nehru Place,8.0,13,High,45,779.76,46.49,Cancelled,,COD,New
FD000866,2025-04-11,Healthy Bites,Biryani,Rohini,6.5,11,High,42,1126.91,35.1,Delivered,,Card,New
FD000867,2026-07-26,Cafe Metro,Desserts,Mayur Vihar,1.7,21,High,47,279.19,26.66,Delivered,4,Card,Returning
FD000868,2026-05-24,Spice Route,Biryani,Connaught Place,16.6,24,Medium,67,1111.02,72.01,Delivered,1,Card,New
FD000869,2026-07-08,Delhi Zaika,Desserts, Noida Sec 62,10.1,22,High,58,1396.84,47.52,Delivered,4,Wallet,New
FD000870,2025-02-03,Cafe Metro,Fast Food,Dwarka,8.9,28,High,57,439.76,48.99,Delivered,3,UPI,New
FD000871,2026-03-07,Pizza Corner,Fast Food,Gurugram Cyber City,13.8,30,Medium,70,426.99,57.19,Delivered,1,UPI,Returning
FD000872,2025-07-10,Spice Route,Biryani,Rajouri Garden,10.4,9,High,54,1407.94,48.03,Delivered,5,COD,Returning
FD000873,2026-01-21,Healthy Bites,Chinese,Saket,12.1,31,Low,42,587.1,57.33,Delivered,5,UPI,Returning
FD000874,2026-05-06,Spice Route,Desserts,Saket,16.8,19,Low,57,681.41,74.53,Delivered,,UPI,Returning
FD000875,2025-11-24,Tandoori Tales,Desserts,Mayur Vihar,16.7,28,Medium,57,398.43,71.7,Delivered,4,UPI,Returning
FD000876,2025-01-30,Urban Tadka,Pizza,Nehru Place,1.7,33,Medium,47,1494.6,29.28,Delivered,3,Wallet,New
FD000877,2025-06-02,Noodle Street,North Indian,Noida Sec 62,17.5,29,Medium,75,1125.69,73.85,Delivered,5,COD,Returning
FD000878,2026-08-10,South Bowl,Chinese,Rohini,6.3,34,High,61,405.35,39.25,Delivered,2,Wallet,New
FD000879,2026-01-22,Healthy Bites,Desserts,Lajpat Nagar,7.6,27,Medium,48,1670.88,52.47,Delivered,2,COD,New
FD000880,2025-06-23,Biryani Hub,Healthy,Noida Sec 62,11.3,16,High,50,1744.12,49.54,Delivered,4,COD,Returning
FD000881,2026-04-11,Delhi Zaika,South Indian,Rajouri Garden,5.9,19,Medium,38,1407.91,37.91,Delivered,5,Card,Returning
FD000882,2025-09-02,Biryani Hub,Biryani,Rohini,13.4,30,Low,59,637.91,69.29,Delivered,4,UPI,Returning
FD000883,2026-01-31,Healthy Bites,North Indian,Rohini,5.9,25,Medium,42,503.36,38.58,Delivered,4,Card,Returning
FD000884,2025-07-09,Burger Yard,Biryani,Lajpat Nagar,4.9,33,High,59,301.07,35.04,Delivered,,Card,Returning
FD000885,2026-01-30,Spice Route,Healthy,Rajouri Garden,14.6,17,High,55,1252.95,68.76,Delivered,3,UPI,Returning
FD000886,2025-02-20,Noodle Street,Chinese,Lajpat Nagar,17.7,8,Low,33,200.51,77.42,Delivered,,Card,Returning
FD000887,2026-02-04,Spice Route,Fast Food,Mayur Vihar,6.2,18,Low,25,170.81,46.55,Delivered,5,UPI,Returning
FD000888,2026-04-27,Delhi Zaika,Desserts,Lajpat Nagar,14.1,26,High,68,1730.81,62.96,Delivered,,Wallet,New
FD000889,2026-08-16,Spice Route,North Indian,Gurugram Cyber City,4.2,30,Low,30,381.61,32.07,Delivered,,UPI,Returning
FD000890,2026-05-07,Urban Tadka,South Indian,Saket,4.7,16,High,35,1504.68,42.21,Delivered,,Wallet,Returning
FD000891,2025-02-26,South Bowl,Healthy,Mayur Vihar,1.8,35,High,60,574.07,28.77,Delivered,2,Wallet,New
FD000892,2025-09-22,Noodle Street,Desserts,Rajouri Garden,4.0,32,High,55,1061.67,37.11,Delivered,,COD,New
FD000893,2025-11-04,Curry House,Fast Food,Dwarka,3.5,30,Low,41,248.07,28.35,Delivered,1,Card,New
FD000894,2025-05-05,Pizza Corner,North Indian,Nehru Place,12.5,9,High,52,412.8,62.17,Delivered,,Wallet,Returning
FD000895,2025-11-26,Burger Yard,Chinese,Lajpat Nagar,1.8,31,Low,48,1025.1,33.27,Delivered,,COD,New
FD000896,2025-10-05,Delhi Zaika,South Indian,Dwarka,17.8,16,Medium,49,627.12,78.23,Cancelled,,Card,Returning
FD000897,2025-07-31,Biryani Hub,Chinese,Connaught Place,11.2,26,High,70,591.15,60.75,Delivered,3,COD,New
FD000898,2025-12-20,Tandoori Tales,South Indian,Rajouri Garden,2.6,18,High,40,1602.53,23.26,Delivered,2,Wallet,Returning
FD000899,2025-02-12,Biryani Hub,Pizza,Dwarka,7.9,28,High,54,1606.15,49.07,Cancelled,,Wallet,New
FD000900,2025-06-18,South Bowl,Pizza,Saket,1.9,24,Low,34,1055.36,34.89,Delivered,4,UPI,Returning
FD000901,2026-06-01,Urban Tadka,Healthy,Connaught Place,2.1,16,High,36,1371.59,24.79,Delivered,2,Card,Returning
FD000902,2025-05-16,Healthy Bites,Biryani,Nehru Place,2.6,34,Medium,49,1682.06,35.97,Delivered,3,Card,Returning
FD000903,2026-05-09,South Bowl,Fast Food,Rajouri Garden,16.5,29,Low,59,1293.52,67.63,Delivered,5,COD,Returning
FD000904,2025-01-03,Pizza Corner,Fast Food,Noida Sec 62,3.3,10,High,37,918.55,33.16,Delivered,1,UPI,New
FD000905,2026-06-01,Healthy Bites,North Indian,Connaught Place,6.9,35,High,63,990.79,36.43,Delivered,3,UPI,Returning
FD000906,2026-03-14,Cafe Metro,Pizza,Noida Sec 62,3.7,30,Medium,47,1380.26,37.35,Delivered,4,UPI,New
FD000907,2025-04-17,Burger Yard,Healthy,Nehru Place,17.9,35,High,88,390.83,72.36,Delivered,1,Card,Returning
FD000908,2026-05-10,South Bowl,Healthy,Rohini,12.7,35,Medium,69,149.49,57.89,Delivered,4,Wallet,Returning
FD000909,2025-05-31,Urban Tadka,Biryani,Nehru Place,17.0,24,Medium,65,1620.85,78.17,Delivered,4,UPI,Returning
FD000910,2026-04-12,Pizza Corner,Healthy,Connaught Place,4.6,11,Medium,37,938.35,38.29,Delivered,,COD,Returning
FD000911,2025-09-06,South Bowl,Biryani,Noida Sec 62,5.5,16,Low,35,1238.01,37.75,Delivered,3,Wallet,Returning
FD000912,2025-12-11,Tandoori Tales,Pizza,Noida Sec 62,5.7,9,Medium,30,1079.81,32.47,Delivered,2,COD,New
FD000913,2025-03-30,South Bowl,Healthy,Saket,5.3,27,High,56,374.69,38.56,Delivered,3,UPI,New
FD000914,2025-04-09,Biryani Hub,North Indian,Gurugram Cyber City,15.9,33,High,77,1535.12,75.9,Delivered,,COD,Returning
FD000915,2026-01-03,South Bowl,Healthy,Mayur Vihar,10.0,35,Medium,62,1598.32,45.99,Refunded,,Wallet,New
FD000916,2026-01-25,Burger Yard,South Indian,Mayur Vihar,9.5,12,High,48,650.96,50.55,Delivered,4,COD,Returning
FD000917,2026-08-14,Healthy Bites,South Indian,Nehru Place,2.7,27,High,44,1322.79,24.32,Delivered,1,UPI,New
FD000918,2026-01-30,Noodle Street,Desserts,Lajpat Nagar,15.4,30,High,69,601.2,68.5,Delivered,4,COD,New
FD000919,2026-05-24,Spice Route,Desserts,Rajouri Garden,12.2,14,Medium,41,662.64,64.59,Delivered,1,Card,New
FD000920,2025-09-19,Healthy Bites,Desserts,Dwarka,4.3,28,Medium,45,647.0,29.25,Delivered,2,COD,New
FD000921,2026-07-29,Delhi Zaika,Biryani,Rohini,2.7,30,Medium,44,1295.29,34.59,Delivered,4,Card,Returning
FD000922,2025-10-08,Healthy Bites,Fast Food,Rajouri Garden,9.5,28,Low,43,358.16,52.1,Delivered,4,Wallet,New
FD000923,2025-03-13,Healthy Bites,Desserts,Rohini,1.8,32,Low,24,1753.84,29.61,Delivered,,Wallet,Returning
FD000924,2025-08-04,Curry House,Chinese,Noida Sec 62,17.5,10,High,60,477.82,70.57,Delivered,,UPI,New
FD000925,2026-06-21,Burger Yard,Pizza,Lajpat Nagar,4.8,23,Medium,24,745.18,43.23,Delivered,2,COD,Returning
FD000926,2025-04-27,Tandoori Tales,Biryani,Rohini,2.2,26,Medium,43,935.64,26.04,Delivered,1,Card,New
FD000927,2025-07-04,Burger Yard,Desserts,Nehru Place,3.2,17,Low,12,727.74,36.78,Delivered,4,Card,Returning
FD000928,2025-10-18,Spice Route,South Indian,Connaught Place,4.5,21,High,50,1473.57,33.56,Delivered,5,COD,New
FD000929,2025-10-28,Burger Yard,Biryani,Saket,1.0,15,Medium,35,1259.96,18.77,Delivered,,Wallet,Returning
FD000930,2026-03-06,Burger Yard,Biryani,Gurugram Cyber City,8.9,28,High,58,312.87,56.3,Delivered,5,Wallet,Returning
FD000931,2025-11-24,Pizza Corner,Chinese,Noida Sec 62,1.6,13,High,33,1681.95,22.24,Delivered,4,UPI,New
FD000932,2025-06-14,Biryani Hub,Healthy,Mayur Vihar,15.6,30,High,79,1581.71,73.73,Delivered,1,COD,Returning
FD000933,2025-06-15,Pizza Corner,Fast Food,Rohini,3.9,26,High,51,443.14,35.1,Delivered,2,Card,Returning
FD000934,2026-08-16,Cafe Metro,Healthy,Nehru Place,7.0,18,High,46,1329.87,42.39,Delivered,2,Card,Returning
FD000935,2025-02-05,Biryani Hub,Chinese,Noida Sec 62,6.6,14,Low,32,1254.41,36.32,Delivered,2,Wallet,Returning
FD000936,2026-03-05,Cafe Metro,South Indian,Mayur Vihar,4.7,16,Low,17,663.57,36.27,Delivered,2,UPI,Returning
FD000937,2025-11-26,Healthy Bites,Healthy,Lajpat Nagar,3.2,17,Medium,28,614.81,36.0,Delivered,2,Wallet,New
FD000938,2025-04-12,Tandoori Tales,North Indian,Nehru Place,17.2,32,High,66,308.92,73.2,Delivered,5,Wallet,New
FD000939,2025-08-23,Cafe Metro,Desserts,Connaught Place,2.1,18,Low,32,1117.09,29.04,Delivered,1,Wallet,Returning
FD000940,2026-01-31,Urban Tadka,Fast Food,Lajpat Nagar,8.5,31,Low,52,780.85,50.35,Delivered,2,Wallet,Returning
FD000941,2026-02-06,South Bowl,Desserts,Gurugram Cyber City,14.1,14,High,51,1034.75,61.03,Delivered,2,COD,New
FD000942,2025-09-17,Burger Yard,Pizza,Connaught Place,4.3,23,Medium,34,1735.85,42.36,Delivered,3,Card,New
FD000943,2025-05-20,Burger Yard,Biryani,Nehru Place,7.8,24,Medium,49,478.95,45.55,Delivered,5,COD,Returning
FD000944,2025-06-08,Curry House,South Indian,Noida Sec 62,11.6,21,Low,38,534.45,64.58,Delivered,4,Card,New
FD000945,2025-01-21,Curry House,North Indian,Noida Sec 62,12.4,27,Medium,54,832.23,56.04,Delivered,4,UPI,Returning
FD000946,2025-06-01,Spice Route,Desserts,Mayur Vihar,12.7,27,High,80,952.78,61.11,Delivered,3,COD,New
FD000947,2025-04-17,South Bowl,Chinese,Gurugram Cyber City,4.0,15,High,38,381.61,40.84,Delivered,1,UPI,New
FD000948,2026-05-02,Spice Route,South Indian,Lajpat Nagar,9.9,35,High,75,418.75,47.05,Delivered,5,Wallet,Returning
FD000949,2025-11-17,Delhi Zaika,South Indian,Lajpat Nagar,10.6,25,Medium,55,1600.46,61.21,Delivered,5,COD,Returning
FD000950,2025-02-02,Burger Yard,Biryani,Mayur Vihar,3.1,25,High,45,325.84,36.7,Delivered,4,UPI,New
FD000951,2026-05-13,Tandoori Tales,South Indian,Saket,14.7,13,Low,37,643.11,74.05,Cancelled,,Card,Returning
FD000952,2026-06-16,Urban Tadka,Desserts,Gurugram Cyber City,17.4,13,Low,43,436.35,81.83,Delivered,4,Wallet,Returning
FD000953,2025-12-11,Spice Route,Fast Food,Lajpat Nagar,17.2,28,High,71,356.09,68.36,Delivered,,COD,Returning
FD000954,2025-11-06,Noodle Street,Fast Food,Dwarka,13.5,9,High,46,1135.41,66.54,Delivered,4,Wallet,New
FD000955,2026-08-02,Noodle Street,Healthy,Lajpat Nagar,5.2,24,High,49,1180.25,30.99,Delivered,4,Wallet,New
FD000956,2026-06-22,Urban Tadka,Biryani,Rajouri Garden,14.5,24,Low,53,1281.9,70.83,Delivered,4,COD,New
FD000957,2025-02-23,Burger Yard,Pizza,Rohini,12.6,35,Low,55,330.27,56.43,Delivered,3,COD,New
FD000958,2026-08-07,Tandoori Tales,South Indian,Rohini,11.4,9,High,50,1435.99,60.63,Delivered,4,Card,Returning
FD000959,2026-01-16,Biryani Hub,Desserts,Saket,15.8,13,Medium,52,1001.65,67.39,Cancelled,,UPI,Returning
FD000960,2026-08-30,Cafe Metro,Biryani,Connaught Place,7.2,21,High,57,1687.53,38.98,Delivered,2,Card,New
FD000961,2025-12-09,Spice Route,Chinese,Rohini,9.5,9,High,49,450.58,55.46,Delivered,,COD,New
FD000962,2025-01-17,Delhi Zaika,South Indian,Rajouri Garden,5.5,25,High,47,1051.41,41.53,Delivered,,COD,New
FD000963,2025-06-26,Biryani Hub,South Indian,Noida Sec 62,15.6,19,Low,47,1030.11,62.97,Delivered,5,UPI,New
FD000964,2026-03-10,Burger Yard,Desserts,Gurugram Cyber City,9.0,22,High,58,1294.39,53.54,Delivered,2,UPI,Returning
FD000965,2025-10-21,Pizza Corner,Biryani,Gurugram Cyber City,14.1,24,Low,57,718.14,66.63,Delivered,5,Card,Returning
FD000966,2026-05-05,Cafe Metro,North Indian,Lajpat Nagar,16.5,25,High,72,1577.82,76.96,Delivered,2,COD,New
FD000967,2026-08-05,Healthy Bites,Biryani,Saket,8.0,14,Low,23,1140.14,43.35,Delivered,5,UPI,Returning
FD000968,2025-01-08,Tandoori Tales,Pizza,Rohini,12.9,28,Low,48,1312.91,61.82,Delivered,1,UPI,Returning
FD000969,2026-07-13,Biryani Hub,Healthy,Mayur Vihar,13.7,8,High,50,1575.43,60.66,Delivered,3,UPI,Returning
FD000970,2025-05-18,Healthy Bites,Fast Food,Mayur Vihar,4.1,9,Low,14,1561.83,34.74,Delivered,3,Wallet,New
FD000971,2026-05-21,South Bowl,Biryani,Gurugram Cyber City,1.4,35,High,52,1066.84,22.65,Delivered,2,COD,Returning
FD000972,2025-05-16,Cafe Metro,Biryani, Connaught Place,12.5,27,High,60,1128.82,66.75,Delivered,,COD,Returning
FD000973,2026-08-02,Delhi Zaika,Biryani,Saket,10.3,13,High,54,1571.17,57.39,Cancelled,,Wallet,New
FD000974,2025-10-26,South Bowl,Healthy,Lajpat Nagar,14.5,17,High,52,641.43,62.64,Delivered,4,Card,Returning
FD000975,2026-02-27,Cafe Metro,Chinese,Gurugram Cyber City,12.4,34,Medium,61,1786.28,63.66,Delivered,3,Card,Returning
FD000976,2026-07-09,Pizza Corner,Desserts,Dwarka,5.7,21,Low,30,675.61,42.06,Delivered,5,Wallet,Returning
FD000977,2026-02-14,Delhi Zaika,Pizza,Rohini,2.8,24,Low,33,150.98,23.97,Delivered,,Card,Returning
FD000978,2025-06-23,Burger Yard,Desserts,Mayur Vihar,7.7,28,High,53,526.75,46.76,Delivered,3,UPI,Returning
FD000979,2025-08-21,Cafe Metro,Biryani,Lajpat Nagar,14.6,17,High,64,1217.2,66.5,Delivered,2,Wallet,New
FD000980,2026-03-24,Pizza Corner,South Indian,Rajouri Garden,17.5,18,Medium,56,653.77,81.38,Delivered,4,Card,Returning
FD000981,2026-04-26,Healthy Bites,South Indian,Lajpat Nagar,7.0,10,Medium,22,323.62,47.37,Delivered,4,Card,New
FD000982,2025-02-20,South Bowl,Pizza,Mayur Vihar,14.1,19,Low,44,663.46,62.88,Delivered,,Card,New
FD000983,2025-11-22,Curry House,Healthy,Saket,8.5,21,Low,36,1617.07,52.2,Delivered,,Card,New
FD000984,2026-04-18,Healthy Bites,North Indian,Dwarka,14.0,24,High,68,926.03,57.41,Delivered,1,UPI,New
FD000985,2026-02-13,Burger Yard,Desserts,Rohini,4.7,8,High,32,411.11,32.61,Cancelled,,UPI,New
FD000986,2025-08-03,Pizza Corner,Biryani,Rajouri Garden,12.4,20,High,57,928.54,65.29,Delivered,5,Card,Returning
FD000987,2025-01-11,Pizza Corner,Desserts,Mayur Vihar,11.9,35,Low,58,429.83,53.58,Delivered,3,Card,Returning
FD000988,2025-10-01,Healthy Bites,North Indian,Saket,2.2,30,High,50,1600.54,29.81,Delivered,5,Card,Returning
FD000989,2026-04-07,Tandoori Tales,Pizza,Noida Sec 62,15.0,9,High,50,1779.42,66.87,Delivered,1,Wallet,New
FD000990,2025-08-09,Spice Route,Pizza,Dwarka,2.3,22,High,47,553.94,28.73,Delivered,3,COD,Returning
FD000991,2026-04-24,Cafe Metro,South Indian,Gurugram Cyber City,1.8,14,High,31,470.95,25.18,Delivered,1,UPI,Returning
FD000992,2026-05-16,Cafe Metro,Pizza,Gurugram Cyber City,12.8,33,High,77,244.82,54.03,Delivered,5,Card,Returning
FD000993,2025-05-19,Burger Yard,Chinese,Saket,10.2,29,High,58,1401.82,47.26,Delivered,1,UPI,Returning
FD000994,2025-05-20,Biryani Hub,South Indian,Rajouri Garden,7.3,11,Low,20,1570.74,48.29,Delivered,2,COD,New
FD000995,2026-05-07,Tandoori Tales,South Indian,Rajouri Garden,5.7,14,Low,26,424.66,38.86,Delivered,,UPI,Returning
FD000996,2025-08-30,Cafe Metro,Biryani, Dwarka,6.1,11,Medium,23,734.72,40.84,Delivered,2,Wallet,Returning
FD000997,2025-01-09,South Bowl,North Indian,Saket,0.9,26,High,49,467.03,20.56,Delivered,5,Card,New
FD000998,2026-03-11,Cafe Metro,Healthy,Noida Sec 62,14.5,31,Medium,64,683.29,63.85,Delivered,1,Wallet,Returning
FD000999,2026-03-24,South Bowl,Healthy,Dwarka,4.6,14,Low,22,1518.04,35.22,Delivered,2,Card,Returning
FD001000,2025-03-27,Curry House,Healthy,Lajpat Nagar,6.0,30,Medium,54,1432.94,42.03,Delivered,5,Wallet,New
FD001001,2026-02-03,Biryani Hub,Biryani,Rohini,14.4,10,Low,34,345.71,70.23,Delivered,5,Wallet,New
FD001002,2026-02-19,Cafe Metro,North Indian,Connaught Place,11.4,16,High,51,1467.89,55.14,Delivered,3,UPI,Returning
FD001003,2025-03-29,Curry House,Chinese,Rohini,9.2,12,High,45,975.71,52.54,Cancelled,,COD,New
FD001004,2026-04-09,Urban Tadka,Pizza,Nehru Place,11.9,23,High,63,1335.91,55.56,Delivered,1,COD,Returning
FD001005,2025-08-07,Noodle Street,Fast Food,Dwarka,13.1,25,Low,53,1042.01,59.29,Delivered,3,COD,Returning
FD001006,2025-02-15,Urban Tadka,Pizza,Noida Sec 62,4.8,34,Medium,59,1293.64,30.72,Delivered,5,Card,Returning
FD001007,2026-05-04,Delhi Zaika,Pizza,Mayur Vihar,17.4,12,Low,38,1049.5,74.5,Delivered,3,UPI,Returning
FD001008,2025-04-22,Spice Route,North Indian,Gurugram Cyber City,9.0,19,High,55,1613.54,53.69,Delivered,5,UPI,New
FD001009,2026-01-03,Biryani Hub,Fast Food,Saket,8.3,30,Low,41,1790.36,44.66,Delivered,,COD,Returning
FD001010,2025-02-24,Spice Route,Pizza,Rohini,1.9,9,High,28,1731.88,35.26,Delivered,4,Card,Returning
FD001011,2026-06-24,Burger Yard,Desserts,Gurugram Cyber City,12.9,26,Medium,49,944.32,56.59,Delivered,,Wallet,New
FD001012,2025-07-12,South Bowl,Fast Food,Connaught Place,0.9,25,Medium,37,808.05,18.21,Delivered,4,COD,Returning
FD001013,2025-06-06,Healthy Bites,Chinese,Saket,15.4,13,Medium,47,695.6,74.65,Delivered,4,UPI,Returning
FD001014,2025-12-15,Curry House,Biryani,Gurugram Cyber City,5.6,35,Low,43,774.37,43.72,Delivered,,COD,New
FD001015,2026-06-03,Pizza Corner,North Indian,Gurugram Cyber City,18.0,20,Low,44,770.78,75.36,Delivered,4,Card,New
FD001016,2026-03-18,Biryani Hub,Desserts,Lajpat Nagar,10.9,24,Medium,54,522.04,58.87,Delivered,,COD,Returning
FD001017,2025-09-24,Pizza Corner,Biryani,Saket,11.3,19,High,58,594.19,58.02,Delivered,1,Wallet,Returning
FD001018,2026-07-29,Cafe Metro,Desserts,Noida Sec 62,10.3,15,Medium,47,285.51,54.59,Delivered,2,UPI,Returning
FD001019,2025-08-23,Biryani Hub,North Indian,Dwarka,11.9,35,Medium,63,1439.95,54.82,Delivered,1,Wallet,Returning
FD001020,2026-08-30,South Bowl,Chinese,Dwarka,6.8,27,Medium,45,1365.28,47.36,Delivered,,COD,New
FD001021,2026-06-29,Pizza Corner,Pizza,Rajouri Garden,1.4,15,High,29,891.41,21.35,Delivered,2,COD,Returning
FD001022,2025-05-20,Tandoori Tales,Desserts,Nehru Place,4.5,10,Medium,28,1065.28,36.56,Delivered,4,COD,Returning
FD001023,2025-05-21,Tandoori Tales,Healthy,Mayur Vihar,8.5,27,Medium,51,1440.47,44.87,Delivered,5,Wallet,Returning
FD001024,2026-07-04,South Bowl,North Indian,Rajouri Garden,3.9,24,Low,38,1568.97,39.68,Delivered,5,UPI,New
FD001025,2025-04-11,Healthy Bites,Chinese,Nehru Place,10.7,24,High,53,1074.04,49.65,Delivered,5,COD,Returning
FD001026,2025-12-23,Pizza Corner,Desserts,Gurugram Cyber City,3.0,30,Low,36,1094.71,33.69,Delivered,1,Card,Returning
FD001027,2025-02-14,Delhi Zaika,South Indian,Gurugram Cyber City,12.8,19,Low,38,226.65,65.81,Delivered,4,UPI,Returning
FD001028,2026-04-07,Urban Tadka,Fast Food,Connaught Place,12.5,19,High,52,1475.73,58.45,Delivered,4,UPI,Returning
FD001029,2026-01-02,Urban Tadka,Healthy,Nehru Place,11.7,28,High,60,915.0,58.93,Delivered,1,Card,Returning
FD001030,2026-07-24,Healthy Bites,Desserts,Saket,9.4,11,Medium,34,1699.84,52.38,Delivered,2,UPI,Returning
FD001031,2026-01-03,Tandoori Tales,Biryani,Noida Sec 62,9.4,34,High,65,287.59,55.83,Delivered,4,Wallet,New
FD001032,2025-10-24,Biryani Hub,Biryani,Lajpat Nagar,14.2,30,High,75,398.0,68.12,Delivered,3,UPI,New
FD001033,2025-06-20,Tandoori Tales,Biryani,Connaught Place,4.5,16,High,40,734.07,31.5,Delivered,5,COD,New
FD001034,2026-02-13,Healthy Bites,Biryani, Noida Sec 62,2.6,13,Low,14,1019.75,35.77,Delivered,2,UPI,New
FD001035,2026-02-10,Delhi Zaika,Desserts,Nehru Place,5.6,13,High,38,1172.28,45.41,Delivered,1,Card,New
FD001036,2026-01-20,Curry House,Fast Food,Lajpat Nagar,12.0,20,High,62,1583.25,51.43,Delivered,2,UPI,New
FD001037,2025-11-25,Biryani Hub,Pizza,Lajpat Nagar,16.7,35,Medium,68,853.32,75.03,Delivered,1,COD,New
FD001038,2025-08-17,South Bowl,Pizza,Saket,8.9,15,High,39,981.87,48.24,Delivered,1,COD,Returning
FD001039,2025-09-08,Delhi Zaika,Fast Food,Nehru Place,15.3,35,Medium,63,1321.32,63.28,Delivered,1,Wallet,New
FD001040,2026-02-02,Curry House,Healthy,Connaught Place,9.2,24,Low,40,1537.02,54.71,Delivered,2,Card,Returning
FD001041,2026-08-11,South Bowl,North Indian,Rohini,17.2,24,Medium,58,1095.0,72.03,Delivered,5,UPI,New
FD001042,2026-08-14,Curry House,North Indian,Noida Sec 62,17.4,16,High,67,1390.02,77.45,Delivered,,UPI,New
FD001043,2025-03-29,Biryani Hub,Healthy,Noida Sec 62,10.6,25,Medium,54,127.45,51.22,Delivered,2,Wallet,Returning
FD001044,2026-05-03,Curry House,Fast Food,Nehru Place,16.1,27,Low,61,799.34,71.31,Delivered,2,Wallet,Returning
FD001045,2025-03-02,Spice Route,Biryani,Rohini,2.5,17,Low,27,497.39,25.78,Delivered,1,COD,Returning
FD001046,2025-06-23,Burger Yard,Healthy,Rajouri Garden,2.4,26,Medium,44,648.29,28.6,Delivered,2,COD,New
FD001047,2026-02-11,Noodle Street,Biryani,Nehru Place,15.1,12,High,54,249.59,63.59,Delivered,2,UPI,New
FD001048,2026-04-22,Noodle Street,South Indian,Rohini,9.9,12,Medium,41,1757.3,45.7,Delivered,5,COD,New
FD001049,2025-04-28,Spice Route,Chinese,Nehru Place,8.9,32,High,62,418.28,42.34,Delivered,2,Wallet,Returning
FD001050,2025-03-23,Curry House,South Indian,Mayur Vihar,13.9,22,Medium,47,1513.97,68.57,Delivered,5,COD,New
FD001051,2026-03-06,Curry House,Desserts,Noida Sec 62,5.6,12,Medium,35,339.28,44.55,Refunded,,COD,New
FD001052,2026-04-01,Burger Yard,South Indian,Rajouri Garden,8.1,19,High,54,210.6,53.28,Delivered,3,COD,New
FD001053,2026-01-09,Healthy Bites,Pizza,Lajpat Nagar,3.7,33,High,65,390.98,37.74,Delivered,,COD,Returning
FD001054,2025-11-13,Spice Route,North Indian,Rajouri Garden,13.9,20,High,57,1240.68,56.78,Delivered,,Wallet,New
FD001055,2025-02-12,Healthy Bites,Biryani,Rohini,6.7,27,High,51,910.25,38.94,Cancelled,,Wallet,New
FD001056,2026-07-02,Pizza Corner,Desserts,Rajouri Garden,17.6,13,Low,42,1129.84,69.04,Delivered,,COD,Returning
FD001057,2025-01-15,Noodle Street,Healthy,Saket,14.9,28,High,67,839.85,66.28,Delivered,5,UPI,New
FD001058,2026-01-29,Spice Route,South Indian,Dwarka,14.1,23,High,65,972.82,58.47,Delivered,1,UPI,New
FD001059,2025-01-04,Noodle Street,North Indian,Saket,7.2,21,Medium,49,901.46,45.5,Delivered,1,Wallet,Returning
FD001060,2025-01-14,Delhi Zaika,Fast Food,Mayur Vihar,16.4,11,Low,38,1612.36,77.44,Delivered,5,Wallet,Returning
FD001061,2025-08-08,Burger Yard,Biryani,Saket,14.6,30,Low,60,654.66,72.57,Delivered,3,Card,Returning
FD001062,2026-08-20,Tandoori Tales,Biryani,Saket,15.9,26,High,72,898.31,75.47,Delivered,5,UPI,New
FD001063,2025-01-27,Cafe Metro,Pizza,Noida Sec 62,5.7,24,Medium,35,627.77,44.08,Delivered,2,Card,New
FD001064,2025-11-13,Curry House,South Indian,Nehru Place,8.9,10,Low,16,1013.05,55.58,Delivered,2,COD,New
FD001065,2026-04-07,Delhi Zaika,Biryani,Saket,12.9,19,High,58,488.26,54.5,Cancelled,,Wallet,New
FD001066,2026-05-03,Biryani Hub,North Indian,Nehru Place,6.4,13,High,43,140.97,39.2,Delivered,4,Wallet,Returning
FD001067,2025-07-14,Spice Route,South Indian,Rajouri Garden,2.5,29,High,54,812.68,32.91,Delivered,3,UPI,Returning
FD001068,2026-07-22,Noodle Street,North Indian,Gurugram Cyber City,7.8,14,High,45,448.37,47.14,Delivered,4,Card,Returning
FD001069,2025-10-16,Cafe Metro,Pizza,Saket,3.5,32,Low,48,704.97,31.16,Delivered,3,COD,New
FD001070,2026-08-08,Healthy Bites,North Indian,Noida Sec 62,7.4,16,Low,31,871.01,43.08,Delivered,4,Card,Returning
FD001071,2025-06-19,Pizza Corner,South Indian,Mayur Vihar,13.5,35,High,76,1715.02,69.62,Delivered,2,COD,New
FD001072,2025-06-18,Curry House,Chinese,Saket,14.4,15,Low,46,1241.6,69.42,Delivered,3,COD,New
FD001073,2026-08-24,South Bowl,Desserts,Rajouri Garden,7.0,22,High,53,1417.1,48.87,Delivered,3,COD,Returning
FD001074,2025-11-08,South Bowl,Pizza,Saket,11.9,23,Medium,54,730.29,59.3,Delivered,5,COD,New
FD001075,2025-05-08,Noodle Street,Chinese,Gurugram Cyber City,13.1,19,High,59,1392.94,68.92,Delivered,1,Wallet,Returning
FD001076,2025-04-02,Delhi Zaika,Fast Food,Nehru Place,5.9,16,Medium,30,1326.23,44.0,Delivered,2,Wallet,Returning
FD001077,2026-04-29,South Bowl,Healthy,Rohini,16.3,22,High,61,1508.81,71.94,Delivered,,UPI,New
FD001078,2025-10-14,Delhi Zaika,Biryani,Noida Sec 62,5.2,10,High,36,1370.83,37.45,Delivered,5,UPI,New
FD001079,2026-08-27,South Bowl,Desserts,Connaught Place,2.6,23,Low,31,1666.04,23.23,Delivered,1,Card,New
FD001080,2026-05-24,Curry House,Desserts,Lajpat Nagar,6.5,19,High,58,989.75,39.46,Delivered,5,Wallet,Returning
FD001081,2025-04-13,Burger Yard,Fast Food,Saket,12.4,32,High,64,342.59,59.92,Refunded,,COD,New
FD001082,2025-11-29,Cafe Metro,Biryani,Gurugram Cyber City,13.5,29,Medium,60,1392.41,62.64,Delivered,,Wallet,Returning
FD001083,2025-08-18,Noodle Street,Pizza,Rohini,1.2,23,High,42,201.77,23.63,Delivered,2,Card,Returning
FD001084,2025-12-18,Pizza Corner,Fast Food,Rohini,9.2,25,Medium,50,1724.59,56.67,Delivered,,Wallet,New
FD001085,2025-11-15,Noodle Street,South Indian,Lajpat Nagar,2.7,23,Medium,34,578.07,27.19,Delivered,,Wallet,New
FD001086,2025-02-03,South Bowl,Desserts,Rohini,4.3,23,Low,36,1718.29,39.17,Delivered,3,Wallet,Returning
FD001087,2025-03-02,Delhi Zaika,Fast Food,Gurugram Cyber City,17.5,31,Medium,72,757.93,75.63,Delivered,4,COD,New
FD001088,2026-03-17,South Bowl,Pizza,Nehru Place,7.9,31,Low,41,1557.89,47.31,Delivered,1,UPI,Returning
FD001089,2026-08-10,Spice Route,Fast Food,Connaught Place,11.8,14,Medium,39,627.33,56.14,Delivered,5,COD,Returning
FD001090,2026-06-19,Urban Tadka,Fast Food,Dwarka,7.4,15,High,55,826.83,49.82,Delivered,3,COD,New
FD001091,2025-10-31,South Bowl,Healthy,Gurugram Cyber City,10.2,31,Low,45,1637.28,53.16,Refunded,,COD,Returning
FD001092,2025-05-21,Spice Route,Pizza,Rohini,12.9,31,Low,53,864.26,56.94,Delivered,,Card,New
FD001093,2025-04-29,Pizza Corner,Pizza,Gurugram Cyber City,16.1,20,Low,47,526.07,72.44,Delivered,4,UPI,New
FD001094,2026-08-27,Urban Tadka,Desserts,Lajpat Nagar,12.9,33,Medium,59,1583.17,65.55,Delivered,5,Card,Returning
FD001095,2025-07-02,Delhi Zaika,Chinese,Lajpat Nagar,8.2,33,Low,52,1065.62,54.2,Delivered,2,COD,Returning
FD001096,2026-06-29,Tandoori Tales,Biryani,Nehru Place,5.7,32,Low,44,1150.27,32.94,Delivered,2,Card,Returning
FD001097,2026-05-13,Urban Tadka,Desserts,Saket,10.5,13,High,51,513.15,60.54,Delivered,4,Card,New
FD001098,2025-01-03,Urban Tadka,North Indian,Lajpat Nagar,4.6,19,Low,39,697.33,35.49,Delivered,4,COD,Returning
FD001099,2025-12-29,Spice Route,North Indian,Rajouri Garden,16.3,16,Medium,49,581.81,70.61,Delivered,2,Card,New
FD001100,2025-04-26,Biryani Hub,Biryani,Connaught Place,11.4,9,Low,30,1321.79,52.94,Delivered,5,UPI,New
FD001101,2025-09-23,Cafe Metro,Biryani,Noida Sec 62,1.1,21,High,44,1170.69,25.17,Refunded,,UPI,Returning
FD001102,2025-06-27,Curry House,South Indian,Saket,11.2,25,High,56,1283.56,50.24,Delivered,3,Card,New
FD001103,2025-03-16,Healthy Bites,Fast Food,Connaught Place,6.2,32,Low,42,737.15,36.35,Cancelled,,UPI,Returning
FD001104,2025-02-25,Cafe Metro,Fast Food,Noida Sec 62,11.9,9,Medium,45,1054.14,60.29,Delivered,3,UPI,New
FD001105,2025-04-29,Noodle Street,South Indian,Rajouri Garden,2.4,34,Medium,42,1436.6,35.08,Delivered,5,COD,New
FD001106,2026-08-09,Pizza Corner,Chinese,Gurugram Cyber City,12.4,13,Low,37,834.79,59.26,Delivered,2,Card,Returning
FD001107,2025-07-13,South Bowl,Chinese,Mayur Vihar,17.9,17,High,64,1759.76,80.55,Delivered,3,Wallet,New
FD001108,2026-07-14,Healthy Bites,Desserts,Gurugram Cyber City,4.6,30,High,60,345.06,36.25,Delivered,1,COD,Returning
FD001109,2025-02-05,Noodle Street,Biryani,Rajouri Garden,2.9,23,Low,30,1398.6,33.49,Delivered,,UPI,Returning
FD001110,2025-07-03,Curry House,North Indian,Lajpat Nagar,2.9,26,Low,31,724.65,25.87,Delivered,5,Card,New
FD001111,2025-02-27,Burger Yard,Fast Food,Connaught Place,6.8,24,Low,42,1261.41,37.18,Delivered,5,Card,New
FD001112,2026-01-29,Curry House,Fast Food,Rajouri Garden,3.0,9,Low,13,1633.79,37.64,Delivered,3,Card,Returning
FD001113,2026-06-08,South Bowl,South Indian,Dwarka,1.4,20,Medium,37,154.08,32.26,Delivered,3,Card,New
FD001114,2025-12-03,Delhi Zaika,Fast Food,Mayur Vihar,3.3,33,High,62,386.89,26.56,Delivered,,COD,New
FD001115,2026-05-11,Delhi Zaika,Healthy,Lajpat Nagar,14.4,8,High,49,986.02,67.69,Delivered,1,COD,New
FD001116,2025-12-14,Cafe Metro,Fast Food,Gurugram Cyber City,9.0,21,Low,34,1172.98,50.23,Delivered,1,UPI,Returning
FD001117,2026-04-18,Spice Route,Desserts,Rajouri Garden,9.6,35,High,72,1699.19,55.97,Delivered,4,Card,Returning
FD001118,2026-02-07,Curry House,North Indian,Gurugram Cyber City,9.4,30,High,59,1151.34,47.19,Delivered,1,Wallet,New
FD001119,2026-08-25,Biryani Hub,South Indian,Noida Sec 62,17.7,14,Low,47,1641.97,70.36,Delivered,2,Card,New
FD001120,2026-03-17,Biryani Hub,Desserts,Nehru Place,10.3,32,Low,50,1411.02,60.64,Delivered,5,UPI,New
FD001121,2026-01-29,Pizza Corner,North Indian,Mayur Vihar,3.0,19,Low,31,1746.3,32.38,Delivered,,Wallet,New
FD001122,2026-08-28,Delhi Zaika,Healthy,Gurugram Cyber City,3.9,11,High,26,1699.82,38.46,Delivered,4,COD,Returning
FD001123,2026-05-07,Spice Route,Chinese,Saket,2.3,33,Medium,39,430.15,29.73,Delivered,2,COD,Returning
FD001124,2025-12-25,Pizza Corner,Healthy,Connaught Place,16.5,31,Medium,73,1768.4,67.88,Delivered,5,Wallet,Returning
FD001125,2025-01-30,Healthy Bites,Chinese,Nehru Place,17.9,11,Medium,49,775.01,69.65,Delivered,5,UPI,Returning
FD001126,2025-04-12,Curry House,Desserts,Connaught Place,9.2,31,Medium,53,995.69,43.03,Delivered,1,Wallet,New
FD001127,2026-04-09,Tandoori Tales,North Indian,Mayur Vihar,7.6,30,Low,37,948.34,39.82,Delivered,5,Wallet,New
FD001128,2025-06-13,Cafe Metro,Healthy,Gurugram Cyber City,7.2,30,High,54,1093.81,38.16,Delivered,,Card,Returning
FD001129,2025-09-18,Tandoori Tales,Biryani,Gurugram Cyber City,15.8,12,Low,39,1738.95,76.87,Delivered,1,Card,Returning
FD001130,2025-03-29,Burger Yard,Biryani,Lajpat Nagar,11.5,9,High,51,895.08,56.56,Delivered,,COD,New
FD001131,2025-10-10,Cafe Metro,Desserts,Lajpat Nagar,6.5,34,High,57,431.17,41.66,Delivered,4,UPI,Returning
FD001132,2025-11-02,Delhi Zaika,Desserts,Dwarka,15.0,9,Medium,36,840.39,66.82,Delivered,3,Card,Returning
FD001133,2026-04-23,Delhi Zaika,Desserts,Rohini,8.9,24,High,53,1764.88,47.43,Delivered,4,Wallet,New
FD001134,2025-10-26,South Bowl,South Indian,Connaught Place,11.0,27,High,60,953.04,54.25,Delivered,5,UPI,Returning
FD001135,2025-06-05,Curry House,North Indian,Noida Sec 62,10.1,27,Low,35,753.66,47.43,Delivered,4,Wallet,Returning
FD001136,2025-02-06,Pizza Corner,South Indian,Lajpat Nagar,5.3,21,Low,32,361.86,39.76,Delivered,4,Card,New
FD001137,2025-02-18,Noodle Street,Chinese,Noida Sec 62,2.6,14,Medium,29,415.03,31.53,Delivered,,COD,Returning
FD001138,2025-04-26,Tandoori Tales,Healthy,Mayur Vihar,14.0,15,Medium,53,1531.58,68.76,Delivered,1,Wallet,Returning
FD001139,2026-06-03,Spice Route,Desserts,Connaught Place,9.3,22,High,55,1386.57,54.39,Delivered,5,Card,New
FD001140,2026-03-21,Tandoori Tales,Biryani,Nehru Place,4.8,33,High,57,788.73,41.27,Delivered,3,UPI,New
FD001141,2025-02-06,Biryani Hub,Chinese,Dwarka,14.6,14,High,52,1361.64,61.63,Delivered,2,Wallet,Returning
FD001142,2026-02-26,Cafe Metro,South Indian,Connaught Place,17.7,10,High,65,563.45,68.85,Delivered,3,Card,New
FD001143,2026-06-20,Biryani Hub,Desserts,Nehru Place,10.2,28,Low,41,1031.79,50.71,Delivered,4,Wallet,Returning
FD001144,2025-04-30,Urban Tadka,Biryani,Saket,10.1,25,High,57,1235.18,51.33,Delivered,1,Wallet,Returning
FD001145,2026-03-12,Delhi Zaika,Pizza,Nehru Place,10.6,9,High,48,210.27,59.76,Delivered,,Card,Returning
FD001146,2026-08-22,Biryani Hub,Chinese,Noida Sec 62,16.5,26,Medium,54,929.61,78.82,Delivered,,Wallet,New
FD001147,2026-07-03,Urban Tadka,Biryani,Nehru Place,5.8,20,Low,30,389.25,34.98,Delivered,2,Card,Returning
FD001148,2025-02-24,South Bowl,North Indian,Noida Sec 62,3.5,22,High,49,306.4,26.01,Delivered,2,COD,Returning
FD001149,2025-11-19,Burger Yard,Fast Food,Connaught Place,1.7,12,Medium,22,1436.61,30.83,Delivered,3,COD,Returning
FD001150,2026-08-12,Cafe Metro,Pizza,Gurugram Cyber City,12.8,8,Medium,42,1305.99,57.36,Delivered,2,COD,New
FD001151,2025-07-31,Delhi Zaika,Fast Food,Dwarka,11.3,28,Medium,48,1721.38,58.02,Delivered,3,UPI,Returning
FD001152,2026-06-06,Urban Tadka,North Indian,Dwarka,7.2,31,Low,50,736.09,48.61,Delivered,1,COD,Returning
FD001153,2025-09-13,Spice Route,Biryani,Nehru Place,15.2,21,Medium,50,1535.57,71.09,Delivered,4,UPI,New
FD001154,2026-03-05,Burger Yard,Fast Food,Rohini,3.9,24,Low,36,880.45,39.27,Delivered,1,UPI,New
FD001155,2026-07-07,Curry House,Desserts,Noida Sec 62,6.0,18,Low,25,493.29,39.18,Delivered,2,COD,New
FD001156,2025-12-23,Noodle Street,Healthy,Rajouri Garden,11.0,28,High,63,284.81,60.46,Delivered,1,UPI,New
FD001157,2025-09-14,Burger Yard,North Indian,Gurugram Cyber City,16.5,33,High,88,710.36,72.7,Delivered,4,Card,Returning
FD001158,2025-02-08,Burger Yard,South Indian,Rohini,10.6,29,High,68,1334.31,47.46,Delivered,5,COD,Returning
FD001159,2025-11-22,Curry House,South Indian,Nehru Place,16.6,14,High,63,1119.47,69.16,Delivered,,Wallet,New
FD001160,2026-04-19,Burger Yard,Healthy,Connaught Place,1.5,35,High,52,989.42,24.42,Delivered,1,Wallet,Returning
FD001161,2025-04-07,Healthy Bites,Healthy,Dwarka,1.8,24,High,44,285.09,33.74,Delivered,,Card,New
FD001162,2026-04-10,Spice Route,Pizza,Rajouri Garden,8.2,8,Low,31,1713.1,40.04,Delivered,1,Card,Returning
FD001163,2026-08-21,Healthy Bites,South Indian,Saket,1.3,34,Low,38,874.42,20.2,Delivered,5,UPI,New
FD001164,2025-03-29,Urban Tadka,Healthy,Noida Sec 62,16.7,25,High,71,1552.76,75.86,Delivered,,UPI,Returning
FD001165,2025-08-19,Healthy Bites,Healthy,Noida Sec 62,3.9,30,High,54,509.49,32.59,Delivered,,Wallet,Returning
FD001166,2026-01-31,Urban Tadka,North Indian,Lajpat Nagar,14.7,15,Medium,51,1168.4,68.52,Delivered,3,Card,Returning
FD001167,2025-01-11,Noodle Street,Fast Food,Gurugram Cyber City,16.9,12,Low,35,1549.46,80.41,Delivered,,COD,New
FD001168,2025-03-19,Urban Tadka,Desserts,Dwarka,13.3,9,High,60,391.01,55.18,Delivered,1,Card,New
FD001169,2026-03-07,Cafe Metro,Biryani,Connaught Place,3.9,27,Medium,38,1566.14,35.52,Delivered,1,Wallet,New
FD001170,2025-04-28,Cafe Metro,Biryani,Dwarka,15.4,15,Medium,44,316.06,76.16,Delivered,3,UPI,New
FD001171,2026-06-29,Delhi Zaika,Biryani,Gurugram Cyber City,2.9,8,Low,12,1083.13,37.34,Refunded,,UPI,New
FD001172,2025-01-03,Spice Route,Desserts,Connaught Place,16.0,32,Low,53,1425.31,69.3,Delivered,4,Wallet,Returning
FD001173,2025-04-12,Curry House,South Indian,Connaught Place,4.5,32,Medium,47,822.55,33.22,Delivered,4,COD,New
FD001174,2025-04-15,Cafe Metro,Pizza,Rajouri Garden,2.6,20,Medium,32,464.07,35.65,Delivered,5,Card,New
FD001175,2026-06-15,Spice Route,North Indian,Rajouri Garden,6.1,32,High,57,950.08,42.75,Delivered,3,Card,New
FD001176,2026-08-20,South Bowl,Pizza,Nehru Place,1.8,21,High,33,1578.28,28.94,Delivered,2,Card,Returning
FD001177,2026-03-27,Noodle Street,Chinese,Lajpat Nagar,2.7,11,High,32,1056.91,30.51,Delivered,2,Card,Returning
FD001178,2026-02-16,Burger Yard,Healthy,Rajouri Garden,13.8,31,High,69,578.76,62.36,Cancelled,,UPI,Returning
FD001179,2025-06-03,Pizza Corner,Fast Food,Gurugram Cyber City,14.7,29,Medium,63,314.3,63.23,Delivered,2,Wallet,Returning
FD001180,2025-08-21,Delhi Zaika,Chinese,Nehru Place,2.7,24,High,48,830.29,30.28,Delivered,1,Wallet,Returning
FD001181,2026-06-25,Cafe Metro,Fast Food,Rajouri Garden,9.2,32,High,70,617.01,54.45,Delivered,,UPI,New
FD001182,2025-06-19,Tandoori Tales,Pizza,Connaught Place,4.4,33,Medium,49,957.86,34.89,Delivered,2,UPI,Returning
FD001183,2025-09-18,Pizza Corner,Biryani,Gurugram Cyber City,15.4,27,High,71,1469.75,63.65,Delivered,2,Wallet,New
FD001184,2025-10-12,Burger Yard,Chinese,Connaught Place,5.1,16,High,46,1069.14,32.97,Cancelled,,Wallet,New
FD001185,2025-10-16,Pizza Corner,Healthy,Connaught Place,7.9,10,High,40,1146.3,51.2,Delivered,5,Wallet,New
FD001186,2025-03-30,Curry House,Biryani,Rajouri Garden,12.5,17,High,59,1251.95,52.85,Delivered,1,Wallet,Returning
FD001187,2026-07-28,Urban Tadka,Chinese,Connaught Place,8.7,22,Low,42,347.71,41.15,Delivered,1,UPI,Returning
FD001188,2025-01-31,Pizza Corner,Fast Food,Nehru Place,10.8,15,High,45,1196.36,55.01,Refunded,,Wallet,Returning
FD001189,2025-01-02,Tandoori Tales,North Indian,Connaught Place,14.2,33,High,76,734.49,72.33,Delivered,4,UPI,New
FD001190,2025-02-05,Spice Route,Fast Food,Noida Sec 62,16.8,9,High,50,608.97,65.65,Cancelled,,COD,New
FD001191,2025-12-30,Delhi Zaika,South Indian,Saket,5.4,29,Medium,38,1125.53,31.57,Delivered,4,UPI,New
FD001192,2025-11-19,Urban Tadka,Chinese,Rajouri Garden,0.9,14,Medium,13,837.74,30.37,Delivered,,Card,New
FD001193,2025-02-19,Tandoori Tales,Chinese,Gurugram Cyber City,17.5,22,High,60,515.48,75.43,Delivered,5,Wallet,New
FD001194,2026-01-27,Spice Route,Healthy,Connaught Place,6.8,10,High,35,644.7,39.97,Delivered,1,COD,New
FD001195,2025-12-15,Healthy Bites,South Indian,Mayur Vihar,7.8,29,Low,46,465.93,40.74,Delivered,1,COD,New
FD001196,2025-10-24,Urban Tadka,Fast Food,Gurugram Cyber City,0.9,8,Low,16,255.06,26.99,Delivered,1,COD,Returning
FD001197,2026-08-11,Burger Yard,Healthy,Rajouri Garden,14.4,21,High,67,907.32,63.77,Delivered,3,Wallet,New
FD001198,2026-03-06,Pizza Corner,South Indian,Saket,11.4,10,High,50,285.14,50.44,Refunded,,Wallet,New
FD001199,2025-06-20,Spice Route,Fast Food, Rajouri Garden,5.1,31,Medium,53,1173.7,37.01,Delivered,,COD,New
FD001200,2025-11-29,Healthy Bites,South Indian,Gurugram Cyber City,9.5,26,Low,53,372.02,51.4,Delivered,5,Wallet,Returning
FD001201,2025-07-15,Healthy Bites,Fast Food,Dwarka,1.1,23,Low,25,244.11,21.0,Delivered,3,Wallet,Returning
FD001202,2025-05-11,Noodle Street,Desserts,Lajpat Nagar,5.8,31,High,57,1525.06,47.16,Delivered,3,Card,Returning
FD001203,2026-08-28,Curry House,Pizza,Gurugram Cyber City,11.0,27,Low,47,845.05,54.52,Delivered,2,COD,Returning
FD001204,2026-02-10,Burger Yard,Chinese,Lajpat Nagar,13.4,33,Medium,67,289.79,67.29,Delivered,2,UPI,New
FD001205,2026-01-23,Noodle Street,Chinese,Mayur Vihar,17.0,25,Low,62,1295.26,79.63,Delivered,1,UPI,New
FD001206,2026-07-03,South Bowl,Pizza,Dwarka,6.3,18,High,44,136.38,40.18,Delivered,2,UPI,Returning
FD001207,2026-04-24,Healthy Bites,North Indian,Dwarka,12.6,18,Low,39,834.4,64.76,Delivered,3,UPI,Returning
FD001208,2025-04-25,Noodle Street,Fast Food,Saket,6.4,11,Medium,34,778.81,35.15,Delivered,,UPI,New
FD001209,2025-03-31,Curry House,Fast Food,Connaught Place,11.1,9,Medium,40,962.18,48.54,Delivered,1,UPI,New
FD001210,2025-04-03,Spice Route,Fast Food,Saket,4.2,8,Medium,17,1409.52,28.61,Delivered,1,Wallet,New
FD001211,2026-06-29,Urban Tadka,Fast Food,Nehru Place,17.5,20,Medium,58,719.39,69.35,Delivered,,COD,New
FD001212,2025-04-12,Urban Tadka,South Indian,Rajouri Garden,14.9,24,Low,49,941.26,62.05,Delivered,,UPI,Returning
FD001213,2025-03-11,Urban Tadka,Desserts,Dwarka,1.7,19,Medium,39,861.86,31.37,Delivered,3,Wallet,New
FD001214,2025-12-10,Cafe Metro,Biryani,Nehru Place,16.6,27,High,75,787.77,65.81,Delivered,4,COD,New
FD001215,2026-05-09,Noodle Street,Fast Food,Rajouri Garden,9.1,22,Medium,50,314.91,46.58,Delivered,4,COD,Returning
FD001216,2025-09-24,Pizza Corner,Pizza, Connaught Place,11.3,25,Low,49,1123.72,58.08,Delivered,2,UPI,Returning
FD001217,2025-07-05,Spice Route,South Indian,Rajouri Garden,8.9,20,Medium,55,427.18,54.4,Delivered,,Wallet,New
FD001218,2025-10-05,Delhi Zaika,North Indian,Noida Sec 62,12.3,19,Medium,51,1341.54,66.77,Delivered,,Wallet,New
FD001219,2026-05-01,Cafe Metro,Fast Food,Lajpat Nagar,16.1,8,Medium,43,814.16,76.52,Delivered,2,Wallet,New
FD001220,2025-01-07,Pizza Corner,Desserts,Noida Sec 62,5.4,18,Low,25,1000.04,35.45,Delivered,,Card,New
FD001221,2026-02-21,Burger Yard,Fast Food,Gurugram Cyber City,16.4,19,Low,50,263.67,66.03,Delivered,,Card,New
FD001222,2026-02-23,Healthy Bites,North Indian,Lajpat Nagar,8.9,9,Low,26,1747.13,45.79,Delivered,3,Wallet,New
FD001223,2025-11-25,Noodle Street,Pizza,Connaught Place,11.3,9,High,37,1487.52,62.45,Delivered,,UPI,New
FD001224,2025-01-23,Cafe Metro,Pizza, Nehru Place,12.2,14,Low,34,756.9,58.04,Delivered,5,COD,New
FD001225,2026-06-19,Cafe Metro,South Indian,Noida Sec 62,14.2,24,High,74,440.85,71.24,Delivered,3,COD,New
FD001226,2025-07-10,Cafe Metro,Healthy,Saket,7.2,30,Medium,47,1499.09,38.64,Delivered,5,Card,Returning
FD001227,2026-04-25,Healthy Bites,Biryani,Saket,15.0,14,High,45,416.37,68.26,Delivered,4,UPI,New
FD001228,2025-11-15,Tandoori Tales,Healthy,Saket,14.9,30,High,70,814.38,72.87,Delivered,,COD,New
FD001229,2025-04-17,Tandoori Tales,Biryani,Nehru Place,15.1,25,Medium,58,149.9,65.32,Delivered,5,UPI,New
FD001230,2026-04-07,Biryani Hub,Healthy,Mayur Vihar,15.2,11,High,58,936.06,73.4,Delivered,5,Card,New
FD001231,2025-09-06,Noodle Street,Chinese,Nehru Place,6.4,26,Low,47,760.2,48.34,Delivered,2,UPI,New
FD001232,2025-04-21,Pizza Corner,Desserts,Dwarka,6.1,13,Low,31,1542.04,33.83,Delivered,2,Card,New
FD001233,2026-02-10,South Bowl,Chinese,Lajpat Nagar,1.8,16,Low,20,1065.44,30.9,Delivered,2,UPI,Returning
FD001234,2025-04-04,Healthy Bites,Fast Food,Mayur Vihar,4.0,32,High,67,1254.76,40.66,Delivered,5,Card,New
FD001235,2026-03-13,Healthy Bites,Desserts,Gurugram Cyber City,3.2,33,High,42,885.04,38.41,Cancelled,,Card,Returning
FD001236,2026-03-14,Tandoori Tales,Healthy,Lajpat Nagar,14.0,16,Low,51,1350.96,58.39,Delivered,1,Wallet,Returning
FD001237,2025-03-30,Burger Yard,South Indian,Saket,14.1,29,Medium,57,1120.4,57.36,Delivered,,Card,New
FD001238,2025-11-30,Biryani Hub,Desserts,Rajouri Garden,17.0,20,High,63,1648.82,79.3,Delivered,,Wallet,Returning
FD001239,2025-01-28,Cafe Metro,Healthy,Rohini,17.4,21,High,65,1169.38,73.52,Delivered,2,Wallet,New
FD001240,2026-05-08,South Bowl,North Indian,Rajouri Garden,2.0,28,High,60,1317.18,31.58,Delivered,3,UPI,Returning
FD001241,2025-02-02,Burger Yard,Fast Food,Lajpat Nagar,3.8,19,High,38,360.29,30.01,Cancelled,,Wallet,New
FD001242,2026-06-12,Cafe Metro,Healthy,Lajpat Nagar,8.6,25,Medium,48,1547.75,48.3,Delivered,1,Card,New
FD001243,2025-03-11,Curry House,Chinese,Gurugram Cyber City,6.1,17,Low,37,1707.74,40.94,Delivered,,Card,Returning
FD001244,2026-03-15,South Bowl,Chinese,Connaught Place,1.5,20,High,41,365.01,20.48,Delivered,2,Wallet,Returning
FD001245,2025-09-13,Urban Tadka,Chinese,Nehru Place,12.9,28,High,65,331.08,56.08,Delivered,1,UPI,Returning
FD001246,2025-07-24,Biryani Hub,Biryani,Saket,12.2,13,High,49,655.56,58.62,Delivered,2,Wallet,Returning
FD001247,2025-06-01,Curry House,Pizza,Saket,11.0,35,High,71,1659.85,54.02,Delivered,5,Card,New
FD001248,2026-07-24,Biryani Hub,Fast Food,Lajpat Nagar,1.2,28,High,42,293.42,31.5,Delivered,3,Card,New
FD001249,2025-09-18,Healthy Bites,Healthy,Lajpat Nagar,9.6,19,Low,38,623.99,44.95,Delivered,2,Wallet,Returning
FD001250,2026-08-07,Biryani Hub,Healthy,Gurugram Cyber City,4.1,24,Low,33,1047.97,37.06,Delivered,1,Wallet,Returning
FD001251,2025-09-11,Delhi Zaika,Fast Food,Mayur Vihar,5.3,19,Medium,41,1315.17,41.25,Cancelled,,Wallet,New
FD001252,2025-09-06,Curry House,South Indian,Gurugram Cyber City,1.3,27,Medium,45,1678.65,30.84,Delivered,2,UPI,New
FD001253,2025-04-25,Pizza Corner,South Indian,Connaught Place,10.4,17,High,46,1306.4,46.97,Delivered,5,COD,New
FD001254,2025-09-30,Tandoori Tales,South Indian,Nehru Place,4.4,23,Low,26,711.8,31.91,Delivered,2,COD,New
FD001255,2025-09-06,Biryani Hub,Healthy,Nehru Place,11.0,21,High,62,1500.42,58.16,Delivered,3,UPI,Returning
FD001256,2025-10-24,Pizza Corner,Biryani,Noida Sec 62,1.0,27,High,38,1387.02,26.42,Delivered,5,Card,Returning
FD001257,2025-01-09,South Bowl,Fast Food,Connaught Place,2.9,22,High,45,584.62,31.92,Delivered,,COD,Returning
FD001258,2025-08-14,Noodle Street,Biryani,Mayur Vihar,6.5,33,Low,46,1789.08,42.88,Delivered,2,Card,Returning
FD001259,2025-11-08,Biryani Hub,Pizza,Nehru Place,13.1,19,High,57,633.04,62.77,Delivered,1,COD,Returning
FD001260,2025-10-10,Burger Yard,Chinese,Noida Sec 62,9.4,8,Medium,36,925.72,46.18,Delivered,3,Wallet,Returning
FD001261,2026-03-31,Spice Route,Chinese,Gurugram Cyber City,18.0,12,High,55,827.02,71.69,Delivered,1,Wallet,New
FD001262,2025-10-23,Spice Route,South Indian,Nehru Place,15.2,35,High,71,1498.27,65.59,Delivered,4,UPI,New
FD001263,2025-06-24,Urban Tadka,Healthy,Dwarka,4.6,14,Low,29,497.08,31.43,Delivered,1,Card,New
FD001264,2025-03-03,Cafe Metro,Pizza,Connaught Place,12.3,10,Medium,42,1753.15,64.79,Delivered,3,UPI,New
FD001265,2025-08-07,Burger Yard,Healthy,Rajouri Garden,7.6,11,Medium,37,1673.12,46.77,Delivered,5,COD,Returning
FD001266,2025-04-01,Tandoori Tales,Healthy,Saket,3.1,15,High,39,166.53,29.43,Delivered,4,Wallet,Returning
FD001267,2026-05-24,Healthy Bites,North Indian,Gurugram Cyber City,3.7,24,High,46,841.89,27.18,Refunded,,Card,New
FD001268,2025-03-12,South Bowl,Healthy,Mayur Vihar,7.7,23,Medium,51,1750.88,39.57,Delivered,4,COD,New
FD001269,2025-05-22,Cafe Metro,South Indian,Dwarka,15.5,22,Low,51,1018.39,72.46,Delivered,3,Card,Returning
FD001270,2026-06-23,Urban Tadka,Healthy,Noida Sec 62,12.5,17,Medium,55,898.47,55.62,Delivered,5,COD,Returning
FD001271,2025-04-17,South Bowl,Fast Food,Rohini,0.9,35,Medium,35,587.27,28.24,Delivered,2,UPI,Returning
FD001272,2025-05-31,Burger Yard,Biryani,Noida Sec 62,5.7,11,Low,18,603.12,32.3,Delivered,4,Wallet,Returning
FD001273,2025-01-06,Healthy Bites,Chinese,Rajouri Garden,5.7,23,Low,35,1557.54,44.63,Delivered,1,Card,Returning
FD001274,2025-12-03,Spice Route,Fast Food,Noida Sec 62,10.4,18,Medium,43,433.53,49.14,Delivered,,UPI,New
FD001275,2026-02-17,Burger Yard,Desserts,Nehru Place,2.6,26,Low,23,1249.75,25.25,Delivered,2,Card,Returning
FD001276,2025-08-03,Spice Route,Chinese,Lajpat Nagar,4.6,29,Medium,50,840.62,39.56,Delivered,2,Wallet,Returning
FD001277,2025-07-14,Curry House,Chinese,Noida Sec 62,3.8,10,Low,15,1638.73,39.05,Delivered,5,UPI,New
FD001278,2026-01-27,Pizza Corner,Healthy,Rajouri Garden,1.6,12,Medium,31,1285.9,26.08,Delivered,2,COD,Returning
FD001279,2025-02-08,Delhi Zaika,South Indian,Mayur Vihar,9.0,20,High,47,1758.02,45.83,Delivered,3,COD,Returning
FD001280,2025-05-03,Spice Route,Chinese,Mayur Vihar,2.9,22,High,51,1245.12,27.2,Delivered,,UPI,New
FD001281,2026-08-31,Healthy Bites,Biryani,Rajouri Garden,14.2,30,High,75,1678.61,72.39,Delivered,5,Wallet,Returning
FD001282,2026-05-15,Urban Tadka,North Indian,Lajpat Nagar,6.4,24,High,60,1085.65,38.91,Delivered,4,Wallet,Returning
FD001283,2025-12-07,Curry House,Chinese,Connaught Place,5.2,11,High,38,503.56,40.09,Delivered,4,UPI,New
FD001284,2026-05-22,Biryani Hub,South Indian,Connaught Place,9.1,26,Medium,46,294.49,50.19,Delivered,3,COD,New
FD001285,2026-05-22,Cafe Metro,Pizza,Mayur Vihar,8.1,10,Medium,32,451.0,53.28,Delivered,,Wallet,New
FD001286,2025-06-18,Cafe Metro,Biryani,Mayur Vihar,4.5,25,Medium,46,1606.83,33.89,Delivered,5,Wallet,New
FD001287,2025-06-05,Cafe Metro,Fast Food,Rohini,14.6,11,Medium,44,1667.22,70.03,Delivered,2,UPI,New
FD001288,2025-02-07,Curry House,Fast Food,Connaught Place,17.6,29,Medium,64,1728.33,68.31,Delivered,1,COD,Returning
FD001289,2026-05-06,Delhi Zaika,Pizza,Gurugram Cyber City,8.6,25,Medium,34,1089.81,54.97,Delivered,1,COD,Returning
FD001290,2025-01-30,Tandoori Tales,North Indian,Nehru Place,8.3,32,Low,50,996.04,40.62,Delivered,3,COD,New
FD001291,2025-10-12,Cafe Metro,North Indian,Lajpat Nagar,3.0,14,High,40,657.53,31.88,Delivered,5,Wallet,Returning
FD001292,2025-07-31,Spice Route,North Indian,Dwarka,8.3,29,Low,50,861.94,49.92,Delivered,1,Wallet,Returning
FD001293,2026-08-28,Delhi Zaika,Pizza,Nehru Place,15.8,26,High,69,269.15,70.2,Delivered,1,Wallet,New
FD001294,2025-08-26,Biryani Hub,North Indian,Rajouri Garden,1.3,11,High,33,985.91,29.22,Delivered,5,UPI,New
FD001295,2025-04-16,Spice Route,Pizza,Saket,14.3,8,Low,38,1691.85,59.97,Delivered,1,Wallet,New
FD001296,2025-05-08,Cafe Metro,Healthy,Rajouri Garden,1.5,33,High,48,705.48,19.54,Delivered,,Wallet,New
FD001297,2025-11-08,South Bowl,Pizza,Dwarka,3.8,16,High,39,1636.83,29.29,Delivered,5,UPI,Returning
FD001298,2026-04-11,Curry House,Biryani,Mayur Vihar,14.1,18,High,59,740.97,62.39,Delivered,3,COD,Returning
FD001299,2026-01-06,Urban Tadka,North Indian,Gurugram Cyber City,14.2,24,Low,51,1393.03,58.15,Cancelled,,COD,New
FD001300,2025-04-09,Urban Tadka,Desserts,Saket,16.4,28,High,65,1691.89,72.6,Delivered,4,UPI,New
FD001301,2025-11-13,Urban Tadka,Chinese,Rohini,6.3,10,Low,29,1522.67,35.56,Delivered,3,COD,Returning
FD001302,2026-01-17,Noodle Street,North Indian,Rajouri Garden,4.4,18,Low,31,1780.79,33.9,Delivered,1,Wallet,New
FD001303,2025-05-15,Burger Yard,North Indian,Nehru Place,17.2,9,High,57,1367.81,74.59,Delivered,,UPI,Returning
FD001304,2025-05-09,Urban Tadka,Chinese,Connaught Place,17.9,31,Medium,71,695.2,68.9,Delivered,1,Card,New
FD001305,2026-07-18,Cafe Metro,Biryani,Nehru Place,1.8,32,High,54,786.36,24.55,Refunded,,Wallet,Returning
FD001306,2026-04-20,Pizza Corner,Chinese,Nehru Place,12.1,23,Medium,56,626.32,59.33,Cancelled,,Wallet,New
FD001307,2025-11-05,Curry House,Desserts,Connaught Place,5.3,17,Low,30,1467.48,37.96,Delivered,2,UPI,Returning
FD001308,2026-07-30,Biryani Hub,Desserts,Rajouri Garden,17.4,22,High,65,1552.01,68.12,Delivered,5,UPI,New
FD001309,2025-09-03,Biryani Hub,South Indian,Mayur Vihar,14.8,21,Medium,52,823.98,64.29,Delivered,1,UPI,Returning
FD001310,2026-03-07,Urban Tadka,Healthy,Rohini,1.9,19,High,41,899.31,25.42,Delivered,4,Wallet,Returning
FD001311,2026-07-31,Noodle Street,North Indian,Rajouri Garden,4.7,17,Low,22,785.63,39.5,Delivered,,COD,Returning
FD001312,2026-03-05,Spice Route,Pizza,Noida Sec 62,2.1,19,Low,26,1103.49,24.43,Delivered,2,COD,Returning
FD001313,2026-02-01,Burger Yard,South Indian,Rohini,10.5,26,High,61,1716.15,49.23,Delivered,1,Wallet,New
FD001314,2026-04-22,Biryani Hub,South Indian,Noida Sec 62,10.9,21,High,59,966.67,60.98,Delivered,,UPI,Returning
FD001315,2025-02-19,Biryani Hub,Pizza,Gurugram Cyber City,8.5,13,Medium,34,359.85,52.57,Delivered,4,COD,Returning
FD001316,2025-02-19,Pizza Corner,South Indian,Saket,12.5,22,High,56,895.14,52.88,Delivered,1,Card,New
FD001317,2025-10-04,Healthy Bites,Biryani,Lajpat Nagar,5.6,10,High,38,1734.29,39.42,Delivered,2,UPI,Returning
FD001318,2025-03-23,Delhi Zaika,Desserts,Rajouri Garden,17.8,34,Medium,68,1184.6,70.81,Delivered,5,Card,Returning
FD001319,2025-01-10,Healthy Bites,Chinese,Dwarka,14.8,16,Low,55,1590.06,62.84,Cancelled,,COD,New
FD001320,2026-04-09,Curry House,Biryani,Connaught Place,5.9,16,Low,28,586.54,32.84,Delivered,5,Card,New
FD001321,2026-02-20,Urban Tadka,Desserts,Noida Sec 62,7.1,12,Medium,33,1414.77,36.41,Delivered,2,Wallet,New
FD001322,2025-07-12,Delhi Zaika,Pizza,Rajouri Garden,15.3,12,Medium,44,1540.07,66.07,Delivered,1,UPI,Returning
FD001323,2026-03-28,Tandoori Tales,Biryani,Nehru Place,7.2,21,Low,29,1670.7,41.2,Delivered,5,Card,Returning
FD001324,2026-04-15,Cafe Metro,Healthy,Rohini,17.6,31,High,77,690.6,72.83,Delivered,2,Wallet,Returning
FD001325,2025-09-17,Delhi Zaika,Biryani,Rajouri Garden,12.3,25,Medium,50,1432.32,62.49,Delivered,2,COD,Returning
FD001326,2026-04-15,Healthy Bites,Pizza,Connaught Place,2.1,31,High,60,1113.26,28.44,Delivered,4,Wallet,Returning
FD001327,2025-08-28,Healthy Bites,South Indian,Gurugram Cyber City,8.6,23,Medium,49,810.01,54.3,Delivered,3,Card,New
FD001328,2026-05-01,Curry House,Chinese,Mayur Vihar,7.1,31,Medium,47,703.05,36.53,Delivered,2,UPI,New
FD001329,2026-07-24,Biryani Hub,Biryani,Rohini,2.3,31,High,41,177.6,34.78,Delivered,4,COD,Returning
FD001330,2025-12-09,South Bowl,South Indian,Connaught Place,3.0,16,Low,29,1659.94,37.24,Delivered,3,UPI,Returning
FD001331,2026-05-17,Curry House,North Indian,Noida Sec 62,16.8,20,High,70,523.02,77.52,Delivered,2,Wallet,New
FD001332,2026-06-28,Biryani Hub,North Indian,Nehru Place,14.8,26,Medium,52,1063.02,74.1,Delivered,1,UPI,New
FD001333,2025-03-25,Cafe Metro,Pizza,Saket,0.9,16,Medium,19,808.12,31.86,Delivered,5,COD,Returning
FD001334,2025-10-07,Burger Yard,Biryani,Nehru Place,6.0,19,High,49,363.97,42.89,Delivered,4,UPI,Returning
FD001335,2026-03-25,Noodle Street,Desserts,Dwarka,13.5,9,Low,35,850.07,64.17,Delivered,,Wallet,New
FD001336,2025-01-02,Curry House,Chinese,Lajpat Nagar,11.2,8,Medium,39,1440.03,60.85,Cancelled,,COD,New
FD001337,2025-05-09,Urban Tadka,Healthy,Dwarka,6.4,15,High,43,831.72,39.84,Delivered,,COD,Returning
FD001338,2025-01-07,Burger Yard,Chinese,Dwarka,17.1,12,High,61,864.64,70.02,Delivered,4,UPI,Returning
FD001339,2025-12-10,Tandoori Tales,Fast Food,Gurugram Cyber City,14.2,22,Low,51,509.91,66.68,Refunded,,COD,New
FD001340,2025-05-02,Noodle Street,Biryani,Nehru Place,0.9,15,Low,19,964.07,28.55,Delivered,1,COD,New
FD001341,2026-01-29,Biryani Hub,North Indian,Connaught Place,7.9,23,High,58,1442.56,39.01,Delivered,,Card,Returning
FD001342,2025-04-27,Noodle Street,Healthy,Gurugram Cyber City,16.2,22,Medium,52,1482.03,67.16,Delivered,5,COD,Returning
FD001343,2025-08-03,Cafe Metro,Desserts,Noida Sec 62,3.3,34,Medium,50,837.51,33.94,Delivered,,Wallet,Returning
FD001344,2026-03-25,Curry House,Biryani,Saket,5.7,14,High,43,1269.54,44.41,Delivered,3,Card,New
FD001345,2025-07-04,Pizza Corner,Biryani,Noida Sec 62,12.2,18,High,48,229.16,58.93,Delivered,,Card,New
FD001346,2025-11-07,Delhi Zaika,Biryani,Rohini,4.8,32,Low,47,429.48,33.97,Delivered,,Card,Returning
FD001347,2026-06-23,Urban Tadka,Fast Food,Lajpat Nagar,16.4,31,Low,65,1453.95,71.36,Delivered,4,Wallet,New
FD001348,2026-06-06,Cafe Metro,Pizza,Rohini,4.6,30,High,61,1601.63,29.33,Delivered,,Card,New
FD001349,2025-09-21,Healthy Bites,South Indian,Gurugram Cyber City,16.0,32,Low,68,860.56,66.64,Delivered,4,Wallet,New
FD001350,2026-03-26,Spice Route,Chinese,Mayur Vihar,13.7,19,Low,47,792.86,59.35,Delivered,2,COD,New
FD001351,2025-11-04,Healthy Bites,Fast Food,Rohini,17.3,18,High,64,1142.71,81.42,Delivered,2,Card,New
FD001352,2025-08-17,Curry House,North Indian,Rajouri Garden,2.8,16,Low,19,1321.8,32.53,Delivered,2,Card,New
FD001353,2026-04-08,Cafe Metro,Desserts,Dwarka,7.8,35,High,71,1642.31,42.05,Delivered,3,UPI,Returning
FD001354,2025-02-01,Curry House,North Indian,Rohini,17.6,15,Medium,44,805.92,72.02,Delivered,1,UPI,New
FD001355,2025-08-07,Burger Yard,Desserts,Lajpat Nagar,14.9,29,High,61,762.92,62.62,Delivered,1,COD,New
FD001356,2026-05-26,Spice Route,Biryani,Dwarka,9.5,30,Low,38,431.3,48.49,Delivered,3,COD,Returning
FD001357,2025-07-06,Biryani Hub,Chinese,Rajouri Garden,5.0,9,Low,19,1010.38,38.48,Delivered,,UPI,Returning
FD001358,2026-01-23,Biryani Hub,Pizza,Gurugram Cyber City,4.4,31,Low,45,1176.51,33.46,Cancelled,,Card,New
FD001359,2025-09-28,Spice Route,Chinese,Gurugram Cyber City,9.1,13,Medium,32,1105.04,44.87,Delivered,,UPI,Returning
FD001360,2025-02-17,Cafe Metro,Chinese,Gurugram Cyber City,11.8,23,High,67,346.84,55.82,Delivered,4,Wallet,New
FD001361,2025-02-19,Burger Yard,Biryani,Rajouri Garden,3.8,21,Low,27,752.82,27.96,Delivered,3,Card,Returning
FD001362,2026-05-19,Burger Yard,North Indian,Lajpat Nagar,17.2,20,High,72,322.18,73.62,Delivered,1,UPI,Returning
FD001363,2025-05-10,South Bowl,Fast Food,Saket,3.5,10,Low,24,1742.99,32.11,Delivered,1,UPI,Returning
FD001364,2026-07-03,Delhi Zaika,Fast Food,Lajpat Nagar,16.8,23,High,63,516.59,76.04,Cancelled,,Wallet,New
FD001365,2025-11-04,Pizza Corner,Biryani,Rohini,12.3,14,High,52,1656.83,66.68,Delivered,1,COD,Returning
FD001366,2025-12-01,Healthy Bites,Biryani,Nehru Place,9.4,12,High,47,194.75,43.89,Delivered,1,UPI,New
FD001367,2026-03-09,Cafe Metro,Chinese,Rajouri Garden,8.3,15,Low,34,862.87,54.85,Delivered,4,Card,Returning
FD001368,2025-01-16,South Bowl,Healthy,Noida Sec 62,16.8,23,Low,51,676.46,80.03,Delivered,1,Wallet,Returning
FD001369,2026-03-29,Noodle Street,Chinese,Nehru Place,5.4,28,High,51,571.17,44.88,Delivered,4,UPI,Returning
FD001370,2026-01-18,Pizza Corner,Chinese,Dwarka,6.7,28,High,58,157.57,48.0,Delivered,,Card,Returning
FD001371,2026-03-01,Biryani Hub,North Indian,Lajpat Nagar,10.3,13,Low,30,376.03,57.1,Delivered,4,COD,New
FD001372,2025-02-02,Tandoori Tales,North Indian,Gurugram Cyber City,13.7,9,Medium,46,434.19,63.21,Delivered,4,COD,New
FD001373,2025-08-25,Noodle Street,Healthy,Mayur Vihar,8.8,34,High,60,1789.66,44.55,Delivered,5,UPI,Returning
FD001374,2025-05-10,Healthy Bites,Biryani,Dwarka,6.8,27,Medium,41,548.41,47.99,Delivered,4,Wallet,New
FD001375,2026-08-21,Delhi Zaika,Biryani,Gurugram Cyber City,2.7,30,High,46,456.07,25.45,Delivered,,COD,New
FD001376,2026-01-12,Spice Route,Biryani,Saket,1.4,21,Low,33,237.3,23.97,Delivered,5,Wallet,Returning
FD001377,2026-07-07,South Bowl,Pizza, Nehru Place,15.6,29,High,74,570.32,72.7,Refunded,,UPI,New
FD001378,2026-03-09,South Bowl,Biryani,Saket,15.0,24,Medium,60,907.78,71.78,Delivered,2,UPI,Returning
FD001379,2025-06-20,South Bowl,Desserts,Rohini,11.4,21,High,67,1175.94,52.2,Delivered,5,Wallet,New
FD001380,2025-03-14,Pizza Corner,Pizza,Connaught Place,6.1,32,High,63,295.95,38.53,Delivered,4,Wallet,New
FD001381,2025-12-30,Delhi Zaika,Desserts,Rohini,7.4,35,High,73,1018.13,46.13,Delivered,2,UPI,Returning
FD001382,2026-05-13,Healthy Bites,Pizza,Rajouri Garden,17.8,22,Low,48,730.75,72.88,Delivered,4,Wallet,New
FD001383,2025-05-13,South Bowl,North Indian,Rajouri Garden,1.2,25,Low,33,1200.09,20.64,Delivered,3,Wallet,Returning
FD001384,2026-03-13,Delhi Zaika,Fast Food,Saket,13.2,32,Medium,63,290.78,58.19,Delivered,,COD,Returning
FD001385,2026-06-23,Urban Tadka,Biryani,Lajpat Nagar,16.2,29,Medium,72,578.64,70.45,Delivered,4,COD,Returning
FD001386,2026-07-24,Healthy Bites,Fast Food,Rajouri Garden,4.2,21,Medium,43,650.82,39.0,Delivered,1,Card,Returning
FD001387,2025-04-14,Tandoori Tales,Chinese,Nehru Place,10.7,14,High,54,1491.05,48.54,Delivered,3,UPI,New
FD001388,2026-06-26,Spice Route,South Indian,Mayur Vihar,17.7,9,Medium,42,767.01,82.26,Delivered,5,COD,New
FD001389,2025-07-25,Noodle Street,Pizza,Saket,17.2,20,High,62,1336.92,71.84,Delivered,3,Card,New
FD001390,2025-08-16,Tandoori Tales,Fast Food,Mayur Vihar,13.4,12,High,52,1613.17,64.82,Cancelled,,UPI,New
FD001391,2026-08-13,Delhi Zaika,Pizza,Rohini,12.1,35,High,80,311.2,62.63,Delivered,2,Card,New
FD001392,2026-07-01,Tandoori Tales,North Indian,Mayur Vihar,13.1,17,Medium,46,182.93,67.54,Delivered,4,Wallet,New
FD001393,2025-12-03,Biryani Hub,North Indian,Dwarka,14.3,10,Low,38,645.81,68.35,Delivered,,COD,Returning
FD001394,2026-06-10,Urban Tadka,Fast Food,Nehru Place,13.6,29,High,66,939.56,64.87,Delivered,1,COD,Returning
FD001395,2025-07-02,South Bowl,Healthy,Nehru Place,17.8,8,Medium,54,1076.36,72.05,Delivered,1,COD,Returning
FD001396,2026-03-23,Urban Tadka,Biryani,Gurugram Cyber City,8.6,26,High,55,741.18,43.84,Delivered,2,Card,New
FD001397,2025-12-27,Biryani Hub,Healthy,Dwarka,4.9,9,High,38,1641.79,30.3,Delivered,,Wallet,New
FD001398,2025-07-02,Healthy Bites,Chinese,Saket,2.1,13,High,25,1198.86,30.35,Delivered,2,Wallet,New
FD001399,2025-11-14,Urban Tadka,Desserts,Saket,12.8,14,Medium,41,720.38,61.85,Delivered,2,Card,New
FD001400,2025-08-06,Curry House,Pizza,Rohini,2.6,16,High,37,489.45,30.72,Delivered,,Wallet,Returning
FD001401,2026-05-31,Biryani Hub,Healthy,Nehru Place,11.4,22,Medium,54,407.19,53.12,Delivered,3,Wallet,New
FD001402,2025-08-30,Burger Yard,Desserts,Dwarka,10.2,24,High,60,900.71,52.82,Delivered,5,Card,New
FD001403,2025-05-02,Cafe Metro,South Indian,Lajpat Nagar,12.0,11,High,46,1612.46,57.57,Delivered,4,UPI,New
FD001404,2026-03-21,Noodle Street,Biryani,Dwarka,1.2,25,Medium,40,792.32,29.36,Delivered,,Card,Returning
FD001405,2025-12-31,Tandoori Tales,Desserts,Mayur Vihar,17.3,33,Low,62,700.7,77.7,Delivered,5,Card,Returning
FD001406,2026-02-21,Pizza Corner,Healthy,Rajouri Garden,6.9,21,High,50,1486.13,40.93,Delivered,5,COD,New
FD001407,2025-02-18,Urban Tadka,Chinese,Connaught Place,12.9,17,High,61,1721.3,58.73,Delivered,,UPI,Returning
FD001408,2026-06-15,Healthy Bites,Chinese,Connaught Place,10.1,21,High,58,651.26,55.37,Delivered,3,COD,Returning
FD001409,2026-06-12,Cafe Metro,Chinese,Rajouri Garden,8.8,24,Low,40,588.4,43.36,Delivered,,Card,New
FD001410,2025-12-02,South Bowl,Biryani,Rajouri Garden,4.2,19,High,47,1718.26,39.79,Delivered,,Card,Returning
FD001411,2025-12-08,Biryani Hub,Fast Food,Lajpat Nagar,13.7,9,High,48,243.68,70.18,Delivered,2,COD,New
FD001412,2026-06-26,Burger Yard,Fast Food,Rohini,2.3,12,Medium,30,307.97,29.76,Delivered,,Card,Returning
FD001413,2025-03-01,Biryani Hub,Pizza,Noida Sec 62,9.2,27,Low,46,1293.43,47.34,Delivered,4,COD,Returning
FD001414,2025-08-22,Noodle Street,Chinese,Rohini,10.6,17,Medium,44,1521.47,53.13,Delivered,3,Wallet,Returning
FD001415,2025-10-12,Spice Route,Healthy,Saket,15.9,26,High,71,162.73,65.83,Refunded,,Card,Returning
FD001416,2025-12-31,Noodle Street,South Indian,Rajouri Garden,2.3,32,High,55,1622.14,27.05,Delivered,5,COD,New
FD001417,2025-05-04,Healthy Bites,Chinese,Lajpat Nagar,8.6,31,Low,44,1670.55,45.25,Delivered,3,COD,Returning
FD001418,2026-02-05,Curry House,Desserts,Lajpat Nagar,15.1,16,Low,39,1651.12,64.14,Delivered,4,UPI,New
FD001419,2025-01-26,Tandoori Tales,Desserts,Lajpat Nagar,3.0,32,High,54,1612.18,24.76,Delivered,,Card,New
FD001420,2026-03-26,Delhi Zaika,South Indian,Rohini,13.3,20,Low,44,876.49,60.25,Delivered,5,UPI,Returning
FD001421,2025-05-23,South Bowl,Healthy,Saket,5.3,26,High,48,994.14,34.39,Delivered,5,COD,Returning
FD001422,2025-08-03,Curry House,Healthy,Rohini,11.1,27,High,62,1448.15,56.1,Delivered,4,UPI,New
FD001423,2025-09-09,Burger Yard,Pizza,Gurugram Cyber City,14.7,19,High,61,1228.76,71.29,Delivered,2,COD,New
FD001424,2025-02-27,Biryani Hub,South Indian,Rohini,7.2,30,Low,39,1299.57,38.19,Delivered,1,COD,New
FD001425,2025-06-11,Healthy Bites,South Indian,Dwarka,8.4,18,Medium,40,756.35,51.27,Delivered,3,UPI,Returning
FD001426,2025-06-17,Urban Tadka,Healthy,Noida Sec 62,11.5,9,Medium,37,746.79,59.03,Delivered,,Wallet,Returning
FD001427,2026-07-19,Cafe Metro,Chinese,Gurugram Cyber City,2.0,15,High,37,1254.8,32.1,Delivered,1,Wallet,Returning
FD001428,2026-05-16,Biryani Hub,Pizza,Noida Sec 62,9.2,23,High,62,921.46,52.04,Delivered,1,Wallet,New
FD001429,2025-08-12,Healthy Bites,Healthy,Dwarka,12.2,33,High,71,569.91,63.92,Delivered,5,Card,New
FD001430,2025-04-03,Delhi Zaika,Biryani,Mayur Vihar,17.2,28,Medium,82,507.2,74.26,Delivered,,Card,Returning
FD001431,2026-04-07,Spice Route,South Indian,Lajpat Nagar,4.6,26,High,45,420.23,29.96,Delivered,2,Wallet,New
FD001432,2025-08-20,Healthy Bites,Biryani,Dwarka,0.9,25,Medium,25,512.56,21.53,Delivered,4,UPI,New
FD001433,2026-01-12,Healthy Bites,South Indian,Rajouri Garden,16.4,33,Low,61,606.63,79.09,Delivered,2,UPI,New
FD001434,2025-11-30,Tandoori Tales,Healthy,Connaught Place,3.3,9,High,31,565.28,39.19,Delivered,3,COD,New
FD001435,2025-03-29,Biryani Hub,South Indian,Noida Sec 62,4.2,31,Medium,52,1761.02,38.69,Delivered,,Wallet,Returning
FD001436,2026-01-26,Burger Yard,Biryani,Saket,1.0,34,High,54,1317.08,27.96,Delivered,4,UPI,Returning
FD001437,2025-05-20,Noodle Street,North Indian,Mayur Vihar,14.0,32,High,76,1100.38,62.3,Delivered,4,UPI,New
FD001438,2026-04-05,Biryani Hub,Desserts,Rohini,1.9,22,High,34,761.71,27.6,Delivered,3,Wallet,Returning
FD001439,2025-07-05,Noodle Street,Desserts,Mayur Vihar,16.4,12,Medium,54,935.87,75.49,Delivered,1,UPI,Returning
FD001440,2025-12-01,Pizza Corner,North Indian,Gurugram Cyber City,11.0,27,High,59,1697.23,57.13,Delivered,2,COD,Returning
FD001441,2025-08-07,Pizza Corner,North Indian,Lajpat Nagar,4.6,10,High,33,521.08,42.13,Refunded,,UPI,Returning
FD001442,2025-03-07,South Bowl,Fast Food,Nehru Place,15.1,35,Low,65,1175.8,74.36,Delivered,5,COD,Returning
FD001443,2025-11-07,Curry House,Pizza,Dwarka,15.3,27,Low,55,729.17,66.64,Delivered,2,UPI,New
FD001444,2026-04-25,Urban Tadka,South Indian,Dwarka,6.0,21,Medium,41,866.5,41.64,Delivered,1,Wallet,New
FD001445,2026-03-26,Noodle Street,Biryani,Noida Sec 62,14.4,21,Medium,54,675.38,58.67,Delivered,,Wallet,New
FD001446,2025-01-07,Biryani Hub,North Indian,Lajpat Nagar,5.1,19,High,50,654.75,31.87,Delivered,5,Card,New
FD001447,2025-02-19,Tandoori Tales,Chinese,Mayur Vihar,15.2,8,Medium,54,880.85,67.26,Delivered,,COD,New
FD001448,2026-03-23,Spice Route,Healthy,Mayur Vihar,9.9,9,High,40,784.61,59.41,Delivered,2,COD,New
FD001449,2025-08-08,Delhi Zaika,North Indian,Rajouri Garden,9.7,22,High,59,569.33,49.67,Delivered,,Card,New
FD001450,2025-08-01,Healthy Bites,Biryani,Gurugram Cyber City,8.1,32,Medium,56,1184.89,40.05,Delivered,3,Card,Returning
FD001451,2025-07-20,Healthy Bites,Chinese,Nehru Place,16.1,15,High,49,951.04,65.12,Delivered,,Card,New
FD001452,2025-12-10,Healthy Bites,North Indian, Rajouri Garden,10.9,13,High,40,903.85,48.15,Delivered,4,Card,Returning
FD001453,2026-08-02,Urban Tadka,Biryani,Connaught Place,8.5,28,High,68,1132.1,49.57,Delivered,2,UPI,Returning
FD001454,2025-02-27,Urban Tadka,Fast Food,Gurugram Cyber City,7.6,19,Medium,38,815.74,39.43,Delivered,,COD,Returning
FD001455,2026-03-07,Curry House,Biryani,Noida Sec 62,12.8,34,Medium,65,1679.26,61.34,Delivered,2,COD,Returning
FD001456,2026-03-09,South Bowl,North Indian,Dwarka,7.9,25,Low,35,1349.61,52.77,Delivered,5,Card,Returning
FD001457,2025-12-08,Urban Tadka,Chinese,Noida Sec 62,2.0,14,Medium,14,1566.53,29.34,Delivered,2,Wallet,New
FD001458,2026-01-22,South Bowl,Fast Food,Rohini,2.8,12,Medium,23,1511.58,36.11,Delivered,2,COD,New
FD001459,2025-08-22,Spice Route,Fast Food,Mayur Vihar,5.9,25,High,49,974.12,36.07,Delivered,4,Wallet,New
FD001460,2026-01-10,Tandoori Tales,Healthy,Saket,16.3,24,Medium,50,721.94,78.22,Delivered,5,Wallet,Returning
FD001461,2026-07-06,Delhi Zaika,South Indian,Saket,9.0,33,Low,49,1710.93,42.85,Delivered,5,UPI,Returning
FD001462,2025-06-08,Healthy Bites,Chinese,Rajouri Garden,15.8,21,High,62,1266.57,71.83,Delivered,4,Wallet,New
FD001463,2025-12-08,Burger Yard,Pizza,Saket,15.3,19,High,59,551.46,73.75,Delivered,4,Wallet,Returning
FD001464,2025-10-19,Healthy Bites,Desserts,Saket,10.6,9,Low,29,1649.34,59.17,Delivered,,Card,New
FD001465,2025-10-04,Biryani Hub,North Indian,Rohini,16.8,33,High,80,955.47,73.75,Delivered,2,UPI,Returning
FD001466,2025-08-27,Urban Tadka,South Indian,Mayur Vihar,14.9,12,High,48,175.81,73.44,Delivered,2,COD,New
FD001467,2026-04-11,Noodle Street,Fast Food,Rohini,11.0,27,High,57,1790.03,57.06,Delivered,3,COD,Returning
FD001468,2026-05-21,Cafe Metro,Pizza,Dwarka,16.0,28,High,76,663.1,67.5,Delivered,1,Card,Returning
FD001469,2025-09-24,Cafe Metro,Fast Food,Noida Sec 62,7.0,26,High,58,1412.15,42.2,Delivered,,Wallet,New
FD001470,2026-04-02,Burger Yard,Desserts,Nehru Place,12.3,29,Medium,55,798.0,60.06,Cancelled,,Card,Returning
FD001471,2025-11-10,Noodle Street,Desserts,Noida Sec 62,13.9,26,Medium,57,1557.29,66.79,Delivered,,UPI,Returning
FD001472,2025-03-27,Pizza Corner,Chinese,Connaught Place,17.1,33,High,82,1256.03,72.86,Delivered,5,Card,Returning
FD001473,2025-03-13,Healthy Bites,Healthy,Rohini,15.6,34,High,80,1668.04,70.19,Delivered,4,Card,New
FD001474,2025-05-02,Tandoori Tales,North Indian,Lajpat Nagar,14.3,32,Medium,65,1799.15,62.63,Delivered,2,UPI,New
FD001475,2025-10-31,Curry House,Pizza,Rohini,13.6,24,High,64,1460.59,69.72,Delivered,5,Card,Returning
FD001476,2026-07-12,Burger Yard,North Indian,Dwarka,2.5,35,High,55,1131.14,22.85,Refunded,,COD,New
FD001477,2026-06-20,Urban Tadka,South Indian,Noida Sec 62,1.5,25,High,43,854.82,32.4,Refunded,,COD,New
FD001478,2025-09-28,Cafe Metro,North Indian,Dwarka,15.7,28,Low,61,873.95,63.75,Delivered,2,UPI,Returning
FD001479,2025-11-20,Spice Route,Desserts,Connaught Place,7.8,23,Low,37,371.94,52.07,Delivered,,Card,Returning
FD001480,2026-06-17,Curry House,Healthy,Lajpat Nagar,7.0,35,High,61,1458.38,37.73,Cancelled,,Card,Returning
FD001481,2026-05-22,South Bowl,Chinese,Connaught Place,3.7,24,Low,21,151.18,39.56,Delivered,2,Wallet,Returning
FD001482,2026-06-18,Burger Yard,Desserts,Gurugram Cyber City,17.2,29,Low,49,1540.13,78.75,Delivered,5,Card,Returning
FD001483,2026-07-10,Noodle Street,Pizza,Mayur Vihar,11.3,14,Low,34,308.29,61.7,Delivered,5,Wallet,New
FD001484,2025-03-27,Healthy Bites,Biryani,Noida Sec 62,1.0,14,Low,19,1384.75,32.46,Delivered,1,Wallet,Returning
FD001485,2026-03-29,Cafe Metro,Biryani,Connaught Place,2.8,34,Low,31,1276.73,30.99,Delivered,2,COD,Returning
FD001486,2025-08-27,Pizza Corner,Fast Food,Rajouri Garden,15.7,27,High,71,1030.01,74.13,Delivered,2,Wallet,Returning
FD001487,2025-02-20,Spice Route,Chinese,Lajpat Nagar,12.3,9,High,45,991.6,65.81,Delivered,1,UPI,Returning
FD001488,2025-01-06,Cafe Metro,Desserts,Connaught Place,8.6,28,High,56,444.11,42.89,Delivered,1,Wallet,Returning
FD001489,2025-10-06,Delhi Zaika,North Indian,Connaught Place,17.3,8,High,53,733.73,76.44,Delivered,,UPI,Returning
FD001490,2026-05-02,Biryani Hub,Pizza,Rajouri Garden,11.9,28,Low,56,958.47,51.48,Delivered,3,COD,New
FD001491,2025-01-02,Urban Tadka,North Indian,Dwarka,5.1,17,High,50,212.82,35.86,Delivered,4,Wallet,Returning
FD001492,2026-05-21,Burger Yard,South Indian,Rajouri Garden,5.3,26,High,51,412.5,34.64,Delivered,5,COD,New
FD001493,2025-09-07,Burger Yard,Desserts,Lajpat Nagar,4.4,34,Medium,48,1106.62,40.41,Delivered,,COD,Returning
FD001494,2025-01-31,Urban Tadka,Biryani,Rajouri Garden,13.2,22,Medium,62,802.09,57.34,Delivered,,Card,Returning
FD001495,2026-04-13,Noodle Street,Biryani,Gurugram Cyber City,16.4,8,High,48,1610.89,79.13,Delivered,4,COD,Returning
FD001496,2026-08-25,Healthy Bites,South Indian,Noida Sec 62,9.3,24,High,52,140.84,46.31,Delivered,2,UPI,Returning
FD001497,2025-10-23,Healthy Bites,Pizza,Nehru Place,8.3,10,High,52,697.17,45.31,Delivered,3,Wallet,New
FD001498,2026-04-26,Biryani Hub,South Indian,Mayur Vihar,16.3,16,High,61,665.49,76.2,Delivered,5,Card,Returning
FD001499,2025-05-25,Curry House,Desserts,Mayur Vihar,13.1,33,Low,61,705.93,57.66,Delivered,4,Wallet,Returning
FD001500,2026-08-09,Curry House,Fast Food,Rohini,11.4,25,High,56,330.55,56.67,Delivered,3,COD,New
FD001501,2025-11-29,Biryani Hub,Fast Food,Connaught Place,6.9,22,High,48,412.42,48.99,Delivered,2,Wallet,New
FD001502,2025-04-02,Spice Route,Chinese,Nehru Place,7.0,19,Low,35,1359.67,40.35,Delivered,1,Wallet,Returning
FD001503,2025-10-20,Noodle Street,Pizza,Rohini,8.8,32,High,59,368.0,42.23,Delivered,4,UPI,New
FD001504,2025-08-22,Tandoori Tales,Pizza,Noida Sec 62,3.8,8,High,27,1638.01,28.41,Delivered,,Card,Returning
FD001505,2026-08-26,Pizza Corner,Desserts,Dwarka,6.8,34,Low,45,1422.96,44.56,Delivered,1,Card,New
FD001506,2025-11-17,Healthy Bites,Healthy,Noida Sec 62,6.5,15,High,43,1532.92,40.62,Delivered,2,COD,Returning
FD001507,2026-06-06,Noodle Street,Desserts,Gurugram Cyber City,11.1,26,Medium,55,1757.94,58.72,Delivered,5,Card,New
FD001508,2025-06-27,South Bowl,Healthy,Rajouri Garden,1.5,22,Medium,30,1732.54,28.77,Delivered,3,UPI,New
FD001509,2025-10-14,Tandoori Tales,Pizza,Mayur Vihar,8.2,34,Low,52,520.61,50.35,Delivered,2,Wallet,Returning
FD001510,2025-05-23,Pizza Corner,Chinese,Rajouri Garden,7.3,27,High,59,1004.65,43.97,Delivered,3,COD,Returning
FD001511,2025-01-24,Urban Tadka,Healthy,Nehru Place,13.4,15,High,52,1160.36,69.42,Delivered,5,COD,Returning
FD001512,2026-03-18,Tandoori Tales,Biryani,Gurugram Cyber City,16.2,24,Medium,64,468.68,72.22,Delivered,3,UPI,New
FD001513,2025-10-27,Curry House,Healthy,Lajpat Nagar,3.9,12,Medium,30,1700.36,32.35,Delivered,1,Wallet,Returning
FD001514,2025-02-16,Biryani Hub,North Indian,Connaught Place,17.5,12,Low,54,218.9,78.24,Refunded,,Wallet,Returning
FD001515,2026-02-02,Urban Tadka,South Indian,Dwarka,14.2,24,Low,42,1006.13,67.61,Delivered,2,COD,Returning
FD001516,2025-01-23,South Bowl,Desserts,Rajouri Garden,7.3,34,High,60,912.2,45.08,Delivered,5,Wallet,New
FD001517,2026-08-26,Delhi Zaika,Pizza,Dwarka,6.2,27,High,59,1579.93,36.07,Delivered,4,COD,Returning
FD001518,2026-03-25,Pizza Corner,Healthy,Connaught Place,12.8,22,High,65,785.87,60.29,Cancelled,,UPI,New
FD001519,2025-02-18,Tandoori Tales,Pizza,Lajpat Nagar,17.1,32,High,79,564.41,71.64,Delivered,5,COD,Returning
FD001520,2026-04-22,Cafe Metro,Healthy,Mayur Vihar,4.7,14,High,39,1254.94,40.27,Delivered,3,UPI,Returning
FD001521,2025-12-22,South Bowl,North Indian,Saket,4.0,30,Low,32,652.95,41.61,Delivered,1,Card,Returning
FD001522,2026-01-17,Pizza Corner,Chinese,Mayur Vihar,12.8,30,Low,57,1208.61,59.78,Delivered,5,Wallet,Returning
FD001523,2026-07-22,Burger Yard,Pizza,Mayur Vihar,17.2,10,High,60,1552.4,79.46,Delivered,2,Wallet,Returning
FD001524,2025-10-10,South Bowl,Fast Food,Rajouri Garden,5.5,15,Medium,38,781.92,34.23,Delivered,2,COD,Returning
FD001525,2026-01-31,Noodle Street,Healthy,Mayur Vihar,3.2,17,High,38,793.57,28.45,Delivered,4,COD,Returning
FD001526,2025-05-30,Pizza Corner,South Indian,Gurugram Cyber City,11.9,20,Medium,41,1453.66,61.54,Delivered,,COD,Returning
FD001527,2025-03-01,Delhi Zaika,North Indian,Mayur Vihar,11.7,8,Medium,31,454.64,52.86,Cancelled,,Wallet,New
FD001528,2025-04-18,Curry House,Desserts,Connaught Place,15.7,17,Medium,55,270.66,72.61,Delivered,4,COD,New
FD001529,2026-01-15,Delhi Zaika,Fast Food,Gurugram Cyber City,6.7,34,Low,51,1161.76,39.27,Delivered,2,Wallet,New
FD001530,2026-01-14,Biryani Hub,Fast Food,Saket,10.1,13,Medium,37,171.02,59.31,Delivered,3,COD,New
FD001531,2025-12-03,Spice Route,Chinese,Rohini,15.4,33,High,74,1574.29,72.78,Delivered,4,COD,New
FD001532,2025-09-13,Noodle Street,South Indian,Noida Sec 62,12.4,26,Medium,49,885.46,55.03,Delivered,1,Card,Returning
FD001533,2026-08-29,South Bowl,North Indian,Rohini,14.3,12,Low,37,1449.33,65.6,Refunded,,Wallet,New
FD001534,2025-02-21,Cafe Metro,Pizza,Rajouri Garden,12.0,23,Low,46,470.95,57.09,Delivered,5,UPI,New
FD001535,2026-07-02,Cafe Metro,Fast Food,Saket,5.3,21,Medium,38,931.62,42.25,Delivered,4,UPI,New
FD001536,2026-02-16,Spice Route,Desserts,Rohini,8.2,32,Low,44,1351.73,41.22,Delivered,5,Wallet,Returning
FD001537,2025-01-18,Healthy Bites,Chinese,Connaught Place,17.9,13,Medium,53,1184.77,76.99,Delivered,5,Card,New
FD001538,2025-11-10,Pizza Corner,Healthy,Noida Sec 62,14.7,9,Low,38,806.37,70.67,Delivered,1,COD,Returning
FD001539,2026-08-08,Noodle Street,Desserts,Gurugram Cyber City,7.1,27,Medium,47,887.11,39.05,Delivered,2,Wallet,Returning
FD001540,2026-05-31,Biryani Hub,Pizza,Lajpat Nagar,8.5,15,High,40,1081.87,45.15,Delivered,,COD,Returning
FD001541,2026-04-22,Pizza Corner,Biryani,Mayur Vihar,8.9,24,Low,47,817.62,43.75,Delivered,2,Wallet,Returning
FD001542,2025-02-22,Delhi Zaika,Healthy,Rohini,7.8,21,Low,34,1120.4,44.12,Delivered,1,COD,New
FD001543,2026-05-07,Spice Route,Desserts,Dwarka,14.3,29,High,69,1776.48,71.47,Delivered,4,Wallet,Returning
FD001544,2025-11-15,Urban Tadka,South Indian,Rajouri Garden,11.5,30,Low,48,961.71,55.37,Delivered,2,COD,New
FD001545,2025-04-08,Biryani Hub,Chinese,Connaught Place,5.1,20,High,36,869.39,44.71,Delivered,4,Wallet,Returning
FD001546,2026-08-22,South Bowl,North Indian,Rohini,2.8,16,Medium,35,1075.19,25.01,Delivered,1,Wallet,New
FD001547,2025-05-21,Healthy Bites,Fast Food,Gurugram Cyber City,7.1,16,Low,41,1341.36,37.03,Delivered,,COD,Returning
FD001548,2025-04-21,South Bowl,Desserts,Mayur Vihar,11.1,12,High,51,1164.11,53.25,Delivered,5,UPI,New
FD001549,2025-10-30,Biryani Hub,Pizza,Mayur Vihar,1.0,9,High,25,1006.42,26.23,Delivered,5,UPI,Returning
FD001550,2026-08-02,Delhi Zaika,South Indian,Nehru Place,4.7,19,High,48,271.74,41.4,Delivered,4,Card,New
FD001551,2025-11-06,Urban Tadka,Chinese,Dwarka,13.4,21,High,60,671.36,68.57,Delivered,,COD,New
FD001552,2025-06-05,Delhi Zaika,Desserts,Noida Sec 62,9.2,29,Low,42,1515.32,52.76,Delivered,4,Card,New
FD001553,2025-11-01,Tandoori Tales,Pizza,Mayur Vihar,11.3,18,Low,33,1536.71,59.33,Delivered,4,Wallet,Returning
FD001554,2025-10-26,Tandoori Tales,Desserts,Rajouri Garden,7.1,15,Medium,37,313.49,36.86,Delivered,,Card,New
FD001555,2025-07-25,Pizza Corner,Healthy,Mayur Vihar,2.0,18,Medium,21,718.19,26.85,Delivered,4,COD,Returning
FD001556,2026-02-26,Delhi Zaika,Desserts,Nehru Place,8.7,31,High,56,518.23,44.52,Delivered,,Wallet,Returning
FD001557,2025-02-08,Pizza Corner,Pizza,Lajpat Nagar,4.6,32,High,60,1729.64,29.24,Delivered,3,Wallet,New
FD001558,2026-05-04,Curry House,Fast Food,Nehru Place,11.9,27,High,78,814.77,55.06,Refunded,,Wallet,New
FD001559,2026-06-22,Delhi Zaika,Pizza,Rohini,9.8,24,High,60,884.57,55.28,Delivered,,UPI,Returning
FD001560,2025-03-12,Pizza Corner,North Indian,Gurugram Cyber City,10.4,35,Low,55,1401.86,53.41,Delivered,,COD,Returning
FD001561,2025-10-31,Healthy Bites,Desserts,Mayur Vihar,10.4,16,Medium,37,1434.52,61.17,Delivered,5,COD,New
FD001562,2025-12-06,Urban Tadka,Biryani,Nehru Place,3.8,25,High,54,682.3,33.93,Delivered,4,UPI,Returning
FD001563,2026-02-19,Healthy Bites,South Indian,Dwarka,16.0,22,High,70,1780.22,76.64,Delivered,3,UPI,New
FD001564,2026-06-29,Pizza Corner,Biryani,Noida Sec 62,4.2,12,High,42,1058.65,28.99,Delivered,5,Card,Returning
FD001565,2026-01-17,Spice Route,Desserts,Lajpat Nagar,15.9,20,High,64,150.92,71.32,Cancelled,,COD,New
FD001566,2025-11-21,Tandoori Tales,Fast Food,Saket,13.2,17,High,58,1007.39,63.78,Delivered,1,UPI,New
FD001567,2025-06-11,Curry House,Biryani,Connaught Place,6.6,18,Medium,40,415.84,43.85,Delivered,1,Card,New
FD001568,2025-10-17,South Bowl,Biryani,Connaught Place,0.8,11,Medium,13,555.12,19.44,Delivered,,UPI,Returning
FD001569,2025-10-11,Delhi Zaika,Healthy,Saket,10.5,19,Low,35,438.0,47.26,Delivered,3,Card,Returning
FD001570,2026-06-05,South Bowl,Fast Food,Rajouri Garden,7.6,23,High,48,576.82,38.39,Delivered,5,COD,New
FD001571,2025-06-23,Cafe Metro,Fast Food,Mayur Vihar,4.2,26,Medium,43,753.03,34.78,Delivered,2,Wallet,New
FD001572,2025-02-16,Burger Yard,South Indian,Noida Sec 62,2.4,28,High,50,1575.6,29.04,Delivered,5,COD,Returning
FD001573,2026-02-09,Healthy Bites,Biryani,Noida Sec 62,8.4,21,Low,38,1273.34,51.09,Delivered,2,UPI,New
FD001574,2025-01-08,Delhi Zaika,Healthy,Connaught Place,9.1,11,High,47,642.02,48.35,Delivered,2,UPI,New
FD001575,2026-02-08,Noodle Street,Pizza,Lajpat Nagar,9.8,31,Medium,61,141.99,49.44,Delivered,3,Card,Returning
FD001576,2025-02-19,Curry House,Desserts,Rajouri Garden,2.9,31,Low,42,1347.81,36.6,Delivered,1,COD,Returning
FD001577,2025-03-10,Urban Tadka,Biryani,Noida Sec 62,11.5,17,Medium,43,1351.42,59.44,Delivered,5,Wallet,Returning
FD001578,2026-04-20,Noodle Street,Chinese,Noida Sec 62,16.3,10,Low,43,549.12,77.57,Delivered,2,UPI,Returning
FD001579,2025-06-18,Noodle Street,South Indian,Connaught Place,1.2,26,Low,19,427.89,30.77,Delivered,1,Card,Returning
FD001580,2025-03-08,Healthy Bites,Desserts,Lajpat Nagar,12.6,9,Low,34,1604.09,58.5,Delivered,,COD,Returning
FD001581,2025-05-02,Delhi Zaika,Fast Food,Rajouri Garden,14.4,29,High,76,706.94,61.38,Delivered,,Card,New
FD001582,2025-09-25,Delhi Zaika,Chinese,Noida Sec 62,15.4,8,Low,38,255.98,68.8,Refunded,,UPI,Returning
FD001583,2025-07-14,Urban Tadka,Biryani,Noida Sec 62,17.2,18,High,63,1198.11,69.55,Delivered,4,UPI,Returning
FD001584,2026-06-10,Healthy Bites,Fast Food,Rajouri Garden,8.5,28,High,59,902.38,41.27,Delivered,1,COD,New
FD001585,2026-08-11,Biryani Hub,Healthy,Mayur Vihar,13.4,20,High,58,888.62,56.86,Delivered,,COD,New
FD001586,2025-03-06,Cafe Metro,Healthy,Rajouri Garden,15.4,27,High,70,233.48,66.82,Delivered,1,Wallet,Returning
FD001587,2025-03-15,Pizza Corner,Biryani,Dwarka,12.4,20,High,53,1749.71,65.69,Delivered,3,COD,New
FD001588,2025-06-03,Curry House,Chinese,Mayur Vihar,12.3,24,High,57,301.0,53.77,Delivered,1,COD,New
FD001589,2025-03-09,Biryani Hub,Pizza,Lajpat Nagar,8.1,13,Low,30,560.59,49.32,Delivered,2,COD,New
FD001590,2026-05-13,Burger Yard,Healthy,Dwarka,2.0,31,High,52,278.07,35.75,Cancelled,,UPI,Returning
FD001591,2026-08-02,Noodle Street,Fast Food,Dwarka,15.8,11,High,47,1446.34,68.5,Delivered,5,COD,Returning
FD001592,2026-06-02,Burger Yard,Desserts,Connaught Place,3.4,20,High,39,1128.19,27.49,Delivered,2,Card,New
FD001593,2026-03-12,Urban Tadka,South Indian,Gurugram Cyber City,2.8,18,Medium,28,1112.95,24.94,Delivered,4,Wallet,New
FD001594,2025-09-10,Spice Route,Biryani,Mayur Vihar,5.9,11,High,45,266.3,42.96,Delivered,3,Card,Returning
FD001595,2026-04-20,Urban Tadka,Healthy,Noida Sec 62,17.3,32,Medium,74,123.94,71.12,Delivered,2,Wallet,Returning
FD001596,2025-12-03,Burger Yard,Fast Food,Dwarka,1.1,35,Low,39,1772.84,29.7,Delivered,3,UPI,New
FD001597,2025-09-17,Pizza Corner,Chinese,Noida Sec 62,17.2,34,High,78,1475.23,67.85,Refunded,,Wallet,Returning
FD001598,2026-05-25,Pizza Corner,South Indian,Noida Sec 62,14.0,35,Medium,75,1176.03,71.2,Delivered,4,Card,Returning
FD001599,2026-07-05,Spice Route,Chinese,Rajouri Garden,4.5,12,Low,24,1111.09,39.31,Delivered,5,COD,Returning
FD001600,2026-01-02,Cafe Metro,Desserts,Nehru Place,11.7,29,Medium,60,1203.34,54.17,Delivered,4,UPI,Returning
FD001601,2025-04-22,Cafe Metro,Pizza,Noida Sec 62,15.5,31,Medium,59,760.28,65.1,Delivered,,UPI,New
FD001602,2025-03-02,Spice Route,Chinese,Gurugram Cyber City,2.0,24,Low,31,1009.74,35.2,Delivered,1,Card,Returning
FD001603,2026-07-07,Urban Tadka,North Indian,Rajouri Garden,17.4,21,Low,56,943.02,68.88,Delivered,5,UPI,New
FD001604,2025-09-25,Spice Route,Healthy,Nehru Place,14.1,32,High,76,1748.67,65.52,Delivered,4,UPI,Returning
FD001605,2025-04-18,Curry House,Desserts,Connaught Place,2.4,20,High,42,316.36,26.87,Delivered,3,UPI,New
FD001606,2026-08-24,Pizza Corner,Healthy,Gurugram Cyber City,4.7,22,High,51,1572.63,35.51,Delivered,4,COD,New
FD001607,2025-11-24,Curry House,North Indian,Connaught Place,13.7,12,Medium,37,554.05,56.87,Delivered,3,UPI,New
FD001608,2025-11-17,Cafe Metro,Healthy,Nehru Place,13.4,12,High,45,1085.61,59.08,Delivered,,COD,Returning
FD001609,2026-02-12,Biryani Hub,Biryani,Lajpat Nagar,3.5,19,Medium,27,270.07,34.56,Delivered,5,COD,New
FD001610,2025-08-20,Burger Yard,Desserts,Rohini,13.7,24,Medium,69,278.52,70.44,Delivered,5,COD,New
FD001611,2026-07-02,South Bowl,South Indian,Rohini,15.6,10,Medium,37,554.39,75.65,Delivered,3,Wallet,Returning
FD001612,2025-10-23,Curry House,Chinese,Dwarka,1.7,30,High,52,1574.62,27.71,Delivered,2,UPI,New
FD001613,2025-03-30,Healthy Bites,Biryani,Rajouri Garden,12.2,26,Low,41,1103.2,53.82,Delivered,3,UPI,New
FD001614,2026-06-30,Tandoori Tales,North Indian,Connaught Place,6.8,24,Medium,45,666.7,49.37,Delivered,,Card,New
FD001615,2025-08-21,Burger Yard,Chinese,Connaught Place,4.5,18,High,54,467.62,40.39,Delivered,3,Wallet,Returning
FD001616,2025-11-29,Burger Yard,Pizza,Mayur Vihar,17.1,33,High,78,776.66,68.15,Delivered,1,Wallet,Returning
FD001617,2026-08-08,Cafe Metro,Biryani,Rajouri Garden,17.4,29,High,69,175.32,74.44,Delivered,1,COD,New
FD001618,2025-12-02,Urban Tadka,Fast Food,Dwarka,9.8,25,High,54,817.95,54.98,Delivered,2,Wallet,New
FD001619,2025-03-02,Urban Tadka,Pizza,Nehru Place,15.2,35,Low,59,808.25,70.8,Delivered,5,UPI,New
FD001620,2025-02-25,Spice Route,South Indian,Connaught Place,10.4,31,Medium,68,645.24,46.72,Delivered,1,Card,Returning
FD001621,2025-04-02,Biryani Hub,Fast Food,Dwarka,2.8,25,Medium,41,1239.27,35.82,Cancelled,,UPI,New
FD001622,2025-10-18,Healthy Bites,Pizza,Gurugram Cyber City,6.8,34,High,58,1328.26,49.33,Delivered,2,UPI,New
FD001623,2026-05-30,Pizza Corner,Biryani,Lajpat Nagar,7.9,35,Medium,57,1621.91,46.28,Delivered,1,COD,Returning
FD001624,2025-12-17,Burger Yard,Fast Food,Rajouri Garden,10.5,17,High,56,772.07,53.51,Delivered,,UPI,Returning
FD001625,2025-01-10,Curry House,Chinese,Rohini,8.4,29,Medium,51,831.67,47.62,Delivered,1,Card,Returning
FD001626,2025-03-04,Tandoori Tales,Desserts,Rajouri Garden,13.8,22,Low,52,309.81,63.5,Delivered,5,Card,New
FD001627,2025-08-12,Burger Yard,Healthy,Rohini,9.6,16,Medium,45,998.14,55.89,Delivered,,Wallet,New
FD001628,2025-08-29,Urban Tadka,Pizza,Lajpat Nagar,13.8,22,Low,47,1091.73,61.55,Delivered,3,Wallet,New
FD001629,2025-05-05,Healthy Bites,Desserts,Mayur Vihar,1.2,24,Low,29,313.48,22.1,Delivered,5,UPI,New
FD001630,2025-02-08,Burger Yard,Healthy,Rajouri Garden,6.4,33,Medium,56,1523.62,38.04,Delivered,3,Wallet,New
FD001631,2025-01-20,Healthy Bites,Desserts,Dwarka,7.6,14,High,45,1235.17,45.4,Delivered,4,Wallet,Returning
FD001632,2025-08-09,Biryani Hub,Fast Food,Gurugram Cyber City,16.5,14,High,53,351.41,73.27,Delivered,3,Card,New
FD001633,2026-06-25,Curry House,North Indian,Rajouri Garden,2.2,10,Medium,25,1691.46,30.99,Delivered,,UPI,New
FD001634,2026-01-17,Noodle Street,Fast Food,Connaught Place,7.7,27,High,61,577.72,49.34,Delivered,,COD,Returning
FD001635,2025-01-26,Healthy Bites,Fast Food,Gurugram Cyber City,12.5,11,High,51,1412.68,57.74,Delivered,,UPI,Returning
FD001636,2025-01-21,Healthy Bites,Desserts,Saket,7.7,29,Low,46,566.35,47.86,Delivered,5,UPI,Returning
FD001637,2026-01-13,South Bowl,Healthy,Noida Sec 62,17.9,16,Medium,46,1308.09,71.3,Delivered,1,COD,Returning
FD001638,2025-08-05,Healthy Bites,Fast Food,Noida Sec 62,16.5,26,Medium,53,1125.8,71.17,Delivered,1,COD,New
FD001639,2025-02-03,Burger Yard,South Indian,Rohini,13.1,34,Low,53,158.3,55.79,Delivered,1,UPI,New
FD001640,2026-05-17,Spice Route,Pizza,Dwarka,4.2,29,High,54,1024.09,32.4,Delivered,5,Card,New
FD001641,2025-11-11,South Bowl,Chinese,Gurugram Cyber City,2.9,22,Medium,29,923.58,32.38,Cancelled,,COD,Returning
FD001642,2025-04-14,Tandoori Tales,Healthy,Lajpat Nagar,5.9,14,Medium,33,164.07,42.73,Delivered,2,COD,Returning
FD001643,2025-09-13,Urban Tadka,Healthy,Mayur Vihar,4.0,22,Medium,37,1287.17,28.35,Delivered,2,COD,New
FD001644,2026-08-31,Cafe Metro,Biryani,Mayur Vihar,16.9,11,Low,35,1346.99,78.82,Delivered,,COD,New
FD001645,2025-10-10,Delhi Zaika,Chinese,Noida Sec 62,4.5,30,High,53,1522.11,28.92,Delivered,5,Card,New
FD001646,2026-03-07,Cafe Metro,South Indian, Nehru Place,4.1,9,High,41,669.45,42.27,Delivered,5,Card,Returning
FD001647,2025-03-29,Cafe Metro,Biryani,Nehru Place,5.7,8,Low,14,818.85,42.77,Delivered,,UPI,New
FD001648,2025-06-13,Noodle Street,Desserts,Noida Sec 62,16.2,20,High,65,302.67,78.46,Delivered,,Wallet,New
FD001649,2025-01-14,South Bowl,Fast Food,Connaught Place,12.0,20,Medium,49,1084.37,52.29,Delivered,4,Wallet,Returning
FD001650,2026-02-22,Delhi Zaika,North Indian,Connaught Place,9.5,10,Low,26,285.58,50.1,Delivered,2,Wallet,New
FD001651,2025-06-29,Tandoori Tales,Biryani,Noida Sec 62,2.2,12,High,26,451.32,27.91,Delivered,3,Wallet,Returning
FD001652,2025-03-03,Curry House,Chinese,Rohini,3.0,10,Medium,18,858.98,31.13,Delivered,4,COD,New
FD001653,2026-03-23,Tandoori Tales,South Indian,Rajouri Garden,0.8,33,Low,39,379.07,28.84,Delivered,,COD,New
FD001654,2025-06-15,Noodle Street,Chinese,Rajouri Garden,2.6,32,High,57,575.74,27.95,Delivered,2,Wallet,Returning
FD001655,2025-04-23,Noodle Street,Pizza,Rajouri Garden,15.6,33,Medium,77,849.03,66.89,Refunded,,UPI,New
FD001656,2025-01-29,Biryani Hub,North Indian,Dwarka,3.1,33,Medium,51,1641.64,31.57,Delivered,,COD,New
FD001657,2025-01-30,Biryani Hub,Biryani,Rohini,18.0,31,Low,64,939.21,69.75,Delivered,,Wallet,Returning
FD001658,2026-05-31,Cafe Metro,Desserts,Connaught Place,14.7,35,High,78,227.67,69.3,Delivered,,Card,New
FD001659,2026-06-19,Urban Tadka,Healthy,Rohini,13.1,23,High,61,1297.27,67.63,Delivered,4,UPI,New
FD001660,2025-06-04,Delhi Zaika,Fast Food,Rajouri Garden,1.8,30,Low,36,619.24,29.03,Delivered,4,Card,Returning
FD001661,2025-01-27,Pizza Corner,South Indian,Mayur Vihar,6.8,17,Low,31,1623.81,40.85,Cancelled,,Card,Returning
FD001662,2025-02-27,Biryani Hub,Biryani,Dwarka,11.5,26,High,70,1772.09,61.46,Refunded,,Card,New
FD001663,2026-07-03,Noodle Street,Desserts,Mayur Vihar,0.9,17,High,42,742.74,28.08,Refunded,,Wallet,New
FD001664,2025-12-19,Spice Route,South Indian,Rohini,13.3,22,Medium,53,1142.46,56.49,Delivered,5,Wallet,New
FD001665,2025-05-05,Urban Tadka,Pizza,Gurugram Cyber City,4.9,35,Medium,47,1653.16,43.07,Delivered,5,COD,Returning
FD001666,2025-01-05,Noodle Street,South Indian,Rajouri Garden,8.3,24,High,59,830.34,49.85,Delivered,1,Wallet,New
FD001667,2025-01-07,Tandoori Tales,Fast Food,Lajpat Nagar,6.6,27,Medium,41,1728.11,45.15,Refunded,,UPI,New
FD001668,2025-09-23,South Bowl,Healthy,Noida Sec 62,5.6,11,High,38,885.17,39.04,Delivered,5,Card,New
FD001669,2025-04-29,Delhi Zaika,Chinese,Rohini,5.7,14,Medium,30,605.09,46.45,Delivered,5,COD,Returning
FD001670,2025-04-21,Burger Yard,North Indian,Rajouri Garden,12.4,15,High,58,814.97,53.12,Delivered,2,Card,Returning
FD001671,2025-03-14,Burger Yard,Desserts,Rohini,1.3,16,High,30,205.47,31.15,Delivered,5,UPI,Returning
FD001672,2026-01-15,Noodle Street,Desserts,Lajpat Nagar,5.9,15,High,46,1559.76,46.29,Delivered,1,Card,Returning
FD001673,2025-10-17,Urban Tadka,South Indian,Noida Sec 62,10.4,18,Low,31,474.81,47.37,Delivered,3,COD,Returning
FD001674,2025-12-22,Healthy Bites,South Indian,Connaught Place,6.8,17,High,38,464.48,41.98,Delivered,5,COD,New
FD001675,2025-11-14,Noodle Street,Biryani,Saket,5.4,17,High,51,1207.83,42.35,Delivered,4,Card,New
FD001676,2025-06-29,Burger Yard,Pizza,Saket,5.5,27,Low,37,236.02,38.79,Delivered,1,COD,Returning
FD001677,2025-07-06,Delhi Zaika,Desserts,Connaught Place,6.9,33,High,52,813.56,44.47,Delivered,3,COD,New
FD001678,2026-02-15,Urban Tadka,Fast Food,Connaught Place,16.7,35,Medium,60,1457.45,71.51,Delivered,,UPI,New
FD001679,2025-11-04,Urban Tadka,Chinese,Rohini,2.3,12,Medium,37,1303.27,25.15,Delivered,4,Card,New
FD001680,2025-12-11,Burger Yard,South Indian,Saket,10.4,23,High,60,1390.14,54.36,Delivered,1,COD,New
FD001681,2026-04-16,Burger Yard,Biryani,Rajouri Garden,12.5,31,High,70,1123.91,52.72,Delivered,,COD,New
FD001682,2025-10-21,Burger Yard,North Indian,Nehru Place,10.4,22,Low,26,1098.75,59.88,Delivered,2,Card,New
FD001683,2025-12-08,Pizza Corner,North Indian,Mayur Vihar,6.7,10,Medium,32,171.13,44.04,Delivered,1,Wallet,Returning
FD001684,2025-02-23,Noodle Street,North Indian,Lajpat Nagar,17.7,28,High,76,347.83,76.12,Delivered,1,Wallet,Returning
FD001685,2026-01-09,Urban Tadka,South Indian,Lajpat Nagar,16.0,28,Low,66,537.2,77.23,Delivered,3,UPI,Returning
FD001686,2025-12-30,Curry House,South Indian,Rohini,8.0,30,Medium,59,754.16,50.18,Delivered,5,Wallet,New
FD001687,2026-08-24,Urban Tadka,North Indian,Rajouri Garden,12.6,9,Low,18,1566.23,57.14,Delivered,3,UPI,Returning
FD001688,2025-08-18,Noodle Street,Chinese,Gurugram Cyber City,14.9,8,Low,38,1567.2,72.71,Delivered,5,COD,Returning
FD001689,2025-03-25,Urban Tadka,Desserts,Dwarka,7.5,15,Low,25,1327.42,39.12,Delivered,1,UPI,New
FD001690,2025-01-01,Biryani Hub,Fast Food,Gurugram Cyber City,8.3,30,High,62,1488.04,53.25,Delivered,2,COD,New
FD001691,2026-06-28,Noodle Street,South Indian,Connaught Place,4.3,29,High,53,1664.13,38.38,Delivered,2,Card,New
FD001692,2025-01-13,South Bowl,Biryani,Connaught Place,6.9,22,Low,37,319.61,35.79,Delivered,2,UPI,New
FD001693,2026-04-06,Delhi Zaika,Fast Food,Gurugram Cyber City,17.5,22,Low,47,1250.07,75.39,Delivered,2,Wallet,Returning
FD001694,2026-06-13,Spice Route,Fast Food,Lajpat Nagar,7.6,17,Low,29,1345.94,49.62,Delivered,5,Card,Returning
FD001695,2025-04-01,Delhi Zaika,Desserts,Connaught Place,15.3,29,Low,63,683.76,72.44,Delivered,2,UPI,Returning
FD001696,2025-09-03,Biryani Hub,Chinese,Mayur Vihar,15.0,18,Medium,53,1528.6,60.19,Delivered,4,COD,Returning
FD001697,2025-08-07,Tandoori Tales,North Indian,Mayur Vihar,14.2,15,Low,35,476.91,65.78,Delivered,,Card,Returning
FD001698,2026-05-16,Noodle Street,Desserts,Nehru Place,14.0,30,Medium,59,1231.76,68.55,Delivered,3,Wallet,Returning
FD001699,2025-06-18,Healthy Bites,Pizza,Saket,16.7,33,Medium,66,619.74,78.73,Delivered,1,UPI,Returning
FD001700,2026-06-17,Delhi Zaika,South Indian,Nehru Place,12.9,34,High,77,982.69,56.9,Delivered,,Card,Returning
FD001701,2026-01-27,Healthy Bites,Fast Food,Rohini,7.4,18,Low,38,636.06,41.33,Delivered,2,Card,New
FD001702,2025-03-27,Noodle Street,North Indian,Noida Sec 62,14.6,28,High,66,977.98,67.86,Delivered,2,COD,Returning
FD001703,2026-03-15,Spice Route,Healthy,Gurugram Cyber City,10.5,22,High,60,1536.48,51.6,Cancelled,,Wallet,New
FD001704,2026-07-13,Noodle Street,North Indian,Saket,5.9,16,High,52,434.45,46.57,Cancelled,,COD,New
FD001705,2026-06-25,Healthy Bites,Fast Food, Dwarka,16.5,8,High,54,1223.91,69.32,Delivered,3,Wallet,New
FD001706,2026-02-18,Noodle Street,South Indian,Saket,8.4,28,Medium,51,280.03,53.38,Delivered,3,Card,Returning
FD001707,2026-07-02,Delhi Zaika,Desserts,Lajpat Nagar,17.2,35,High,88,1218.64,76.85,Delivered,,COD,Returning
FD001708,2026-08-13,Burger Yard,Healthy,Rajouri Garden,2.7,24,High,51,734.59,23.41,Delivered,2,Wallet,New
FD001709,2025-08-01,Tandoori Tales,Chinese,Nehru Place,4.0,21,High,43,1336.53,40.91,Delivered,5,Wallet,Returning
FD001710,2025-12-02,Curry House,South Indian,Rajouri Garden,4.4,23,High,43,1606.16,36.61,Delivered,5,UPI,New
FD001711,2026-04-12,Cafe Metro,Healthy,Rohini,9.7,29,Low,50,872.54,48.19,Delivered,2,UPI,Returning
FD001712,2026-02-06,Cafe Metro,Healthy,Dwarka,14.7,8,Low,37,1156.61,73.14,Delivered,2,COD,New
FD001713,2025-04-07,Biryani Hub,North Indian,Mayur Vihar,14.9,34,High,70,797.2,71.18,Cancelled,,Card,New
FD001714,2025-11-10,Cafe Metro,Healthy,Connaught Place,8.3,30,High,68,776.29,50.8,Cancelled,,Card,Returning
FD001715,2025-11-29,Tandoori Tales,Chinese,Mayur Vihar,1.6,8,High,35,1420.45,21.98,Delivered,2,COD,New
FD001716,2025-08-25,Burger Yard,Chinese,Noida Sec 62,4.6,16,High,53,1135.36,34.83,Delivered,1,UPI,New
FD001717,2026-03-17,Noodle Street,Biryani,Rohini,15.6,35,High,84,1709.14,74.0,Delivered,2,COD,New
FD001718,2025-05-06,Pizza Corner,Chinese,Rajouri Garden,4.4,28,Low,42,411.83,34.81,Delivered,,UPI,New
FD001719,2026-05-06,Healthy Bites,North Indian,Connaught Place,9.7,26,High,57,1071.36,55.38,Delivered,3,Wallet,Returning
FD001720,2025-06-04,Urban Tadka,North Indian,Rohini,3.2,16,High,44,1416.74,38.1,Delivered,1,Card,Returning
FD001721,2025-02-27,Delhi Zaika,South Indian,Noida Sec 62,9.9,21,Low,44,1677.36,47.18,Delivered,4,Card,Returning
FD001722,2025-05-29,Healthy Bites,Pizza,Lajpat Nagar,7.8,12,Medium,29,232.94,39.1,Cancelled,,Card,New
FD001723,2025-12-20,Burger Yard,Biryani,Nehru Place,10.3,27,High,66,1549.42,53.74,Delivered,4,Card,New
FD001724,2026-06-19,Delhi Zaika,North Indian,Mayur Vihar,4.7,11,High,33,644.19,41.55,Delivered,5,UPI,Returning
FD001725,2025-09-09,Spice Route,Fast Food,Noida Sec 62,16.0,24,Medium,67,1293.22,75.35,Delivered,2,Card,Returning
FD001726,2025-05-14,Pizza Corner,North Indian,Dwarka,2.7,29,High,55,162.01,28.03,Delivered,1,UPI,Returning
FD001727,2025-11-15,Delhi Zaika,Healthy,Dwarka,17.9,14,Low,53,262.83,81.05,Delivered,2,COD,New
FD001728,2025-02-27,Curry House,South Indian,Nehru Place,3.2,34,High,56,1211.86,38.68,Delivered,2,Wallet,New
FD001729,2025-12-10,Biryani Hub,Fast Food,Noida Sec 62,16.6,23,Medium,54,416.22,69.4,Delivered,3,UPI,New
FD001730,2025-01-07,Tandoori Tales,Chinese,Mayur Vihar,3.5,9,High,36,864.17,34.86,Delivered,,Card,New
FD001731,2025-11-30,South Bowl,Biryani,Rajouri Garden,13.1,11,High,47,1526.38,59.72,Delivered,2,Wallet,Returning
FD001732,2026-05-13,Cafe Metro,Desserts,Mayur Vihar,17.6,32,High,78,1485.42,68.73,Delivered,5,Wallet,Returning
FD001733,2026-08-19,Noodle Street,Pizza,Gurugram Cyber City,7.2,8,High,35,1710.21,48.74,Delivered,,COD,Returning
FD001734,2025-03-28,Burger Yard,Fast Food,Gurugram Cyber City,9.4,25,Low,38,133.99,46.26,Delivered,2,Wallet,Returning
FD001735,2026-01-20,Cafe Metro,Chinese,Dwarka,12.2,17,Low,37,951.53,65.3,Cancelled,,UPI,New
FD001736,2025-07-25,Healthy Bites,South Indian,Noida Sec 62,16.1,27,High,75,1178.71,69.51,Delivered,2,Wallet,New
FD001737,2026-06-11,Tandoori Tales,North Indian,Lajpat Nagar,17.6,31,High,85,850.85,73.13,Delivered,4,Card,Returning
FD001738,2025-09-20,Pizza Corner,North Indian,Mayur Vihar,10.0,19,High,49,1230.53,50.74,Delivered,5,UPI,New
FD001739,2025-03-30,South Bowl,Desserts,Gurugram Cyber City,17.9,13,High,60,1686.2,78.89,Delivered,1,Card,New
FD001740,2026-05-18,Healthy Bites,South Indian,Gurugram Cyber City,18.0,18,High,64,1596.04,78.19,Cancelled,,COD,New
FD001741,2026-07-25,Spice Route,North Indian,Dwarka,5.7,14,Low,26,1564.42,40.76,Delivered,,UPI,New
FD001742,2026-06-19,Delhi Zaika,North Indian,Nehru Place,5.7,16,Low,30,1221.14,44.52,Delivered,,Wallet,New
FD001743,2025-08-31,Delhi Zaika,Healthy,Rohini,16.9,12,Medium,44,1006.36,77.03,Delivered,1,COD,New
FD001744,2025-11-09,Delhi Zaika,Desserts,Dwarka,11.8,12,Medium,41,672.45,53.98,Delivered,1,COD,Returning
FD001745,2026-06-30,Spice Route,Healthy,Rohini,12.1,14,Medium,37,1188.17,65.01,Delivered,2,Card,New
FD001746,2025-07-06,Delhi Zaika,Desserts,Lajpat Nagar,3.9,13,High,27,1320.01,27.56,Cancelled,,Card,Returning
FD001747,2025-01-10,Urban Tadka,South Indian,Lajpat Nagar,13.6,17,Low,50,861.62,58.96,Delivered,4,UPI,New
FD001748,2026-02-01,South Bowl,Fast Food,Rajouri Garden,7.5,35,Low,47,1139.08,52.36,Delivered,4,Card,Returning
FD001749,2026-07-02,Urban Tadka,North Indian,Noida Sec 62,16.7,23,Medium,60,345.3,66.41,Delivered,3,UPI,New
FD001750,2026-01-19,Curry House,North Indian,Connaught Place,1.2,22,Low,22,401.38,26.61,Delivered,3,COD,New
FD001751,2025-01-21,South Bowl,North Indian,Saket,2.5,21,High,38,1361.74,33.38,Delivered,5,UPI,Returning
FD001752,2026-03-15,Burger Yard,Fast Food,Mayur Vihar,8.7,35,Low,52,277.2,47.3,Cancelled,,Card,New
FD001753,2025-11-04,Spice Route,Pizza,Lajpat Nagar,9.4,18,Low,38,1038.63,46.94,Delivered,,Wallet,Returning
FD001754,2025-01-21,Noodle Street,North Indian,Dwarka,8.7,23,High,55,1429.63,53.85,Delivered,5,Card,Returning
FD001755,2025-01-19,Noodle Street,North Indian,Lajpat Nagar,16.2,26,High,65,1141.49,68.52,Delivered,,COD,New
FD001756,2026-05-20,Spice Route,Healthy,Connaught Place,16.3,8,Medium,47,290.68,73.98,Delivered,3,COD,Returning
FD001757,2025-06-18,Burger Yard,Biryani,Noida Sec 62,11.4,35,Low,56,1543.01,55.2,Delivered,4,Wallet,Returning
FD001758,2025-04-07,Pizza Corner,Healthy,Connaught Place,5.9,31,Medium,55,500.34,46.12,Delivered,3,Wallet,New
FD001759,2026-02-17,Noodle Street,Healthy,Saket,16.7,34,Low,60,785.23,69.69,Delivered,,Wallet,New
FD001760,2026-05-01,Pizza Corner,Biryani,Noida Sec 62,6.2,13,High,42,1409.27,46.56,Delivered,3,UPI,Returning
FD001761,2026-03-08,Noodle Street,Fast Food,Connaught Place,3.4,28,High,46,942.86,39.22,Delivered,5,Wallet,New
FD001762,2025-08-12,Tandoori Tales,Biryani,Nehru Place,1.8,9,Low,16,562.2,26.82,Delivered,1,UPI,New
FD001763,2025-08-25,Pizza Corner,Biryani,Noida Sec 62,2.6,24,High,49,1750.56,33.9,Delivered,2,Wallet,Returning
FD001764,2026-06-17,Pizza Corner,South Indian,Connaught Place,1.3,26,High,49,830.79,28.62,Delivered,2,Card,Returning
FD001765,2026-01-10,Pizza Corner,South Indian,Noida Sec 62,17.4,32,High,78,1449.87,70.46,Delivered,4,Card,New
FD001766,2026-08-09,Urban Tadka,Biryani,Nehru Place,4.6,29,High,48,1003.79,43.39,Delivered,3,COD,Returning
FD001767,2025-03-21,Curry House,Fast Food,Nehru Place,6.8,18,High,44,1540.22,42.57,Delivered,,UPI,Returning
FD001768,2025-09-25,Delhi Zaika,Biryani,Noida Sec 62,6.1,12,High,39,1228.86,41.3,Delivered,5,COD,New
FD001769,2025-02-11,Cafe Metro,Healthy,Mayur Vihar,6.3,9,Low,19,1334.41,34.43,Delivered,4,Wallet,Returning
FD001770,2026-06-08,Spice Route,Desserts,Dwarka,10.6,14,Low,34,695.89,58.3,Delivered,4,COD,New
FD001771,2025-08-01,Tandoori Tales,South Indian, Lajpat Nagar,2.3,34,Medium,49,1212.19,25.97,Delivered,5,Wallet,New
FD001772,2025-08-03,Urban Tadka,Chinese,Dwarka,6.9,24,High,59,1515.58,49.63,Cancelled,,COD,Returning
FD001773,2026-01-21,Curry House,Pizza,Saket,17.1,14,High,58,1261.05,74.77,Delivered,,UPI,New
FD001774,2025-03-31,Healthy Bites,Biryani,Mayur Vihar,15.5,18,Medium,48,1214.57,75.71,Delivered,2,Card,Returning
FD001775,2026-08-11,South Bowl,Healthy,Saket,15.6,21,High,66,1280.27,61.92,Delivered,3,Wallet,New
FD001776,2026-06-22,Spice Route,Desserts,Dwarka,14.6,24,High,59,678.43,69.41,Delivered,2,UPI,New
FD001777,2025-05-24,Urban Tadka,South Indian,Saket,2.9,20,Low,28,258.87,34.25,Delivered,2,Card,New
FD001778,2026-05-12,Healthy Bites,Fast Food,Lajpat Nagar,11.3,15,Medium,37,686.19,49.17,Delivered,5,Card,Returning
FD001779,2025-12-06,Curry House,South Indian,Nehru Place,1.3,19,Low,25,437.24,19.49,Delivered,1,UPI,Returning
FD001780,2025-07-03,Spice Route,Pizza,Nehru Place,3.7,31,High,64,481.11,36.57,Cancelled,,Card,Returning
FD001781,2026-02-07,Burger Yard,Healthy,Gurugram Cyber City,7.1,19,Low,32,1078.69,47.55,Delivered,4,UPI,New
FD001782,2026-08-09,Spice Route,Fast Food,Saket,16.4,13,High,60,1699.46,68.1,Delivered,1,COD,New
FD001783,2025-06-02,Spice Route,Fast Food,Noida Sec 62,17.6,23,Low,48,696.44,74.6,Delivered,4,Wallet,Returning
FD001784,2025-05-23,Noodle Street,Chinese,Rajouri Garden,15.3,13,High,50,942.95,73.66,Delivered,1,Card,New
FD001785,2026-02-18,Burger Yard,Healthy,Connaught Place,10.5,8,Low,21,142.81,54.2,Delivered,3,UPI,New
FD001786,2025-04-24,Delhi Zaika,Pizza,Connaught Place,7.8,13,High,46,1731.91,44.24,Delivered,,COD,New
FD001787,2026-07-03,Noodle Street,Biryani,Saket,8.1,19,High,44,235.61,51.77,Delivered,2,Card,New
FD001788,2025-08-18,Cafe Metro,North Indian, Nehru Place,7.7,19,Low,38,472.08,40.99,Delivered,5,Card,New
FD001789,2026-03-26,Urban Tadka,Pizza,Connaught Place,6.6,15,Low,25,1337.26,37.01,Delivered,2,COD,Returning
FD001790,2026-05-03,Urban Tadka,Fast Food,Dwarka,14.2,10,High,52,1021.61,62.79,Delivered,1,COD,Returning
FD001791,2025-08-19,Cafe Metro,North Indian,Gurugram Cyber City,7.1,33,Medium,49,1047.7,45.74,Delivered,5,Wallet,Returning
FD001792,2025-12-08,Cafe Metro,Pizza,Gurugram Cyber City,13.9,22,Medium,51,638.08,60.5,Delivered,2,COD,New
FD001793,2025-09-09,Urban Tadka,Healthy,Noida Sec 62,16.8,23,Medium,44,1191.2,71.07,Delivered,3,COD,Returning
FD001794,2025-08-30,Pizza Corner,South Indian,Nehru Place,5.1,18,Medium,30,1535.3,42.23,Delivered,1,COD,Returning
FD001795,2025-10-06,Curry House,North Indian,Dwarka,3.0,28,High,55,1089.35,28.37,Delivered,,COD,New
FD001796,2025-07-14,Spice Route,Chinese,Noida Sec 62,14.5,30,Low,62,1340.45,65.91,Delivered,2,Wallet,Returning
FD001797,2025-02-17,Biryani Hub,North Indian,Noida Sec 62,2.3,19,Medium,28,1202.41,23.82,Delivered,,Wallet,New
FD001798,2026-05-15,South Bowl,Pizza,Dwarka,9.6,17,Low,33,825.28,55.5,Delivered,,UPI,Returning
FD001799,2025-07-12,Tandoori Tales,Pizza,Rohini,1.5,21,Medium,28,1753.37,30.04,Delivered,4,Wallet,New
FD001800,2025-11-18,Cafe Metro,Fast Food,Mayur Vihar,10.4,24,High,59,1582.81,47.7,Delivered,5,COD,New
FD001801,2025-09-16,Noodle Street,Desserts,Lajpat Nagar,18.0,28,Low,60,960.13,83.15,Delivered,5,Card,Returning
FD001802,2025-10-29,Urban Tadka,Biryani,Lajpat Nagar,2.1,23,High,41,871.4,30.81,Cancelled,,Wallet,New
FD001803,2025-10-20,Cafe Metro,North Indian,Mayur Vihar,3.0,17,Low,23,775.96,36.16,Cancelled,,UPI,New
FD001804,2026-03-10,Tandoori Tales,South Indian,Lajpat Nagar,5.9,29,High,54,264.87,35.87,Delivered,3,COD,Returning
FD001805,2026-04-13,South Bowl,Biryani,Noida Sec 62,3.0,30,Medium,47,1476.31,38.21,Delivered,2,Wallet,New
FD001806,2026-08-06,Cafe Metro,North Indian,Dwarka,9.7,11,Medium,34,619.79,51.54,Delivered,3,Card,Returning
FD001807,2026-04-13,Tandoori Tales,Biryani,Nehru Place,13.1,31,Low,60,1098.12,60.53,Delivered,3,Card,New
FD001808,2025-04-15,Urban Tadka,Biryani,Dwarka,13.0,15,Medium,50,1740.88,63.7,Delivered,4,COD,New
FD001809,2026-01-11,Spice Route,Biryani,Mayur Vihar,13.0,9,Low,31,1436.8,68.08,Delivered,4,Card,Returning
FD001810,2026-08-15,Healthy Bites,Fast Food,Saket,9.8,24,High,64,1576.98,47.35,Delivered,4,Card,New
FD001811,2025-01-27,Tandoori Tales,Biryani,Nehru Place,16.9,14,High,66,1577.5,79.09,Delivered,2,Wallet,New
FD001812,2025-01-06,Urban Tadka,Fast Food,Connaught Place,15.9,21,High,66,859.69,74.59,Delivered,,UPI,New
FD001813,2025-04-11,Urban Tadka,Fast Food,Rohini,15.8,22,High,68,1520.44,71.28,Delivered,3,UPI,Returning
FD001814,2026-04-01,Urban Tadka,Biryani,Saket,12.9,17,High,57,1277.77,67.65,Delivered,4,COD,New
FD001815,2026-04-28,Cafe Metro,South Indian,Lajpat Nagar,13.6,22,Low,56,1729.8,66.66,Delivered,4,COD,New
FD001816,2025-04-27,Tandoori Tales,Chinese,Rajouri Garden,6.2,33,High,57,841.97,36.5,Delivered,,Card,New
FD001817,2025-03-12,Noodle Street,North Indian,Rajouri Garden,17.9,14,Medium,51,893.76,74.2,Delivered,5,Wallet,Returning
FD001818,2025-11-02,Urban Tadka,Pizza,Rohini,1.5,20,Low,23,1148.07,32.08,Delivered,,UPI,New
FD001819,2026-02-21,Healthy Bites,Biryani,Dwarka,17.1,31,Medium,66,846.43,72.67,Delivered,1,Wallet,Returning
FD001820,2026-05-31,Burger Yard,North Indian,Dwarka,4.5,35,Medium,55,1240.14,32.4,Delivered,5,UPI,New
FD001821,2025-03-13,Pizza Corner,Fast Food,Gurugram Cyber City,12.0,27,Low,51,1386.13,65.48,Delivered,4,COD,Returning
FD001822,2026-04-25,Burger Yard,Pizza,Rohini,14.4,26,High,75,1767.75,69.5,Delivered,2,Wallet,New
FD001823,2025-09-20,Cafe Metro,Biryani,Nehru Place,14.9,9,Low,44,1691.36,71.6,Delivered,3,Wallet,New
FD001824,2025-07-28,Cafe Metro,South Indian,Noida Sec 62,16.4,16,Low,48,936.36,70.23,Delivered,2,UPI,Returning
FD001825,2025-07-28,South Bowl,Pizza,Gurugram Cyber City,14.0,11,Low,32,483.15,58.32,Delivered,3,UPI,Returning
FD001826,2026-01-26,Delhi Zaika,Healthy,Dwarka,16.7,26,Low,67,727.82,68.12,Delivered,,Card,Returning
FD001827,2025-10-14,Burger Yard,North Indian,Noida Sec 62,16.0,16,Low,49,416.37,74.32,Delivered,2,UPI,Returning
FD001828,2025-05-26,Burger Yard,Healthy,Nehru Place,15.3,19,High,64,263.36,68.5,Delivered,5,UPI,New
FD001829,2026-06-29,Curry House,Chinese,Mayur Vihar,16.3,10,Medium,49,1640.76,78.25,Delivered,4,UPI,Returning
FD001830,2026-08-12,Burger Yard,Fast Food,Lajpat Nagar,4.8,9,High,40,1104.18,30.7,Delivered,,UPI,New
FD001831,2025-02-05,Tandoori Tales,Desserts,Saket,15.2,15,Low,42,272.31,62.07,Cancelled,,COD,Returning
FD001832,2026-02-02,Pizza Corner,Biryani,Gurugram Cyber City,12.2,16,High,51,1350.38,58.26,Delivered,5,Card,Returning
FD001833,2025-01-02,Urban Tadka,Desserts,Lajpat Nagar,2.5,18,Low,20,607.73,35.08,Delivered,2,COD,Returning
FD001834,2026-01-30,Cafe Metro,Healthy,Saket,9.8,18,Medium,46,378.5,54.22,Delivered,,Wallet,Returning
FD001835,2025-05-02,Spice Route,Desserts,Nehru Place,2.2,20,High,49,658.8,30.11,Delivered,,Wallet,Returning
FD001836,2025-03-27,Healthy Bites,South Indian,Noida Sec 62,10.3,21,Low,39,1235.29,56.35,Delivered,5,Wallet,New
FD001837,2025-04-09,Healthy Bites,Biryani,Saket,1.3,26,Medium,29,851.12,32.76,Delivered,1,COD,Returning
FD001838,2026-05-20,Spice Route,North Indian,Saket,14.7,11,Medium,48,797.28,72.41,Delivered,3,UPI,New
FD001839,2025-09-03,Urban Tadka,Desserts,Nehru Place,2.3,26,Low,32,944.02,30.98,Delivered,1,UPI,New
FD001840,2026-03-25,Tandoori Tales,South Indian,Noida Sec 62,7.5,30,Medium,55,1386.5,40.83,Delivered,1,COD,New
FD001841,2025-06-06,Spice Route,Biryani,Saket,13.2,34,Low,52,1366.51,61.52,Delivered,4,UPI,Returning
FD001842,2025-05-19,Curry House,Pizza,Lajpat Nagar,13.7,14,High,58,1788.53,58.39,Delivered,2,UPI,New
FD001843,2026-01-24,Urban Tadka,Fast Food,Mayur Vihar,6.0,27,High,50,1005.46,37.18,Delivered,,UPI,New
FD001844,2026-02-08,Spice Route,North Indian,Connaught Place,6.8,14,Medium,33,510.74,40.11,Delivered,1,Card,Returning
FD001845,2026-07-04,Pizza Corner,Healthy,Dwarka,11.7,31,Low,64,1656.89,56.2,Delivered,5,Card,New
FD001846,2026-03-28,Tandoori Tales,Desserts,Rajouri Garden,7.3,20,Medium,44,846.04,38.64,Delivered,3,Wallet,New
FD001847,2025-09-23,Healthy Bites,Fast Food, Noida Sec 62,11.3,22,Low,32,853.22,57.27,Delivered,5,COD,Returning
FD001848,2025-04-24,Biryani Hub,Desserts,Nehru Place,17.5,24,Medium,68,785.68,73.41,Delivered,3,Wallet,New
FD001849,2025-11-30,Spice Route,Fast Food,Saket,4.8,8,Medium,23,1525.62,31.11,Delivered,1,COD,Returning
FD001850,2025-11-24,Urban Tadka,South Indian,Rohini,16.2,35,Low,67,608.8,74.91,Delivered,3,Wallet,Returning
FD001851,2025-11-22,Cafe Metro,Desserts,Gurugram Cyber City,8.7,14,Low,40,1607.05,46.55,Delivered,,UPI,Returning
FD001852,2025-10-28,Delhi Zaika,Desserts,Saket,15.8,30,High,69,824.41,68.88,Delivered,5,UPI,Returning
FD001853,2025-02-26,South Bowl,Pizza,Connaught Place,9.8,24,Medium,49,1168.25,57.52,Refunded,,COD,New
FD001854,2026-08-23,Tandoori Tales,Chinese,Nehru Place,10.1,12,Medium,35,729.88,47.4,Delivered,1,UPI,Returning
FD001855,2025-04-15,Healthy Bites,Chinese,Connaught Place,2.5,33,High,56,895.09,22.67,Delivered,3,UPI,Returning
FD001856,2026-04-16,Tandoori Tales,Chinese,Connaught Place,3.6,32,Low,44,196.2,31.26,Delivered,4,Card,Returning
FD001857,2026-07-23,Delhi Zaika,Healthy,Rajouri Garden,13.3,25,Low,56,1418.52,68.87,Delivered,1,Card,New
FD001858,2025-09-20,South Bowl,Healthy,Dwarka,2.4,25,Medium,36,122.86,23.89,Delivered,4,COD,Returning
FD001859,2026-03-26,Spice Route,Chinese,Lajpat Nagar,11.3,11,Medium,38,921.3,56.6,Delivered,,Wallet,Returning
FD001860,2025-06-27,Biryani Hub,North Indian,Saket,13.1,25,High,57,1141.1,65.72,Delivered,3,COD,New
FD001861,2025-02-24,South Bowl,Fast Food,Rajouri Garden,3.4,13,Low,22,679.39,30.52,Delivered,4,UPI,Returning
FD001862,2026-06-22,Biryani Hub,Fast Food,Rajouri Garden,13.6,31,High,74,929.53,70.72,Delivered,5,UPI,New
FD001863,2025-04-23,Tandoori Tales,North Indian,Rajouri Garden,7.5,31,High,64,756.2,51.62,Delivered,4,Card,New
FD001864,2025-06-21,Pizza Corner,Fast Food,Rohini,7.2,34,Low,46,465.69,40.78,Delivered,5,UPI,Returning
FD001865,2026-02-14,Tandoori Tales,Pizza,Saket,2.7,20,High,35,1134.32,28.44,Delivered,4,UPI,New
FD001866,2025-06-08,Spice Route,Chinese,Gurugram Cyber City,13.2,26,High,67,1198.72,58.04,Delivered,4,COD,Returning
FD001867,2025-01-16,Healthy Bites,Chinese,Connaught Place,15.6,11,Medium,31,1416.6,73.47,Delivered,5,Card,New
FD001868,2025-04-03,Noodle Street,Healthy,Lajpat Nagar,9.6,11,High,50,943.35,44.51,Delivered,,COD,Returning
FD001869,2026-08-09,South Bowl,Desserts,Noida Sec 62,11.1,34,High,63,169.49,49.11,Delivered,,UPI,New
FD001870,2025-04-18,South Bowl,Chinese,Noida Sec 62,18.0,34,High,80,1052.61,77.75,Delivered,5,COD,New
FD001871,2025-11-14,Urban Tadka,North Indian,Lajpat Nagar,3.4,25,Medium,38,1464.52,37.05,Delivered,3,UPI,New
FD001872,2025-03-16,Tandoori Tales,Fast Food,Gurugram Cyber City,5.4,29,Medium,47,336.94,43.73,Delivered,5,UPI,New
FD001873,2025-03-03,Burger Yard,South Indian,Noida Sec 62,9.2,16,Low,35,1613.25,46.97,Delivered,1,Wallet,New
FD001874,2025-06-11,Spice Route,North Indian,Rajouri Garden,16.6,28,High,75,309.08,69.71,Delivered,5,Card,New
FD001875,2025-01-27,South Bowl,Fast Food,Nehru Place,6.1,30,High,58,1125.3,33.65,Delivered,4,UPI,Returning
FD001876,2025-07-13,Delhi Zaika,Fast Food,Connaught Place,14.2,23,High,60,269.86,68.14,Delivered,4,Wallet,New
FD001877,2025-08-16,South Bowl,Healthy,Dwarka,9.4,21,Low,42,633.58,54.43,Delivered,2,UPI,Returning
FD001878,2026-03-27,Burger Yard,Biryani,Mayur Vihar,17.2,8,High,54,1399.22,70.77,Delivered,3,COD,New
FD001879,2025-12-25,Pizza Corner,Pizza,Gurugram Cyber City,10.2,24,Low,46,1021.05,53.11,Cancelled,,COD,Returning
FD001880,2025-10-26,Tandoori Tales,North Indian,Noida Sec 62,2.1,16,High,39,585.17,26.3,Delivered,4,UPI,Returning
FD001881,2025-09-17,Curry House,South Indian,Nehru Place,16.8,34,Low,55,389.55,71.39,Delivered,,Wallet,Returning
FD001882,2025-08-03,Curry House,Fast Food,Rohini,12.9,33,Low,58,1659.6,65.15,Delivered,2,COD,Returning
FD001883,2025-05-18,Delhi Zaika,Pizza,Mayur Vihar,9.8,33,Low,46,1787.37,55.9,Delivered,3,COD,Returning
FD001884,2026-07-11,Biryani Hub,Chinese,Mayur Vihar,3.0,27,High,45,783.02,27.25,Delivered,2,Wallet,New
FD001885,2025-09-18,Biryani Hub,Desserts,Nehru Place,1.8,12,Low,12,1760.89,30.44,Delivered,,Wallet,Returning
FD001886,2025-04-15,Urban Tadka,Biryani,Nehru Place,10.9,8,Medium,28,546.96,55.59,Delivered,2,Wallet,New
FD001887,2025-12-23,Burger Yard,North Indian,Nehru Place,7.2,21,High,54,1350.9,39.17,Delivered,1,Card,Returning
FD001888,2025-12-22,Pizza Corner,Fast Food,Gurugram Cyber City,8.1,10,Low,20,972.14,50.6,Refunded,,UPI,New
FD001889,2026-02-01,Burger Yard,Biryani,Nehru Place,16.4,35,High,74,1294.14,75.37,Cancelled,,Wallet,Returning
FD001890,2025-08-10,Curry House,Fast Food,Mayur Vihar,15.2,22,High,63,1520.43,71.12,Delivered,5,UPI,Returning
FD001891,2025-01-24,Healthy Bites,South Indian,Lajpat Nagar,7.6,26,Low,34,1511.97,49.61,Delivered,4,Wallet,New
FD001892,2025-01-24,Tandoori Tales,Biryani,Dwarka,4.2,15,Low,31,1243.14,39.38,Delivered,5,UPI,New
FD001893,2025-07-25,Spice Route,Chinese,Mayur Vihar,14.3,12,Low,43,912.28,63.61,Delivered,3,Wallet,New
FD001894,2026-01-19,Noodle Street,South Indian,Nehru Place,4.5,27,Medium,45,869.79,34.02,Delivered,3,Card,Returning
FD001895,2025-09-28,Noodle Street,Pizza,Rajouri Garden,6.4,11,Medium,28,1034.22,39.68,Delivered,4,UPI,Returning
FD001896,2025-10-11,Burger Yard,Desserts,Lajpat Nagar,8.7,28,High,60,376.02,49.08,Delivered,2,COD,New
FD001897,2025-07-19,Curry House,Chinese,Rohini,15.5,17,High,58,811.28,65.08,Delivered,5,Card,New
FD001898,2025-04-19,South Bowl,Fast Food,Mayur Vihar,8.6,20,Low,33,987.95,47.51,Delivered,2,Wallet,Returning
FD001899,2026-03-19,Healthy Bites,Pizza,Rohini,3.3,31,High,56,617.13,33.24,Delivered,5,Card,New
FD001900,2025-06-28,Curry House,Healthy,Rohini,5.1,9,High,36,154.1,45.29,Delivered,,Card,Returning
FD001901,2025-11-07,Cafe Metro,North Indian,Saket,8.1,32,High,66,930.72,48.06,Delivered,,Card,New
FD001902,2026-05-30,Tandoori Tales,Fast Food,Dwarka,5.5,34,Medium,46,818.63,43.24,Delivered,2,UPI,New
FD001903,2025-03-20,Biryani Hub,Fast Food,Nehru Place,8.4,11,High,43,1113.12,42.98,Delivered,2,Card,Returning
FD001904,2026-04-16,Delhi Zaika,Biryani,Dwarka,7.1,22,High,60,1221.55,37.67,Delivered,1,Card,Returning
FD001905,2025-10-07,Tandoori Tales,Pizza,Saket,8.0,14,Low,28,1788.57,45.47,Delivered,3,Card,New
FD001906,2026-01-31,Pizza Corner,Fast Food,Rohini,3.0,12,High,40,844.12,30.09,Delivered,1,Wallet,Returning
FD001907,2025-09-05,Healthy Bites,Pizza,Mayur Vihar,4.7,11,Medium,35,1500.26,37.01,Delivered,4,UPI,Returning
FD001908,2026-08-07,South Bowl,South Indian,Nehru Place,16.1,29,Medium,60,1693.03,63.99,Delivered,5,COD,New
FD001909,2026-07-05,Noodle Street,Desserts,Rohini,4.2,12,Low,18,1550.62,33.25,Delivered,5,UPI,New
FD001910,2025-04-04,Pizza Corner,South Indian,Rohini,7.1,22,Medium,30,928.38,38.9,Delivered,4,COD,New
FD001911,2025-12-10,Urban Tadka,Biryani,Noida Sec 62,4.4,26,High,52,1352.29,43.12,Delivered,2,UPI,New
FD001912,2025-05-20,Tandoori Tales,Desserts,Rohini,15.9,20,High,61,800.12,74.76,Refunded,,Card,Returning
FD001913,2025-02-20,Biryani Hub,Healthy,Dwarka,2.3,21,High,48,1732.16,25.31,Delivered,5,COD,New
FD001914,2025-06-13,Spice Route,Chinese,Nehru Place,1.3,9,Low,13,1703.57,30.94,Delivered,3,COD,Returning
FD001915,2026-06-16,Delhi Zaika,South Indian,Nehru Place,17.7,12,High,50,898.23,79.27,Delivered,,Card,Returning
FD001916,2025-07-01,Pizza Corner,South Indian,Dwarka,5.7,10,Low,24,1455.33,38.87,Delivered,1,UPI,Returning
FD001917,2025-03-01,South Bowl,South Indian, Rohini,9.6,11,Low,34,1614.77,53.38,Delivered,3,COD,New
FD001918,2025-03-22,South Bowl,Biryani,Saket,13.4,18,Low,37,583.54,66.28,Delivered,1,COD,New
FD001919,2026-07-31,Curry House,South Indian,Noida Sec 62,1.3,26,High,45,1518.86,20.31,Delivered,5,UPI,Returning
FD001920,2025-11-04,Burger Yard,Desserts,Lajpat Nagar,10.1,28,Medium,47,574.86,45.77,Delivered,1,UPI,New
FD001921,2025-08-07,Cafe Metro,Biryani,Nehru Place,8.7,34,Medium,55,239.19,48.9,Delivered,5,Card,New
FD001922,2025-07-17,Urban Tadka,Biryani,Nehru Place,2.8,23,Medium,34,1030.27,32.47,Delivered,2,Card,New
FD001923,2026-03-13,Tandoori Tales,Desserts,Nehru Place,5.3,34,Medium,47,837.81,43.79,Delivered,4,Card,New
FD001924,2026-05-22,Tandoori Tales,South Indian,Rohini,12.6,16,Low,35,1045.31,66.93,Delivered,,UPI,Returning
FD001925,2026-07-03,Spice Route,Healthy,Rohini,13.8,23,High,60,1217.0,63.47,Delivered,2,Wallet,New
FD001926,2025-12-30,Delhi Zaika,Healthy,Rajouri Garden,2.1,11,High,35,352.69,26.63,Delivered,4,Card,Returning
FD001927,2025-08-02,Tandoori Tales,North Indian,Lajpat Nagar,13.3,34,High,70,690.49,58.5,Delivered,,UPI,Returning
FD001928,2025-06-27,South Bowl,Desserts,Rohini,5.1,10,Medium,21,1783.89,35.35,Delivered,5,UPI,New
FD001929,2025-04-27,Biryani Hub,Fast Food,Connaught Place,6.3,33,Medium,52,1578.41,36.68,Delivered,,Card,New
FD001930,2025-09-01,Spice Route,Biryani,Gurugram Cyber City,5.6,17,High,37,341.98,35.37,Delivered,3,Card,Returning
FD001931,2025-01-02,Delhi Zaika,Biryani,Gurugram Cyber City,10.1,24,High,50,933.54,54.93,Delivered,4,Wallet,Returning
FD001932,2026-06-20,Cafe Metro,Desserts,Rajouri Garden,14.1,32,Low,53,1087.59,72.14,Refunded,,Card,Returning
FD001933,2025-07-19,Spice Route,Chinese,Rajouri Garden,5.0,13,High,36,1078.8,40.55,Cancelled,,Card,Returning
FD001934,2025-03-02,Pizza Corner,Healthy,Connaught Place,5.7,9,Medium,33,147.36,36.64,Cancelled,,UPI,New
FD001935,2026-02-09,Noodle Street,Chinese,Dwarka,3.6,18,High,38,150.07,37.85,Delivered,,UPI,New
FD001936,2025-06-07,Urban Tadka,Desserts,Rohini,2.2,13,Medium,20,834.6,26.03,Delivered,,COD,New
FD001937,2026-04-17,Cafe Metro,Healthy,Dwarka,10.9,29,Low,48,140.67,49.66,Delivered,5,Card,New
FD001938,2025-02-15,Spice Route,Pizza,Nehru Place,7.6,25,Low,45,1593.75,52.51,Delivered,4,UPI,Returning
FD001939,2025-09-02,Healthy Bites,South Indian,Nehru Place,8.9,28,High,61,567.01,48.03,Delivered,3,Card,New
FD001940,2025-04-16,Pizza Corner,Biryani, Dwarka,12.5,29,High,77,1604.63,66.86,Delivered,2,Card,New
FD001941,2026-04-21,Burger Yard,North Indian,Dwarka,14.3,21,Low,46,440.04,63.95,Delivered,4,Wallet,New
FD001942,2025-03-30,Delhi Zaika,South Indian,Rohini,12.5,25,Low,42,249.58,61.54,Delivered,5,UPI,Returning
FD001943,2025-11-27,Biryani Hub,Pizza,Mayur Vihar,12.8,33,High,74,786.51,62.44,Delivered,1,UPI,New
FD001944,2025-06-19,Spice Route,Desserts,Noida Sec 62,9.1,22,Low,32,904.85,57.1,Delivered,,Wallet,New
FD001945,2025-07-18,Biryani Hub,Chinese,Rohini,5.5,9,High,33,1754.87,42.55,Cancelled,,COD,Returning
FD001946,2025-11-06,South Bowl,South Indian,Connaught Place,5.8,19,High,42,180.49,37.91,Delivered,2,UPI,Returning
FD001947,2026-05-08,Curry House,Desserts,Mayur Vihar,17.2,16,Medium,51,928.71,79.34,Delivered,,COD,Returning
FD001948,2026-01-30,Healthy Bites,Pizza,Mayur Vihar,4.4,23,High,40,1472.13,28.83,Cancelled,,UPI,Returning
FD001949,2025-08-28,Spice Route,Desserts,Lajpat Nagar,4.6,23,Medium,38,692.91,35.39,Delivered,2,Wallet,Returning
FD001950,2025-08-02,Biryani Hub,Desserts,Saket,10.9,34,High,61,1343.34,51.95,Delivered,4,COD,Returning
FD001951,2025-04-19,South Bowl,Fast Food,Connaught Place,10.5,22,High,60,368.96,50.67,Cancelled,,Wallet,Returning
FD001952,2025-04-08,Delhi Zaika,South Indian,Gurugram Cyber City,1.8,18,Low,18,1092.7,35.2,Delivered,2,Card,Returning
FD001953,2025-03-24,Biryani Hub,Chinese,Gurugram Cyber City,17.6,35,High,76,725.26,75.13,Delivered,3,COD,New
FD001954,2025-12-18,Spice Route,North Indian,Noida Sec 62,7.7,30,Low,46,1760.71,41.13,Delivered,3,UPI,New
FD001955,2025-07-01,Tandoori Tales,Chinese,Dwarka,9.6,10,High,44,207.69,56.71,Delivered,,Card,Returning
FD001956,2026-05-02,Burger Yard,North Indian,Gurugram Cyber City,11.0,12,Medium,39,1604.61,48.56,Delivered,5,Wallet,Returning
FD001957,2026-06-20,Delhi Zaika,South Indian,Saket,17.3,30,High,70,1545.41,71.22,Delivered,4,Card,New
FD001958,2026-02-23,Cafe Metro,Pizza,Mayur Vihar,12.2,24,High,65,748.18,61.69,Delivered,2,UPI,Returning
FD001959,2025-03-30,Tandoori Tales,Desserts,Gurugram Cyber City,12.8,12,Medium,48,1680.27,65.48,Delivered,3,Wallet,Returning
FD001960,2025-05-27,Tandoori Tales,Desserts,Dwarka,4.6,34,High,59,1374.2,39.85,Delivered,,Card,Returning
FD001961,2026-06-30,Delhi Zaika,Biryani,Rajouri Garden,13.7,13,Medium,42,1201.98,58.74,Delivered,5,Wallet,New
FD001962,2026-04-28,Urban Tadka,Healthy,Rohini,3.8,24,Medium,41,650.9,35.22,Cancelled,,Wallet,New
FD001963,2025-12-24,Delhi Zaika,Desserts,Rajouri Garden,5.4,23,High,54,283.14,37.14,Delivered,3,UPI,New
FD001964,2025-08-04,South Bowl,Fast Food,Noida Sec 62,1.0,22,High,33,1772.16,23.63,Delivered,1,Wallet,New
FD001965,2025-04-29,Cafe Metro,Fast Food,Rajouri Garden,2.7,24,Medium,41,1261.23,32.21,Delivered,5,Wallet,New
FD001966,2026-06-02,Tandoori Tales,Fast Food,Mayur Vihar,4.0,25,Low,30,700.48,34.38,Delivered,,Wallet,Returning
FD001967,2025-05-04,Urban Tadka,Healthy,Mayur Vihar,3.2,16,Low,15,1312.55,37.34,Delivered,3,Card,New
FD001968,2025-11-20,Tandoori Tales,Biryani,Mayur Vihar,3.1,30,Medium,45,402.11,25.53,Delivered,4,COD,New
FD001969,2026-03-03,Urban Tadka,Pizza,Connaught Place,7.7,35,High,59,1652.33,49.71,Delivered,2,Card,New
FD001970,2025-07-23,Pizza Corner,Biryani,Gurugram Cyber City,12.0,10,Low,33,1190.85,58.2,Delivered,,UPI,Returning
FD001971,2026-04-17,Biryani Hub,Desserts,Noida Sec 62,11.5,22,High,60,940.84,55.77,Refunded,,Card,Returning
FD001972,2026-07-08,Tandoori Tales,Healthy,Noida Sec 62,17.9,26,Low,59,1793.45,70.02,Delivered,2,Wallet,Returning
FD001973,2026-05-06,Urban Tadka,Biryani,Dwarka,5.1,13,Low,14,1009.87,37.83,Delivered,,Card,New
FD001974,2026-07-23,Pizza Corner,Biryani,Lajpat Nagar,15.0,30,High,73,420.99,65.59,Delivered,3,COD,New
FD001975,2025-07-23,Delhi Zaika,Pizza,Gurugram Cyber City,13.2,14,High,53,498.34,64.33,Delivered,1,COD,Returning
FD001976,2025-05-09,Cafe Metro,Chinese,Rajouri Garden,17.2,10,Low,35,1631.71,73.09,Delivered,4,COD,Returning
FD001977,2025-12-16,South Bowl,Chinese,Connaught Place,14.0,22,Low,43,586.33,69.71,Delivered,1,UPI,Returning
FD001978,2025-09-18,Curry House,Desserts,Gurugram Cyber City,9.9,10,High,36,1301.7,53.11,Delivered,3,COD,New
FD001979,2025-01-08,Healthy Bites,Pizza,Noida Sec 62,2.5,26,High,41,310.66,34.64,Delivered,5,Card,New
FD001980,2025-02-20,Delhi Zaika,Desserts,Gurugram Cyber City,4.5,14,High,41,178.66,38.6,Delivered,3,UPI,Returning
FD001981,2025-10-16,Delhi Zaika,North Indian,Nehru Place,4.5,10,High,32,546.96,35.05,Delivered,,Card,New
FD001982,2025-02-11,Noodle Street,Biryani,Noida Sec 62,8.2,22,High,53,456.56,54.43,Delivered,1,Card,New
FD001983,2025-08-12,Healthy Bites,Chinese,Saket,10.5,20,Low,43,795.5,59.42,Delivered,,Card,New
FD001984,2025-02-27,Delhi Zaika,Healthy,Rohini,11.7,8,Medium,38,1298.74,61.0,Delivered,3,COD,New
FD001985,2026-08-22,Biryani Hub,Chinese,Gurugram Cyber City,6.5,8,Low,21,163.91,44.29,Delivered,2,Wallet,Returning
FD001986,2026-03-17,Burger Yard,Desserts,Rohini,3.4,34,High,49,817.9,37.21,Delivered,5,UPI,Returning
FD001987,2025-09-09,Cafe Metro,Desserts,Noida Sec 62,8.5,21,High,57,1047.47,48.2,Delivered,3,UPI,New
FD001988,2025-06-05,Urban Tadka,Healthy,Gurugram Cyber City,5.1,28,Low,39,549.46,41.18,Delivered,3,Wallet,New
FD001989,2026-02-05,Curry House,Chinese,Rajouri Garden,9.6,18,Medium,42,606.78,52.04,Delivered,2,Wallet,New
FD001990,2025-03-03,Healthy Bites,Fast Food,Noida Sec 62,9.9,21,Low,41,1439.37,54.7,Delivered,5,COD,New
FD001991,2025-01-17,Tandoori Tales,North Indian,Saket,1.5,34,High,56,635.33,20.84,Cancelled,,Card,Returning
FD001992,2025-02-08,Cafe Metro,Desserts,Lajpat Nagar,9.6,13,Low,35,636.0,44.77,Delivered,3,Wallet,New
FD001993,2025-01-08,Cafe Metro,North Indian,Gurugram Cyber City,7.5,9,High,36,1710.76,41.59,Cancelled,,UPI,New
FD001994,2025-01-17,Delhi Zaika,Biryani,Rohini,3.1,22,High,37,554.66,35.21,Delivered,5,Wallet,New
FD001995,2026-07-04,Cafe Metro,Healthy,Saket,8.4,19,High,49,1426.56,52.46,Delivered,5,Wallet,New
FD001996,2025-03-28,Delhi Zaika,South Indian,Dwarka,7.5,22,High,54,1148.42,39.16,Delivered,5,UPI,Returning
FD001997,2026-01-21,Spice Route,North Indian,Saket,10.4,21,High,48,1381.04,48.18,Delivered,5,UPI,New
FD001998,2025-04-20,Biryani Hub,Pizza,Rohini,7.2,33,High,61,160.89,48.46,Delivered,1,Wallet,New
FD001999,2025-01-30,Noodle Street,Fast Food,Lajpat Nagar,8.7,19,High,53,604.33,55.14,Delivered,3,Card,New
FD002000,2025-10-31,Curry House,South Indian,Nehru Place,17.4,22,Medium,53,347.44,81.76,Delivered,4,Wallet,New
