Order_ID,Order_Date,Customer_ID,City,Category,Product,Quantity,Unit_Price,Discount_Pct,Sales,Cost,Profit,Channel,Payment_Mode,Returned
R00001,2025-02-02,C0474,Jaipur,Fashion,T-Shirt,2,5217.86,0.1,9392.15,7880.02,1512.13,Online,Cash,Yes
R00002,2025-06-27,C0214,Kolkata,Electronics,Headphones,2,5082.03,0.15,8639.45,4816.51,3822.94,Online,Card,No
R00003,2025-12-23,C0519,Delhi,Home,Bottle,6,2053.18,0.1,11087.17,6103.16,4984.01,Online,Card,No
R00004,2026-01-06,C0332,Hyderabad,Electronics,Power Bank,4,4983.19,0.2,15946.21,12246.04,3700.17,Online,Card,No
R00005,2026-07-04,C0017,Noida,Electronics,Power Bank,5,2051.83,0.2,8207.32,6877.01,1330.31,Store,Card,No
R00006,2025-04-10,C0164,Pune,Beauty,Face Wash,5,4206.56,0,21032.8,16501.65,4531.15,Store,UPI,No
R00007,2025-09-22,C0021,Mumbai,Fashion,Shoes,6,1565.16,0,9390.96,7467.25,1923.71,Store,UPI,No
R00008,2025-05-26,C0493,Noida,Home,Lamp,5,789.07,0.1,3550.82,2348.82,1202.0,Store,Wallet,Yes
R00009,2025-11-01,C0247,Bengaluru,Beauty,Face Wash,4,5105.62,0.1,18380.23,11088.51,7291.72,Online,UPI,No
R00010,2025-01-19,C0491,Pune,Fashion,T-Shirt,1,2653.55,0.1,2388.2,1761.27,626.93,Online,Wallet,Yes
R00011,2025-06-07,C0392,Noida,Home,Lamp,6,4187.53,0.05,23868.92,20074.74,3794.18,Online,Wallet,No
R00012,2025-06-02,C0232,Noida,Beauty,Sunscreen,3,4164.28,0,12492.84,10464.94,2027.9,Store,Wallet,No
R00013,2025-06-06,C0248,Jaipur,Beauty,Serum,3,4842.67,0.15,12348.81,8915.91,3432.9,Store,Card,No
R00014,2026-07-24,C0051,Bengaluru,Beauty,Face Wash,5,826.11,0.15,3510.97,2116.24,1394.73,Online,UPI,No
R00015,2025-08-19,C0162,Kolkata,Beauty,Perfume,1,5435.62,0,5435.62,3773.77,1661.85,Online,Card,Yes
R00016,2025-08-17,C0108,Noida,Fashion,Jacket,4,2886.63,0.1,10391.87,6678.99,3712.88,Online,Cash,No
R00017,2025-05-17,C0072,Chennai,Fashion,Backpack,3,4703.02,0,14109.06,11022.12,3086.94,Online,Cash,Yes
R00018,2026-04-13,C0313,Noida,Home,Mixer,5,1751.75,0.1,7882.88,6503.76,1379.12,Store,Wallet,No
R00019,2026-01-24,C0444,Mumbai,Home,Bedsheet,6,4087.56,0.1,22072.82,18301.07,3771.75,Store,UPI,Yes
R00020,2026-08-23,C0007,Kolkata,Beauty,Serum,5,4829.7,0.15,20526.22,14879.32,5646.9,Store,UPI,Yes
R00021,2025-03-24,C0425,Chennai,Fashion,Backpack,3,372.88,0.2,894.91,639.48,255.43,Store,UPI,Yes
R00022,2025-01-25,C0216,Pune,Fashion,Jacket,3,3032.19,0.2,7277.26,4780.34,2496.92,Store,Cash,No
R00023,2025-10-17,C0308,Chennai,Fashion,Backpack,6,3369.69,0,20218.14,12229.23,7988.91,Store,Wallet,No
R00024,2025-04-02,C0322,Kolkata,Home,Cookware,2,2666.89,0.15,4533.71,3296.17,1237.54,Online,Card,No
R00025,2025-04-19,C0070,Jaipur,Home,Bottle,5,2001.81,0,10009.05,7152.5,2856.55,Online,Wallet,Yes
R00026,2025-04-13,C0317,Kolkata,Electronics,Headphones,6,3579.33,0,21475.98,15043.22,6432.76,Online,Wallet,No
R00027,2025-02-05,C0322,Kolkata,Electronics,Keyboard,6,4548.23,0.2,21831.5,13150.26,8681.24,Store,Cash,No
R00028,2025-12-19,C0514,Kolkata,Fashion,T-Shirt,3,3809.06,0.1,10284.46,6009.63,4274.83,Online,Card,Yes
R00029,2025-01-20,C0031,Hyderabad,Electronics,Mouse,3,907.79,0,2723.37,1908.82,814.55,Online,Wallet,Yes
R00030,2025-07-18,C0031,Mumbai,Home,Bottle,5,2821.29,0,14106.45,10700.9,3405.55,Online,Wallet,No
R00031,2025-11-22,C0245,Delhi,Beauty,Perfume,4,1176.53,0.2,3764.9,2573.95,1190.95,Store,Wallet,No
R00032,2025-08-12,C0031,Chennai,Beauty,Shampoo,2,2667.87,0.15,4535.38,3695.38,840.0,Online,Cash,No
R00033,2025-11-16,C0468,Kolkata,Home,Bedsheet,1,2293.54,0.05,2178.86,1746.43,432.43,Store,Card,No
R00034,2026-07-21,C0455,Gurugram,Home,Cookware,6,2529.13,0,15174.78,9646.08,5528.7,Online,Cash,Yes
R00035,2025-11-06,C0386,Gurugram,Home,Cookware,3,2561.75,0.1,6916.73,5555.0,1361.73,Store,Wallet,No
R00036,2025-08-16,C0220,Pune,Home,Mixer,5,3974.4,0.05,18878.4,11810.07,7068.33,Store,UPI,No
R00037,2025-08-06,C0389,Mumbai,Beauty,Shampoo,4,5418.72,0.15,18423.65,10608.96,7814.69,Online,Wallet,No
R00038,2026-04-21,C0411,Kolkata,Electronics,Keyboard,6,5136.76,0,30820.56,18067.06,12753.5,Online,UPI,No
R00039,2025-10-11,C0316,Mumbai,Fashion,Shoes,2,3576.69,0.15,6080.37,4755.94,1324.43,Store,UPI,Yes
R00040,2026-05-08,C0369,Noida,Beauty,Perfume,1,5068.78,0,5068.78,3003.69,2065.09,Store,Wallet,No
R00041,2025-01-19,C0483,Pune,Electronics,Mouse,3,3726.87,0.15,9503.52,6028.16,3475.36,Store,Wallet,No
R00042,2026-06-03,C0288,Hyderabad,Electronics,Power Bank,4,2077.66,0.2,6648.51,4541.45,2107.06,Online,Card,No
R00043,2025-11-10,C0303,Bengaluru,Electronics,Smartwatch,3,1902.85,0,5708.55,3255.08,2453.47,Store,Wallet,Yes
R00044,2025-07-15,C0412,Chennai,Fashion,T-Shirt,1,1950.59,0.1,1755.53,1303.9,451.63,Store,Card,Yes
R00045,2026-07-11,C0282,Delhi,Fashion,Jacket,5,1664.98,0.2,6659.92,4895.45,1764.47,Online,Card,No
R00046,2026-08-08,C0353,Bengaluru,Beauty,Sunscreen,3,3108.38,0,9325.14,6012.92,3312.22,Store,Cash,No
R00047,2025-03-17,C0136,Mumbai,Beauty,Face Wash,1,673.16,0.1,605.84,424.3,181.54,Store,Cash,No
R00048,2026-05-15,C0072,Mumbai,Fashion,Shoes,2,4259.41,0.05,8092.88,6683.47,1409.41,Store,Cash,No
R00049,2025-10-09,C0061,Chennai,Fashion,Jacket,5,1463.16,0,7315.8,4469.72,2846.08,Online,Card,Yes
R00050,2025-12-09,C0325,Gurugram,Electronics,Smartwatch,5,3580.34,0.05,17006.62,9408.42,7598.2,Online,Cash,No
R00051,2026-06-04,C0141,Noida,Home,Lamp,2,704.41,0.05,1338.38,1009.79,328.59,Store,UPI,No
R00052,2026-01-03,C0182,Mumbai,Electronics,Headphones,3,1598.03,0,4794.09,3430.62,1363.47,Online,UPI,Yes
R00053,2025-03-08,C0061,Pune,Fashion,Shoes,5,608.67,0,3043.35,1881.83,1161.52,Store,Cash,No
R00054,2025-03-29,C0065,Noida,Beauty,Perfume,5,3776.61,0,18883.05,13549.22,5333.83,Store,UPI,No
R00055,2026-04-24,C0326,Mumbai,Fashion,Jeans,4,1694.67,0.1,6100.81,4844.4,1256.41,Online,Cash,Yes
R00056,2025-01-19,C0232,Bengaluru,Home,Lamp,6,2005.05,0.15,10225.75,7841.07,2384.68,Store,Wallet,No
R00057,2025-12-26,C0384,Bengaluru,Electronics,Mouse,5,1525.67,0.15,6484.1,4550.62,1933.48,Online,UPI,Yes
R00058,2026-04-20,C0121,mumbai,Home,Bedsheet,6,623.85,0.15,3181.64,2399.29,782.35,Store,Wallet,No
R00059,2025-01-30,C0171,Bengaluru,Beauty ,Sunscreen,5,3407.65,0.05,16186.34,9094.39,7091.95,Online,UPI,No
R00060,2025-12-23,C0305,Pune,Electronics,Keyboard,5,3088.11,0.05,14668.52,8948.8,5719.72,Online,Cash,No
R00061,2026-04-20,C0106,Bengaluru,Home,Bedsheet,1,5035.81,0.1,4532.23,2947.75,1584.48,Online,Cash,No
R00062,2025-10-09,C0164,Mumbai,Home,Lamp,4,1584.11,0.2,5069.15,3937.63,1131.52,Online,Wallet,No
R00063,2026-08-23,C0348,Kolkata,Electronics,Keyboard,5,207.01,0,1035.05,638.48,396.57,Online,Cash,No
R00064,2025-08-13,C0458,Chennai,Home,Bottle,3,1793.17,0.1,4841.56,3432.19,1409.37,Store,UPI,Yes
R00065,2026-05-10,C0360,Chennai,Fashion,Jacket,1,2387.28,0.05,2267.92,1786.51,481.41,Store,Card,No
R00066,2026-08-03,C0515,Noida,Home,Cookware,2,4405.73,0.05,8370.89,5509.85,2861.04,Online,UPI,Yes
R00067,2025-09-18,C0226,Pune,Electronics,Mouse,6,892.28,0.15,4550.63,3820.24,730.39,Online,UPI,No
R00068,2025-08-23,C0459,Jaipur,Beauty,Serum,2,827.83,0.1,1490.09,1105.53,384.56,Online,Cash,No
R00069,2025-12-25,C0203,Jaipur,Home,Cookware,2,1245.23,0,2490.46,1582.83,907.63,Store,Cash,No
R00070,2026-03-03,C0261,Mumbai,Beauty,Perfume,4,3302.94,0,13211.76,9886.8,3324.96,Store,UPI,Yes
R00071,2025-08-10,C0137,Hyderabad,Home,Bedsheet,2,493.22,0.05,937.12,653.37,283.75,Online,Cash,No
R00072,2026-07-30,C0393,Pune,Fashion,Backpack,1,4283.94,0.15,3641.35,2340.5,1300.85,Online,UPI,Yes
R00073,2026-06-29,C0277,Chennai,Beauty,Perfume,6,640.84,0,3845.04,3218.8,626.24,Online,Card,No
R00074,2025-01-21,C0046,Gurugram,Electronics,Smartwatch,2,491.42,0.05,933.7,641.91,291.79,Store,Card,No
R00075,2025-01-16,C0097,Mumbai,Home,Bedsheet,6,1901.1,0,11406.6,7113.88,4292.72,Online,Card,Yes
R00076,2025-01-03,C0122,pune,Home,Cookware,5,1847.34,0,9236.7,5171.65,4065.05,Online,Cash,Yes
R00077,2025-01-09,C0407,Mumbai,Electronics,Mouse,3,3201.25,0.1,8643.38,7058.61,1584.77,Online,Cash,No
R00078,2025-06-30,C0476,Jaipur,Beauty,Serum,1,2661.67,0.05,2528.59,1390.94,1137.65,Online,Wallet,No
R00079,2025-12-27,C0210,Jaipur,Fashion,Backpack,1,4684.86,0.15,3982.13,3050.81,931.32,Online,Card,No
R00080,2025-11-01,C0101,Chennai,Fashion,T-Shirt,2,1983.41,0,3966.82,2998.55,968.27,Online,Cash,Yes
R00081,2025-02-17,C0269,Mumbai,Electronics,Mouse,5,2376.72,0.15,10101.06,7964.25,2136.81,Store,Wallet,No
R00082,2025-04-08,C0118,Chennai,Electronics,Keyboard,2,235.14,0.2,376.22,220.12,156.1,Store,UPI,No
R00083,2025-05-17,C0251,Jaipur,Fashion,Jacket,3,2801.11,0,8403.33,6852.59,1550.74,Store,Cash,No
R00084,2026-06-02,C0211,Jaipur,Beauty,Face Wash,1,4059.47,0,4059.47,2977.32,1082.15,Store,Card,No
R00085,2025-03-27,C0324,Bengaluru,Fashion,Jeans,4,3620.75,0.1,13034.7,10029.38,3005.32,Online,Wallet,No
R00086,2026-02-12,C0277,Noida,Fashion,Shoes,6,5011.4,0.1,27061.56,18833.85,8227.71,Store,UPI,No
R00087,2026-07-14,C0466,Gurugram,Electronics,Smartwatch,2,689.85,0.2,1103.76,665.26,438.5,Online,Wallet,No
R00088,2026-03-13,C0447,Delhi,Home,Bedsheet,5,1646.66,0,8233.3,5023.17,3210.13,Online,Card,No
R00089,2025-11-26,C0357,Jaipur,Electronics,Keyboard,3,1056.52,0.05,3011.08,2180.41,830.67,Store,Cash,No
R00090,2026-05-10,C0082,Kolkata,Beauty,Serum,4,1314.56,0.2,4206.59,3096.1,1110.49,Online,Cash,No
R00091,2025-09-21,C0303,Mumbai,Beauty,Shampoo,6,5030.32,0.15,25654.63,20895.69,4758.94,Store,UPI,No
R00092,2025-03-09,C0206,Jaipur,Beauty,Perfume,6,4927.67,0.2,23652.82,13221.6,10431.22,Store,Cash,No
R00093,2025-02-03,C0452,Hyderabad,Home,Mixer,6,3277.51,0.1,17698.55,10350.26,7348.29,Store,Wallet,No
R00094,2026-08-31,C0364,Delhi,Fashion,Jeans,4,3373.84,0.15,11471.06,6381.73,5089.33,Online,Cash,Yes
R00095,2025-02-19,C0228,Gurugram,Beauty,Shampoo,3,5328.02,0.1,14385.65,8386.96,5998.69,Store,Card,Yes
R00096,2025-06-05,C0183,Jaipur,Electronics,Smartwatch,2,3094.36,0.05,5879.28,4617.26,1262.02,Online,Card,No
R00097,2026-06-17,C0277,Bengaluru,Fashion,Jacket,6,2146.98,0.15,10949.6,8209.91,2739.69,Online,Card,Yes
R00098,2025-05-16,C0256,Kolkata,Fashion,Shoes,2,1649.57,0.1,2969.23,2252.96,716.27,Store,Wallet,No
R00099,2026-08-18,C0149,Bengaluru,Beauty,Shampoo,1,4337.92,0.1,3904.13,2370.14,1533.99,Store,Cash,Yes
R00100,2026-06-02,C0245,Noida,Fashion,Shoes,4,2620.3,0.05,9957.14,7937.07,2020.07,Online,Cash,No
R00101,2025-10-01,C0168,kolkata,Home,Bedsheet,3,1098.85,0.05,3131.72,2655.78,475.94,Online,Wallet,No
R00102,2025-05-20,C0456,Jaipur,Beauty,Shampoo,5,3613.23,0,18066.15,11075.6,6990.55,Online,Cash,No
R00103,2025-01-02,C0397,Noida,Home,Mixer,3,1599.25,0,4797.75,2919.04,1878.71,Online,Wallet,Yes
R00104,2025-11-12,C0148,Jaipur,Electronics,Headphones,4,3516.15,0.2,11251.68,9311.66,1940.02,Store,Cash,No
R00105,2025-07-16,C0471,Hyderabad,Electronics,Smartwatch,2,2318.26,0,4636.52,3566.5,1070.02,Online,Card,Yes
R00106,2025-12-01,C0031,Kolkata,Fashion,Shoes,1,2526.02,0.2,2020.82,1529.53,491.29,Store,Wallet,No
R00107,2026-05-03,C0340,Noida,Fashion,Backpack,2,2903.88,0.1,5226.98,3435.87,1791.11,Store,UPI,No
R00108,2025-01-08,C0353,Hyderabad,Home,Lamp,4,5048.96,0.15,17166.46,12576.42,4590.04,Online,UPI,Yes
R00109,2025-09-22,C0158,Mumbai,Home,Cookware,6,5138.99,0.15,26208.85,14891.25,11317.6,Store,Cash,Yes
R00110,2025-07-15,C0406,Delhi,Electronics,Mouse,6,4482.52,0.15,22860.85,17298.02,5562.83,Online,Cash,No
R00111,2025-12-27,C0216,Hyderabad,Electronics,Power Bank,4,2473.81,0.1,8905.72,6630.27,2275.45,Store,UPI,Yes
R00112,2025-06-13,C0312,Chennai,Fashion,Backpack,6,319.71,0.05,1822.35,1506.68,315.67,Store,Cash,No
R00113,2026-01-31,C0402,Noida,Electronics,Headphones,3,1765.45,0.1,4766.72,2769.13,1997.59,Online,Card,Yes
R00114,2026-05-01,C0091,Pune,Beauty,Perfume,6,4535.54,0.1,24491.92,14050.67,10441.25,Store,Cash,No
R00115,2025-07-10,C0023,Bengaluru,Home,Mixer,3,5094.63,0.05,14519.7,8484.61,6035.09,Online,Cash,No
R00116,2025-05-08,C0063,Pune,Fashion,T-Shirt,3,3612.32,0,10836.96,8145.27,2691.69,Store,Card,Yes
R00117,2025-04-08,C0255,Pune,Fashion,Jacket,3,5297.78,0.1,14304.01,11024.7,3279.31,Store,Cash,No
R00118,2025-11-09,C0497,Jaipur,Home,Mixer,5,4506.37,0.05,21405.26,16951.72,4453.54,Online,Cash,No
R00119,2026-07-17,C0402,Hyderabad,Electronics,Mouse,4,506.86,0,2027.44,1635.53,391.91,Store,UPI,Yes
R00120,2026-05-02,C0065,Chennai,Fashion,Jeans,3,4807.89,0.1,12981.3,7424.0,5557.3,Store,Cash,No
R00121,2026-01-24,C0518,Mumbai,Fashion,Jacket,4,4125.57,0.05,15677.17,8891.47,6785.7,Store,Cash,No
R00122,2026-01-08,C0094,Chennai,Fashion,T-Shirt,4,2834.26,0.15,9636.48,6720.78,2915.7,Online,Cash,No
R00123,2026-04-26,C0195,Jaipur,Home,Cookware,2,340.87,0.15,579.48,384.98,194.5,Online,Card,Yes
R00124,2025-10-25,C0090,Jaipur,Home,Bottle,3,4487.09,0,13461.27,10222.37,3238.9,Online,UPI,Yes
R00125,2025-01-03,C0227,Kolkata,Home,Bottle,4,2637.57,0.1,9495.25,7506.27,1988.98,Online,UPI,No
R00126,2026-02-26,C0175,Chennai,Beauty,Face Wash,2,1970.68,0.2,3153.09,1896.57,1256.52,Store,Cash,No
R00127,2026-05-11,C0330,Kolkata,Beauty,Face Wash,1,4267.52,0,4267.52,2939.3,1328.22,Store,Cash,No
R00128,2026-02-12,C0482,Jaipur,Beauty,Face Wash,5,2443.24,0,12216.2,8284.21,3931.99,Store,Card,Yes
R00129,2025-12-18,C0075,Noida,Beauty,Shampoo,6,5316.19,0.2,25517.71,21106.79,4410.92,Store,Wallet,No
R00130,2025-10-26,C0404,Bengaluru,Electronics,Headphones,4,821.69,0,3286.76,2298.71,988.05,Online,UPI,No
R00131,2025-01-22,C0294,Pune,Home,Bedsheet,2,853.98,0,1707.96,1238.69,469.27,Store,Cash,Yes
R00132,2026-07-13,C0233,Noida,Beauty,Serum,4,2095.58,0.05,7963.2,6489.46,1473.74,Store,UPI,No
R00133,2026-07-14,C0061,Noida,Home,Lamp,5,4089.26,0,20446.3,15177.42,5268.88,Store,Cash,No
R00134,2025-06-30,C0397,Jaipur,Beauty,Sunscreen,4,658.49,0,2633.96,1471.08,1162.88,Online,UPI,No
R00135,2025-05-31,C0124,Hyderabad,Fashion,T-Shirt,1,1370.14,0.05,1301.63,954.09,347.54,Online,UPI,No
R00136,2025-05-04,C0507,Gurugram,Fashion,Jeans,4,545.64,0.2,1746.05,1268.51,477.54,Online,Cash,No
R00137,2026-07-15,C0496,Noida,Electronics,Mouse,3,4690.86,0.05,13368.95,7582.01,5786.94,Online,Wallet,No
R00138,2025-10-03,C0213,Gurugram,Home,Cookware,6,605.09,0.15,3085.96,2003.61,1082.35,Online,UPI,No
R00139,2026-01-13,C0072,Bengaluru,Home,Bedsheet,3,1304.32,0.1,3521.66,2063.18,1458.48,Store,Cash,No
R00140,2025-12-03,C0140,Delhi,Beauty,Sunscreen,4,4538.24,0.2,14522.37,9355.03,5167.34,Online,Wallet,No
R00141,2026-01-12,C0156,Bengaluru,Electronics ,Headphones,1,3181.58,0.05,3022.5,2046.34,976.16,Online,Wallet,No
R00142,2025-05-19,C0449,Mumbai,Fashion,T-Shirt,1,1023.75,0.15,870.19,586.96,283.23,Online,Wallet,Yes
R00143,2025-02-06,C0172,Delhi,Home,Bottle,5,4948.65,0,24743.25,15570.55,9172.7,Online,Cash,No
R00144,2025-02-22,C0406,Mumbai,Electronics,Smartwatch,2,3129.74,0.15,5320.56,3525.06,1795.5,Store,Cash,No
R00145,2026-06-14,C0166,Hyderabad,Beauty,Serum,2,4424.87,0.15,7522.28,4536.16,2986.12,Online,Wallet,Yes
R00146,2026-05-03,C0439,Noida,Electronics,Headphones,6,1597.63,0.2,7668.62,5548.71,2119.91,Online,UPI,No
R00147,2026-07-23,C0339,Hyderabad,Electronics,Headphones,2,187.29,0,374.58,283.88,90.7,Store,UPI,No
R00148,2026-02-19,C0135,Mumbai,Home,Mixer,5,3877.89,0.2,15511.56,10749.89,4761.67,Store,Wallet,Yes
R00149,2026-05-08,C0390,Delhi,Electronics,Keyboard,4,4334.09,0.15,14735.91,8338.9,6397.01,Store,Card,No
R00150,2025-07-31,C0413,Mumbai,Home,Bedsheet,4,2515.33,0.1,9055.19,5166.05,3889.14,Online,Card,No
R00151,2025-07-26,C0491,Mumbai,Home,Bedsheet,5,2847.18,0,14235.9,10717.74,3518.16,Online,Card,No
R00152,2025-04-08,C0082,Hyderabad,Beauty,Face Wash,2,445.12,0.1,801.22,469.97,331.25,Store,UPI,No
R00153,2025-01-02,C0012,Bengaluru,Fashion,Jacket,1,1537.26,0.2,1229.81,738.64,491.17,Online,Wallet,No
R00154,2026-01-26,C0198,Gurugram,Beauty,Perfume,3,4325.7,0.15,11030.53,8543.88,2486.65,Online,Card,No
R00155,2025-04-12,C0393,Bengaluru,Home,Mixer,4,1060.43,0.2,3393.38,2036.51,1356.87,Store,Wallet,No
R00156,2025-05-01,C0257,Pune,Fashion,T-Shirt,4,5193.74,0.05,19736.21,14152.79,5583.42,Online,Cash,No
R00157,2025-12-14,C0514,Mumbai,Beauty,Shampoo,5,5244.6,0,26223.0,15849.58,10373.42,Online,Cash,No
R00158,2025-12-03,C0443,Pune,Beauty,Perfume,3,4857.17,0.1,13114.36,9959.4,3154.96,Online,Card,No
R00159,2026-03-16,C0447,Bengaluru,Fashion,Jacket,4,3255.65,0.2,10418.08,6048.12,4369.96,Store,Cash,No
R00160,2025-03-12,C0420,Hyderabad,Electronics,Mouse,5,2735.78,0,13678.9,7708.48,5970.42,Online,Wallet,No
R00161,2026-03-17,C0023,Jaipur,Beauty,Shampoo,5,283.37,0.15,1204.32,1004.68,199.64,Online,UPI,No
R00162,2026-04-18,C0231,Pune,Fashion,Backpack,3,2815.59,0.1,7602.09,6263.6,1338.49,Store,Wallet,No
R00163,2025-10-15,C0405,Bengaluru,Electronics,Mouse,4,3683.49,0.2,11787.17,8781.1,3006.07,Online,Cash,No
R00164,2025-07-16,C0115,Chennai,Home,Cookware,6,2550.95,0.05,14540.41,10611.59,3928.82,Online,Card,Yes
R00165,2025-07-20,C0258,Delhi,Electronics,Smartwatch,2,5300.96,0.1,9541.73,7744.51,1797.22,Store,Card,Yes
R00166,2025-01-09,C0115,Chennai,Fashion,Jacket,1,1140.78,0.05,1083.74,769.91,313.83,Online,UPI,No
R00167,2026-04-19,C0277,Kolkata,Home,Mixer,6,3481.5,0.1,18800.1,14914.48,3885.62,Store,UPI,No
R00168,2026-08-01,C0361,Kolkata,Fashion,Shoes,1,583.07,0.15,495.61,360.14,135.47,Online,Wallet,Yes
R00169,2025-03-09,C0322,Hyderabad,Fashion,Shoes,6,907.35,0.05,5171.9,3585.25,1586.65,Store,Wallet,No
R00170,2025-06-17,C0379,Kolkata,Home ,Cookware,1,3561.82,0.2,2849.46,1928.0,921.46,Store,Card,No
R00171,2026-03-02,C0033,Kolkata,Fashion,Shoes,5,1997.94,0.05,9490.22,5746.72,3743.5,Store,UPI,Yes
R00172,2026-01-19,C0299,Mumbai,Home,Bottle,3,4466.71,0.2,10720.1,6539.35,4180.75,Online,Card,Yes
R00173,2025-09-17,C0405,Delhi,Fashion,Backpack,6,769.95,0.1,4157.73,3035.38,1122.35,Store,Cash,No
R00174,2026-08-22,C0118,Jaipur,Fashion,Backpack,6,1413.38,0,8480.28,4962.77,3517.51,Online,Wallet,No
R00175,2025-08-06,C0274,Mumbai,Home,Bottle,2,3220.68,0,6441.36,5399.44,1041.92,Store,Card,Yes
R00176,2025-12-23,C0017,Chennai,Fashion,Jacket,2,2424.4,0.15,4121.48,2968.23,1153.25,Online,Wallet,No
R00177,2026-02-04,C0261,Mumbai,Electronics,Keyboard,5,5379.14,0.1,24206.13,19338.13,4868.0,Store,Cash,No
R00178,2025-11-09,C0328,Mumbai,Electronics,Keyboard,2,5028.86,0.05,9554.83,6813.85,2740.98,Online,UPI,Yes
R00179,2026-04-06,C0396,Hyderabad,Home,Bedsheet,4,3797.82,0.1,13672.15,8434.6,5237.55,Online,Wallet,Yes
R00180,2026-05-15,C0295,Hyderabad,Fashion,Shoes,2,1855.21,0.2,2968.34,2096.44,871.9,Online,Cash,No
R00181,2026-03-17,C0149,Pune,Electronics,Smartwatch,4,1600.32,0,6401.28,3822.13,2579.15,Online,UPI,No
R00182,2025-01-05,C0046,Bengaluru,Electronics,Mouse,3,2467.96,0.2,5923.1,3676.0,2247.1,Store,UPI,No
R00183,2026-04-16,C0041,Chennai,Electronics,Keyboard,6,3475.22,0.2,16681.06,13012.89,3668.17,Online,Cash,No
R00184,2026-07-15,C0183,Jaipur,Home,Cookware,6,1408.58,0.1,7606.33,6194.66,1411.67,Online,Card,No
R00185,2025-05-19,C0250,Delhi,Fashion,Jeans,4,4544.11,0,18176.44,13505.84,4670.6,Online,Wallet,No
R00186,2025-03-11,C0390,Gurugram,Fashion,Backpack,2,3485.48,0.1,6273.86,4334.69,1939.17,Store,UPI,No
R00187,2025-07-26,C0332,Noida,Electronics,Headphones,3,5093.06,0,15279.18,12215.22,3063.96,Online,Wallet,No
R00188,2026-06-28,C0078,Hyderabad,Fashion,Jacket,4,4103.21,0.05,15592.2,8980.21,6611.99,Store,Cash,No
R00189,2026-02-20,C0315,Jaipur,Fashion,Shoes,5,1432.43,0.2,5729.72,4081.49,1648.23,Online,UPI,Yes
R00190,2026-03-20,C0226,chennai,Home,Cookware,1,5224.6,0.05,4963.37,2751.32,2212.05,Online,Wallet,No
R00191,2025-02-26,C0034,Hyderabad,Home,Mixer,3,4444.45,0.2,10666.68,8491.14,2175.54,Store,UPI,No
R00192,2026-06-10,C0239,Noida,Beauty,Perfume,2,4510.42,0,9020.84,5988.01,3032.83,Online,Card,No
R00193,2025-05-16,C0427,Gurugram,Electronics,Headphones,3,2192.77,0.15,5591.56,3418.17,2173.39,Online,UPI,Yes
R00194,2025-02-21,C0297,Bengaluru,Electronics,Mouse,2,3663.54,0,7327.08,5688.12,1638.96,Online,Cash,Yes
R00195,2026-07-24,C0389,Mumbai,Fashion,Backpack,5,1095.69,0.1,4930.61,2958.87,1971.74,Online,Card,No
R00196,2025-01-30,C0374,Mumbai,Beauty,Perfume,3,4881.36,0,14644.08,12214.68,2429.4,Online,Card,No
R00197,2025-11-04,C0002,Pune,Home,Lamp,3,3212.48,0,9637.44,7225.89,2411.55,Store,Card,Yes
R00198,2026-05-24,C0207,Mumbai,Fashion,Jacket,2,1310.42,0.2,2096.67,1275.78,820.89,Online,Card,No
R00199,2025-03-29,C0128,Gurugram,Fashion,T-Shirt,3,4914.47,0,14743.41,9529.8,5213.61,Online,Card,No
R00200,2026-07-10,C0038,Pune,Home,Mixer,3,4084.56,0.1,11028.31,8133.67,2894.64,Store,UPI,No
R00201,2025-07-25,C0292,Bengaluru,Fashion,T-Shirt,3,5086.86,0.2,12208.46,9203.1,3005.36,Online,Cash,No
R00202,2025-09-24,C0477,Hyderabad,Beauty,Sunscreen,2,2769.17,0,5538.34,3250.57,2287.77,Store,Cash,No
R00203,2025-08-14,C0080,Delhi,Electronics,Mouse,6,4709.26,0,28255.56,17230.12,11025.44,Online,Cash,No
R00204,2025-03-12,C0509,Pune,Electronics,Mouse,4,649.32,0.1,2337.55,1312.95,1024.6,Online,Cash,No
R00205,2026-05-02,C0011,Gurugram,Home,Mixer,3,494.37,0,1483.11,959.2,523.91,Online,Cash,Yes
R00206,2025-07-08,C0336,Bengaluru,Fashion,Backpack,3,4087.33,0.2,9809.59,6865.69,2943.9,Online,Cash,No
R00207,2025-05-05,C0177,Chennai,Beauty,Sunscreen,1,3583.67,0,3583.67,2338.28,1245.39,Online,Wallet,No
R00208,2025-07-08,C0427,Kolkata,Electronics,Power Bank,4,1106.24,0.1,3982.46,2904.5,1077.96,Store,Cash,No
R00209,2026-06-06,C0143,Delhi,Electronics,Power Bank,6,3375.0,0,20250.0,15533.24,4716.76,Online,UPI,Yes
R00210,2025-07-30,C0197,Jaipur,Beauty,Sunscreen,6,4544.66,0.1,24541.16,15719.57,8821.59,Online,UPI,No
R00211,2025-01-31,C0205,Gurugram,Fashion,Jeans,1,2647.62,0.2,2118.1,1740.14,377.96,Store,Cash,No
R00212,2025-10-17,C0405,Delhi,Fashion,Jeans,5,3172.36,0.2,12689.44,10221.91,2467.53,Store,UPI,Yes
R00213,2026-01-30,C0469,Mumbai,Beauty,Sunscreen,6,4021.76,0.05,22924.03,16562.04,6361.99,Online,Card,No
R00214,2026-02-03,C0510,Bengaluru,Fashion,Jeans,1,1327.51,0,1327.51,753.2,574.31,Store,Wallet,No
R00215,2025-02-22,C0336,Gurugram,Beauty,Serum,6,3932.3,0,23593.8,13624.32,9969.48,Store,Card,No
R00216,2026-01-17,C0272,Noida,Home,Mixer,4,3499.2,0.2,11197.44,7408.95,3788.49,Online,Card,No
R00217,2025-10-26,C0417,Jaipur,Beauty,Shampoo,3,1511.15,0.15,3853.43,3167.59,685.84,Online,Card,No
R00218,2025-06-03,C0302,Bengaluru,Fashion,Jeans,6,2086.37,0,12518.22,8282.05,4236.17,Store,UPI,Yes
R00219,2025-02-14,C0445,Bengaluru,Electronics,Power Bank,2,4144.51,0.1,7460.12,4276.16,3183.96,Online,Card,No
R00220,2026-02-18,C0382,Jaipur,Beauty,Sunscreen,2,5068.87,0,10137.74,6000.74,4137.0,Online,Cash,Yes
R00221,2025-09-15,C0430,Hyderabad,Beauty,Serum,4,5069.27,0.05,19263.23,11750.03,7513.2,Store,UPI,No
R00222,2025-09-22,C0216,Bengaluru,Electronics,Smartwatch,2,175.25,0.15,297.93,193.54,104.39,Store,Cash,No
R00223,2026-04-01,C0178,Kolkata,Beauty,Serum,5,4543.18,0,22715.9,15449.53,7266.37,Online,Cash,No
R00224,2025-08-10,C0407,Bengaluru,Beauty,Perfume,1,434.66,0.05,412.93,344.68,68.25,Online,Wallet,No
R00225,2025-04-02,C0252,Chennai,Fashion,Shoes,6,3219.01,0.2,15451.25,11349.81,4101.44,Online,UPI,No
R00226,2025-01-22,C0113,chennai,Electronics,Headphones,5,5318.09,0.2,21272.36,15004.63,6267.73,Online,Wallet,No
R00227,2025-08-22,C0237,Bengaluru,Fashion,Backpack,6,2811.82,0,16870.92,11838.73,5032.19,Online,Wallet,No
R00228,2025-01-19,C0073,Jaipur,Electronics,Smartwatch,5,2905.27,0.2,11621.08,7472.35,4148.73,Store,UPI,No
R00229,2025-07-15,C0272,Pune,Fashion,T-Shirt,6,1880.49,0,11282.94,8076.84,3206.1,Store,UPI,Yes
R00230,2026-07-20,C0092,Jaipur,Electronics,Keyboard,4,3643.06,0.2,11657.79,8196.55,3461.24,Store,UPI,Yes
R00231,2026-03-21,C0237,Pune,Home,Bottle,5,448.39,0.05,2129.85,1412.17,717.68,Online,Cash,No
R00232,2025-09-03,C0063,Bengaluru,Fashion,T-Shirt,2,4769.03,0.1,8584.25,5966.85,2617.4,Online,Cash,Yes
R00233,2025-01-22,C0259,Noida,Fashion,Jacket,5,3891.32,0,19456.6,12579.58,6877.02,Online,Wallet,No
R00234,2026-06-16,C0305,Chennai,Fashion,Backpack,1,2924.17,0.1,2631.75,2103.08,528.67,Online,Card,No
R00235,2025-12-18,C0493,Pune,Fashion,Shoes,6,2507.53,0.1,13540.66,8434.07,5106.59,Online,Wallet,No
R00236,2025-05-19,C0202,Delhi,Fashion,T-Shirt,3,3016.76,0,9050.28,5399.34,3650.94,Store,Wallet,Yes
R00237,2025-09-30,C0054,Pune,Electronics,Headphones,4,3635.96,0.2,11635.07,7246.23,4388.84,Online,Wallet,No
R00238,2026-08-31,C0322,Hyderabad,Beauty ,Face Wash,3,1814.19,0.05,5170.44,3530.77,1639.67,Store,Cash,No
R00239,2025-12-25,C0059,Noida,Fashion,Jacket,3,1518.01,0.05,4326.33,3611.66,714.67,Online,UPI,Yes
R00240,2026-04-10,C0117,Kolkata,Fashion,T-Shirt,4,3568.71,0.05,13561.1,8356.41,5204.69,Online,Wallet,No
R00241,2025-10-26,C0277,Chennai,Home,Lamp,2,1386.15,0,2772.3,2071.77,700.53,Online,Cash,No
R00242,2025-01-17,C0512,Noida,Beauty,Perfume,5,229.07,0.15,973.55,819.35,154.2,Online,UPI,No
R00243,2026-01-23,C0048,Delhi,Beauty,Sunscreen,2,2288.08,0.2,3660.93,2339.56,1321.37,Online,UPI,Yes
R00244,2026-04-24,C0133,Bengaluru,Beauty,Perfume,6,1935.65,0.05,11033.21,8389.91,2643.3,Store,UPI,No
R00245,2025-06-08,C0130,Hyderabad,Fashion,Shoes,1,480.6,0.15,408.51,226.0,182.51,Online,UPI,No
R00246,2025-09-24,C0254,Chennai,Electronics,Headphones,3,831.92,0,2495.76,1502.36,993.4,Store,UPI,No
R00247,2026-08-21,C0186,Kolkata,Electronics,Smartwatch,1,4406.42,0.1,3965.78,2286.77,1679.01,Online,UPI,No
R00248,2026-07-07,C0307,Kolkata,Fashion,Backpack,3,2811.51,0.15,7169.35,4386.75,2782.6,Online,Cash,No
R00249,2025-10-04,C0311,Kolkata,Electronics,Smartwatch,4,4306.05,0.2,13779.36,7595.94,6183.42,Store,Cash,No
R00250,2025-11-16,C0154,Bengaluru,Fashion,Backpack,6,1445.39,0.2,6937.87,4638.8,2299.07,Store,UPI,No
R00251,2026-08-01,C0382,Delhi,Fashion,Shoes,3,927.18,0,2781.54,2170.36,611.18,Store,UPI,Yes
R00252,2026-06-29,C0303,Mumbai,Beauty,Sunscreen,2,661.53,0.1,1190.75,894.01,296.74,Online,Card,Yes
R00253,2025-09-20,C0410,Hyderabad,Fashion,Backpack,1,4892.41,0,4892.41,3688.75,1203.66,Store,Cash,No
R00254,2026-05-12,C0286,Hyderabad,Beauty,Serum,1,3772.89,0.1,3395.6,2457.49,938.11,Store,Card,No
R00255,2025-12-17,C0067,Delhi,Electronics,Smartwatch,5,5291.64,0.1,23812.38,13153.62,10658.76,Online,Wallet,No
R00256,2025-06-13,C0480,Mumbai,Home,Cookware,4,1473.12,0.1,5303.23,3286.64,2016.59,Store,Card,No
R00257,2025-01-19,C0017,Kolkata,Fashion,Backpack,2,2329.72,0,4659.44,2590.5,2068.94,Online,Wallet,Yes
R00258,2025-08-14,C0013,Chennai,Electronics,Power Bank,4,4803.9,0.05,18254.82,11284.55,6970.27,Online,Wallet,No
R00259,2025-01-06,C0351,Delhi,Electronics,Smartwatch,5,2343.51,0.2,9374.04,7907.25,1466.79,Online,Wallet,No
R00260,2025-02-08,C0180,Delhi,Fashion,Jeans,3,1578.83,0.1,4262.84,2774.26,1488.58,Online,Cash,No
R00261,2025-12-05,C0365,Bengaluru,Beauty,Shampoo,5,2455.76,0,12278.8,9189.89,3088.91,Store,Card,No
R00262,2026-05-04,C0497,Gurugram,Home,Lamp,4,4743.79,0.05,18026.4,10988.66,7037.74,Online,Card,No
R00263,2025-03-09,C0192,Delhi,Electronics,Mouse,1,2532.73,0.1,2279.46,1740.85,538.61,Store,UPI,No
R00264,2026-02-02,C0504,Kolkata,Fashion,Shoes,4,4483.19,0.1,16139.48,9717.09,6422.39,Store,Cash,Yes
R00265,2026-03-12,C0140,Mumbai,Home,Bottle,1,2743.88,0.1,2469.49,1709.99,759.5,Online,UPI,No
R00266,2025-06-13,C0246,Jaipur,Beauty,Shampoo,5,2921.22,0.05,13875.79,8923.79,4952.0,Online,Wallet,No
R00267,2025-07-05,C0207,Mumbai,Home,Cookware,4,2157.42,0.1,7766.71,6053.68,1713.03,Store,Cash,No
R00268,2025-07-25,C0408,Hyderabad,Electronics,Smartwatch,5,1433.84,0.2,5735.36,4139.77,1595.59,Online,Cash,No
R00269,2025-01-21,C0502,Noida,Beauty,Sunscreen,5,5202.7,0.2,20810.8,15205.34,5605.46,Store,Wallet,No
R00270,2026-04-19,C0249,Gurugram,Home,Cookware,5,1367.29,0.05,6494.63,5329.13,1165.5,Store,UPI,No
R00271,2025-08-05,C0082,Hyderabad,Home,Bottle,3,2054.83,0.05,5856.27,4052.08,1804.19,Store,Card,No
R00272,2026-08-15,C0408,Noida,Electronics,Power Bank,2,4047.83,0.15,6881.31,4293.86,2587.45,Online,UPI,No
R00273,2026-03-04,C0014,Pune,Beauty,Sunscreen,1,3483.96,0.1,3135.56,1767.53,1368.03,Store,UPI,No
R00274,2025-09-04,C0245,Pune,Home,Lamp,4,3787.49,0,15149.96,9798.29,5351.67,Online,Cash,No
R00275,2026-06-27,C0036,Mumbai,Home,Mixer,3,2828.98,0.05,8062.59,6722.25,1340.34,Store,Card,No
R00276,2026-02-16,C0141,Jaipur,Electronics,Headphones,5,1492.31,0.2,5969.24,5008.48,960.76,Store,UPI,No
R00277,2025-01-16,C0255,Kolkata,Beauty,Sunscreen,1,2020.0,0,2020.0,1427.55,592.45,Online,Card,No
R00278,2026-02-05,C0386,Pune,Beauty,Serum,1,3010.5,0.1,2709.45,1784.68,924.77,Online,Cash,No
R00279,2026-05-15,C0450,Bengaluru,Fashion,T-Shirt,5,1396.26,0.05,6632.23,4601.08,2031.15,Store,UPI,No
R00280,2025-09-25,C0094,Kolkata,Beauty,Shampoo,4,3845.26,0,15381.04,12464.76,2916.28,Store,UPI,No
R00281,2026-06-30,C0449,Bengaluru,Beauty,Sunscreen,1,3863.95,0.1,3477.55,2700.87,776.68,Online,Card,No
R00282,2025-03-10,C0399,Hyderabad,Beauty,Face Wash,3,3156.9,0.15,8050.1,5803.52,2246.58,Online,Card,No
R00283,2025-12-09,C0260,Kolkata,Fashion,Jacket,1,3387.32,0,3387.32,2003.37,1383.95,Online,Wallet,Yes
R00284,2026-01-21,C0314,Delhi,Beauty,Face Wash,3,4339.75,0.05,12368.29,8678.21,3690.08,Store,Cash,No
R00285,2026-01-13,C0441,Chennai,Electronics,Keyboard,4,4305.28,0.15,14637.95,9801.25,4836.7,Online,Card,Yes
R00286,2026-01-22,C0195,Chennai,Beauty,Serum,1,2310.52,0,2310.52,1794.42,516.1,Online,Wallet,No
R00287,2026-03-04,C0159,Delhi,Beauty,Perfume,1,4667.45,0.1,4200.7,2747.57,1453.13,Store,UPI,Yes
R00288,2026-02-20,C0198,Delhi,Beauty,Face Wash,6,303.7,0,1822.2,1449.29,372.91,Online,Cash,Yes
R00289,2025-07-12,C0082,Mumbai,Beauty,Sunscreen,5,363.59,0.2,1454.36,1149.03,305.33,Online,Cash,No
R00290,2026-07-13,C0382,Jaipur,Beauty,Serum,5,1805.82,0,9029.1,5093.39,3935.71,Store,Wallet,Yes
R00291,2026-06-24,C0307,Gurugram,Electronics,Keyboard,2,3484.67,0.1,6272.41,5122.28,1150.13,Store,UPI,Yes
R00292,2026-08-27,C0421,Jaipur,Fashion,Jeans,4,2152.04,0,8608.16,4846.97,3761.19,Online,Card,No
R00293,2026-07-12,C0236,Delhi,Home,Mixer,5,4953.98,0,24769.9,15133.73,9636.17,Online,Card,No
R00294,2026-04-19,C0510,Mumbai,Electronics,Power Bank,3,5083.22,0,15249.66,9706.52,5543.14,Online,Wallet,No
R00295,2025-06-18,C0002,Chennai,Fashion,Shoes,5,4071.82,0.1,18323.19,13022.54,5300.65,Store,Card,No
R00296,2025-05-25,C0024,Kolkata,Home,Mixer,2,2065.2,0.1,3717.36,3122.43,594.93,Online,Wallet,Yes
R00297,2026-01-28,C0187,Delhi,Fashion,Jeans,1,5402.89,0.1,4862.6,2872.32,1990.28,Online,UPI,No
R00298,2026-06-05,C0089,Noida,Beauty,Face Wash,2,4744.23,0.1,8539.61,6516.79,2022.82,Store,Card,No
R00299,2025-07-27,C0224,Pune,Home,Mixer,3,3676.94,0.1,9927.74,8326.7,1601.04,Store,Card,No
R00300,2025-11-30,C0102,Pune,Fashion,Jeans,2,4282.63,0.2,6852.21,5703.55,1148.66,Online,Card,No
R00301,2026-06-09,C0293,Mumbai,Fashion,Jeans,4,2579.74,0,10318.96,7035.95,3283.01,Online,Card,No
R00302,2025-05-04,C0471,Jaipur,Fashion,Backpack,5,1832.89,0.2,7331.56,4069.89,3261.67,Online,Cash,No
R00303,2026-08-30,C0437,Bengaluru,Beauty,Serum,6,1318.7,0,7912.2,4698.3,3213.9,Store,UPI,No
R00304,2025-02-05,C0118,Pune,Electronics,Power Bank,2,4995.3,0,9990.6,6668.0,3322.6,Store,Cash,Yes
R00305,2025-04-03,C0407,Jaipur,Home,Mixer,3,3919.2,0.2,9406.08,7719.49,1686.59,Online,UPI,No
R00306,2025-11-06,C0074,Pune,Electronics,Smartwatch,1,3911.5,0,3911.5,2365.31,1546.19,Online,Card,Yes
R00307,2025-10-12,C0016,Hyderabad,Beauty,Perfume,4,2150.17,0.05,8170.65,4787.24,3383.41,Store,Card,No
R00308,2025-11-03,C0509,Chennai,Home,Bottle,2,4636.24,0,9272.48,5234.26,4038.22,Online,UPI,Yes
R00309,2025-11-30,C0342,Delhi,Fashion,Shoes,6,1104.44,0.15,5632.64,3237.52,2395.12,Store,Wallet,No
R00310,2026-08-27,C0017,Hyderabad,Fashion,Shoes,1,3961.83,0,3961.83,2985.52,976.31,Online,Cash,No
R00311,2025-08-16,C0279,Mumbai,Beauty,Sunscreen,1,3372.07,0,3372.07,2017.43,1354.64,Store,Cash,No
R00312,2025-12-24,C0376,Pune,Electronics,Mouse,5,1241.75,0.15,5277.44,3692.46,1584.98,Online,Wallet,No
R00313,2026-01-18,C0424,Hyderabad,Beauty,Shampoo,1,5099.85,0,5099.85,3226.86,1872.99,Store,UPI,Yes
R00314,2026-03-22,C0451,Noida,Electronics,Headphones,2,1916.24,0.2,3065.98,2521.61,544.37,Online,Card,No
R00315,2025-01-30,C0292,Hyderabad,Fashion,Shoes,5,1002.25,0.15,4259.56,2782.99,1476.57,Store,UPI,No
R00316,2026-02-03,C0020,Mumbai,Fashion,Jeans,5,4340.94,0.15,18448.99,10890.19,7558.8,Store,UPI,No
R00317,2025-10-30,C0304,Kolkata,Home,Bottle,1,1471.73,0,1471.73,908.42,563.31,Store,Cash,No
R00318,2025-02-20,C0150,Kolkata,Home,Cookware,5,5095.13,0.2,20380.52,11795.0,8585.52,Online,Wallet,No
R00319,2025-01-31,C0146,Kolkata,Beauty,Face Wash,3,1349.14,0.2,3237.94,1813.44,1424.5,Store,Wallet,No
R00320,2025-07-04,C0101,Chennai,Home,Mixer,3,1998.55,0,5995.65,4165.6,1830.05,Store,Wallet,Yes
R00321,2026-04-01,C0016,Noida,Fashion,Jacket,2,4961.89,0.05,9427.59,7106.84,2320.75,Online,Cash,Yes
R00322,2026-01-24,C0235,Chennai,Electronics,Power Bank,6,3122.25,0,18733.5,14733.19,4000.31,Store,Wallet,No
R00323,2025-12-10,C0037,Mumbai,Electronics ,Power Bank,3,215.39,0.2,516.94,396.22,120.72,Store,UPI,Yes
R00324,2026-03-11,C0142,Bengaluru,Beauty,Sunscreen,1,5293.46,0.05,5028.79,2982.1,2046.69,Store,Wallet,No
R00325,2025-10-08,C0498,Hyderabad,Home,Cookware,5,3302.99,0.1,14863.45,9643.08,5220.37,Store,Card,No
R00326,2026-06-27,C0337,Mumbai,Home,Bedsheet,2,2850.17,0.2,4560.27,3643.54,916.73,Online,Wallet,No
R00327,2025-03-24,C0018,Hyderabad,Electronics,Headphones,5,3579.41,0.2,14317.64,9652.68,4664.96,Online,Card,No
R00328,2025-01-22,C0166,Pune,Home,Lamp,3,5231.55,0,15694.65,8782.63,6912.02,Store,Card,No
R00329,2025-07-24,C0087,Bengaluru,Home,Cookware,4,5133.28,0.05,19506.46,14596.14,4910.32,Online,Card,No
R00330,2026-02-26,C0302,Bengaluru,Home,Bedsheet,5,2244.3,0.05,10660.42,8926.41,1734.01,Online,Card,No
R00331,2026-07-18,C0402,Gurugram,Fashion,Backpack,5,2428.82,0,12144.1,7832.82,4311.28,Online,Card,No
R00332,2025-12-10,C0363,Pune,Beauty ,Perfume,3,1588.74,0.05,4527.91,3521.92,1005.99,Store,Card,No
R00333,2026-03-31,C0354,Hyderabad,Home,Lamp,1,2611.2,0.1,2350.08,1899.01,451.07,Online,Cash,No
R00334,2025-03-22,C0426,Jaipur,Fashion,Jeans,1,2219.08,0.15,1886.22,1215.06,671.16,Online,UPI,No
R00335,2025-03-22,C0380,Pune,Electronics,Mouse,6,2903.59,0.05,16550.46,9501.82,7048.64,Online,Wallet,No
R00336,2025-06-16,C0398,Hyderabad,Electronics,Mouse,1,2210.08,0,2210.08,1697.96,512.12,Store,Card,No
R00337,2026-02-14,C0306,Noida,Home,Lamp,4,4021.22,0.1,14476.39,8572.4,5903.99,Online,Card,Yes
R00338,2025-02-06,C0225,Gurugram,Beauty,Perfume,3,1082.63,0.1,2923.1,1828.33,1094.77,Store,Card,No
R00339,2026-01-29,C0154,Chennai,Home,Mixer,2,5306.21,0,10612.42,7799.83,2812.59,Online,Card,No
R00340,2025-03-10,C0267,Noida,Home,Bottle,5,2187.24,0,10936.2,9089.61,1846.59,Online,Wallet,Yes
R00341,2025-05-28,C0487,Gurugram,Home,Mixer,1,495.45,0,495.45,277.28,218.17,Store,Wallet,No
R00342,2025-07-18,C0194,Chennai,Home,Mixer,1,2917.49,0,2917.49,2216.3,701.19,Online,Cash,Yes
R00343,2025-08-20,C0285,Jaipur,Beauty,Perfume,5,3768.82,0.2,15075.28,9751.81,5323.47,Online,UPI,No
R00344,2025-07-13,C0354,Chennai,Fashion,T-Shirt,4,1633.24,0.1,5879.66,4953.57,926.09,Online,Cash,Yes
R00345,2025-12-22,C0418,Hyderabad,Electronics,Headphones,3,3807.48,0.15,9709.07,6092.17,3616.9,Store,Card,No
R00346,2025-03-16,C0313,Hyderabad,Beauty,Perfume,5,1752.17,0.15,7446.72,4608.23,2838.49,Store,Wallet,No
R00347,2025-03-16,C0238,Noida,Beauty,Perfume,5,2784.71,0.15,11835.02,9637.82,2197.2,Store,Cash,No
R00348,2025-05-13,C0075,Delhi,Home,Bottle,2,1849.23,0,3698.46,2905.96,792.5,Store,Wallet,Yes
R00349,2025-07-27,C0005,Kolkata,Beauty,Sunscreen,2,4917.0,0.2,7867.2,5586.39,2280.81,Online,UPI,Yes
R00350,2026-04-22,C0311,Hyderabad,Home,Bedsheet,1,2160.43,0.2,1728.34,951.59,776.75,Online,Card,No
R00351,2025-07-20,C0230,Mumbai,Fashion,Backpack,2,731.31,0.05,1389.49,1150.95,238.54,Online,UPI,No
R00352,2026-01-17,C0268,Chennai,Beauty,Sunscreen,5,4141.04,0,20705.2,13034.35,7670.85,Online,Cash,No
R00353,2025-02-15,C0001,Chennai,Home,Bottle,5,2882.7,0.2,11530.8,6490.76,5040.04,Online,Card,No
R00354,2025-06-03,C0351,Pune,Electronics,Power Bank,2,656.21,0.15,1115.56,642.08,473.48,Store,Card,No
R00355,2026-08-01,C0270,Mumbai,Fashion,Jeans,4,2541.06,0,10164.24,5975.7,4188.54,Store,Cash,No
R00356,2026-01-07,C0502,Delhi,Beauty,Perfume,2,2974.85,0.05,5652.21,3132.45,2519.76,Online,Wallet,No
R00357,2025-11-17,C0365,Bengaluru,Home,Mixer,5,2970.79,0.05,14111.25,10371.62,3739.63,Store,Wallet,Yes
R00358,2026-03-31,C0017,Gurugram,Beauty,Shampoo,1,2778.76,0.1,2500.88,1797.96,702.92,Store,Card,No
R00359,2026-05-25,C0146,Delhi,Fashion ,Jacket,3,4401.73,0.2,10564.15,8027.54,2536.61,Store,UPI,No
R00360,2026-01-31,C0011,Chennai,Beauty,Perfume,1,4197.35,0,4197.35,2398.23,1799.12,Store,UPI,Yes
R00361,2026-08-11,C0059,Chennai,Electronics,Power Bank,2,555.93,0,1111.86,709.26,402.6,Online,Card,No
R00362,2026-07-15,C0079,Noida,Home,Cookware,5,1981.58,0,9907.9,7052.82,2855.08,Online,Card,No
R00363,2025-09-26,C0224,Chennai,Fashion ,Jacket,5,912.43,0.1,4105.93,2574.62,1531.31,Store,Cash,No
R00364,2025-09-10,C0485,Kolkata,Home,Bottle,1,357.2,0,357.2,287.71,69.49,Store,Wallet,Yes
R00365,2026-06-17,C0147,Kolkata,Electronics,Power Bank,5,3306.44,0,16532.2,13702.95,2829.25,Store,Cash,No
R00366,2025-05-15,C0492,Kolkata,Electronics,Smartwatch,2,3011.78,0,6023.56,4856.48,1167.08,Online,Card,Yes
R00367,2025-02-03,C0352,Bengaluru,Electronics,Keyboard,1,436.37,0.2,349.1,208.75,140.35,Store,Card,No
R00368,2025-08-04,C0095,Gurugram,Fashion,T-Shirt,5,4587.76,0.15,19497.98,12848.16,6649.82,Online,Card,No
R00369,2025-12-08,C0508,Kolkata,Home,Bedsheet,4,2217.43,0,8869.72,5603.06,3266.66,Store,Card,No
R00370,2025-11-12,C0009,Bengaluru,Electronics,Headphones,5,2709.28,0,13546.4,7882.48,5663.92,Online,Wallet,No
R00371,2025-04-15,C0020,Pune,Fashion,Jeans,5,2885.07,0,14425.35,11471.18,2954.17,Store,UPI,No
R00372,2025-05-09,C0425,Noida,Home,Bottle,3,1058.8,0,3176.4,1825.41,1350.99,Store,Wallet,No
R00373,2026-04-21,C0301,Gurugram,Electronics,Smartwatch,5,1387.92,0.2,5551.68,3430.57,2121.11,Online,Cash,No
R00374,2026-08-03,C0339,Noida,Electronics,Headphones,4,1347.75,0.2,4312.8,2596.62,1716.18,Store,Cash,No
R00375,2026-08-26,C0240,Hyderabad,Home,Bedsheet,5,1200.31,0,6001.55,4478.75,1522.8,Online,Card,Yes
R00376,2025-02-20,C0446,Chennai,Beauty,Shampoo,5,5454.8,0.15,23182.9,18788.45,4394.45,Online,UPI,Yes
R00377,2025-08-10,C0105,Pune,Fashion,Backpack,4,2995.33,0.05,11382.25,9444.16,1938.09,Store,Card,No
R00378,2026-06-18,C0394,Gurugram,Electronics,Headphones,3,3956.03,0.05,11274.69,6242.9,5031.79,Online,Card,No
R00379,2025-11-27,C0180,Pune,Fashion,T-Shirt,1,3513.78,0,3513.78,2896.76,617.02,Store,UPI,Yes
R00380,2026-07-05,C0083,Bengaluru,Beauty,Serum,5,3037.65,0.2,12150.6,7063.26,5087.34,Online,UPI,No
R00381,2025-01-27,C0446,Kolkata,Beauty,Face Wash,3,584.27,0,1752.81,1096.33,656.48,Online,Wallet,No
R00382,2025-09-06,C0167,Mumbai,Home,Mixer,4,2326.98,0.15,7911.73,6640.06,1271.67,Online,Cash,No
R00383,2025-07-14,C0217,Pune,Fashion,Jacket,6,4506.84,0.1,24336.94,13669.05,10667.89,Online,Cash,Yes
R00384,2025-02-23,C0027,Mumbai,Fashion,Backpack,6,5067.02,0.15,25841.8,21115.94,4725.86,Online,Cash,No
R00385,2026-07-22,C0119,Chennai,Beauty,Serum,4,4423.0,0,17692.0,12522.01,5169.99,Online,Wallet,Yes
R00386,2026-08-06,C0402,Delhi,Beauty,Perfume,1,1803.96,0.2,1443.17,1011.12,432.05,Online,Cash,No
R00387,2026-04-08,C0167,Gurugram,Home,Cookware,6,2616.75,0,15700.5,12314.87,3385.63,Store,Cash,No
R00388,2025-10-28,C0091,Kolkata,Beauty,Face Wash,2,3629.94,0.05,6896.89,4869.64,2027.25,Store,Cash,No
R00389,2025-11-03,C0010,Bengaluru,Fashion,Shoes,4,5046.12,0.2,16147.58,13144.13,3003.45,Online,Wallet,No
R00390,2025-04-23,C0144,Jaipur,Beauty,Perfume,4,1664.34,0,6657.36,5157.4,1499.96,Store,Cash,No
R00391,2025-04-07,C0154,Hyderabad,Fashion,Jeans,5,2667.28,0.15,11335.94,7494.29,3841.65,Store,Card,No
R00392,2026-08-02,C0128,Noida,Beauty,Shampoo,2,2144.08,0.2,3430.53,2287.28,1143.25,Online,Card,No
R00393,2026-01-28,C0029,Hyderabad,Electronics,Headphones,4,3059.16,0.05,11624.81,9291.0,2333.81,Store,UPI,No
R00394,2026-01-03,C0287,Chennai,Electronics,Keyboard,6,833.83,0,5002.98,3787.91,1215.07,Online,Cash,No
R00395,2025-04-02,C0395,Hyderabad,Home,Cookware,3,3091.86,0.1,8348.02,6317.54,2030.48,Store,Cash,No
R00396,2026-06-22,C0016,Pune,Electronics,Power Bank,3,1096.58,0,3289.74,1917.71,1372.03,Online,UPI,No
R00397,2025-05-24,C0113,Noida,Beauty,Face Wash,2,3856.71,0.2,6170.74,5217.0,953.74,Online,Cash,No
R00398,2026-04-17,C0310,Bengaluru,Beauty,Perfume,6,2990.69,0.2,14355.31,8218.82,6136.49,Online,UPI,Yes
R00399,2025-10-03,C0457,Pune,Home,Cookware,6,1940.13,0.2,9312.62,7520.87,1791.75,Online,Wallet,No
R00400,2026-08-11,C0461,Delhi,Home,Bottle,6,4323.59,0.1,23347.39,19017.59,4329.8,Online,Card,No
R00401,2025-12-20,C0193,Mumbai,Electronics,Power Bank,4,4965.56,0,19862.24,15622.15,4240.09,Store,Wallet,No
R00402,2026-01-04,C0240,Mumbai,Fashion,Backpack,1,5214.88,0.1,4693.39,2777.95,1915.44,Online,UPI,Yes
R00403,2025-12-11,C0022,Delhi,Home,Cookware,1,4005.4,0.2,3204.32,1905.07,1299.25,Store,UPI,No
R00404,2025-08-15,C0495,Mumbai,Home,Cookware,6,4247.49,0.05,24210.69,18234.33,5976.36,Online,Wallet,No
R00405,2026-02-19,C0291,Noida,Electronics,Power Bank,4,5413.3,0.15,18405.22,15197.02,3208.2,Online,Wallet,Yes
R00406,2025-02-13,C0094,Kolkata,Home,Bedsheet,2,4524.13,0,9048.26,7428.94,1619.32,Store,Wallet,Yes
R00407,2026-03-29,C0379,Kolkata,Beauty,Serum,4,2119.3,0,8477.2,5107.44,3369.76,Online,Card,No
R00408,2025-07-30,C0270,Jaipur,Home,Lamp,2,2126.15,0.1,3827.07,2646.94,1180.13,Online,Cash,Yes
R00409,2025-07-09,C0177,Kolkata,Beauty,Face Wash,1,849.83,0.2,679.86,535.64,144.22,Store,Card,Yes
R00410,2026-07-06,C0316,Noida,Home,Lamp,6,4695.74,0.05,26765.72,20563.25,6202.47,Online,Card,No
R00411,2026-03-02,C0231,,Electronics,Power Bank,1,2506.2,0.2,2004.96,1384.42,620.54,Online,Wallet,No
R00412,2026-03-01,C0020,Hyderabad,Fashion,Backpack,3,745.83,0.05,2125.62,1243.98,881.64,Store,Wallet,No
R00413,2025-01-12,C0494,Noida,Fashion,Jacket,4,2363.22,0.05,8980.24,6657.85,2322.39,Store,Cash,No
R00414,2025-06-11,C0030,Delhi,Home,Bottle,6,4252.4,0,25514.4,20787.61,4726.79,Store,Card,No
R00415,2026-03-06,C0330,Kolkata,Beauty,Perfume,6,1795.81,0,10774.86,5974.88,4799.98,Online,Card,No
R00416,2025-07-05,C0248,Chennai,Beauty,Perfume,3,5487.44,0.15,13992.97,8709.8,5283.17,Store,Card,No
R00417,2025-11-18,C0016,Noida,Electronics,Power Bank,4,1784.88,0.05,6782.54,4425.52,2357.02,Online,Wallet,Yes
R00418,2026-04-26,C0104,Hyderabad,Beauty,Sunscreen,5,1385.96,0,6929.8,4860.97,2068.83,Store,UPI,No
R00419,2026-05-12,C0425,Kolkata,Fashion,Shoes,1,751.9,0.15,639.12,422.85,216.27,Online,Cash,No
R00420,2025-04-27,C0194,Gurugram,Beauty,Serum,5,3632.24,0,18161.2,12645.08,5516.12,Online,Cash,No
R00421,2026-03-07,C0468,Noida,Home,Mixer,4,1414.64,0.1,5092.7,4168.44,924.26,Store,UPI,No
R00422,2025-02-09,C0476,Delhi,Beauty ,Face Wash,5,5021.32,0,25106.6,15976.89,9129.71,Online,Card,No
R00423,2026-08-16,C0294,Mumbai,Fashion,Backpack,1,5276.99,0.2,4221.59,2423.65,1797.94,Online,Card,No
R00424,2025-10-20,C0148,,Home,Bottle,2,856.02,0.15,1455.23,1065.2,390.03,Online,Card,No
R00425,2025-10-22,C0043,Chennai,Home,Bottle,6,5246.55,0,31479.3,17716.9,13762.4,Online,Wallet,Yes
R00426,2025-04-11,C0285,Mumbai,Beauty,Face Wash,3,3991.91,0.2,9580.58,6095.36,3485.22,Online,UPI,Yes
R00427,2025-07-07,C0189,Delhi,Beauty,Serum,2,3361.48,0.15,5714.52,3250.65,2463.87,Store,UPI,No
R00428,2025-10-24,C0261,Mumbai,Fashion,Jeans,6,3226.75,0,19360.5,10893.1,8467.4,Online,Cash,No
R00429,2025-05-12,C0363,Chennai,Home,Bedsheet,4,513.62,0.05,1951.76,1142.94,808.82,Store,UPI,No
R00430,2026-07-25,C0388,Pune,Electronics,Mouse,3,5438.29,0.15,13867.64,9000.63,4867.01,Online,Wallet,Yes
R00431,2025-01-27,C0453,Kolkata,Home,Bedsheet,6,4547.7,0,27286.2,18622.55,8663.65,Online,Wallet,Yes
R00432,2025-05-24,C0118,Mumbai,Electronics,Mouse,4,583.48,0,2333.92,1538.67,795.25,Online,Card,No
R00433,2026-07-11,C0500,Jaipur,Fashion,Shoes,6,5254.2,0,31525.2,21334.09,10191.11,Online,Card,No
R00434,2026-04-01,C0198,Pune,Home,Mixer,6,3987.95,0,23927.7,15740.47,8187.23,Store,UPI,No
R00435,2026-06-24,C0046,Jaipur,Fashion,Backpack,3,2376.97,0.05,6774.36,5525.11,1249.25,Store,Card,Yes
R00436,2025-09-14,C0181,Pune,Fashion,Jacket,6,4093.7,0.05,23334.09,16340.31,6993.78,Online,Cash,Yes
R00437,2025-11-10,C0443,Chennai,Electronics,Power Bank,2,1523.71,0,3047.42,2318.85,728.57,Online,Card,No
R00438,2026-07-08,C0517,Noida,Home,Bedsheet,6,4563.51,0.1,24642.95,16369.34,8273.61,Online,Card,No
R00439,2025-12-28,C0353,Delhi,Home,Mixer,1,3027.62,0,3027.62,2257.03,770.59,Online,Cash,No
R00440,2025-07-25,C0018,Jaipur,Home,Bottle,6,729.0,0,4374.0,2509.0,1865.0,Store,Cash,No
R00441,2026-05-17,C0049,Kolkata,Electronics,Smartwatch,4,5141.04,0.1,18507.74,12030.29,6477.45,Store,Wallet,No
R00442,2026-02-03,C0123,Pune,Home,Bedsheet,2,5082.48,0.2,8131.97,6494.25,1637.72,Online,Card,Yes
R00443,2025-05-27,C0221,Gurugram,Fashion,Backpack,1,1792.73,0,1792.73,1145.14,647.59,Online,UPI,No
R00444,2026-06-11,C0384,Mumbai,Electronics,Headphones,5,4643.1,0,23215.5,14923.93,8291.57,Store,UPI,No
R00445,2026-03-05,C0004,Gurugram,Electronics,Power Bank,2,4969.18,0.2,7950.69,5554.32,2396.37,Online,UPI,Yes
R00446,2025-02-26,C0193,Gurugram,Electronics,Smartwatch,2,1542.07,0,3084.14,1824.04,1260.1,Store,Wallet,Yes
R00447,2025-05-21,C0164,Gurugram,Beauty,Perfume,2,5041.83,0,10083.66,7268.73,2814.93,Online,UPI,Yes
R00448,2026-01-27,C0265,Jaipur,Beauty,Perfume,3,5075.24,0,15225.72,10765.61,4460.11,Store,UPI,No
R00449,2026-07-22,C0266,Gurugram,Beauty,Sunscreen,5,961.12,0.2,3844.48,2562.06,1282.42,Online,Cash,No
R00450,2025-06-10,C0309,Jaipur,Home,Mixer,3,2461.74,0.15,6277.44,4646.3,1631.14,Store,UPI,No
R00451,2025-05-29,C0373,Bengaluru,Home,Cookware,1,5333.76,0.1,4800.38,3780.65,1019.73,Store,Card,Yes
R00452,2025-10-17,C0272,Chennai,Home,Cookware,4,2744.93,0,10979.72,8812.26,2167.46,Online,Wallet,No
R00453,2025-11-28,C0351,Bengaluru,Fashion,Jeans,4,361.77,0.2,1157.66,964.78,192.88,Online,Cash,No
R00454,2026-08-24,C0472,Gurugram,Electronics,Keyboard,6,2897.18,0,17383.08,10561.77,6821.31,Online,Card,No
R00455,2026-04-15,C0074,Gurugram,Beauty,Shampoo,4,2239.38,0.1,8061.77,6036.33,2025.44,Store,Cash,No
R00456,2026-06-02,C0318,Jaipur,Home,Bottle,5,4546.9,0,22734.5,13334.6,9399.9,Store,Card,No
R00457,2025-11-21,C0147,Kolkata,Home,Lamp,6,2041.35,0.05,11635.69,6935.36,4700.33,Store,Wallet,No
R00458,2026-05-10,C0084,Kolkata,Home,Bottle,3,2722.45,0.15,6942.25,5327.36,1614.89,Online,UPI,No
R00459,2025-09-03,C0077,Mumbai,Electronics,Power Bank,2,1667.23,0.2,2667.57,2172.59,494.98,Online,UPI,No
R00460,2026-03-09,C0054,Gurugram,Electronics,Power Bank,3,1909.6,0.1,5155.92,2905.8,2250.12,Online,Wallet,Yes
R00461,2025-12-10,C0203,Noida,Home,Bedsheet,2,1697.89,0.05,3225.99,2541.77,684.22,Online,Cash,No
R00462,2026-05-28,C0238,Jaipur,Fashion,T-Shirt,6,3491.88,0.2,16761.02,11002.13,5758.89,Store,Wallet,No
R00463,2025-12-19,C0240,Bengaluru,Home,Cookware,2,4906.79,0.05,9322.9,6610.08,2712.82,Store,Wallet,No
R00464,2025-04-02,C0064,Pune,Electronics,Keyboard,6,4364.38,0,26186.28,15649.26,10537.02,Online,Cash,No
R00465,2025-08-29,C0499,Gurugram,Beauty,Perfume,3,1648.68,0.05,4698.74,3701.04,997.7,Online,Wallet,Yes
R00466,2026-07-27,C0361,Bengaluru,Fashion,T-Shirt,6,4259.66,0.1,23002.16,17048.25,5953.91,Online,Cash,No
R00467,2025-09-09,C0240,Mumbai,Beauty,Shampoo,3,504.44,0.05,1437.65,939.95,497.7,Online,UPI,No
R00468,2025-11-26,C0251,Gurugram,Fashion,T-Shirt,5,3190.65,0.05,15155.59,12808.38,2347.21,Online,Cash,No
R00469,2026-05-21,C0273,Pune,Fashion,Shoes,1,957.58,0,957.58,799.09,158.49,Online,Wallet,No
R00470,2025-12-25,C0224,Pune,Electronics,Power Bank,6,884.67,0.05,5042.62,3281.41,1761.21,Store,Cash,No
R00471,2025-12-16,C0023,Jaipur,Electronics,Keyboard,4,2162.03,0.05,8215.71,6895.92,1319.79,Store,Cash,No
R00472,2025-06-21,C0004,Mumbai,Home,Cookware,5,3232.85,0.15,13739.61,11280.44,2459.17,Store,UPI,Yes
R00473,2025-02-06,C0324,Noida,Beauty,Face Wash,2,548.47,0.15,932.4,550.33,382.07,Store,Wallet,Yes
R00474,2026-05-26,C0256,Delhi,Home,Mixer,2,4030.57,0.1,7255.03,5574.34,1680.69,Store,Wallet,No
R00475,2025-07-22,C0190,Chennai,Beauty,Perfume,4,4203.66,0.2,13451.71,8828.34,4623.37,Online,Wallet,No
R00476,2026-05-21,C0417,Kolkata,Electronics,Smartwatch,5,1726.95,0,8634.75,5041.17,3593.58,Online,UPI,No
R00477,2025-03-05,C0038,Bengaluru,Beauty,Sunscreen,2,1154.03,0.15,1961.85,1437.6,524.25,Online,Wallet,No
R00478,2025-03-14,C0202,Pune,Electronics,Keyboard,2,1049.35,0.1,1888.83,1147.4,741.43,Store,UPI,Yes
R00479,2025-07-03,C0394,Mumbai,Electronics,Power Bank,5,1705.63,0,8528.15,7132.13,1396.02,Store,Cash,No
R00480,2025-07-10,C0091,Delhi,Fashion,Jeans,1,3506.46,0.2,2805.17,1893.04,912.13,Store,Wallet,No
R00481,2025-06-01,C0246,Hyderabad,Home,Mixer,4,3582.64,0.1,12897.5,8570.02,4327.48,Store,Card,Yes
R00482,2026-07-06,C0224,Hyderabad,Home,Bedsheet,3,3583.91,0.15,9138.97,6095.94,3043.03,Online,Card,No
R00483,2025-01-10,C0315,Chennai,Beauty,Face Wash,4,5432.19,0,21728.76,12325.45,9403.31,Store,Card,No
R00484,2025-11-23,C0164,Jaipur,Beauty,Serum,6,3562.24,0.05,20304.77,16031.51,4273.26,Online,Card,No
R00485,2026-03-12,C0399,Bengaluru,Electronics,Headphones,3,4593.13,0.15,11712.48,9103.62,2608.86,Store,Wallet,Yes
R00486,2026-07-03,C0213,Kolkata,Electronics,Keyboard,2,2381.56,0.05,4524.96,3706.75,818.21,Store,Cash,No
R00487,2025-04-29,C0373,Pune,Fashion,T-Shirt,2,1468.97,0.15,2497.25,1460.12,1037.13,Store,UPI,No
R00488,2026-05-05,C0179,Mumbai,Fashion,Jeans,4,3585.56,0,14342.24,8676.68,5665.56,Online,Card,Yes
R00489,2025-05-26,C0453,Kolkata,Electronics,Keyboard,5,886.88,0.2,3547.52,2837.62,709.9,Store,Cash,No
R00490,2025-07-09,C0367,Gurugram,Home,Bedsheet,5,5469.13,0,27345.65,16749.45,10596.2,Store,Cash,No
R00491,2026-01-13,C0011,Kolkata,Electronics,Smartwatch,6,3477.95,0.2,16694.16,13343.13,3351.03,Store,UPI,No
R00492,2026-08-09,C0240,Pune,Beauty,Shampoo,5,5058.66,0,25293.3,19413.65,5879.65,Online,Cash,Yes
R00493,2025-05-08,C0288,Pune,Fashion,Jeans,2,5190.76,0.15,8824.29,4946.45,3877.84,Online,Cash,Yes
R00494,2026-01-09,C0361,Jaipur,Beauty,Serum,1,350.12,0.05,332.61,230.35,102.26,Online,UPI,No
R00495,2025-08-22,C0355,Delhi,Beauty,Sunscreen,2,2653.48,0.2,4245.57,2779.0,1466.57,Store,Wallet,No
R00496,2025-08-24,C0207,Bengaluru,Beauty,Face Wash,2,3242.24,0,6484.48,4193.07,2291.41,Online,Card,No
R00497,2026-08-23,C0068,Bengaluru,Fashion,Jeans,3,346.26,0,1038.78,817.86,220.92,Online,Cash,No
R00498,2026-03-23,C0013,Pune,Electronics,Mouse,4,3175.7,0.15,10797.38,7270.71,3526.67,Store,Wallet,No
R00499,2025-02-28,C0458,Chennai,Fashion,Shoes,4,2711.42,0.1,9761.11,8293.15,1467.96,Store,Cash,No
R00500,2025-10-01,C0440,Delhi,Beauty,Face Wash,1,2461.68,0.1,2215.51,1397.0,818.51,Online,Wallet,No
R00501,2026-08-22,C0435,Bengaluru,Home,Bottle,3,540.44,0.1,1459.19,1055.41,403.78,Store,Card,No
R00502,2026-06-30,C0301,Hyderabad,Home,Cookware,4,4669.24,0,18676.96,12772.89,5904.07,Store,Card,No
R00503,2025-10-29,C0216,Jaipur,Electronics,Mouse,5,1526.96,0.2,6107.84,5000.24,1107.6,Store,Wallet,No
R00504,2026-07-11,C0311,Mumbai,Beauty,Serum,4,4640.28,0.15,15776.95,12984.2,2792.75,Store,UPI,Yes
R00505,2025-02-27,C0392,Chennai,Electronics,Smartwatch,4,2266.7,0.2,7253.44,6126.86,1126.58,Online,Wallet,No
R00506,2025-01-04,C0109,Mumbai,Home,Cookware,2,5232.85,0.2,8372.56,6490.14,1882.42,Online,Card,No
R00507,2025-09-21,C0332,Delhi,Home,Bedsheet,6,3520.23,0.05,20065.31,16390.34,3674.97,Online,Card,Yes
R00508,2025-05-27,C0148,Hyderabad,Beauty,Face Wash,2,4938.64,0.1,8889.55,5542.23,3347.32,Online,Cash,No
R00509,2025-02-17,C0192,Kolkata,Electronics,Mouse,2,4975.09,0.05,9452.67,7371.27,2081.4,Online,Wallet,No
R00510,2026-02-08,C0125,Jaipur,Electronics,Headphones,4,1844.55,0.05,7009.29,5391.82,1617.47,Store,Wallet,No
R00511,2026-06-19,C0070,Mumbai,Fashion,Backpack,6,4662.48,0,27974.88,22084.72,5890.16,Online,UPI,Yes
R00512,2025-01-01,C0187,Bengaluru,Electronics ,Mouse,2,4863.73,0,9727.46,7632.73,2094.73,Store,Card,No
R00513,2025-12-17,C0180,Chennai,Home,Cookware,4,3640.66,0.2,11650.11,8839.99,2810.12,Online,UPI,Yes
R00514,2025-08-27,C0189,Gurugram,Home,Mixer,2,3358.68,0.15,5709.76,4743.23,966.53,Online,Cash,No
R00515,2025-02-22,C0348,Chennai,Home,Lamp,5,2581.05,0,12905.25,9221.31,3683.94,Online,UPI,No
R00516,2025-10-26,C0195,Pune,Beauty,Sunscreen,3,1154.37,0.2,2770.49,2230.45,540.04,Online,UPI,Yes
R00517,2025-11-16,C0440,Hyderabad,Fashion,Shoes,6,5050.8,0.05,28789.56,22297.31,6492.25,Online,Card,No
R00518,2025-09-30,C0329,Bengaluru,Fashion,Jacket,3,4969.43,0.05,14162.88,10135.66,4027.22,Online,UPI,Yes
R00519,2025-10-09,C0404,Jaipur,Fashion,Shoes,1,1401.98,0,1401.98,960.85,441.13,Store,Wallet,No
R00520,2025-04-16,C0231,Delhi,Electronics,Headphones,4,3178.74,0.15,10807.72,7884.99,2922.73,Store,UPI,No
R00521,2025-11-28,C0429,Hyderabad,Fashion,Jacket,6,4721.89,0.2,22665.07,16387.52,6277.55,Online,UPI,No
R00522,2026-04-05,C0471,Gurugram,Beauty,Perfume,6,787.09,0.1,4250.29,2533.0,1717.29,Store,UPI,No
R00523,2025-10-14,C0256,Chennai,Home,Cookware,6,4135.3,0.2,19849.44,13237.44,6612.0,Online,UPI,Yes
R00524,2026-04-10,C0157,Jaipur,Electronics,Smartwatch,6,3962.61,0.15,20209.31,13905.35,6303.96,Store,UPI,No
R00525,2025-09-22,C0425,Mumbai,Home,Cookware,1,1309.21,0.2,1047.37,788.35,259.02,Store,Cash,No
R00526,2026-02-04,C0385,Pune,Fashion,T-Shirt,3,752.36,0.05,2144.23,1182.09,962.14,Store,Cash,Yes
R00527,2025-12-31,C0242,Chennai,Home,Mixer,6,2851.97,0.05,16256.23,12647.79,3608.44,Online,Card,Yes
R00528,2026-05-19,C0353,Bengaluru,Fashion,Jacket,1,3395.48,0,3395.48,2311.85,1083.63,Store,Cash,No
R00529,2025-05-28,C0327,Mumbai,Fashion,Backpack,1,2597.32,0,2597.32,1856.8,740.52,Online,Cash,No
R00530,2026-05-27,C0368,Gurugram,Fashion,Backpack,1,4653.55,0,4653.55,3123.69,1529.86,Store,Card,No
R00531,2025-06-29,C0218,Hyderabad,Home,Cookware,3,4386.79,0.05,12502.35,9913.87,2588.48,Store,UPI,Yes
R00532,2025-11-24,C0355,Delhi,Home,Bedsheet,5,165.05,0.15,701.46,590.43,111.03,Online,Cash,Yes
R00533,2025-04-16,C0326,Bengaluru,Fashion,T-Shirt,3,346.65,0.1,935.95,583.25,352.7,Online,Cash,No
R00534,2025-01-09,C0115,Gurugram,Electronics,Keyboard,1,1506.09,0,1506.09,1209.31,296.78,Store,Cash,Yes
R00535,2025-10-06,C0431,Delhi,Electronics,Headphones,3,4693.49,0.15,11968.4,8637.02,3331.38,Store,Card,No
R00536,2026-06-26,C0233,Gurugram,Beauty,Shampoo,5,1587.33,0,7936.65,6512.22,1424.43,Store,Wallet,No
R00537,2025-11-27,C0392,Hyderabad,Home,Cookware,3,2555.38,0.15,6516.22,4948.67,1567.55,Online,UPI,No
R00538,2025-10-15,C0405,Noida,Fashion,T-Shirt,1,5308.49,0,5308.49,4269.13,1039.36,Store,Cash,No
R00539,2025-02-17,C0181,Noida,Fashion,Shoes,1,1034.39,0,1034.39,872.19,162.2,Online,Cash,Yes
R00540,2026-02-02,C0403,Mumbai,Home,Bedsheet,5,1474.12,0.1,6633.54,3706.91,2926.63,Store,UPI,No
R00541,2025-08-16,C0160,Pune,Beauty,Serum,2,3956.61,0.15,6726.24,3756.94,2969.3,Store,Cash,No
R00542,2025-08-15,C0431,Chennai,Fashion,Jeans,5,4813.63,0.15,20457.93,12172.89,8285.04,Online,Card,No
R00543,2025-07-26,C0412,Delhi,Fashion,Shoes,2,5309.36,0.2,8494.98,6452.94,2042.04,Store,Card,No
R00544,2025-08-12,C0295,Gurugram,Fashion,Jeans,5,1350.74,0,6753.7,5170.23,1583.47,Store,Cash,No
R00545,2025-08-03,C0427,Hyderabad,Electronics,Keyboard,3,5233.48,0.15,13345.37,8009.47,5335.9,Online,Card,Yes
R00546,2026-05-15,C0201,Hyderabad,Beauty,Perfume,2,4129.57,0,8259.14,5657.06,2602.08,Online,Wallet,No
R00547,2026-03-07,C0488,Kolkata,Fashion,Backpack,4,1691.91,0,6767.64,4992.58,1775.06,Store,Cash,No
R00548,2026-07-20,C0507,Mumbai,Home,Bottle,4,1088.71,0,4354.84,3474.32,880.52,Store,Cash,No
R00549,2026-08-08,C0003,Bengaluru,Home,Cookware,6,711.85,0.15,3630.44,2014.92,1615.52,Online,Cash,No
R00550,2025-01-28,C0220,Pune,Fashion,Backpack,6,1244.97,0,7469.82,5862.54,1607.28,Online,Wallet,No
R00551,2026-05-22,C0222,Hyderabad,Fashion,Jacket,5,1258.53,0,6292.65,4625.06,1667.59,Store,Wallet,No
R00552,2025-02-07,C0352,Noida,Fashion,Backpack,4,2131.98,0.1,7675.13,5425.2,2249.93,Online,Wallet,Yes
R00553,2026-05-10,C0203,Hyderabad,Electronics,Keyboard,2,2612.64,0.1,4702.75,3125.16,1577.59,Store,Card,No
R00554,2025-03-19,C0103,Mumbai,Electronics,Smartwatch,2,5161.14,0.1,9290.05,7435.34,1854.71,Store,Wallet,Yes
R00555,2026-08-28,C0318,Pune,Fashion,Jacket,5,2998.11,0.2,11992.44,8450.7,3541.74,Online,Wallet,No
R00556,2026-07-02,C0079,Chennai,Home,Cookware,3,4993.29,0.2,11983.9,9001.27,2982.63,Online,Wallet,No
R00557,2025-06-19,C0088,Noida,Beauty,Face Wash,6,3999.67,0.1,21598.22,14161.02,7437.2,Store,Cash,No
R00558,2026-02-18,C0321,Bengaluru,Electronics,Power Bank,3,3322.44,0,9967.32,6851.04,3116.28,Online,Card,No
R00559,2025-01-12,C0182,Gurugram,Beauty,Shampoo,3,799.41,0,2398.23,1370.27,1027.96,Store,Cash,No
R00560,2025-03-02,C0480,Delhi,Electronics,Power Bank,3,1259.36,0.2,3022.46,1905.5,1116.96,Online,UPI,No
R00561,2026-01-23,C0374,Hyderabad,Fashion,Jeans,5,3900.66,0.2,15602.64,12039.75,3562.89,Store,Card,Yes
R00562,2026-05-14,C0312,Kolkata,Electronics,Headphones,3,1282.05,0.2,3076.92,1869.49,1207.43,Store,Cash,Yes
R00563,2026-01-20,C0055,Chennai,Electronics,Headphones,5,3520.63,0.1,15842.84,11806.6,4036.24,Online,UPI,No
R00564,2025-04-27,C0138,Bengaluru,Home,Cookware,3,3770.24,0.1,10179.65,6359.58,3820.07,Store,Card,No
R00565,2026-07-17,C0505,Jaipur,Home,Bedsheet,2,3299.56,0.15,5609.25,4501.78,1107.47,Online,Card,Yes
R00566,2025-01-09,C0302,Mumbai,Fashion,Jeans,1,3218.3,0,3218.3,1985.08,1233.22,Store,Wallet,No
R00567,2025-03-04,C0193,Kolkata,Fashion,Backpack,2,968.57,0.2,1549.71,1001.06,548.65,Online,Wallet,No
R00568,2025-04-18,C0310,Kolkata,Fashion,T-Shirt,3,5312.65,0.05,15141.05,10083.45,5057.6,Online,Cash,No
R00569,2026-05-21,C0070,Hyderabad,Beauty,Shampoo,6,591.8,0,3550.8,2395.85,1154.95,Online,Wallet,No
R00570,2025-10-20,C0154,Pune,Fashion,Backpack,3,693.06,0,2079.18,1224.15,855.03,Online,Wallet,No
R00571,2025-02-09,C0146,Gurugram,Beauty,Face Wash,6,156.94,0.1,847.48,584.29,263.19,Store,Card,Yes
R00572,2026-03-14,C0284,Kolkata,Home ,Lamp,1,985.67,0.15,837.82,703.78,134.04,Store,Cash,No
R00573,2025-04-01,C0334,Pune,Home,Mixer,3,4012.59,0.05,11435.88,6934.33,4501.55,Online,Cash,Yes
R00574,2025-11-12,C0165,Delhi,Electronics,Headphones,1,4031.06,0.2,3224.85,2692.61,532.24,Online,Card,No
R00575,2026-07-14,C0197,Noida,Beauty,Shampoo,5,4351.67,0,21758.35,16760.04,4998.31,Store,Card,No
R00576,2025-05-17,C0430,Gurugram,Fashion,Jacket,6,3030.83,0,18184.98,15173.23,3011.75,Store,Card,Yes
R00577,2025-10-15,C0456,Bengaluru,Home,Mixer,4,1122.32,0.05,4264.82,3102.57,1162.25,Store,Wallet,Yes
R00578,2026-06-29,C0042,Chennai,Beauty,Serum,4,3890.88,0.05,14785.34,9278.01,5507.33,Online,Cash,No
R00579,2025-04-02,C0477,Jaipur,Electronics,Power Bank,4,5440.62,0,21762.48,12599.03,9163.45,Online,Cash,No
R00580,2026-02-11,C0511,Gurugram,Home,Mixer,3,4510.39,0,13531.17,10436.3,3094.87,Online,Wallet,Yes
R00581,2025-03-07,C0305,Bengaluru,Beauty,Serum,3,5416.94,0.1,14625.74,8546.68,6079.06,Store,Card,No
R00582,2026-05-02,C0175,Delhi,Electronics,Mouse,3,187.54,0,562.62,316.25,246.37,Online,Cash,No
R00583,2026-02-25,C0420,Jaipur,Fashion,T-Shirt,4,1443.52,0.15,4907.97,2754.71,2153.26,Online,Card,Yes
R00584,2025-09-13,C0427,Hyderabad,Fashion,Jeans,6,3601.51,0.15,18367.7,12010.74,6356.96,Online,Cash,No
R00585,2025-01-15,C0366,Noida,Home,Mixer,1,1260.23,0.05,1197.22,1015.11,182.11,Online,Wallet,No
R00586,2025-06-10,C0160,Chennai,Beauty,Face Wash,5,333.12,0.2,1332.48,870.74,461.74,Store,UPI,No
R00587,2026-03-01,C0340,Pune,Electronics,Headphones,1,4235.44,0.1,3811.9,2292.06,1519.84,Store,Card,No
R00588,2025-10-13,C0274,Jaipur,Electronics,Mouse,5,4088.02,0.15,17374.08,12991.69,4382.39,Store,Wallet,No
R00589,2025-09-06,C0500,Mumbai,Fashion,Backpack,5,5393.48,0.1,24270.66,13951.7,10318.96,Store,Cash,Yes
R00590,2026-01-24,C0314,Gurugram,Beauty,Shampoo,1,3562.55,0,3562.55,2338.25,1224.3,Store,Wallet,Yes
R00591,2025-06-19,C0255,Mumbai,Beauty,Perfume,5,2592.61,0,12963.05,9805.26,3157.79,Online,Cash,Yes
R00592,2026-01-08,C0384,Chennai,Home,Mixer,5,4215.03,0.2,16860.12,9452.63,7407.49,Store,Cash,No
R00593,2026-02-04,C0239,Mumbai,Beauty,Perfume,2,3862.72,0,7725.44,6144.29,1581.15,Store,Cash,Yes
R00594,2025-08-12,C0449,Delhi,Fashion,Jeans,3,803.06,0.05,2288.72,1385.73,902.99,Store,Wallet,No
R00595,2026-02-27,C0357,Noida,Fashion,Shoes,4,1185.51,0,4742.04,3007.87,1734.17,Online,Wallet,No
R00596,2025-03-07,C0063,Jaipur,Fashion,Jacket,3,4011.42,0.2,9627.41,6907.92,2719.49,Online,Cash,No
R00597,2026-04-07,C0322,Mumbai,Beauty,Face Wash,3,1472.12,0,4416.36,3659.48,756.88,Online,Card,No
R00598,2025-04-25,C0191,Delhi,Electronics,Keyboard,6,3577.95,0.2,17174.16,11282.8,5891.36,Online,UPI,Yes
R00599,2026-04-26,C0448,Jaipur,Fashion,Backpack,2,3516.07,0.1,6328.93,4577.48,1751.45,Online,Card,Yes
R00600,2026-05-06,C0422,Kolkata,Fashion,Backpack,3,695.2,0,2085.6,1678.66,406.94,Online,UPI,Yes
R00601,2025-04-11,C0021,Noida,Fashion,Shoes,1,1323.07,0.15,1124.61,703.73,420.88,Online,UPI,No
R00602,2026-02-19,C0091,Delhi,Beauty,Serum,3,848.96,0.15,2164.85,1497.13,667.72,Online,Wallet,Yes
R00603,2025-04-20,C0018,Noida,Electronics,Headphones,3,778.03,0.2,1867.27,1324.88,542.39,Store,UPI,No
R00604,2025-07-02,C0468,Delhi,Home,Lamp,4,1445.64,0,5782.56,3750.96,2031.6,Store,UPI,Yes
R00605,2026-06-20,C0343,Gurugram,Beauty,Face Wash,2,4592.32,0,9184.64,7212.21,1972.43,Store,Card,No
R00606,2025-09-07,C0264,Mumbai,Beauty,Shampoo,1,3850.47,0.2,3080.38,2247.68,832.7,Store,Card,No
R00607,2025-08-19,C0380,Mumbai,Fashion ,Backpack,3,2861.44,0.1,7725.89,5773.87,1952.02,Online,Card,No
R00608,2025-02-26,C0267,gurugram,Home,Bedsheet,4,911.41,0.2,2916.51,1889.82,1026.69,Store,Cash,No
R00609,2025-08-26,C0124,Jaipur,Home,Lamp,2,3361.07,0.1,6049.93,4896.82,1153.11,Online,Card,No
R00610,2025-04-08,C0006,Noida,Home,Mixer,2,2866.5,0.05,5446.35,3636.74,1809.61,Store,Wallet,Yes
R00611,2025-10-07,C0430,Pune,Beauty,Serum,6,3505.62,0,21033.72,13240.96,7792.76,Store,Cash,No
R00612,2025-03-10,C0429,Pune,Beauty,Sunscreen,2,258.26,0,516.52,365.53,150.99,Online,Cash,No
R00613,2026-07-08,C0464,Mumbai,Beauty,Sunscreen,3,1922.91,0,5768.73,3893.92,1874.81,Online,Card,No
R00614,2025-01-07,C0391,Bengaluru,Beauty,Perfume,2,1650.09,0.05,3135.17,2639.13,496.04,Online,Card,Yes
R00615,2025-07-30,C0214,Gurugram,Beauty,Serum,5,4261.38,0,21306.9,17874.35,3432.55,Store,Cash,Yes
R00616,2026-04-24,C0147,Mumbai,Home,Lamp,6,2678.25,0.15,13659.07,10358.42,3300.65,Online,Cash,Yes
R00617,2025-06-15,C0044,Noida,Fashion,Jacket,5,2955.3,0.15,12560.02,8564.46,3995.56,Store,Card,No
R00618,2025-01-19,C0127,Bengaluru,Electronics,Headphones,6,5263.44,0.2,25264.51,16095.24,9169.27,Store,Cash,Yes
R00619,2026-06-03,C0137,Gurugram,Beauty,Face Wash,6,2235.06,0,13410.36,10850.24,2560.12,Online,Wallet,Yes
R00620,2025-10-24,C0063,Chennai,Beauty,Shampoo,6,3791.57,0.1,20474.48,13905.2,6569.28,Online,Wallet,No
R00621,2026-01-20,C0445,Chennai,Fashion,Jacket,3,3022.35,0,9067.05,6393.97,2673.08,Online,UPI,No
R00622,2025-11-13,C0518,Jaipur,Fashion,Backpack,5,3186.69,0.05,15136.78,9595.89,5540.89,Online,UPI,No
R00623,2026-04-08,C0035,Jaipur,Home,Bedsheet,2,2273.44,0.05,4319.54,2798.67,1520.87,Online,UPI,No
R00624,2025-06-14,C0514,Bengaluru,Fashion,Jeans,5,2743.28,0.15,11658.94,9362.04,2296.9,Store,Card,No
R00625,2025-04-05,C0401,Kolkata,Beauty,Serum,1,4064.76,0.15,3455.05,2101.85,1353.2,Online,Card,No
R00626,2025-03-06,C0132,Chennai,Fashion,Jeans,5,4427.94,0,22139.7,13764.45,8375.25,Store,Cash,No
R00627,2026-05-12,C0200,Chennai,Electronics,Keyboard,4,4112.3,0,16449.2,9245.69,7203.51,Store,UPI,No
R00628,2026-06-19,C0172,Bengaluru,Home,Cookware,4,2979.35,0,11917.4,7970.89,3946.51,Store,Cash,No
R00629,2025-06-11,C0435,Jaipur,Fashion,Backpack,4,1540.79,0.15,5238.69,4254.51,984.18,Store,Wallet,Yes
R00630,2026-04-24,C0326,Hyderabad,Home,Bottle,5,2377.37,0.15,10103.82,5709.0,4394.82,Store,UPI,No
R00631,2026-02-24,C0515,Chennai,Electronics,Keyboard,5,5021.3,0.1,22595.85,12743.32,9852.53,Store,UPI,No
R00632,2025-03-23,C0197,Kolkata,Beauty,Face Wash,5,1281.83,0.15,5447.78,3916.38,1531.4,Online,Wallet,No
R00633,2026-08-23,C0330,Jaipur,Home,Bottle,3,3275.75,0.1,8844.52,6426.85,2417.67,Store,Wallet,Yes
R00634,2026-04-16,C0487,pune,Home,Bottle,6,4590.97,0,27545.82,20416.33,7129.49,Online,UPI,No
R00635,2025-06-09,C0266,Delhi,Beauty,Shampoo,6,3983.69,0.1,21511.93,12700.0,8811.93,Store,Card,No
R00636,2026-03-27,C0275,Hyderabad,Beauty,Face Wash,6,2185.92,0.15,11148.19,8074.16,3074.03,Online,Wallet,No
R00637,2025-03-05,C0155,Bengaluru,Electronics,Keyboard,2,2045.35,0.15,3477.09,2542.76,934.33,Online,Wallet,No
R00638,2025-11-19,C0519,Hyderabad,Fashion,T-Shirt,5,4087.71,0.2,16350.84,10716.4,5634.44,Online,Wallet,No
R00639,2025-07-26,C0208,Mumbai,Fashion,Shoes,2,5083.17,0,10166.34,8333.53,1832.81,Store,Card,Yes
R00640,2025-01-18,C0121,Hyderabad,Home,Mixer,2,498.02,0.2,796.83,564.1,232.73,Store,Card,No
R00641,2026-02-27,C0156,Noida,Beauty,Perfume,2,5259.75,0,10519.5,6113.12,4406.38,Online,Cash,No
R00642,2025-07-03,C0337,Noida,Electronics,Power Bank,6,747.37,0,4484.22,3192.1,1292.12,Store,Wallet,Yes
R00643,2026-02-26,C0129,Gurugram,Fashion,Backpack,5,5234.7,0.1,23556.15,17059.7,6496.45,Store,Wallet,No
R00644,2025-12-03,C0500,Pune,Beauty,Perfume,1,3472.7,0,3472.7,2281.72,1190.98,Online,Wallet,No
R00645,2025-01-17,C0078,Noida,Electronics,Smartwatch,4,4797.09,0.1,17269.52,12448.61,4820.91,Store,Wallet,No
R00646,2025-04-11,C0177,Hyderabad,Electronics,Keyboard,1,2980.2,0.2,2384.16,1716.04,668.12,Online,UPI,Yes
R00647,2026-05-05,C0322,Noida,Beauty,Face Wash,5,3339.74,0.15,14193.89,8673.82,5520.07,Store,Wallet,Yes
R00648,2025-05-26,C0140,Bengaluru,Beauty,Face Wash,1,645.16,0.1,580.64,376.36,204.28,Store,Cash,No
R00649,2025-03-07,C0465,Bengaluru,Electronics,Headphones,6,222.22,0.15,1133.32,899.53,233.79,Online,Cash,No
R00650,2025-06-01,C0187,Kolkata,Electronics,Headphones,2,2731.9,0.05,5190.61,3488.29,1702.32,Online,UPI,No
R00651,2025-06-10,C0204,Bengaluru,Fashion,T-Shirt,6,5039.68,0.15,25702.37,21201.24,4501.13,Store,UPI,No
R00652,2025-01-16,C0162,Delhi,Electronics,Smartwatch,2,5061.57,0.1,9110.83,7460.72,1650.11,Store,Card,No
R00653,2025-12-15,C0035,Pune,Electronics,Power Bank,5,3000.17,0,15000.85,8627.18,6373.67,Online,Cash,No
R00654,2026-04-22,C0367,Kolkata,Fashion,Shoes,2,3803.2,0.15,6465.44,4202.15,2263.29,Store,Card,Yes
R00655,2026-06-24,C0498,Jaipur,Home,Lamp,3,670.79,0.1,1811.13,1427.46,383.67,Store,Card,No
R00656,2026-02-06,C0269,Kolkata,Fashion,Jacket,1,3198.43,0,3198.43,2623.64,574.79,Store,Cash,No
R00657,2026-01-24,C0249,Pune,Electronics,Smartwatch,4,4668.7,0.1,16807.32,11940.95,4866.37,Online,Wallet,No
R00658,2026-04-05,C0499,Mumbai,Home,Mixer,2,3437.34,0,6874.68,5629.12,1245.56,Store,Wallet,Yes
R00659,2025-01-14,C0341,Chennai,Fashion,T-Shirt,5,467.64,0.1,2104.38,1581.61,522.77,Online,Wallet,No
R00660,2026-08-29,C0246,Jaipur,Electronics,Mouse,5,1016.29,0,5081.45,3200.46,1880.99,Store,Wallet,Yes
R00661,2026-04-10,C0294,Kolkata,Beauty,Sunscreen,4,215.77,0.05,819.93,651.25,168.68,Online,Card,No
R00662,2026-05-14,C0346,Chennai,Home,Bedsheet,6,437.51,0.2,2100.05,1427.05,673.0,Online,UPI,No
R00663,2025-03-11,C0125,Gurugram,Beauty,Face Wash,2,2956.41,0.1,5321.54,3984.55,1336.99,Online,Cash,No
R00664,2025-11-12,C0127,Delhi,Home,Lamp,1,748.7,0.1,673.83,406.57,267.26,Online,Cash,No
R00665,2025-07-11,C0231,Gurugram,Home,Bedsheet,4,2171.57,0,8686.28,5622.35,3063.93,Online,Card,No
R00666,2025-11-15,C0513,Chennai,Fashion,Backpack,4,4600.75,0,18403.0,10348.56,8054.44,Online,Wallet,No
R00667,2025-08-09,C0192,Kolkata,Fashion,Jacket,3,2638.17,0.1,7123.06,5451.18,1671.88,Store,UPI,No
R00668,2026-04-08,C0017,Noida,Home,Mixer,1,1002.37,0.15,852.01,527.76,324.25,Online,Card,No
R00669,2026-02-13,C0393,Mumbai,Electronics,Headphones,5,2162.63,0.15,9191.18,6705.68,2485.5,Store,UPI,Yes
R00670,2025-07-23,C0147,Delhi,Electronics,Headphones,2,4906.72,0.05,9322.77,6455.14,2867.63,Online,Cash,No
R00671,2025-05-19,C0490,Hyderabad,Beauty,Shampoo,3,4177.28,0,12531.84,9421.06,3110.78,Online,Card,Yes
R00672,2025-08-08,C0161,Pune,Fashion,Shoes,3,2808.13,0.1,7581.95,5630.84,1951.11,Online,Card,No
R00673,2026-02-19,C0378,Gurugram,Fashion,T-Shirt,3,2637.06,0.1,7120.06,4514.79,2605.27,Store,Cash,Yes
R00674,2025-10-08,C0303,Noida,Fashion,Jacket,1,4310.47,0.2,3448.38,2043.47,1404.91,Store,Wallet,No
R00675,2026-01-26,C0289,Bengaluru,Beauty,Perfume,1,320.28,0.1,288.25,243.11,45.14,Online,Cash,No
R00676,2025-09-15,C0480,Chennai,Fashion,T-Shirt,3,1424.53,0,4273.59,3071.73,1201.86,Online,Cash,No
R00677,2026-03-11,C0255,Delhi,Fashion,Jacket,1,3919.24,0.15,3331.35,2752.56,578.79,Store,Card,No
R00678,2025-09-09,C0029,Noida,Fashion,T-Shirt,6,2972.07,0,17832.42,12699.47,5132.95,Online,Card,No
R00679,2026-06-23,C0174,Bengaluru,Fashion,Jacket,2,1911.09,0,3822.18,2675.48,1146.7,Online,Wallet,No
R00680,2026-06-02,C0414,Mumbai,Electronics,Mouse,1,757.94,0.1,682.15,393.11,289.04,Store,Wallet,No
R00681,2025-11-19,C0295,Jaipur,Electronics,Headphones,6,4072.29,0,24433.74,19747.19,4686.55,Store,Cash,No
R00682,2026-02-15,C0164,Jaipur,Home,Cookware,6,286.65,0,1719.9,1133.37,586.53,Store,Card,No
R00683,2025-03-21,C0357,Noida,Home,Lamp,4,4362.01,0.15,14830.83,10753.2,4077.63,Store,Wallet,No
R00684,2026-01-18,C0300,Chennai,Electronics,Power Bank,1,3337.43,0,3337.43,2077.01,1260.42,Store,Wallet,No
R00685,2026-07-02,C0360,Kolkata,Fashion,Backpack,4,3668.91,0.1,13208.08,10240.14,2967.94,Online,Card,No
R00686,2026-07-27,C0172,Gurugram,Home,Bottle,5,2555.11,0.2,10220.44,8468.58,1751.86,Online,UPI,No
R00687,2025-11-01,C0386,Gurugram,Fashion,Shoes,5,3173.51,0.2,12694.04,9341.59,3352.45,Online,Card,No
R00688,2025-07-20,C0504,Noida,Beauty,Sunscreen,6,5438.87,0.15,27738.24,21331.37,6406.87,Online,Cash,No
R00689,2025-02-17,C0472,Delhi,Home,Cookware,3,5153.95,0,15461.85,8524.97,6936.88,Store,UPI,No
R00690,2026-05-23,C0191,Hyderabad,Electronics,Mouse,6,1494.74,0,8968.44,5202.23,3766.21,Store,Wallet,Yes
R00691,2025-08-19,C0487,Chennai,Electronics,Keyboard,3,686.97,0.1,1854.82,1442.85,411.97,Online,UPI,No
R00692,2026-05-14,C0282,Delhi,Beauty,Face Wash,4,4608.77,0.05,17513.33,13492.47,4020.86,Store,Wallet,No
R00693,2026-03-22,C0013,Bengaluru,Beauty,Face Wash,3,3797.05,0.15,9682.48,7388.58,2293.9,Store,Card,No
R00694,2026-01-31,C0099,Bengaluru,Home,Lamp,5,861.32,0.05,4091.27,2581.45,1509.82,Online,Cash,Yes
R00695,2025-07-08,C0016,Hyderabad,Home,Bedsheet,1,3239.25,0.05,3077.29,2149.37,927.92,Online,Card,Yes
R00696,2025-03-31,C0425,Pune,Electronics,Power Bank,1,749.9,0.1,674.91,392.3,282.61,Online,Card,No
R00697,2025-02-08,C0458,Mumbai,Home,Bedsheet,1,1935.78,0.05,1838.99,1196.83,642.16,Online,Card,No
R00698,2026-06-11,C0448,Mumbai,Beauty,Shampoo,6,2912.47,0.15,14853.6,11565.79,3287.81,Online,Card,No
R00699,2026-05-21,C0110,Noida,Home,Cookware,2,672.36,0.1,1210.25,776.56,433.69,Online,Wallet,No
R00700,2025-12-31,C0002,Kolkata,Home,Bottle,6,250.99,0.15,1280.05,1046.11,233.94,Online,Card,No
R00701,2026-05-31,C0366,Noida,Fashion,Jacket,2,3479.55,0.2,5567.28,4074.95,1492.33,Online,Cash,No
R00702,2025-07-05,C0169,Mumbai,Fashion,Backpack,4,3650.21,0.15,12410.71,9814.17,2596.54,Online,Card,No
R00703,2026-07-12,C0272,Mumbai,Electronics,Mouse,3,2668.45,0.1,7204.81,4270.09,2934.72,Online,Wallet,No
R00704,2025-02-06,C0045,Bengaluru,Fashion,T-Shirt,5,2413.13,0.05,11462.37,8550.35,2912.02,Online,Wallet,Yes
R00705,2026-07-10,C0275,Kolkata,Electronics,Power Bank,3,1155.8,0.2,2773.92,1696.58,1077.34,Online,Cash,No
R00706,2025-11-20,C0167,Jaipur,Fashion,Shoes,3,1560.4,0.1,4213.08,2834.43,1378.65,Store,Card,No
R00707,2025-03-09,C0138,Pune,Home ,Mixer,5,4706.11,0.1,21177.49,16367.83,4809.66,Online,Cash,No
R00708,2025-09-22,C0510,Gurugram,Fashion,T-Shirt,3,2114.34,0,6343.02,4359.37,1983.65,Store,Cash,No
R00709,2026-04-10,C0243,Noida,Fashion,Backpack,4,2029.32,0.2,6493.82,4609.61,1884.21,Store,UPI,No
R00710,2026-08-30,C0230,Noida,Fashion,Backpack,6,4875.06,0.1,26325.32,19815.24,6510.08,Online,Card,No
R00711,2025-12-14,C0139,Chennai,Beauty,Shampoo,1,1906.97,0,1906.97,1482.05,424.92,Store,UPI,No
R00712,2025-02-12,C0306,Hyderabad,Beauty,Sunscreen,1,2152.13,0.1,1936.92,1632.31,304.61,Store,Cash,No
R00713,2026-03-24,C0412,Delhi,Electronics,Mouse,1,573.6,0.2,458.88,269.92,188.96,Online,Card,No
R00714,2026-05-07,C0200,Bengaluru,Fashion,Jacket,2,4233.14,0.05,8042.97,6646.35,1396.62,Store,Cash,Yes
R00715,2025-02-17,C0462,Kolkata,Fashion,T-Shirt,2,1089.05,0.05,2069.19,1686.33,382.86,Store,Cash,Yes
R00716,2025-01-11,C0497,Chennai,Beauty,Shampoo,4,1397.77,0.05,5311.53,3604.35,1707.18,Store,Wallet,No
R00717,2026-04-23,C0290,Delhi,Electronics,Headphones,3,4382.97,0,13148.91,7866.77,5282.14,Store,Cash,No
R00718,2025-03-15,C0240,Pune,Beauty,Sunscreen,6,3849.89,0,23099.34,15568.58,7530.76,Online,Wallet,No
R00719,2026-03-02,C0479,Hyderabad,Electronics,Smartwatch,3,3865.73,0.05,11017.33,6728.2,4289.13,Store,UPI,No
R00720,2025-02-09,C0282,Hyderabad,Fashion,Jacket,6,243.72,0.2,1169.86,684.61,485.25,Online,UPI,No
R00721,2026-06-26,C0143,Bengaluru,Electronics,Power Bank,1,1623.24,0.05,1542.08,1292.73,249.35,Online,Card,No
R00722,2025-09-13,C0499,Hyderabad,Home,Bedsheet,2,5133.07,0.15,8726.22,6657.36,2068.86,Online,Wallet,No
R00723,2025-12-26,C0153,Mumbai,Fashion,Jacket,6,3907.02,0.15,19925.8,13914.09,6011.71,Store,Card,No
R00724,2026-07-10,C0153,Kolkata,Fashion,Jacket,4,4847.23,0.2,15511.14,11423.14,4088.0,Store,UPI,Yes
R00725,2025-03-26,C0113,Noida,Home,Bedsheet,5,1448.02,0.05,6878.1,4580.23,2297.87,Store,Wallet,No
R00726,2025-06-28,C0346,Bengaluru,Electronics,Headphones,1,4604.76,0,4604.76,2900.77,1703.99,Online,Cash,Yes
R00727,2025-12-31,C0211,Kolkata,Electronics,Smartwatch,4,3724.5,0.2,11918.4,7493.1,4425.3,Store,Wallet,No
R00728,2025-02-07,C0296,Noida,Electronics,Power Bank,5,3422.88,0.1,15402.96,10940.71,4462.25,Store,Cash,No
R00729,2025-11-09,C0319,Mumbai,Electronics,Keyboard,1,630.54,0.05,599.01,366.0,233.01,Store,Card,Yes
R00730,2025-04-17,C0374,Pune,Fashion,Jacket,2,4224.55,0,8449.1,5211.57,3237.53,Store,Wallet,No
R00731,2026-04-03,C0068,Delhi,Electronics,Mouse,6,2477.37,0.1,13377.8,8589.36,4788.44,Online,Card,No
R00732,2026-03-16,C0471,Noida,Fashion,Jeans,6,4461.69,0,26770.14,21012.9,5757.24,Online,Cash,Yes
R00733,2025-09-29,C0097,Delhi,Beauty,Sunscreen,2,3483.35,0,6966.7,5027.79,1938.91,Online,Wallet,No
R00734,2025-09-01,C0303,Mumbai,Fashion,Jeans,2,4340.07,0,8680.14,7377.85,1302.29,Store,Wallet,No
R00735,2025-10-24,C0323,Pune,Home,Bottle,4,4862.43,0.15,16532.26,10889.95,5642.31,Store,Cash,No
R00736,2026-08-01,C0128,Hyderabad,Fashion,Jeans,1,1789.37,0,1789.37,1148.31,641.06,Store,Cash,Yes
R00737,2025-06-11,C0237,,Home,Bedsheet,2,5397.99,0,10795.98,7840.79,2955.19,Online,Card,No
R00738,2026-04-25,C0434,Pune,Beauty,Perfume,4,3999.67,0.2,12798.94,10116.63,2682.31,Store,Cash,No
R00739,2025-05-30,C0104,Gurugram,Electronics,Keyboard,2,923.29,0.1,1661.92,1374.57,287.35,Store,Cash,Yes
R00740,2026-02-28,C0128,Mumbai,Fashion,Jeans,6,199.23,0.15,1016.07,636.88,379.19,Online,Wallet,Yes
R00741,2026-04-06,C0357,Chennai,Beauty,Perfume,4,1564.76,0,6259.04,4497.8,1761.24,Online,Card,No
R00742,2025-02-15,C0163,Bengaluru,Home,Lamp,6,3696.09,0.1,19958.89,12469.87,7489.02,Store,Cash,No
R00743,2025-11-21,C0332,Hyderabad,Electronics,Smartwatch,6,3311.98,0.05,18878.29,12130.91,6747.38,Online,UPI,Yes
R00744,2025-01-04,C0456,Delhi,Beauty,Shampoo,4,3873.18,0.2,12394.18,10444.83,1949.35,Store,Wallet,No
R00745,2025-06-27,C0226,Pune,Fashion,Jacket,2,794.41,0,1588.82,1192.76,396.06,Store,Card,No
R00746,2026-01-05,C0167,Gurugram,Electronics ,Headphones,3,481.3,0,1443.9,1209.56,234.34,Online,Card,No
R00747,2025-06-30,C0211,gurugram,Home,Lamp,4,1997.44,0.1,7190.78,4566.91,2623.87,Online,UPI,No
R00748,2026-05-10,C0192,Chennai,Beauty,Serum,6,512.68,0.05,2922.28,2241.25,681.03,Store,Wallet,No
R00749,2025-07-05,C0171,Jaipur,Fashion,Shoes,5,3116.39,0.1,14023.75,10164.88,3858.87,Online,UPI,No
R00750,2026-03-26,C0330,Mumbai,Electronics,Smartwatch,2,1791.54,0.1,3224.77,2554.83,669.94,Online,Cash,No
R00751,2026-01-26,C0385,Bengaluru,Fashion,Jacket,3,2548.95,0.15,6499.82,4537.76,1962.06,Store,Card,No
R00752,2025-10-18,C0136,Noida,Beauty,Serum,5,372.7,0.2,1490.8,1023.78,467.02,Store,Wallet,No
R00753,2025-09-30,C0506,Gurugram,Home,Bottle,5,5423.58,0,27117.9,20284.55,6833.35,Online,Card,No
R00754,2025-10-08,C0319,Gurugram,Electronics,Mouse,2,4573.13,0.15,7774.32,4732.54,3041.78,Online,UPI,No
R00755,2026-05-05,C0307,Noida,Electronics,Mouse,6,380.6,0.1,2055.24,1366.73,688.51,Online,Cash,No
R00756,2025-12-05,C0275,,Fashion,Jeans,4,272.55,0,1090.2,877.37,212.83,Store,Wallet,Yes
R00757,2026-03-02,C0235,Hyderabad,Electronics,Keyboard,6,4789.75,0.05,27301.57,15913.97,11387.6,Store,Card,Yes
R00758,2026-05-20,C0299,Chennai,Beauty,Serum,6,458.64,0.2,2201.47,1755.44,446.03,Online,Cash,Yes
R00759,2025-06-15,C0175,Bengaluru,Fashion,T-Shirt,1,2025.17,0,2025.17,1145.19,879.98,Store,Wallet,No
R00760,2026-07-06,C0276,Pune,Home,Cookware,2,3930.81,0.15,6682.38,5066.75,1615.63,Online,Card,No
R00761,2025-06-05,C0509,Bengaluru,Beauty,Sunscreen,4,755.1,0.05,2869.38,2010.91,858.47,Store,UPI,Yes
R00762,2026-07-01,C0390,Pune,Home,Cookware,6,488.23,0.1,2636.44,1821.44,815.0,Online,Card,No
R00763,2026-04-23,C0347,Jaipur,Electronics,Headphones,2,2775.19,0.1,4995.34,3567.22,1428.12,Online,Wallet,Yes
R00764,2025-09-06,C0451,Kolkata,Home,Lamp,6,1123.08,0.1,6064.63,3793.15,2271.48,Store,Cash,Yes
R00765,2025-07-29,C0309,Bengaluru,Beauty,Shampoo,6,852.56,0.05,4859.59,3002.34,1857.25,Store,UPI,No
R00766,2026-06-03,C0289,Kolkata,Beauty,Sunscreen,3,4866.46,0.05,13869.41,9344.1,4525.31,Online,Wallet,No
R00767,2025-04-27,C0140,Hyderabad,Fashion,Jeans,6,3146.94,0.15,16049.39,11788.29,4261.1,Online,UPI,No
R00768,2025-01-07,C0405,Jaipur,Home,Cookware,1,2018.16,0.1,1816.34,1210.4,605.94,Online,Wallet,No
R00769,2026-02-15,C0372,Chennai,Home,Bedsheet,6,1382.47,0.15,7050.6,4839.9,2210.7,Store,Wallet,Yes
R00770,2025-09-18,C0240,Delhi,Fashion,T-Shirt,6,3742.78,0.2,17965.34,14752.33,3213.01,Store,UPI,No
R00771,2026-08-19,C0418,Kolkata,Electronics,Power Bank,2,937.99,0.1,1688.38,1208.21,480.17,Online,Cash,No
R00772,2026-06-14,C0508,Jaipur,Fashion,Shoes,1,4244.79,0,4244.79,2788.3,1456.49,Online,UPI,No
R00773,2026-06-25,C0289,Delhi,Fashion,Jacket,5,2360.46,0.1,10622.07,8382.88,2239.19,Online,Cash,Yes
R00774,2025-04-25,C0434,Pune,Electronics ,Smartwatch,5,1053.9,0.2,4215.6,2827.22,1388.38,Online,Wallet,No
R00775,2026-03-07,C0443,Noida,Home,Mixer,1,234.54,0.15,199.36,137.8,61.56,Store,Cash,No
R00776,2026-03-30,C0172,Bengaluru,Electronics,Smartwatch,2,5321.52,0.15,9046.58,5780.23,3266.35,Store,Wallet,No
R00777,2025-08-28,C0227,Chennai,Home,Bottle,2,3167.59,0,6335.18,4164.97,2170.21,Store,Wallet,No
R00778,2025-11-21,C0150,Chennai,Electronics,Smartwatch,1,4568.17,0,4568.17,3287.37,1280.8,Online,Wallet,Yes
R00779,2026-05-13,C0367,Noida,Electronics,Smartwatch,4,1261.66,0.1,4541.98,3508.68,1033.3,Online,UPI,No
R00780,2026-07-13,C0473,Pune,Home,Lamp,3,1483.89,0.2,3561.34,2956.32,605.02,Store,Cash,No
R00781,2026-07-31,C0287,Bengaluru,Home,Bottle,4,1239.5,0.1,4462.2,2965.43,1496.77,Online,UPI,No
R00782,2026-04-01,C0010,Bengaluru,Fashion,Jeans,2,4946.4,0,9892.8,5663.99,4228.81,Store,UPI,No
R00783,2025-09-19,C0332,Mumbai,Beauty,Shampoo,1,2323.7,0.1,2091.33,1403.75,687.58,Online,Card,Yes
R00784,2025-07-31,C0356,Bengaluru,Electronics,Headphones,6,2992.07,0,17952.42,11512.5,6439.92,Online,Card,No
R00785,2025-11-23,C0479,Mumbai,Fashion,Shoes,2,3942.32,0,7884.64,5052.37,2832.27,Store,Cash,No
R00786,2026-08-06,C0096,Bengaluru,Electronics,Power Bank,4,5216.83,0.2,16693.86,9437.2,7256.66,Store,Card,No
R00787,2025-03-11,C0205,Kolkata,Electronics,Smartwatch,6,167.23,0.05,953.21,557.44,395.77,Online,Cash,No
R00788,2026-03-17,C0458,Chennai,Fashion,Shoes,4,4306.96,0.15,14643.66,10983.26,3660.4,Store,Wallet,Yes
R00789,2025-04-01,C0082,Bengaluru,Home,Bottle,2,4235.14,0.1,7623.25,5186.29,2436.96,Store,UPI,No
R00790,2025-05-06,C0306,Delhi,Beauty,Sunscreen,3,3440.49,0,10321.47,8183.45,2138.02,Store,Card,Yes
R00791,2026-04-29,C0401,Hyderabad,Electronics,Smartwatch,4,5164.27,0,20657.08,16989.07,3668.01,Store,UPI,Yes
R00792,2025-01-13,C0446,Noida,Home,Mixer,1,4357.23,0,4357.23,3654.09,703.14,Store,Cash,No
R00793,2026-03-24,C0392,Pune,Beauty,Perfume,6,5077.38,0.2,24371.42,19820.78,4550.64,Store,Card,Yes
R00794,2025-03-21,C0328,Chennai,Electronics,Keyboard,6,4609.47,0.1,24891.14,16880.88,8010.26,Online,Wallet,Yes
R00795,2025-06-01,C0427,Mumbai,Home,Bottle,6,2705.56,0,16233.36,13050.27,3183.09,Online,UPI,No
R00796,2025-09-07,C0369,Kolkata,Electronics,Mouse,4,2564.77,0.1,9233.17,5724.32,3508.85,Store,Cash,Yes
R00797,2025-02-16,C0032,Chennai,Home,Mixer,5,422.45,0.05,2006.64,1280.05,726.59,Online,UPI,No
R00798,2025-06-09,C0318,Chennai,Electronics,Headphones,6,1589.3,0.2,7628.64,4485.31,3143.33,Store,Wallet,No
R00799,2026-02-22,C0086,Noida,Electronics,Smartwatch,1,4532.99,0,4532.99,3833.93,699.06,Store,Cash,No
R00800,2026-02-04,C0208,Mumbai,Home,Mixer,3,4791.84,0.2,11500.42,6785.08,4715.34,Online,Wallet,Yes
R00801,2026-06-02,C0462,Pune,Beauty,Sunscreen,4,2254.22,0,9016.88,7118.01,1898.87,Store,UPI,No
R00802,2025-05-17,C0479,Gurugram,Electronics,Keyboard,5,1373.45,0.05,6523.89,5358.39,1165.5,Store,Card,Yes
R00803,2025-08-24,C0263,Gurugram,Beauty,Sunscreen,2,2629.74,0.2,4207.58,2873.44,1334.14,Online,Wallet,Yes
R00804,2025-02-05,C0172,Kolkata,Beauty,Serum,2,2885.01,0,5770.02,3444.14,2325.88,Online,Card,Yes
R00805,2025-08-03,C0197,Hyderabad,Beauty,Perfume,2,5312.09,0.1,9561.76,7452.92,2108.84,Online,UPI,No
R00806,2025-03-30,C0321,Noida,Fashion,Backpack,4,4604.33,0,18417.32,12380.07,6037.25,Store,Cash,No
R00807,2025-01-26,C0417,Bengaluru,Home,Bedsheet,6,1251.3,0.1,6757.02,3865.24,2891.78,Store,UPI,No
R00808,2026-03-14,C0194,Chennai,Electronics,Keyboard,4,2938.23,0.05,11165.27,7899.23,3266.04,Online,Wallet,No
R00809,2026-04-21,C0467,Noida,Fashion,T-Shirt,4,1458.77,0.1,5251.57,4056.94,1194.63,Store,Card,No
R00810,2025-11-21,C0511,Bengaluru,Beauty,Shampoo,2,1763.83,0,3527.66,1999.48,1528.18,Online,Card,No
R00811,2025-02-23,C0483,Kolkata,Home,Bedsheet,1,3375.21,0,3375.21,2762.19,613.02,Store,UPI,Yes
R00812,2025-05-30,C0081,Kolkata,Electronics,Power Bank,6,2282.77,0,13696.62,8415.69,5280.93,Online,UPI,Yes
R00813,2026-05-23,C0111,Chennai,Beauty,Sunscreen,6,4265.17,0,25591.02,18065.63,7525.39,Store,Card,No
R00814,2026-05-30,C0279,Bengaluru,Fashion,Jacket,5,3723.63,0,18618.15,13351.54,5266.61,Store,UPI,Yes
R00815,2025-11-19,C0464,Mumbai,Fashion,Jacket,2,5064.44,0.05,9622.44,6353.78,3268.66,Store,Card,No
R00816,2025-01-18,C0423,Gurugram,Home,Mixer,5,948.14,0,4740.7,3469.9,1270.8,Online,Wallet,No
R00817,2025-09-30,C0503,Jaipur,Home,Bottle,5,4526.39,0,22631.95,19185.47,3446.48,Online,Card,No
R00818,2025-11-03,C0446,Noida,Beauty,Perfume,6,207.01,0,1242.06,715.0,527.06,Store,UPI,No
R00819,2025-03-21,C0451,Jaipur,Home,Mixer,3,4943.08,0.15,12604.85,7473.34,5131.51,Online,Card,No
R00820,2025-09-19,C0019,Mumbai,Electronics,Smartwatch,4,3219.06,0.05,12232.43,10364.61,1867.82,Online,Cash,Yes
R00821,2025-01-30,C0397,Mumbai,Fashion,T-Shirt,1,2809.62,0.2,2247.7,1845.85,401.85,Online,UPI,No
R00822,2025-11-30,C0403,Kolkata,Beauty,Perfume,4,2147.88,0.2,6873.22,3875.82,2997.4,Store,Cash,No
R00823,2025-03-18,C0410,Hyderabad,Beauty,Sunscreen,1,287.87,0.05,273.48,171.32,102.16,Online,Cash,No
R00824,2026-07-29,C0498,Kolkata,Electronics,Mouse,4,2220.58,0.15,7549.97,6193.92,1356.05,Online,Card,Yes
R00825,2026-07-20,C0478,Noida,Home,Bottle,3,2440.98,0.15,6224.5,4855.64,1368.86,Online,Wallet,Yes
R00826,2026-05-22,C0303,Hyderabad,Fashion,Backpack,3,3430.52,0.1,9262.4,7706.76,1555.64,Online,Cash,No
R00827,2025-08-30,C0389,Hyderabad,Beauty,Shampoo,5,3706.34,0.05,17605.12,11080.47,6524.65,Online,Card,No
R00828,2026-05-10,C0293,Bengaluru,Fashion,T-Shirt,1,2294.38,0,2294.38,1680.64,613.74,Store,UPI,Yes
R00829,2026-08-18,C0033,Bengaluru,Home,Mixer,4,4001.38,0.15,13604.69,9187.19,4417.5,Store,Card,No
R00830,2026-02-01,C0001,Noida,Fashion,Backpack,1,351.77,0,351.77,277.89,73.88,Online,Cash,No
R00831,2026-02-23,C0429,Jaipur,Beauty,Serum,5,4121.91,0.2,16487.64,12069.37,4418.27,Online,Cash,Yes
R00832,2026-04-05,C0391,Bengaluru,Electronics,Headphones,6,2715.37,0.05,15477.61,8998.79,6478.82,Store,Cash,No
R00833,2025-10-20,C0507,Delhi,Home,Mixer,6,1510.93,0.05,8612.3,7030.95,1581.35,Store,Wallet,No
R00834,2025-11-04,C0249,Chennai,Fashion,T-Shirt,3,580.02,0,1740.06,1339.83,400.23,Store,Wallet,No
R00835,2026-05-10,C0418,Mumbai,Beauty,Shampoo,2,5400.25,0.1,9720.45,7070.01,2650.44,Store,Wallet,Yes
R00836,2025-07-26,C0363,Delhi,Electronics,Power Bank,6,4964.95,0,29789.7,17414.93,12374.77,Online,UPI,Yes
R00837,2025-12-02,C0320,Noida,Fashion,Shoes,2,2010.31,0,4020.62,2369.76,1650.86,Store,UPI,No
R00838,2025-11-29,C0262,Bengaluru,Beauty,Sunscreen,4,1196.32,0.2,3828.22,3001.08,827.14,Store,Card,No
R00839,2025-03-12,C0284,Mumbai,Home,Bottle,6,1261.48,0,7568.88,6044.59,1524.29,Online,Card,Yes
R00840,2025-01-25,C0468,Chennai,Electronics,Mouse,5,4677.96,0,23389.8,14558.4,8831.4,Store,UPI,No
R00841,2026-07-11,C0362,Delhi,Fashion,T-Shirt,1,1733.89,0.2,1387.11,827.02,560.09,Store,Wallet,No
R00842,2025-09-06,C0248,Chennai,Home,Lamp,3,2302.46,0,6907.38,5148.11,1759.27,Online,Wallet,No
R00843,2025-03-04,C0181,Mumbai,Fashion,T-Shirt,4,3355.33,0,13421.32,8626.1,4795.22,Store,Cash,No
R00844,2026-02-24,C0331,Kolkata,Home,Lamp,6,1784.31,0.2,8564.69,4758.62,3806.07,Store,Card,Yes
R00845,2025-10-24,C0269,Pune,Home,Bedsheet,2,4381.57,0.05,8324.98,5435.36,2889.62,Online,Cash,No
R00846,2025-10-31,C0247,Mumbai,Home,Bedsheet,4,3321.41,0,13285.64,10049.68,3235.96,Online,Wallet,Yes
R00847,2026-07-17,C0334,Chennai,Home,Cookware,4,1015.18,0.15,3451.61,2176.31,1275.3,Store,UPI,No
R00848,2025-04-20,C0090,Bengaluru,Electronics,Headphones,2,4512.28,0.05,8573.33,6908.58,1664.75,Online,Cash,Yes
R00849,2025-10-15,C0109,Chennai,Electronics,Keyboard,2,2462.01,0.2,3939.22,2762.8,1176.42,Store,UPI,Yes
R00850,2025-03-23,C0336,Gurugram,Home,Mixer,2,3586.51,0.1,6455.72,5230.53,1225.19,Store,Card,No
R00851,2025-05-04,C0273,Hyderabad,Fashion,T-Shirt,4,240.24,0.05,912.91,542.44,370.47,Store,UPI,No
R00852,2026-04-04,C0258,Mumbai,Fashion,T-Shirt,6,2304.69,0.1,12445.33,9354.32,3091.01,Store,Wallet,No
R00853,2025-03-03,C0431,Bengaluru,Home,Cookware,6,3925.03,0.2,18840.14,13479.11,5361.03,Store,UPI,No
R00854,2025-02-17,C0022,Mumbai,Fashion,Backpack,6,474.16,0,2844.96,2149.21,695.75,Online,Cash,No
R00855,2025-04-06,C0520,Mumbai,Beauty,Shampoo,2,2186.6,0,4373.2,3175.06,1198.14,Store,Wallet,No
R00856,2025-10-26,C0308,Chennai,Beauty,Perfume,4,2384.67,0.15,8107.88,6593.19,1514.69,Store,Cash,Yes
R00857,2025-01-21,C0486,Jaipur,Beauty,Serum,4,1702.57,0.05,6469.77,3567.64,2902.13,Online,UPI,No
R00858,2026-05-11,C0361,Bengaluru,Home,Bedsheet,1,4247.67,0.1,3822.9,3123.93,698.97,Online,Wallet,Yes
R00859,2025-12-16,C0381,Mumbai,Electronics,Headphones,6,527.11,0.2,2530.13,1421.82,1108.31,Online,Cash,Yes
R00860,2026-01-23,C0119,Delhi,Beauty,Perfume,6,2206.69,0,13240.14,7962.72,5277.42,Store,Card,No
R00861,2026-03-14,C0429,Pune,Fashion,Shoes,3,2666.52,0,7999.56,4467.38,3532.18,Store,Wallet,No
R00862,2025-04-26,C0271,Noida,Beauty,Sunscreen,5,3324.59,0.1,14960.66,11387.66,3573.0,Online,Wallet,No
R00863,2026-04-12,C0184,Jaipur,Fashion,Shoes,3,1902.62,0.1,5137.07,3341.4,1795.67,Store,UPI,No
R00864,2026-07-07,C0428,Delhi,Fashion,T-Shirt,5,157.92,0.15,671.16,561.68,109.48,Online,Wallet,No
R00865,2025-04-30,C0430,Hyderabad,Electronics,Mouse,4,2599.57,0,10398.28,8752.23,1646.05,Online,UPI,No
R00866,2026-05-31,C0390,Jaipur,Home,Bedsheet,1,4563.13,0.15,3878.66,2300.83,1577.83,Online,Wallet,No
R00867,2025-04-15,C0201,Mumbai,Fashion,T-Shirt,1,1039.32,0.05,987.35,823.75,163.6,Online,Card,No
R00868,2025-02-23,C0460,Noida,Fashion,Backpack,1,4726.69,0.1,4254.02,2756.8,1497.22,Store,Wallet,No
R00869,2025-12-06,C0246,Hyderabad,Home,Bottle,4,1315.07,0,5260.28,3109.05,2151.23,Online,UPI,Yes
R00870,2025-09-29,C0377,Bengaluru,Home,Mixer,1,4123.94,0,4123.94,3207.3,916.64,Online,Wallet,No
R00871,2025-07-10,C0044,Chennai,Home,Bottle,1,3940.44,0,3940.44,3262.64,677.8,Store,Card,No
R00872,2026-07-08,C0140,Pune,Beauty,Serum,2,3791.36,0.1,6824.45,5536.9,1287.55,Store,Card,No
R00873,2025-01-23,C0244,Noida,Home,Bedsheet,4,3589.77,0.15,12205.22,6937.97,5267.25,Online,UPI,Yes
R00874,2025-05-10,C0439,Chennai,Electronics,Power Bank,4,4753.62,0,19014.48,14104.26,4910.22,Online,Card,Yes
R00875,2025-04-25,C0350,Hyderabad,Electronics,Headphones,6,857.83,0,5146.98,3395.13,1751.85,Store,Card,No
R00876,2025-07-24,C0374,Pune,Electronics,Smartwatch,2,2719.88,0.1,4895.78,3728.71,1167.07,Online,Card,No
R00877,2025-01-02,C0195,Chennai,Beauty,Sunscreen,6,1013.92,0.05,5779.34,4205.3,1574.04,Store,Cash,No
R00878,2025-08-23,C0471,Pune,Home,Bedsheet,2,5251.24,0,10502.48,7806.87,2695.61,Online,UPI,No
R00879,2026-04-22,C0070,Kolkata,Home,Bedsheet,5,2378.93,0.1,10705.18,8247.8,2457.38,Store,UPI,Yes
R00880,2026-01-03,C0283,Noida,Beauty,Face Wash,1,250.97,0.15,213.32,120.45,92.87,Online,Card,No
R00881,2025-09-13,C0061,Pune,Fashion,Backpack,5,4922.77,0.2,19691.08,12168.84,7522.24,Store,Cash,Yes
R00882,2025-03-16,C0025,,Home,Mixer,5,3538.49,0.1,15923.2,12562.07,3361.13,Online,Cash,No
R00883,2025-03-28,C0136,Hyderabad,Home,Bedsheet,2,3353.48,0.1,6036.26,4822.62,1213.64,Store,UPI,Yes
R00884,2025-09-24,C0408,delhi,Fashion,Shoes,2,441.13,0,882.26,552.37,329.89,Store,Wallet,Yes
R00885,2026-02-02,C0075,Jaipur,Electronics,Headphones,1,4651.05,0.15,3953.39,3007.69,945.7,Online,Wallet,No
R00886,2025-05-06,C0447,Noida,Beauty,Shampoo,6,5012.01,0,30072.06,22701.78,7370.28,Store,Wallet,No
R00887,2026-03-20,C0497,Hyderabad,Fashion,Jeans,2,1709.12,0.15,2905.5,1699.1,1206.4,Store,UPI,No
R00888,2025-09-09,C0308,Noida,Fashion,Jacket,5,4604.89,0,23024.45,13852.36,9172.09,Store,Cash,Yes
R00889,2025-01-16,C0344,Noida,Electronics,Smartwatch,6,2086.54,0.05,11893.28,9349.14,2544.14,Online,Wallet,No
R00890,2025-04-26,C0430,Chennai,Fashion,T-Shirt,3,4858.96,0,14576.88,11478.96,3097.92,Online,Card,No
R00891,2025-02-03,C0210,gurugram,Home,Cookware,5,534.26,0.1,2404.17,1640.53,763.64,Online,Wallet,Yes
R00892,2026-03-05,C0133,Mumbai,Beauty,Face Wash,5,1101.92,0,5509.6,3276.67,2232.93,Online,Card,No
R00893,2025-03-31,C0125,Chennai,Fashion,Jeans,6,3643.34,0.2,17488.03,10881.61,6606.42,Store,Wallet,Yes
R00894,2025-02-20,C0233,Jaipur,Electronics,Power Bank,3,3547.24,0.2,8513.38,4957.01,3556.37,Store,UPI,Yes
R00895,2025-03-22,C0032,Hyderabad,Fashion,Backpack,5,4797.85,0.15,20390.86,14133.81,6257.05,Store,Cash,No
R00896,2025-04-22,C0310,Gurugram,Fashion,Backpack,5,4541.86,0.2,18167.44,14405.2,3762.24,Store,Wallet,No
R00897,2025-05-13,C0338,Mumbai,Fashion ,Jeans,3,3981.95,0.1,10751.26,6331.75,4419.51,Store,Wallet,No
R00898,2026-08-17,C0278,Chennai,Home,Cookware,6,742.42,0.2,3563.62,2581.63,981.99,Store,Wallet,No
R00899,2026-03-23,C0339,Delhi,Beauty,Serum,6,1793.27,0.15,9145.68,7281.17,1864.51,Online,Wallet,No
R00900,2025-05-18,C0184,Kolkata,Home,Cookware,5,1390.92,0,6954.6,4916.08,2038.52,Online,UPI,No
R00901,2025-08-02,C0240,Chennai,Fashion,Jacket,4,715.86,0.15,2433.92,1809.64,624.28,Store,Wallet,No
R00902,2025-04-01,C0182,Noida,Beauty,Sunscreen,4,1991.39,0,7965.56,6086.58,1878.98,Store,UPI,No
R00903,2026-08-11,C0294,Gurugram,Electronics,Power Bank,1,1684.41,0.2,1347.53,1129.42,218.11,Online,Card,Yes
R00904,2025-07-04,C0337,Mumbai,Beauty,Perfume,5,441.04,0,2205.2,1441.9,763.3,Store,Wallet,No
R00905,2025-06-28,C0381,Bengaluru,Electronics,Mouse,4,1993.39,0.05,7574.88,5694.76,1880.12,Store,Wallet,No
R00906,2025-04-05,C0484,Mumbai,Beauty,Perfume,1,3632.94,0,3632.94,2974.55,658.39,Online,Wallet,No
R00907,2025-01-27,C0256,Chennai,Beauty,Serum,6,1893.65,0,11361.9,9605.43,1756.47,Online,Card,Yes
R00908,2026-05-29,C0348,Noida,Electronics,Power Bank,3,3317.98,0.1,8958.55,6261.22,2697.33,Store,UPI,No
R00909,2025-04-24,C0270,Mumbai,Home,Lamp,1,3768.81,0.05,3580.37,3037.62,542.75,Store,Wallet,No
R00910,2025-01-08,C0018,Pune,Beauty,Sunscreen,2,4611.08,0,9222.16,7437.49,1784.67,Online,Card,No
R00911,2025-09-08,C0080,Chennai,Fashion,Jeans,2,5436.15,0,10872.3,8672.7,2199.6,Online,UPI,No
R00912,2025-04-08,C0468,Delhi,Beauty,Face Wash,1,1404.41,0,1404.41,919.63,484.78,Online,Card,No
R00913,2025-07-14,C0484,Bengaluru,Beauty,Shampoo,6,1159.07,0.1,6258.98,4944.1,1314.88,Online,Cash,Yes
R00914,2025-06-07,C0100,Kolkata,Beauty,Serum,3,2420.33,0.15,6171.84,3808.23,2363.61,Store,UPI,No
R00915,2026-05-20,C0076,Noida,Electronics,Power Bank,2,4637.33,0.1,8347.19,4953.49,3393.7,Store,Card,No
R00916,2025-12-11,C0334,Pune,Electronics,Keyboard,2,5274.48,0.05,10021.51,5653.24,4368.27,Online,Wallet,No
R00917,2026-02-01,C0192,Noida,Electronics,Mouse,4,900.93,0.15,3063.16,2309.96,753.2,Online,Cash,No
R00918,2026-07-28,C0429,Gurugram,Beauty,Serum,2,2360.42,0.05,4484.8,2986.3,1498.5,Online,UPI,No
R00919,2026-02-07,C0520,Chennai,Home,Cookware,6,2086.45,0,12518.7,6920.41,5598.29,Online,UPI,Yes
R00920,2026-01-25,C0058,Delhi,Home,Mixer,3,4142.82,0.15,10564.19,6449.68,4114.51,Online,Wallet,Yes
R00921,2026-04-07,C0311,Chennai,Electronics,Mouse,6,690.54,0.05,3936.08,2867.28,1068.8,Store,Cash,No
R00922,2026-03-12,C0273,Pune,Home,Lamp,4,4831.83,0,19327.32,12951.81,6375.51,Store,Card,No
R00923,2025-12-28,C0377,Bengaluru,Fashion,Jeans,6,1499.64,0,8997.84,5633.86,3363.98,Store,UPI,Yes
R00924,2025-02-04,C0306,Delhi,Electronics,Keyboard,1,744.93,0.2,595.94,455.51,140.43,Store,UPI,No
R00925,2025-04-12,C0006,Mumbai,Home,Mixer,5,3180.44,0.15,13516.87,9888.17,3628.7,Store,Card,Yes
R00926,2025-01-13,C0417,Gurugram,Fashion,Jacket,5,1540.52,0,7702.6,6223.28,1479.32,Store,UPI,No
R00927,2025-02-28,C0486,Chennai,Home,Mixer,3,697.01,0.05,1986.48,1141.55,844.93,Store,Wallet,No
R00928,2025-09-16,C0097,Delhi,Beauty,Shampoo,6,3712.54,0.1,20047.72,14383.24,5664.48,Store,Cash,Yes
R00929,2026-07-03,C0340,Jaipur,Home,Lamp,2,2447.28,0,4894.56,3389.38,1505.18,Online,Card,Yes
R00930,2025-12-07,C0132,Mumbai,Fashion,Shoes,2,1280.76,0,2561.52,1683.01,878.51,Online,Card,Yes
R00931,2025-02-01,C0439,Chennai,Electronics,Keyboard,2,3409.48,0.1,6137.06,4758.61,1378.45,Online,Cash,No
R00932,2026-05-06,C0122,Jaipur,Home,Bedsheet,3,485.46,0,1456.38,1181.93,274.45,Store,Cash,No
R00933,2026-05-31,C0162,Kolkata,Beauty,Sunscreen,1,3066.62,0.1,2759.96,1714.51,1045.45,Store,Cash,No
R00934,2026-02-03,C0056,Mumbai,Beauty,Shampoo,5,3980.22,0.15,16915.93,11475.52,5440.41,Store,UPI,No
R00935,2026-02-25,C0401,Chennai,Beauty,Sunscreen,4,3250.51,0,13002.04,9958.29,3043.75,Online,Wallet,No
R00936,2025-11-08,C0384,Gurugram,Electronics,Keyboard,1,1725.03,0.2,1380.02,1115.89,264.13,Store,Wallet,No
R00937,2026-02-12,C0468,Hyderabad,Home,Mixer,6,1890.41,0,11342.46,6743.83,4598.63,Online,Cash,No
R00938,2026-03-27,C0135,Pune,Fashion,Jeans,6,3920.82,0.2,18819.94,12954.57,5865.37,Online,Card,No
R00939,2025-04-17,C0136,Jaipur,Beauty,Face Wash,2,3690.98,0.15,6274.67,4463.54,1811.13,Online,UPI,No
R00940,2025-08-31,C0124,Hyderabad,Fashion,Jacket,2,3355.02,0.05,6374.54,4098.39,2276.15,Online,UPI,No
R00941,2025-11-29,C0196,Hyderabad,Beauty,Serum,4,2289.52,0.15,7784.37,4798.28,2986.09,Store,UPI,Yes
R00942,2025-12-12,C0239,Kolkata,Electronics,Headphones,4,4420.97,0.1,15915.49,12229.34,3686.15,Online,Wallet,Yes
R00943,2025-01-24,C0151,Hyderabad,Fashion,Shoes,6,996.75,0.1,5382.45,4045.62,1336.83,Store,UPI,Yes
R00944,2026-08-16,C0044,Chennai,Fashion,Backpack,2,4003.23,0,8006.46,5932.91,2073.55,Store,UPI,No
R00945,2025-03-21,C0350,Kolkata,Beauty,Face Wash,2,2775.07,0.15,4717.62,3681.38,1036.24,Online,UPI,No
R00946,2025-12-20,C0123,Mumbai,Beauty,Shampoo,1,1190.17,0.15,1011.64,620.03,391.61,Online,UPI,No
R00947,2025-08-06,C0033,Delhi,Electronics,Mouse,5,3290.28,0,16451.4,12127.53,4323.87,Online,Card,No
R00948,2026-04-18,C0443,Noida,Fashion,Shoes,6,2798.63,0.05,15952.19,12317.96,3634.23,Online,Wallet,No
R00949,2026-01-31,C0347,Pune,Home,Mixer,1,559.25,0,559.25,472.49,86.76,Online,Wallet,Yes
R00950,2025-12-27,C0433,Jaipur,Electronics,Power Bank,5,5036.49,0.05,23923.33,18241.31,5682.02,Store,Card,Yes
R00951,2025-01-30,C0413,Noida,Fashion,T-Shirt,3,971.1,0.15,2476.31,1917.84,558.47,Online,Card,No
R00952,2025-08-06,C0093,Mumbai,Home,Mixer,6,3343.67,0.15,17052.72,13625.76,3426.96,Store,Cash,Yes
R00953,2025-04-01,C0200,Kolkata,Beauty,Face Wash,1,2870.89,0.05,2727.35,1510.0,1217.35,Online,Card,No
R00954,2025-07-02,C0501,Jaipur,Home,Cookware,1,4399.71,0.2,3519.77,2788.48,731.29,Store,Cash,No
R00955,2026-01-15,C0360,Bengaluru,Fashion,Jeans,6,3869.95,0,23219.7,16157.78,7061.92,Online,UPI,Yes
R00956,2025-01-11,C0327,Noida,Beauty,Face Wash,3,3841.22,0,11523.66,7727.12,3796.54,Store,UPI,Yes
R00957,2026-05-11,C0187,Gurugram,Home,Bedsheet,1,4623.14,0.15,3929.67,2648.38,1281.29,Store,UPI,Yes
R00958,2025-07-10,C0456,Gurugram,Electronics,Mouse,1,5272.82,0,5272.82,3665.82,1607.0,Online,UPI,No
R00959,2025-03-04,C0316,Mumbai,Beauty,Shampoo,5,1696.44,0,8482.2,6517.65,1964.55,Store,UPI,No
R00960,2026-07-13,C0208,Gurugram,Electronics,Keyboard,2,2812.92,0.2,4500.67,2924.06,1576.61,Store,Wallet,No
R00961,2025-06-20,C0145,Jaipur,Fashion,Backpack,2,4766.56,0.1,8579.81,7010.97,1568.84,Store,Cash,No
R00962,2025-07-04,C0206,Hyderabad,Electronics,Keyboard,6,4031.42,0.15,20560.24,13574.77,6985.47,Store,Card,No
R00963,2025-01-04,C0118,Kolkata,Beauty,Serum,3,5373.47,0.1,14508.37,11399.47,3108.9,Online,Wallet,No
R00964,2026-02-03,C0254,Jaipur,Beauty,Shampoo,1,2768.65,0,2768.65,1957.43,811.22,Online,Card,No
R00965,2025-08-09,C0288,Mumbai,Electronics,Headphones,4,4859.91,0.2,15551.71,10272.91,5278.8,Online,Wallet,No
R00966,2025-10-28,C0046,Noida,Fashion,T-Shirt,3,4029.9,0.1,10880.73,7833.91,3046.82,Online,Card,Yes
R00967,2026-01-05,C0325,Hyderabad,Home,Bottle,5,3945.38,0,19726.9,15936.41,3790.49,Store,UPI,No
R00968,2025-03-16,C0223,Hyderabad,Home,Bedsheet,4,1200.42,0.2,3841.34,3238.78,602.56,Store,Card,No
R00969,2026-03-06,C0456,Mumbai,Fashion,Shoes,3,635.18,0,1905.54,1594.12,311.42,Online,UPI,No
R00970,2025-08-09,C0269,Mumbai,Home,Bedsheet,3,2841.7,0.2,6820.08,4780.77,2039.31,Store,UPI,No
R00971,2026-03-23,C0017,Chennai,Beauty,Perfume,4,2634.83,0,10539.32,7664.42,2874.9,Store,UPI,No
R00972,2025-09-23,C0062,Mumbai,Beauty,Face Wash,5,1988.89,0.1,8950.01,6086.48,2863.53,Store,Cash,Yes
R00973,2025-09-27,C0241,Bengaluru,Electronics,Power Bank,1,4054.56,0.05,3851.83,2849.06,1002.77,Store,UPI,No
R00974,2025-05-29,C0479,Kolkata,Home,Bottle,6,4657.8,0.05,26549.46,16732.49,9816.97,Store,Card,Yes
R00975,2026-04-23,C0102,Gurugram,Home,Cookware,4,1594.93,0.15,5422.76,4157.17,1265.59,Store,Cash,No
R00976,2026-08-12,C0446,Kolkata,Beauty,Serum,5,1283.54,0.1,5775.93,4267.6,1508.33,Store,Wallet,No
R00977,2025-07-24,C0184,Chennai,Home,Lamp,1,3819.17,0.05,3628.21,2643.28,984.93,Online,Card,No
R00978,2025-08-21,C0393,Chennai,Electronics,Mouse,5,4835.04,0.2,19340.16,14157.71,5182.45,Store,UPI,No
R00979,2025-04-02,C0184,Bengaluru,Home,Cookware,2,2580.6,0.15,4387.02,3470.06,916.96,Store,UPI,No
R00980,2026-07-22,C0018,Kolkata,Home,Mixer,4,814.24,0.1,2931.26,2414.09,517.17,Store,Card,Yes
R00981,2025-04-20,C0502,Delhi,Fashion,T-Shirt,1,4049.26,0.2,3239.41,2100.55,1138.86,Store,Cash,No
R00982,2026-03-05,C0372,Kolkata,Home,Lamp,3,1100.67,0,3302.01,2684.03,617.98,Online,Cash,Yes
R00983,2025-01-18,C0353,Pune,Electronics,Headphones,3,2207.9,0.15,5630.15,4453.24,1176.91,Store,Cash,No
R00984,2025-04-05,C0185,Bengaluru,Home,Cookware,6,5349.22,0.2,25676.26,14369.01,11307.25,Online,Wallet,No
R00985,2025-11-17,C0254,Delhi,Home,Mixer,5,1097.22,0,5486.1,3677.05,1809.05,Store,Cash,Yes
R00986,2026-06-15,C0292,Pune,Beauty,Face Wash,5,1085.36,0.15,4612.78,3198.35,1414.43,Store,UPI,No
R00987,2026-08-21,C0514,Jaipur,Fashion,T-Shirt,2,225.14,0.2,360.22,209.22,151.0,Store,Wallet,No
R00988,2025-09-30,C0142,Gurugram,Beauty,Sunscreen,4,4102.8,0.2,13128.96,8710.52,4418.44,Store,UPI,No
R00989,2026-04-26,C0481,Bengaluru,Beauty,Shampoo,1,2842.82,0.1,2558.54,2103.02,455.52,Online,Cash,No
R00990,2025-09-18,C0008,Chennai,Fashion,Jeans,4,2263.48,0.05,8601.22,7136.85,1464.37,Store,Wallet,No
R00991,2026-03-20,C0259,Chennai,Home,Mixer,4,1977.42,0.1,7118.71,5574.67,1544.04,Store,UPI,No
R00992,2025-09-11,C0095,Noida,Home,Bedsheet,5,1704.02,0.15,7242.09,4338.91,2903.18,Online,Cash,No
R00993,2025-11-27,C0325,Mumbai,Home,Bedsheet,2,4195.89,0,8391.78,5584.72,2807.06,Store,Cash,Yes
R00994,2026-07-20,C0295,Chennai,Fashion,Shoes,2,1106.95,0.05,2103.2,1181.51,921.69,Store,Wallet,Yes
R00995,2025-10-06,C0320,Kolkata,Home,Bottle,5,766.03,0.2,3064.12,1901.86,1162.26,Store,UPI,No
R00996,2026-02-02,C0318,Delhi,Home,Bottle,6,3315.11,0.15,16907.06,13876.06,3031.0,Online,Card,No
R00997,2025-04-29,C0385,Pune,Home,Mixer,1,5236.91,0.05,4975.06,3013.97,1961.09,Online,Card,No
R00998,2026-04-25,C0037,Gurugram,Beauty,Face Wash,3,5239.33,0,15717.99,10998.08,4719.91,Online,UPI,No
R00999,2025-09-06,C0045,Hyderabad,Electronics,Mouse,4,2363.46,0.2,7563.07,5801.16,1761.91,Online,Card,No
R01000,2026-02-20,C0343,Kolkata,Fashion,Jacket,2,217.4,0.15,369.58,283.35,86.23,Online,Wallet,Yes
R01001,2026-08-23,C0304,Hyderabad,Fashion ,Jeans,4,2415.03,0.05,9177.11,7648.18,1528.93,Store,Card,Yes
R01002,2025-04-06,C0144,noida,Home,Bedsheet,3,3780.71,0,11342.13,8455.4,2886.73,Store,Wallet,No
R01003,2026-06-10,C0180,Pune,Home,Mixer,6,3417.98,0,20507.88,13752.05,6755.83,Online,UPI,No
R01004,2026-08-04,C0512,Hyderabad,Electronics,Keyboard,4,1823.71,0.1,6565.36,4994.4,1570.96,Store,Card,Yes
R01005,2026-01-02,C0099,Bengaluru,Fashion,Jeans,1,1776.25,0.2,1421.0,965.32,455.68,Store,UPI,No
R01006,2025-12-15,C0322,Delhi,Home,Bottle,1,4633.61,0,4633.61,2888.41,1745.2,Store,Card,No
R01007,2026-01-21,C0448,Hyderabad,Electronics,Power Bank,1,4506.46,0,4506.46,3538.3,968.16,Online,UPI,No
R01008,2025-05-04,C0226,Hyderabad,Electronics,Power Bank,3,5370.58,0,16111.74,10198.65,5913.09,Online,Card,No
R01009,2025-06-09,C0370,Hyderabad,Electronics,Headphones,4,2265.1,0.05,8607.38,5106.16,3501.22,Online,Card,No
R01010,2025-02-09,C0438,Jaipur,Fashion,T-Shirt,1,1823.59,0.2,1458.87,1124.3,334.57,Online,Card,No
R01011,2025-11-07,C0213,Gurugram,Home,Bedsheet,2,1639.15,0.2,2622.64,1778.5,844.14,Store,Card,No
R01012,2025-09-15,C0506,kolkata,Home,Lamp,4,1864.25,0.15,6338.45,5115.73,1222.72,Store,Card,No
R01013,2025-07-04,C0129,Bengaluru,Home,Bottle,6,5094.55,0.05,29038.94,20984.7,8054.24,Online,UPI,No
R01014,2025-02-07,C0426,Hyderabad,Home,Bedsheet,3,4191.43,0.2,10059.43,6539.95,3519.48,Store,Cash,No
R01015,2025-05-06,C0025,Bengaluru,Beauty,Serum,2,4959.96,0.2,7935.94,6131.5,1804.44,Store,UPI,No
R01016,2026-05-24,C0500,Noida,Electronics,Headphones,3,2474.45,0.15,6309.85,5317.66,992.19,Online,Wallet,No
R01017,2026-04-15,C0316,Pune,Fashion,Backpack,1,734.75,0,734.75,444.98,289.77,Store,Cash,No
R01018,2025-04-26,C0044,Gurugram,Electronics,Power Bank,2,4524.07,0,9048.14,6277.05,2771.09,Store,Card,Yes
R01019,2026-01-17,C0222,Gurugram,Electronics,Smartwatch,3,5222.53,0,15667.59,10137.91,5529.68,Store,Wallet,Yes
R01020,2025-07-27,C0500,Gurugram,Electronics,Headphones,2,5125.85,0.15,8713.94,5207.65,3506.29,Online,Card,No
R01021,2025-09-26,C0260,Hyderabad,Fashion,Backpack,3,5351.14,0.2,12842.74,7148.34,5694.4,Store,Wallet,No
R01022,2025-06-20,C0057,Hyderabad,Electronics,Smartwatch,6,440.16,0.05,2508.91,1529.18,979.73,Store,Cash,No
R01023,2026-02-05,C0057,Jaipur,Home,Cookware,2,2132.77,0.1,3838.99,2619.97,1219.02,Store,Cash,Yes
R01024,2026-02-15,C0201,Gurugram,Electronics,Mouse,2,1261.71,0.2,2018.74,1698.52,320.22,Online,Cash,No
R01025,2026-02-15,C0351,Mumbai,Fashion ,Backpack,1,2711.67,0,2711.67,1877.21,834.46,Online,UPI,Yes
R01026,2026-07-10,C0428,Jaipur,Fashion,Jacket,4,1880.74,0.1,6770.66,4650.36,2120.3,Store,UPI,Yes
R01027,2025-07-20,C0278,Gurugram,Fashion,Jacket,4,1980.98,0.1,7131.53,4463.96,2667.57,Store,Card,Yes
R01028,2025-07-01,C0073,Mumbai,Beauty,Perfume,5,1226.72,0.05,5826.92,3543.94,2282.98,Store,UPI,No
R01029,2025-03-21,C0005,Mumbai,Home,Mixer,3,3613.99,0.1,9757.77,7472.28,2285.49,Store,UPI,No
R01030,2025-03-06,C0027,Hyderabad,Beauty,Sunscreen,3,3579.13,0,10737.39,8584.99,2152.4,Store,Cash,No
R01031,2025-07-30,C0182,Chennai,Beauty,Serum,3,3166.78,0.2,7600.27,6398.56,1201.71,Online,Wallet,No
R01032,2026-02-18,C0178,Jaipur,Beauty,Shampoo,2,4462.65,0,8925.3,5757.22,3168.08,Store,UPI,No
R01033,2026-01-02,C0165,Noida,Home,Bottle,4,359.1,0.1,1292.76,1050.34,242.42,Online,Card,No
R01034,2025-06-18,C0072,Noida,Beauty,Shampoo,5,2794.78,0.05,13275.2,9914.85,3360.35,Online,Cash,Yes
R01035,2025-11-16,C0377,Hyderabad,Electronics,Power Bank,2,5404.87,0.15,9188.28,6169.18,3019.1,Store,UPI,No
R01036,2025-10-03,C0254,Jaipur,Electronics,Mouse,1,2913.2,0.1,2621.88,1944.37,677.51,Store,Cash,No
R01037,2026-01-20,C0432,Jaipur,Beauty,Shampoo,2,1342.75,0,2685.5,1875.46,810.04,Store,UPI,No
R01038,2025-11-06,C0491,Hyderabad,Fashion,T-Shirt,1,4026.99,0.2,3221.59,1880.6,1340.99,Online,Cash,No
R01039,2026-05-29,C0397,Chennai,Electronics,Mouse,3,943.88,0.05,2690.06,1666.34,1023.72,Store,Cash,No
R01040,2026-08-23,C0280,Mumbai,Fashion,T-Shirt,6,1394.34,0.1,7529.44,4503.81,3025.63,Store,Card,Yes
R01041,2025-11-30,C0271,Hyderabad,Electronics,Keyboard,4,1822.22,0,7288.88,5128.49,2160.39,Online,Card,Yes
R01042,2025-07-04,C0231,Jaipur,Electronics,Smartwatch,5,334.06,0.05,1586.78,1090.65,496.13,Online,UPI,No
R01043,2025-05-26,C0089,Delhi,Electronics,Power Bank,5,4227.02,0,21135.1,16445.76,4689.34,Store,Wallet,No
R01044,2026-05-08,C0401,Bengaluru,Fashion ,Jacket,5,995.44,0.2,3981.76,3016.76,965.0,Online,UPI,No
R01045,2026-04-14,C0073,Chennai,Fashion,Jacket,3,2198.68,0.15,5606.63,3679.16,1927.47,Online,Cash,No
R01046,2025-03-23,C0470,Pune,Home,Lamp,1,1367.82,0,1367.82,778.33,589.49,Store,Cash,No
R01047,2026-07-26,C0295,Delhi,Fashion,Jacket,2,3998.33,0.15,6797.16,4085.01,2712.15,Store,Cash,No
R01048,2026-04-24,C0169,Noida,Electronics,Mouse,4,2500.32,0.2,8001.02,6093.89,1907.13,Store,UPI,No
R01049,2025-09-10,C0238,Noida,Fashion,Shoes,2,3928.05,0,7856.1,6377.36,1478.74,Store,Cash,No
R01050,2025-06-13,C0232,Mumbai,Electronics,Keyboard,4,3845.53,0.15,13074.8,7912.94,5161.86,Store,Cash,No
R01051,2025-06-14,C0206,Kolkata,Beauty,Perfume,1,467.69,0,467.69,345.76,121.93,Online,Card,No
R01052,2025-04-23,C0203,Mumbai,Fashion,Jeans,2,1871.45,0,3742.9,2992.67,750.23,Online,Cash,No
R01053,2025-04-04,C0463,Delhi,Electronics,Keyboard,6,2929.72,0,17578.32,11178.14,6400.18,Online,UPI,No
R01054,2025-07-16,C0408,Delhi,Electronics,Power Bank,1,4262.46,0,4262.46,3237.99,1024.47,Store,Card,No
R01055,2026-02-24,C0336,Jaipur,Fashion,T-Shirt,4,4263.03,0,17052.12,9441.09,7611.03,Store,UPI,No
R01056,2025-06-12,C0317,Jaipur,Home,Mixer,2,3532.6,0.2,5652.16,3575.98,2076.18,Online,Wallet,No
R01057,2025-04-02,C0241,Mumbai,Fashion,Shoes,2,878.86,0.1,1581.95,1243.65,338.3,Online,Cash,No
R01058,2026-05-26,C0016,Hyderabad,Fashion,Jacket,3,4449.31,0.15,11345.74,8582.79,2762.95,Store,Cash,Yes
R01059,2026-03-14,C0422,Kolkata,Home,Cookware,5,3093.85,0.2,12375.4,8214.9,4160.5,Online,Wallet,Yes
R01060,2026-08-23,C0499,Pune,Fashion,Jeans,2,4667.64,0.2,7468.22,4702.34,2765.88,Store,Wallet,No
R01061,2026-01-24,C0155,Mumbai,Fashion,Backpack,6,4199.59,0,25197.54,14993.58,10203.96,Store,Wallet,No
R01062,2026-02-18,C0454,Jaipur,Fashion,Jacket,2,2823.31,0.15,4799.63,3063.37,1736.26,Online,Card,Yes
R01063,2025-06-02,C0438,Chennai,Fashion,Backpack,2,3542.17,0.05,6730.12,4901.91,1828.21,Online,UPI,No
R01064,2025-10-09,C0314,Hyderabad,Beauty,Face Wash,1,4266.86,0.1,3840.17,2696.97,1143.2,Store,Card,No
R01065,2026-07-10,C0408,Pune,Home,Mixer,6,224.39,0.15,1144.39,812.34,332.05,Online,Card,Yes
R01066,2026-07-21,C0277,Jaipur,Electronics,Keyboard,6,1509.28,0,9055.68,5268.06,3787.62,Online,Wallet,No
R01067,2025-06-26,C0034,Bengaluru,Fashion,Jeans,5,1952.49,0.2,7809.96,6408.46,1401.5,Store,Card,No
R01068,2026-07-11,C0501,Pune,Electronics,Mouse,6,814.11,0.15,4151.96,3403.9,748.06,Store,Card,No
R01069,2026-05-01,C0172,Delhi,Fashion,Jeans,3,3955.02,0.15,10085.3,7254.03,2831.27,Store,UPI,No
R01070,2026-04-16,C0512,Noida,Fashion,Shoes,5,3235.09,0.1,14557.91,11907.84,2650.07,Store,Card,No
R01071,2025-07-02,C0295,Noida,Electronics,Power Bank,6,764.75,0.1,4129.65,2998.42,1131.23,Store,Card,No
R01072,2025-09-23,C0455,Bengaluru,Electronics,Smartwatch,6,3094.93,0.15,15784.14,10396.6,5387.54,Store,UPI,No
R01073,2025-08-09,C0014,Chennai,Home,Cookware,5,4448.48,0.2,17793.92,14452.32,3341.6,Store,UPI,No
R01074,2025-02-04,C0121,Hyderabad,Fashion,Jeans,6,3380.11,0,20280.66,14209.15,6071.51,Online,Wallet,Yes
R01075,2025-08-03,C0455,Noida,Electronics,Smartwatch,2,2910.39,0.05,5529.74,4174.02,1355.72,Store,UPI,No
R01076,2025-07-01,C0344,Hyderabad,Home,Cookware,6,2066.74,0.1,11160.4,7306.51,3853.89,Online,UPI,Yes
R01077,2026-08-26,C0132,Mumbai,Fashion,Jacket,4,915.14,0.2,2928.45,1812.85,1115.6,Store,Cash,No
R01078,2026-04-05,C0316,Mumbai,Fashion,Backpack,5,1971.98,0.05,9366.9,7086.66,2280.24,Online,Cash,Yes
R01079,2025-01-09,C0481,Bengaluru,Fashion,Backpack,6,5474.47,0.1,29562.14,16800.76,12761.38,Online,Cash,No
R01080,2025-03-17,C0468,Delhi,Fashion,Jeans,6,5209.27,0,31255.62,26370.54,4885.08,Store,Cash,No
R01081,2025-01-04,C0177,Jaipur,Electronics,Power Bank,6,4982.28,0,29893.68,23354.78,6538.9,Store,UPI,No
R01082,2025-08-02,C0213,Jaipur,Electronics,Smartwatch,3,312.43,0,937.29,737.78,199.51,Online,Cash,No
R01083,2026-04-22,C0273,Delhi,Electronics,Smartwatch,4,1726.03,0.2,5523.3,3198.83,2324.47,Online,UPI,Yes
R01084,2025-11-29,C0359,Delhi,Fashion,Jacket,5,4180.65,0,20903.25,16496.26,4406.99,Online,Wallet,No
R01085,2026-03-25,C0499,Delhi,Beauty,Face Wash,4,1124.25,0.15,3822.45,2571.26,1251.19,Online,UPI,No
R01086,2026-01-29,C0505,Hyderabad,Beauty,Serum,4,1313.01,0.15,4464.23,3143.61,1320.62,Online,Card,Yes
R01087,2025-01-02,C0239,Noida,Electronics,Keyboard,3,1766.49,0,5299.47,3787.65,1511.82,Store,Wallet,No
R01088,2025-11-28,C0225,Jaipur,Electronics,Power Bank,5,1872.68,0.15,7958.89,6449.58,1509.31,Store,Wallet,No
R01089,2026-03-30,C0190,Bengaluru,Beauty,Serum,6,2151.13,0.15,10970.76,9218.38,1752.38,Store,Card,No
R01090,2025-05-21,C0202,Gurugram,Electronics,Headphones,2,4701.87,0,9403.74,5424.28,3979.46,Online,Card,Yes
R01091,2025-05-11,C0345,Bengaluru,Home,Bedsheet,6,1903.98,0.2,9139.1,7623.29,1515.81,Online,Cash,No
R01092,2026-01-11,C0420,Gurugram,Beauty,Perfume,2,2287.28,0.2,3659.65,2028.58,1631.07,Store,Wallet,No
R01093,2025-09-11,C0036,Delhi,Beauty,Face Wash,1,3565.27,0.1,3208.74,1956.66,1252.08,Online,Card,No
R01094,2025-10-04,C0433,Chennai,Electronics,Power Bank,4,2052.81,0.1,7390.12,5116.05,2274.07,Online,Card,No
R01095,2025-02-28,C0254,Gurugram,Fashion,Shoes,3,1721.05,0.15,4388.68,3381.86,1006.82,Store,Wallet,No
R01096,2026-05-16,C0467,Delhi,Fashion,Jeans,2,1689.31,0.1,3040.76,2503.6,537.16,Online,Cash,No
R01097,2025-05-03,C0376,Delhi,Beauty,Face Wash,3,5053.79,0.05,14403.3,9129.01,5274.29,Online,Cash,No
R01098,2026-02-06,C0455,Bengaluru,Home,Lamp,3,4428.32,0,13284.96,11120.55,2164.41,Store,Wallet,No
R01099,2025-06-18,C0153,Kolkata,Beauty,Shampoo,2,4374.79,0,8749.58,5903.83,2845.75,Online,Card,No
R01100,2025-02-03,C0362,Noida,Electronics,Power Bank,5,5084.74,0.05,24152.51,18575.02,5577.49,Store,Card,No
R01101,2026-06-03,C0352,Jaipur,Beauty,Face Wash,6,4547.49,0,27284.94,18201.73,9083.21,Store,Card,No
R01102,2025-02-05,C0506,Hyderabad,Fashion,Backpack,1,2197.08,0.1,1977.37,1453.04,524.33,Store,Card,No
R01103,2025-09-23,C0417,Gurugram,Electronics,Power Bank,6,845.89,0,5075.34,3924.11,1151.23,Store,Card,No
R01104,2025-02-11,C0293,Bengaluru,Electronics,Mouse,3,4848.42,0.15,12363.47,6839.21,5524.26,Online,Cash,No
R01105,2025-09-18,C0499,Bengaluru,Fashion,Backpack,3,5297.83,0.1,14304.14,11298.75,3005.39,Store,Cash,No
R01106,2025-06-22,C0062,Bengaluru,Fashion,T-Shirt,6,2289.57,0,13737.42,10534.27,3203.15,Online,Cash,No
R01107,2025-12-21,C0208,Pune,Electronics,Headphones,4,351.9,0.2,1126.08,656.33,469.75,Online,Cash,No
R01108,2026-07-28,C0452,Hyderabad,Electronics,Headphones,4,1735.32,0.05,6594.22,5015.25,1578.97,Online,UPI,Yes
R01109,2026-06-14,C0006,Hyderabad,Electronics,Mouse,3,3598.81,0.15,9176.97,6699.37,2477.6,Online,Card,No
R01110,2025-08-23,C0048,Bengaluru,Fashion,Shoes,5,1840.5,0.1,8282.25,4691.91,3590.34,Online,UPI,No
R01111,2026-03-22,C0163,Noida,Beauty,Shampoo,4,156.2,0.15,531.08,414.3,116.78,Store,Cash,Yes
R01112,2026-05-14,C0164,Kolkata,Electronics,Headphones,5,4552.6,0,22763.0,16288.64,6474.36,Store,UPI,No
R01113,2026-04-05,C0437,Pune,Fashion,Backpack,6,2388.29,0.2,11463.79,8375.95,3087.84,Store,Cash,Yes
R01114,2025-05-03,C0507,mumbai,Beauty,Face Wash,3,5028.04,0.05,14329.91,9559.47,4770.44,Online,Card,No
R01115,2025-08-03,C0436,Delhi,Fashion,Shoes,5,2796.04,0,13980.2,8244.56,5735.64,Online,UPI,No
R01116,2026-05-16,C0199,Hyderabad,Fashion,Shoes,1,987.2,0,987.2,636.72,350.48,Online,Cash,No
R01117,2025-02-04,C0070,Jaipur,Home ,Lamp,2,5087.72,0.15,8649.12,6196.44,2452.68,Online,Cash,Yes
R01118,2025-01-04,C0122,Hyderabad,Beauty,Face Wash,1,5486.85,0,5486.85,4371.52,1115.33,Online,Cash,No
R01119,2025-01-21,C0241,Chennai,Fashion,Jeans,3,3812.54,0,11437.62,9022.33,2415.29,Online,Wallet,No
R01120,2025-12-11,C0410,Mumbai,Home,Lamp,5,3023.35,0.1,13605.08,11445.3,2159.78,Online,UPI,No
R01121,2026-05-23,C0261,Chennai,Electronics,Keyboard,1,2996.23,0.15,2546.8,1683.01,863.79,Online,Wallet,No
R01122,2025-08-19,C0147,Pune,Electronics,Keyboard,3,5066.07,0.1,13678.39,11304.19,2374.2,Store,Cash,No
R01123,2026-05-01,C0318,Pune,Fashion,Backpack,3,4483.36,0.1,12105.07,6706.04,5399.03,Store,Wallet,Yes
R01124,2025-11-04,C0118,Hyderabad,Home,Mixer,6,4409.8,0.05,25135.86,17334.15,7801.71,Store,UPI,No
R01125,2025-11-08,C0514,Gurugram,Fashion,Backpack,3,456.07,0,1368.21,1030.74,337.47,Online,UPI,No
R01126,2025-06-06,C0234,Chennai,Beauty,Shampoo,4,3118.0,0.1,11224.8,7637.22,3587.58,Store,UPI,Yes
R01127,2026-01-07,C0466,Noida,Fashion,Backpack,3,3665.4,0.05,10446.39,8725.88,1720.51,Store,UPI,Yes
R01128,2026-08-25,C0075,Bengaluru,Fashion,Jacket,3,2114.51,0.15,5392.0,3747.11,1644.89,Online,Wallet,No
R01129,2025-05-13,C0411,Hyderabad,Home,Lamp,2,3608.35,0.1,6495.03,3616.81,2878.22,Store,Cash,No
R01130,2026-07-09,C0186,Bengaluru,Home,Cookware,3,2926.74,0,8780.22,7021.7,1758.52,Store,Card,No
R01131,2025-12-01,C0060,Bengaluru,Home,Bottle,1,3593.37,0.2,2874.7,1587.5,1287.2,Online,Wallet,No
R01132,2026-07-24,C0480,Noida,Beauty,Perfume,2,5185.42,0.1,9333.76,7478.61,1855.15,Online,Card,No
R01133,2025-07-27,C0107,Bengaluru,Electronics,Mouse,1,2845.8,0.1,2561.22,1505.42,1055.8,Store,Cash,No
R01134,2025-02-02,C0380,Pune,Home,Bedsheet,3,184.76,0,554.28,450.91,103.37,Online,UPI,No
R01135,2026-04-25,C0356,Hyderabad,Fashion,Shoes,5,734.08,0.1,3303.36,2497.15,806.21,Online,Card,No
R01136,2025-03-08,C0366,Gurugram,Fashion,T-Shirt,4,1752.11,0,7008.44,5741.41,1267.03,Store,Card,Yes
R01137,2025-07-07,C0463,Delhi,Fashion,Jacket,6,4826.91,0.15,24617.24,20814.55,3802.69,Online,UPI,No
R01138,2025-09-05,C0037,Hyderabad,Home,Lamp,3,4283.04,0.1,11564.21,8069.71,3494.5,Online,Card,No
R01139,2026-07-09,C0391,Pune,Beauty,Perfume,3,1860.97,0.05,5303.76,4474.38,829.38,Store,Cash,No
R01140,2025-09-10,C0165,Delhi,Beauty,Perfume,6,2517.63,0.05,14350.49,11179.41,3171.08,Online,UPI,Yes
R01141,2026-05-17,C0296,Bengaluru,Beauty,Serum,6,3111.13,0.2,14933.42,11256.14,3677.28,Online,Cash,No
R01142,2025-04-28,C0222,Delhi,Home,Mixer,4,3588.66,0.1,12919.18,9073.73,3845.45,Online,UPI,Yes
R01143,2025-11-29,C0510,Bengaluru,Beauty,Sunscreen,4,1703.68,0.2,5451.78,3697.78,1754.0,Store,Wallet,Yes
R01144,2025-10-02,C0003,Kolkata,Fashion,Jeans,1,1253.29,0.2,1002.63,818.74,183.89,Online,Card,Yes
R01145,2026-01-28,C0068,Hyderabad,Electronics,Smartwatch,4,3386.48,0,13545.92,10650.81,2895.11,Store,Wallet,Yes
R01146,2025-01-28,C0347,Mumbai,Beauty,Shampoo,6,1357.88,0,8147.28,6496.79,1650.49,Online,Wallet,No
R01147,2025-10-21,C0285,Hyderabad,Electronics,Keyboard,4,2843.35,0.1,10236.06,6818.92,3417.14,Online,Card,No
R01148,2026-04-17,C0325,Jaipur,Electronics,Keyboard,5,1899.26,0.2,7597.04,5183.87,2413.17,Store,Wallet,No
R01149,2025-02-19,C0490,Hyderabad,Electronics,Smartwatch,2,4778.26,0.15,8123.04,5352.37,2770.67,Online,Card,No
R01150,2025-05-03,C0428,Mumbai,Home,Bottle,6,4769.1,0.1,25753.14,15578.86,10174.28,Store,UPI,Yes
R01151,2026-08-31,C0018,Noida,Fashion,Jacket,1,4910.0,0.2,3928.0,2717.06,1210.94,Store,Wallet,No
R01152,2025-01-22,C0411,Hyderabad,Beauty,Sunscreen,6,403.25,0.15,2056.57,1360.17,696.4,Store,Wallet,Yes
R01153,2025-06-13,C0383,Pune,Fashion,Jeans,1,4467.75,0.2,3574.2,2517.8,1056.4,Online,UPI,No
R01154,2026-07-09,C0078,Hyderabad,Home,Cookware,1,3873.39,0.2,3098.71,2532.57,566.14,Store,Wallet,No
R01155,2025-04-13,C0136,Noida,Electronics,Smartwatch,4,2241.15,0,8964.6,6457.41,2507.19,Store,UPI,Yes
R01156,2026-02-11,C0193,Delhi,Home,Lamp,4,1883.71,0.2,6027.87,4075.05,1952.82,Store,Cash,Yes
R01157,2026-07-12,C0123,Delhi,Beauty,Sunscreen,2,5434.11,0.15,9237.99,6533.09,2704.9,Store,Wallet,No
R01158,2025-09-05,C0432,Mumbai,Fashion,T-Shirt,2,255.16,0.1,459.29,302.82,156.47,Online,Cash,No
R01159,2025-11-22,C0394,Delhi,Electronics,Headphones,6,218.02,0,1308.12,928.71,379.41,Store,Cash,No
R01160,2025-02-16,C0404,Hyderabad,Home,Cookware,2,416.17,0.2,665.87,467.19,198.68,Store,Cash,No
R01161,2025-09-04,C0335,Delhi,Fashion,Jeans,6,736.11,0.2,3533.33,2377.29,1156.04,Store,UPI,No
R01162,2026-08-17,C0265,Kolkata,Fashion,Shoes,2,2066.08,0,4132.16,2457.62,1674.54,Online,Card,No
R01163,2026-07-02,C0004,Hyderabad,Electronics,Mouse,2,2097.44,0,4194.88,3561.05,633.83,Store,Card,No
R01164,2025-08-04,C0483,Mumbai,Electronics,Headphones,3,5429.23,0,16287.69,12819.83,3467.86,Online,Wallet,No
R01165,2025-07-03,C0368,hyderabad,Fashion,Jeans,5,1991.63,0.1,8962.34,5069.8,3892.54,Online,Cash,No
R01166,2026-02-10,C0083,Hyderabad,Beauty,Perfume,2,4304.55,0.1,7748.19,5301.71,2446.48,Store,UPI,No
R01167,2026-02-26,C0069,Gurugram,Fashion,Jacket,5,2026.86,0.1,9120.87,5528.78,3592.09,Online,Cash,No
R01168,2025-03-17,C0096,Noida,Electronics,Mouse,1,1445.61,0.1,1301.05,1040.83,260.22,Store,Wallet,Yes
R01169,2026-07-02,C0059,Chennai,Beauty,Serum,6,918.1,0,5508.6,3399.79,2108.81,Online,Cash,Yes
R01170,2025-11-10,C0292,Chennai,Fashion,Backpack,1,4625.02,0.15,3931.27,3010.55,920.72,Store,Card,No
R01171,2025-08-01,C0027,Chennai,Fashion,Jacket,6,5246.86,0.2,25184.93,13875.34,11309.59,Store,Card,No
R01172,2026-05-23,C0283,Mumbai,Home,Bottle,4,835.75,0.1,3008.7,1777.33,1231.37,Store,Cash,No
R01173,2025-12-05,C0215,Gurugram,Fashion,Backpack,2,4852.39,0.05,9219.54,7542.06,1677.48,Online,Cash,No
R01174,2025-06-19,C0181,Chennai,Electronics,Headphones,1,1711.42,0,1711.42,1406.83,304.59,Online,Wallet,No
R01175,2025-03-02,C0278,Delhi,Beauty,Perfume,3,3014.27,0.1,8138.53,6139.78,1998.75,Online,Wallet,No
R01176,2025-05-07,C0236,Pune,Fashion,Backpack,5,1870.52,0.1,8417.34,6658.5,1758.84,Online,UPI,Yes
R01177,2025-01-22,C0105,Pune,Beauty,Face Wash,4,814.37,0.15,2768.86,2220.39,548.47,Online,Card,No
R01178,2026-07-22,C0516,Pune,Home,Bedsheet,1,4721.94,0.1,4249.75,3161.02,1088.73,Store,UPI,No
R01179,2025-07-11,C0310,Bengaluru,Electronics,Keyboard,4,5292.23,0.1,19052.03,12600.98,6451.05,Store,Wallet,No
R01180,2026-08-07,C0195,Pune,Electronics,Headphones,4,4179.9,0.05,15883.62,11241.91,4641.71,Store,Cash,No
R01181,2025-06-01,C0310,Kolkata,Home,Cookware,1,4192.9,0.1,3773.61,2922.51,851.1,Online,Cash,No
R01182,2025-06-10,C0480,Delhi,Home,Mixer,3,1319.2,0,3957.6,2518.75,1438.85,Store,UPI,No
R01183,2025-09-07,C0314,Pune,Beauty,Sunscreen,5,1808.84,0,9044.2,7492.64,1551.56,Store,Card,No
R01184,2025-04-06,C0066,Gurugram,Home,Lamp,6,2526.28,0.05,14399.8,10776.87,3622.93,Online,Cash,Yes
R01185,2025-01-28,C0440,Jaipur,Electronics,Mouse,4,696.18,0.05,2645.48,1633.57,1011.91,Store,Card,No
R01186,2026-01-06,C0371,Hyderabad,Beauty,Shampoo,6,5043.12,0,30258.72,24382.42,5876.3,Store,UPI,No
R01187,2026-01-03,C0153,Pune,Electronics,Smartwatch,6,2528.75,0.1,13655.25,11233.34,2421.91,Store,UPI,No
R01188,2026-05-12,C0091,Jaipur,Electronics,Smartwatch,4,2047.43,0,8189.72,6499.85,1689.87,Store,Card,No
R01189,2025-05-12,C0220,Kolkata,Electronics,Keyboard,4,730.84,0,2923.36,2138.41,784.95,Online,UPI,No
R01190,2026-02-23,C0290,Chennai,Fashion,Backpack,1,1017.77,0.1,915.99,505.31,410.68,Online,Cash,No
R01191,2025-02-26,C0088,Mumbai,Fashion,Jeans,3,1774.92,0.15,4526.05,2516.7,2009.35,Online,Card,No
R01192,2025-06-02,C0313,Delhi,Beauty,Face Wash,6,1815.43,0,10892.58,7334.27,3558.31,Online,Card,No
R01193,2025-07-09,C0037,Bengaluru,Electronics,Headphones,1,4714.75,0.1,4243.28,2951.95,1291.33,Online,Cash,No
R01194,2026-07-29,C0295,Gurugram,Beauty,Perfume,1,2681.19,0.2,2144.95,1778.01,366.94,Online,Wallet,Yes
R01195,2026-05-17,C0288,,Beauty,Face Wash,4,5156.73,0.05,19595.57,14879.11,4716.46,Store,UPI,No
R01196,2026-03-15,C0134,Delhi,Electronics,Keyboard,5,2580.52,0,12902.6,10896.2,2006.4,Online,UPI,Yes
R01197,2026-05-02,C0245,Delhi,Fashion,Jeans,3,1746.82,0,5240.46,3893.96,1346.5,Online,Wallet,Yes
R01198,2025-07-18,C0251,Delhi,Beauty,Face Wash,3,456.92,0.2,1096.61,812.99,283.62,Store,Wallet,No
R01199,2025-11-02,C0326,Noida,Beauty,Perfume,2,3361.76,0,6723.52,5676.17,1047.35,Store,Wallet,No
R01200,2026-01-04,C0188,Mumbai,Beauty,Serum,2,1300.65,0,2601.3,2070.52,530.78,Store,UPI,No
R00026,2025-04-13,C0317,Kolkata,Electronics,Headphones,6,3579.33,0,21475.98,15043.22,6432.76,Online,Wallet,No
R00200,2026-07-10,C0038,Pune,Home,Mixer,3,4084.56,0.1,11028.31,8133.67,2894.64,Store,UPI,No
R00400,2026-08-11,C0461,Delhi,Home,Bottle,6,4323.59,0.1,23347.39,19017.59,4329.8,Online,Card,No
R00651,2025-06-10,C0204,Bengaluru,Fashion,T-Shirt,6,5039.68,0.15,25702.37,21201.24,4501.13,Store,UPI,No
R00991,2026-03-20,C0259,Chennai,Home,Mixer,4,1977.42,0.1,7118.71,5574.67,1544.04,Store,UPI,No
