Order_ID,User_ID,Order_Date,State,Department,Product_ID,Quantity,Unit_Price,Discount_Pct,Gross_Amount,Net_Amount,Order_Status,Shipping_Days,Rating,Payment_Mode
O000001,U00167,8/16/2025,Maharashtra,Sports,P0108,3,"₹ 2,511.51",10%,"₹ 7,534.53","₹ 6,781.08",Shipped,3,,UPI
O000002,U00650,7/11/2024,Karnataka,Grocery,P0059,2,"₹ 1,070.36",5%,"₹ 2,140.72","₹ 2,033.68",Delivered,6,4,Wallet
O000003,U00216,8/28/2024,Rajasthan,Electronics,P0128,2,"₹ 8,998.63",10%,"₹ 17,997.26","₹ 16,197.53",Delivered,1,,UPI
O000004,U00052,1/25/2025,Delhi,Fashion,P0075,5,"₹ 8,637.81",5%,"₹ 43,189.05","₹ 41,029.60",Delivered,2,2,COD
O000005,U00696,11/20/2024,Uttar Pradesh,Grocery,P0254,2,₹ 310.05,15%,₹ 620.10,₹ 527.09,Shipped,1,,COD
O000006,U00897,10/12/2024,West Bengal,Beauty,P0218,2,"₹ 1,832.36",10%,"₹ 3,664.72","₹ 3,298.25",Delivered,7,5,COD
O000007,U00631,5/27/2025,Haryana,Electronics,P0018,4,"₹ 2,967.21",0%,"₹ 11,868.84","₹ 11,868.84",Delivered,6,4,Card
O000008,U00170,5/22/2026,Delhi,Sports,P0015,4,"₹ 8,727.75",25%,"₹ 34,911.00","₹ 26,183.25",Returned,5,,Card
O000009,U00699,8/14/2024,Rajasthan,Electronics,P0053,2,"₹ 8,317.41",0%,"₹ 16,634.82","₹ 16,634.82",Delivered,8,1,UPI
O000010,U00737,7/30/2026,Uttar Pradesh,Sports,P0054,3,"₹ 7,030.56",20%,"₹ 21,091.68","₹ 16,873.34",Shipped,2,,COD
O000011,U00160,5/22/2025,West Bengal,Grocery,P0124,1,"₹ 8,198.25",25%,"₹ 8,198.25","₹ 6,148.69",Shipped,7,,COD
O000012,U00646,9/8/2025,Rajasthan,Sports,P0103,4,"₹ 5,016.69",15%,"₹ 20,066.76","₹ 17,056.75",Returned,1,,Card
O000013,U00684,5/6/2026,Haryana,Sports,P0198,3,"₹ 1,283.53",0%,"₹ 3,850.59","₹ 3,850.59",Delivered,1,5,UPI
O000014,U00624,6/7/2026,Gujarat,Home,P0149,1,"₹ 9,215.50",25%,"₹ 9,215.50","₹ 6,911.62",Returned,1,,Wallet
O000015,U00716,7/26/2024,Uttar Pradesh,Sports,P0159,5,"₹ 1,245.71",10%,"₹ 6,228.55","₹ 5,605.70",Cancelled,,,Card
O000016,U00173,3/24/2025,Delhi,Beauty,P0081,3,₹ 465.46,25%,"₹ 1,396.38","₹ 1,047.29",Returned,7,,Wallet
O000017,U00425,2/26/2025,Maharashtra,Sports,P0030,5,"₹ 5,583.64",20%,"₹ 27,918.20","₹ 22,334.56",Delivered,2,5,Wallet
O000018,U00412,5/4/2025,Rajasthan,Home,P0137,1,"₹ 5,281.53",20%,"₹ 5,281.53","₹ 4,225.22",Delivered,4,4,COD
O000019,U00124,8/28/2024,Gujarat,Sports,P0022,2,"₹ 2,653.48",10%,"₹ 5,306.96","₹ 4,776.26",Delivered,6,,Card
O000020,U00086,3/28/2025,Tamil Nadu,Fashion,P0219,1,"₹ 8,678.09",25%,"₹ 8,678.09","₹ 6,508.57",Shipped,2,,Wallet
O000021,U00690,4/28/2025,Tamil Nadu,Electronics,P0016,3,"₹ 1,277.44",0%,"₹ 3,832.32","₹ 3,832.32",Returned,1,,Wallet
O000022,U00563,11/28/2025,West Bengal,Home,P0153,1,"₹ 4,091.06",0%,"₹ 4,091.06","₹ 4,091.06",Cancelled,,,UPI
O000023,U00602,10/24/2025,Karnataka,fashion,P0240,3,"₹ 6,344.63",25%,"₹ 19,033.89","₹ 14,275.42",Returned,5,,COD
O000024,U00542,3/19/2026,Rajasthan,Electronics,P0204,4,"₹ 4,207.59",0%,"₹ 16,830.36","₹ 16,830.36",Returned,1,,Wallet
O000025,U00539,3/29/2025,Uttar Pradesh,Sports,P0244,5,"₹ 1,676.45",25%,"₹ 8,382.25","₹ 6,286.69",Shipped,8,,Card
O000026,U00337,3/18/2025,Telangana,Electronics,P0047,4,"₹ 11,447.00",15%,"₹ 45,788.00","₹ 38,919.80",Delivered,6,,UPI
O000027,U00519,1/23/2026,Delhi,Electronics,P0177,1,"₹ 5,964.96",0%,"₹ 5,964.96","₹ 5,964.96",Cancelled,,,Wallet
O000028,U00320,5/24/2026,Uttar Pradesh,Grocery,P0154,5,"₹ 2,448.62",25%,"₹ 12,243.10","₹ 9,182.33",Delivered,6,3,Card
O000029,U00083,7/30/2024,Uttar Pradesh,Grocery,P0123,5,"₹ 11,032.71",25%,"₹ 55,163.55","₹ 41,372.66",Delivered,3,2,COD
O000030,U00066,8/24/2026,Delhi,Grocery,P0083,1,"₹ 5,621.82",5%,"₹ 5,621.82","₹ 5,340.73",Delivered,3,1,Card
O000031,U00407,1/13/2026,Maharashtra,Electronics,P0209,5,"₹ 11,658.05",15%,"₹ 58,290.25","₹ 49,546.71",Delivered,5,5,UPI
O000032,U00473,5/28/2026,Haryana,Home,P0083,2,"₹ 5,921.03",0%,"₹ 11,842.06","₹ 11,842.06",Delivered,1,4,Wallet
O000033,U00474,12/2/2024,Rajasthan,Electronics,P0025,1,₹ 521.73,25%,₹ 521.73,₹ 391.30,Shipped,3,,UPI
O000034,U00585,2/21/2026,Karnataka,Beauty,P0035,2,"₹ 8,562.04",5%,"₹ 17,124.08","₹ 16,267.88",Delivered,7,,Card
O000035,U00486,4/13/2026,Telangana,Beauty,P0225,1,"₹ 7,702.79",15%,"₹ 7,702.79","₹ 6,547.37",Returned,5,,Wallet
O000036,U00417,5/6/2025,Haryana,Sports,P0221,5,"₹ 1,361.19",0%,"₹ 6,805.95","₹ 6,805.95",Cancelled,,,UPI
O000037,U00410,2/24/2026,Telangana,Home,P0067,4,"₹ 10,776.76",10%,"₹ 43,107.04","₹ 38,796.34",Shipped,1,,Card
O000038,U00795,12/6/2025,Haryana,Home,P0142,5,"₹ 3,455.59",5%,"₹ 17,277.95","₹ 16,414.05",Delivered,2,3,UPI
O000039,U00160,5/16/2025,West Bengal,Electronics,P0071,1,"₹ 10,097.02",5%,"₹ 10,097.02","₹ 9,592.17",Cancelled,,,UPI
O000040,U00296,6/21/2026,Maharashtra,Home,P0220,4,"₹ 10,750.97",25%,"₹ 43,003.88","₹ 32,252.91",Delivered,1,4,Wallet
O000041,U00363,9/8/2024,Telangana,Grocery,P0226,3,"₹ 7,749.44",15%,"₹ 23,248.32","₹ 19,761.07",Delivered,8,3,Card
O000042,U00896,2/27/2025,Haryana,Electronics,P0028,2,"₹ 4,551.93",20%,"₹ 9,103.86","₹ 7,283.09",Cancelled,,,Wallet
O000043,U00112,5/9/2025,West Bengal,Beauty,P0159,4,"₹ 6,144.21",15%,"₹ 24,576.84","₹ 20,890.31",Delivered,4,,UPI
O000044,U00890,10/27/2024,Delhi,Beauty,P0084,3,"₹ 11,595.60",15%,"₹ 34,786.80","₹ 29,568.78",Returned,7,,Card
O000045,U00413,10/19/2024,West Bengal,Beauty,P0150,4,"₹ 9,557.16",15%,"₹ 38,228.64","₹ 32,494.34",Cancelled,,,Wallet
O000046,U00301,11/19/2024,Haryana,Home,P0232,4,"₹ 6,457.84",5%,"₹ 25,831.36","₹ 24,539.79",Delivered,1,,Card
O000047,U00744,7/7/2024,Uttar Pradesh,Home,P0162,4,"₹ 3,443.88",15%,"₹ 13,775.52","₹ 11,709.19",Shipped,8,,Card
O000048,U00494,8/28/2026,Rajasthan,Electronics,P0101,4,₹ 303.49,25%,"₹ 1,213.96",₹ 910.47,Delivered,3,4,COD
O000049,U00349,7/3/2026,Rajasthan,Beauty,P0214,3,₹ 770.00,20%,"₹ 2,310.00","₹ 1,848.00",Delivered,3,2,Wallet
O000050,U00407,6/3/2026,Tamil Nadu,Grocery,P0113,3,"₹ 8,387.31",5%,"₹ 25,161.93","₹ 23,903.83",Cancelled,,,Card
O000051,U00072,10/1/2025,Tamil Nadu,Grocery,P0200,1,"₹ 2,164.35",25%,"₹ 2,164.35","₹ 1,623.26",Delivered,4,4,COD
O000052,U00673,6/7/2026,Uttar Pradesh,Electronics,P0066,2,"₹ 1,568.17",10%,"₹ 3,136.34","₹ 2,822.71",Delivered,4,4,COD
O000053,U00847,7/18/2024,Maharashtra,Beauty,P0143,2,"₹ 7,927.81",5%,"₹ 15,855.62","₹ 15,062.84",Delivered,4,4,COD
O000054,U00428,3/11/2026,Karnataka,Beauty,P0040,4,"₹ 10,186.35",20%,"₹ 40,745.40","₹ 32,596.32",Delivered,7,4,COD
O000055,U00532,3/30/2025,Karnataka,Electronics,P0152,3,"₹ 7,407.56",10%,"₹ 22,222.68","₹ 20,000.41",Cancelled,,,Wallet
O000056,U00816,1/15/2025,Rajasthan,Fashion,P0199,2,"₹ 5,961.28",25%,"₹ 11,922.56","₹ 8,941.92",Cancelled,,,Wallet
O000057,U00183,10/7/2024,Tamil Nadu,Electronics,P0132,1,"₹ 1,013.31",0%,"₹ 1,013.31","₹ 1,013.31",Delivered,7,2,Wallet
O000058,U00139,4/22/2025,Karnataka,Beauty,P0026,2,"₹ 4,741.11",20%,"₹ 9,482.22","₹ 7,585.78",Delivered,6,1,Card
O000059,U00179,9/11/2024,Maharashtra,Grocery,P0055,2,"₹ 2,003.52",5%,"₹ 4,007.04","₹ 3,806.69",Cancelled,,,Wallet
O000060,U00932,3/14/2026,Gujarat,Fashion,P0073,4,"₹ 1,254.21",5%,"₹ 5,016.84","₹ 4,766.00",Delivered,6,3,Wallet
O000061,U00866,8/30/2025,Karnataka,Sports,P0251,2,"₹ 9,215.06",20%,"₹ 18,430.12","₹ 14,744.10",Delivered,4,1,COD
O000062,U00475,6/30/2026,West Bengal,Beauty,P0011,5,"₹ 1,407.12",5%,"₹ 7,035.60","₹ 6,683.82",Delivered,4,5,UPI
O000063,U00886,7/24/2026,West Bengal,Grocery,P0163,2,"₹ 6,203.17",25%,"₹ 12,406.34","₹ 9,304.76",Cancelled,,,UPI
O000064,U00778,1/20/2025,West Bengal,Fashion,P0167,2,"₹ 11,021.58",25%,"₹ 22,043.16","₹ 16,532.37",Shipped,5,,COD
O000065,U00704,2/1/2025,Uttar Pradesh,Sports,P0194,2,"₹ 5,509.88",10%,"₹ 11,019.76","₹ 9,917.78",Shipped,6,,Card
O000066,U00728,3/28/2026,Tamil Nadu,Fashion,P0255,2,"₹ 8,000.40",10%,"₹ 16,000.80","₹ 14,400.72",Shipped,4,,COD
O000067,U00009,12/8/2025,West Bengal,Grocery,P0257,1,"₹ 11,501.92",20%,"₹ 11,501.92","₹ 9,201.54",Shipped,6,,Card
O000068,U00428,1/26/2026,Tamil Nadu,Sports,P0019,5,₹ 201.86,15%,"₹ 1,009.30",₹ 857.90,Shipped,4,,Wallet
O000069,U00357,12/7/2024,Uttar Pradesh,Fashion,P0106,3,"₹ 1,630.64",20%,"₹ 4,891.92","₹ 3,913.54",Shipped,3,,Wallet
O000070,U00860,7/24/2026,Telangana,Beauty,P0226,4,₹ 314.93,25%,"₹ 1,259.72",₹ 944.79,Cancelled,,,UPI
O000071,U00759,7/25/2025,Haryana,Electronics,P0148,1,"₹ 7,522.94",0%,"₹ 7,522.94","₹ 7,522.94",Shipped,7,,Card
O000072,U00779,5/30/2026,Delhi,Grocery,P0232,1,"₹ 5,503.35",10%,"₹ 5,503.35","₹ 4,953.02",Delivered,8,4,Card
O000073,U00153,10/17/2024,Tamil Nadu,Sports,P0053,2,₹ 570.48,5%,"₹ 1,140.96","₹ 1,083.91",Returned,7,,COD
O000074,U00698,8/21/2024,Uttar Pradesh,Sports,P0120,3,₹ 958.97,5%,"₹ 2,876.91","₹ 2,733.06",Delivered,1,1,Card
O000075,U00279,8/2/2025,Telangana,Sports,P0003,4,"₹ 7,166.44",5%,"₹ 28,665.76","₹ 27,232.47",Cancelled,,,Wallet
O000076,U00539,8/26/2025,Telangana,Sports,P0132,5,"₹ 7,147.74",25%,"₹ 35,738.70","₹ 26,804.02",Cancelled,,,Wallet
O000077,U00912,9/28/2025,Karnataka,Fashion,P0009,2,"₹ 7,277.64",5%,"₹ 14,555.28","₹ 13,827.52",Delivered,8,1,COD
O000078,U00227,5/23/2025,Telangana,Fashion,P0183,2,"₹ 11,600.86",10%,"₹ 23,201.72","₹ 20,881.55",Returned,4,,Card
O000079,U00294,1/5/2026,Karnataka,Home,P0013,4,"₹ 5,476.56",20%,"₹ 21,906.24","₹ 17,524.99",Returned,7,,UPI
O000080,U00671,2/10/2025,Karnataka,Home,P0245,1,"₹ 1,932.40",15%,"₹ 1,932.40","₹ 1,642.54",Cancelled,,,UPI
O000081,U00418,3/5/2025,Gujarat,Electronics,P0067,3,"₹ 6,936.91",25%,"₹ 20,810.73","₹ 15,608.05",Shipped,3,,UPI
O000082,U00072,10/29/2025,Delhi,Home,P0086,5,"₹ 3,215.15",0%,"₹ 16,075.75","₹ 16,075.75",Delivered,1,4,Card
O000083,U00196,6/12/2026,Uttar Pradesh,Fashion,P0149,5,"₹ 6,489.19",20%,"₹ 32,445.95","₹ 25,956.76",Returned,6,,Wallet
O000084,U00045,7/20/2025,Rajasthan,Sports,P0187,5,"₹ 5,910.82",10%,"₹ 29,554.10","₹ 26,598.69",Shipped,4,,UPI
O000085,U00402,1/7/2026,Delhi,Grocery,P0049,2,"₹ 1,506.28",25%,"₹ 3,012.56","₹ 2,259.42",Returned,4,,Card
O000086,U00846,11/27/2025,Rajasthan,Beauty,P0248,5,"₹ 10,699.56",5%,"₹ 53,497.80","₹ 50,822.91",Returned,2,,COD
O000087,U00725,4/2/2025,Telangana,Home,P0091,1,"₹ 5,614.50",10%,"₹ 5,614.50","₹ 5,053.05",Delivered,7,5,Wallet
O000088,U00461,8/23/2026,Gujarat,Fashion,P0154,5,"₹ 8,241.72",25%,"₹ 41,208.60","₹ 30,906.45",Delivered,3,,Card
O000089,U00399,5/10/2025,Tamil Nadu,Sports,P0249,3,"₹ 9,677.86",0%,"₹ 29,033.58","₹ 29,033.58",Delivered,1,1,Wallet
O000090,U00941,12/12/2025,Telangana,Beauty,P0131,1,"₹ 3,749.02",15%,"₹ 3,749.02","₹ 3,186.67",Delivered,1,3,UPI
O000091,U00894,8/16/2024,Haryana,Beauty,P0006,5,"₹ 7,025.57",10%,"₹ 35,127.85","₹ 31,615.06",Delivered,1,5,UPI
O000092,U00532,9/23/2024,Maharashtra,Home,P0076,2,"₹ 7,036.66",20%,"₹ 14,073.32","₹ 11,258.66",Returned,2,,Wallet
O000093,U00665,2/3/2026,Haryana,Fashion,P0014,2,"₹ 10,510.67",0%,"₹ 21,021.34","₹ 21,021.34",Shipped,6,,UPI
O000094,U00802,8/11/2024,Maharashtra,Electronics,P0132,1,"₹ 8,869.40",15%,"₹ 8,869.40","₹ 7,538.99",Returned,1,,Card
O000095,U00604,11/10/2025,Karnataka,Electronics,P0220,1,"₹ 1,320.15",10%,"₹ 1,320.15","₹ 1,188.14",Returned,7,,Card
O000096,U00199,12/6/2024,Delhi,Electronics,P0034,2,"₹ 10,399.92",20%,"₹ 20,799.84","₹ 16,639.87",Delivered,2,1,Card
O000097,U00601,10/1/2024,Rajasthan,Sports,P0152,1,"₹ 8,307.75",25%,"₹ 8,307.75","₹ 6,230.81",Delivered,2,3,UPI
O000098,U00897,9/24/2024,Maharashtra,Beauty,P0232,5,"₹ 5,021.21",15%,"₹ 25,106.05","₹ 21,340.14",Cancelled,,,Card
O000099,U00152,4/4/2025,Uttar Pradesh,Fashion,P0235,2,"₹ 5,149.91",20%,"₹ 10,299.82","₹ 8,239.86",Delivered,6,3,UPI
O000100,U00355,3/18/2025,Tamil Nadu,Electronics,P0085,5,"₹ 10,515.52",25%,"₹ 52,577.60","₹ 39,433.20",Delivered,4,4,Wallet
O000101,U00857,7/6/2025,Rajasthan,Grocery,P0095,3,"₹ 6,047.26",25%,"₹ 18,141.78","₹ 13,606.33",Delivered,6,4,UPI
O000102,U00121,11/13/2024,Haryana,Beauty,P0105,2,"₹ 5,898.27",25%,"₹ 11,796.54","₹ 8,847.41",Delivered,7,,UPI
O000103,U00366,6/25/2025,Rajasthan,Fashion,P0174,4,"₹ 11,062.49",10%,"₹ 44,249.96","₹ 39,824.96",Delivered,2,4,UPI
O000104,U00884,10/29/2024,West Bengal,Sports,P0102,4,"₹ 4,028.60",25%,"₹ 16,114.40","₹ 12,085.80",Delivered,8,2,UPI
O000105,U00571,6/24/2026,Delhi,Fashion,P0229,3,"₹ 9,752.23",25%,"₹ 29,256.69","₹ 21,942.52",Returned,8,,Wallet
O000106,U00860,8/29/2025,Karnataka,Beauty,P0159,4,"₹ 3,510.66",0%,"₹ 14,042.64","₹ 14,042.64",Delivered,5,,Card
O000107,U00105,1/21/2026,Delhi,Electronics,P0135,2,"₹ 5,351.62",15%,"₹ 10,703.24","₹ 9,097.75",Shipped,5,,COD
O000108,U00049,12/23/2024,Rajasthan,Beauty,P0039,4,"₹ 8,321.98",0%,"₹ 33,287.92","₹ 33,287.92",Delivered,1,3,COD
O000109,U00458,12/16/2024,Maharashtra,Home,P0232,3,"₹ 7,120.49",25%,"₹ 21,361.47","₹ 16,021.10",Returned,7,,Wallet
O000110,U00370,9/3/2025,Haryana,Sports,P0111,5,"₹ 9,323.66",25%,"₹ 46,618.30","₹ 34,963.73",Delivered,2,3,Wallet
O000111,U00137,5/7/2026,Rajasthan,Home,P0164,1,"₹ 10,236.92",10%,"₹ 10,236.92","₹ 9,213.23",Delivered,1,2,Wallet
O000112,U00371,6/19/2025,Karnataka,Beauty,P0196,4,₹ 303.30,20%,"₹ 1,213.20",₹ 970.56,Cancelled,,,Card
O000113,U00708,9/3/2024,Telangana,Sports,P0091,3,"₹ 6,397.70",20%,"₹ 19,193.10","₹ 15,354.48",Delivered,5,2,UPI
O000114,U00434,5/22/2026,Telangana,Grocery,P0168,1,"₹ 2,178.56",0%,"₹ 2,178.56","₹ 2,178.56",Delivered,5,5,Card
O000115,U00333,1/27/2026,Telangana,Fashion,P0223,4,"₹ 2,446.80",5%,"₹ 9,787.20","₹ 9,297.84",Cancelled,,,UPI
O000116,U00604,8/4/2026,Maharashtra,Beauty,P0007,5,"₹ 9,914.32",20%,"₹ 49,571.60","₹ 39,657.28",Delivered,2,1,Card
O000117,U00908,8/12/2025,Uttar Pradesh,Fashion,P0017,3,"₹ 3,773.89",5%,"₹ 11,321.67","₹ 10,755.59",Cancelled,,,Wallet
O000118,U00722,8/18/2026,Karnataka,Fashion,P0227,3,"₹ 11,905.52",25%,"₹ 35,716.56","₹ 26,787.42",Shipped,6,,Wallet
O000119,U00430,7/3/2026,Tamil Nadu,Fashion,P0077,5,"₹ 6,886.63",0%,"₹ 34,433.15","₹ 34,433.15",Delivered,1,5,COD
O000120,U00084,4/26/2026,Karnataka,Sports,P0166,2,"₹ 8,501.34",5%,"₹ 17,002.68","₹ 16,152.55",Delivered,1,2,Card
O000121,U00588,11/23/2024,Karnataka,Fashion,P0204,3,₹ 935.05,15%,"₹ 2,805.15","₹ 2,384.38",Delivered,7,5,Card
O000122,U00420,12/25/2024,Rajasthan,Home,P0099,4,"₹ 11,566.45",20%,"₹ 46,265.80","₹ 37,012.64",Cancelled,,,UPI
O000123,U00425,7/24/2024,Uttar Pradesh,Sports,P0177,2,"₹ 4,646.23",5%,"₹ 9,292.46","₹ 8,827.84",Delivered,6,,COD
O000124,U00662,9/5/2024,Delhi,Beauty,P0039,4,"₹ 6,199.97",0%,"₹ 24,799.88","₹ 24,799.88",Returned,3,,Wallet
O000125,U00690,8/10/2024,Haryana,Home,P0118,4,"₹ 5,170.01",10%,"₹ 20,680.04","₹ 18,612.04",Cancelled,,,UPI
O000126,U00255,11/9/2025,Maharashtra,Electronics,P0048,1,"₹ 8,856.27",5%,"₹ 8,856.27","₹ 8,413.46",Shipped,1,,Wallet
O000127,U00718,11/17/2025,Maharashtra,Sports,P0118,3,"₹ 2,403.48",20%,"₹ 7,210.44","₹ 5,768.35",Delivered,1,5,COD
O000128,U00883,9/12/2025,Gujarat,Home,P0110,2,"₹ 2,377.08",0%,"₹ 4,754.16","₹ 4,754.16",Delivered,1,,Card
O000129,U00737,9/20/2024,Karnataka,Fashion,P0159,1,"₹ 4,016.21",5%,"₹ 4,016.21","₹ 3,815.40",Delivered,6,1,UPI
O000130,U00036,7/6/2025,Karnataka,Electronics,P0098,2,"₹ 5,132.16",0%,"₹ 10,264.32","₹ 10,264.32",Delivered,5,5,COD
O000131,U00914,1/11/2026,Telangana,Home,P0250,3,"₹ 7,776.42",15%,"₹ 23,329.26","₹ 19,829.87",Shipped,4,,UPI
O000132,U00619,4/18/2025,Gujarat,Fashion,P0194,1,"₹ 8,242.38",5%,"₹ 8,242.38","₹ 7,830.26",Shipped,3,,COD
O000133,U00353,5/8/2026,Tamil Nadu,Home,P0069,3,"₹ 9,752.59",5%,"₹ 29,257.77","₹ 27,794.88",Shipped,7,,Card
O000134,U00592,10/10/2025,Tamil Nadu,Electronics,P0226,2,"₹ 2,030.48",10%,"₹ 4,060.96","₹ 3,654.86",Delivered,7,,UPI
O000135,U00006,5/24/2026,Karnataka,Grocery,P0157,5,"₹ 2,533.33",20%,"₹ 12,666.65","₹ 10,133.32",Delivered,6,,COD
O000136,U00475,8/21/2025,Gujarat,Home,P0206,5,"₹ 6,299.71",5%,"₹ 31,498.55","₹ 29,923.62",Delivered,4,4,Wallet
O000137,U00732,3/14/2025,Uttar Pradesh,Fashion,P0108,4,"₹ 10,097.25",10%,"₹ 40,389.00","₹ 36,350.10",Delivered,6,1,Wallet
O000138,U00235,10/15/2024,Telangana,Electronics,P0204,4,"₹ 4,650.30",25%,"₹ 18,601.20","₹ 13,950.90",Delivered,1,,Card
O000139,U00069,10/4/2024,Telangana,Fashion,P0011,4,"₹ 8,900.30",25%,"₹ 35,601.20","₹ 26,700.90",Delivered,3,4,UPI
O000140,U00509,3/1/2025,Tamil Nadu,Grocery,P0236,3,"₹ 10,499.62",15%,"₹ 31,498.86","₹ 26,774.03",Cancelled,,,Card
O000141,U00487,1/10/2026,Uttar Pradesh,Electronics,P0103,3,"₹ 5,046.24",0%,"₹ 15,138.72","₹ 15,138.72",Shipped,5,,Card
O000142,U00692,6/28/2026,Tamil Nadu,Electronics,P0257,1,"₹ 3,929.28",15%,"₹ 3,929.28","₹ 3,339.89",Cancelled,,,Card
O000143,U00202,4/21/2026,Delhi,Electronics,P0239,4,"₹ 7,553.51",10%,"₹ 30,214.04","₹ 27,192.64",Delivered,7,5,COD
O000144,U00493,10/25/2024,Telangana,Sports,P0195,3,"₹ 11,915.79",10%,"₹ 35,747.37","₹ 32,172.63",Delivered,1,,UPI
O000145,U00441,5/5/2025,Delhi,Home,P0136,2,"₹ 5,967.32",25%,"₹ 11,934.64","₹ 8,950.98",Shipped,8,,Wallet
O000146,U00410,7/29/2024,Tamil Nadu,Sports,P0059,1,"₹ 4,984.48",25%,"₹ 4,984.48","₹ 3,738.36",Delivered,8,4,COD
O000147,U00519,1/13/2025,Telangana,Home,P0219,5,"₹ 5,271.16",25%,"₹ 26,355.80","₹ 19,766.85",Delivered,8,5,UPI
O000148,U00089,1/15/2025,Telangana,Fashion,P0067,1,"₹ 2,617.06",25%,"₹ 2,617.06","₹ 1,962.80",Delivered,1,,COD
O000149,U00160,9/2/2025,Haryana,Home,P0135,2,"₹ 4,733.67",20%,"₹ 9,467.34","₹ 7,573.87",Cancelled,,,COD
O000150,U00323,4/24/2026,Rajasthan,Grocery,P0136,4,"₹ 4,141.50",25%,"₹ 16,566.00","₹ 12,424.50",Delivered,6,5,COD
O000151,U00229,10/11/2024,Telangana,Fashion,P0083,4,"₹ 3,056.09",25%,"₹ 12,224.36","₹ 9,168.27",Shipped,6,,COD
O000152,U00912,3/26/2025,Delhi,Home,P0255,3,"₹ 2,881.11",20%,"₹ 8,643.33","₹ 6,914.66",Delivered,4,,Wallet
O000153,U00205,3/27/2026,Gujarat,Grocery,P0008,1,₹ 449.94,20%,₹ 449.94,₹ 359.95,Delivered,6,,COD
O000154,U00814,12/10/2024,Gujarat,Grocery,P0056,5,"₹ 11,683.82",0%,"₹ 58,419.10","₹ 58,419.10",Delivered,3,4,Card
O000155,U00273,4/13/2025,Maharashtra,Electronics,P0147,1,"₹ 1,484.81",25%,"₹ 1,484.81","₹ 1,113.61",Delivered,3,2,Card
O000156,U00608,4/23/2026,Delhi,Home,P0036,5,"₹ 3,712.61",0%,"₹ 18,563.05","₹ 18,563.05",Delivered,4,3,COD
O000157,U00200,11/11/2024,Delhi,Electronics,P0051,2,"₹ 8,980.43",25%,"₹ 17,960.86","₹ 13,470.65",Delivered,1,2,UPI
O000158,U00032,3/20/2025,West Bengal,Fashion,P0144,3,"₹ 6,544.60",0%,"₹ 19,633.80","₹ 19,633.80",Cancelled,,,Card
O000159,U00152,10/4/2024,Karnataka,Home,P0104,3,"₹ 5,216.47",25%,"₹ 15,649.41","₹ 11,737.06",Returned,5,,Wallet
O000160,U00702,6/8/2025,Tamil Nadu,Electronics,P0093,1,"₹ 7,703.38",15%,"₹ 7,703.38","₹ 6,547.87",Delivered,7,,UPI
O000161,U00853,3/26/2026,West Bengal,Home,P0114,5,"₹ 7,665.96",25%,"₹ 38,329.80","₹ 28,747.35",Cancelled,,,Card
O000162,U00281,1/7/2026,Telangana,Fashion,P0214,2,"₹ 11,953.32",5%,"₹ 23,906.64","₹ 22,711.31",Delivered,5,2,COD
O000163,U00664,11/18/2025,Delhi,Sports,P0044,2,"₹ 9,687.01",25%,"₹ 19,374.02","₹ 14,530.51",Shipped,5,,COD
O000164,U00496,6/9/2025,Karnataka,Sports,P0019,3,"₹ 9,385.34",20%,"₹ 28,156.02","₹ 22,524.82",Delivered,4,,UPI
O000165,U00760,1/15/2025,Rajasthan,Fashion,P0136,2,"₹ 6,268.09",25%,"₹ 12,536.18","₹ 9,402.14",Cancelled,,,COD
O000166,U00946,12/12/2024,Karnataka,Electronics,P0072,3,"₹ 4,808.04",10%,"₹ 14,424.12","₹ 12,981.71",Delivered,4,,Card
O000167,U00678,2/16/2025,Maharashtra,Home,P0181,5,"₹ 5,278.53",20%,"₹ 26,392.65","₹ 21,114.12",Delivered,6,3,Wallet
O000168,U00524,5/24/2026,Delhi,Grocery,P0119,3,"₹ 4,296.22",10%,"₹ 12,888.66","₹ 11,599.79",Shipped,4,,UPI
O000169,U00360,1/15/2026,Uttar Pradesh,Grocery,P0204,5,"₹ 8,432.87",20%,"₹ 42,164.35","₹ 33,731.48",Delivered,4,2,UPI
O000170,U00106,7/23/2026,Rajasthan,Sports,P0041,3,"₹ 2,905.78",0%,"₹ 8,717.34","₹ 8,717.34",Returned,8,,COD
O000171,U00482,8/14/2026,Telangana,Beauty,P0163,4,"₹ 3,413.66",20%,"₹ 13,654.64","₹ 10,923.71",Delivered,4,4,Card
O000172,U00175,12/7/2025,Telangana,Home,P0046,4,"₹ 8,284.71",10%,"₹ 33,138.84","₹ 29,824.96",Delivered,8,,UPI
O000173,U00433,10/24/2024,Telangana,Beauty,P0092,1,"₹ 9,897.70",25%,"₹ 9,897.70","₹ 7,423.28",Delivered,5,,Card
O000174,U00048,2/26/2025,Haryana,Fashion,P0259,2,"₹ 8,455.05",0%,"₹ 16,910.10","₹ 16,910.10",Delivered,2,2,COD
O000175,U00919,11/21/2024,Telangana,Beauty,P0255,3,"₹ 2,046.32",0%,"₹ 6,138.96","₹ 6,138.96",Delivered,4,,Card
O000176,U00671,2/26/2025,Karnataka,Fashion,P0183,5,"₹ 2,329.16",0%,"₹ 11,645.80","₹ 11,645.80",Delivered,2,,UPI
O000177,U00688,4/19/2025,Maharashtra,Fashion,P0236,1,"₹ 8,568.31",25%,"₹ 8,568.31","₹ 6,426.23",Returned,1,,Card
O000178,U00565,7/19/2024,Tamil Nadu,Fashion,P0098,2,"₹ 10,335.77",25%,"₹ 20,671.54","₹ 15,503.66",Delivered,7,3,COD
O000179,U00876,2/22/2026,Tamil Nadu,Sports,P0127,3,"₹ 4,130.85",10%,"₹ 12,392.55","₹ 11,153.30",Shipped,8,,UPI
O000180,U00730,9/14/2024,Uttar Pradesh,Sports,P0156,3,"₹ 11,860.77",5%,"₹ 35,582.31","₹ 33,803.19",Delivered,7,1,Card
O000181,U00597,10/16/2025,Delhi,Home,P0041,1,"₹ 4,312.64",20%,"₹ 4,312.64","₹ 3,450.11",Shipped,1,,Wallet
O000182,U00131,6/22/2025,Maharashtra,Electronics,P0052,5,"₹ 10,842.98",5%,"₹ 54,214.90","₹ 51,504.15",Delivered,3,,Card
O000183,U00232,11/12/2024,Gujarat,Home,P0022,3,"₹ 7,874.68",15%,"₹ 23,624.04","₹ 20,080.43",Delivered,3,1,Card
O000184,U00763,3/13/2026,West Bengal,Home,P0161,2,"₹ 3,770.13",25%,"₹ 7,540.26","₹ 5,655.19",Delivered,1,5,Wallet
O000185,U00789,5/31/2025,Rajasthan,Grocery,P0055,4,"₹ 5,803.67",25%,"₹ 23,214.68","₹ 17,411.01",Delivered,5,3,UPI
O000186,U00031,3/10/2025,Rajasthan,Sports,P0122,4,"₹ 7,907.67",0%,"₹ 31,630.68","₹ 31,630.68",Delivered,7,2,Wallet
O000187,U00176,5/11/2025,Telangana,Sports,P0073,2,"₹ 9,719.07",25%,"₹ 19,438.14","₹ 14,578.60",Delivered,2,,UPI
O000188,U00818,7/20/2024,West Bengal,Sports,P0251,1,"₹ 9,386.19",10%,"₹ 9,386.19","₹ 8,447.57",Cancelled,,,COD
O000189,U00734,10/2/2025,West Bengal,Fashion,P0071,5,₹ 281.74,20%,"₹ 1,408.70","₹ 1,126.96",Delivered,1,,UPI
O000190,U00672,5/5/2025,Uttar Pradesh,Home,P0006,5,"₹ 7,415.99",15%,"₹ 37,079.95","₹ 31,517.96",Delivered,1,1,Card
O000191,U00656,11/27/2024,Telangana,Beauty,P0154,5,"₹ 1,469.21",15%,"₹ 7,346.05","₹ 6,244.14",Shipped,1,,COD
O000192,U00601,8/9/2026,Uttar Pradesh,Grocery,P0159,1,"₹ 8,890.29",10%,"₹ 8,890.29","₹ 8,001.26",Cancelled,,,UPI
O000193,U00613,5/29/2025,Uttar Pradesh,Sports,P0152,4,"₹ 6,331.63",10%,"₹ 25,326.52","₹ 22,793.87",Delivered,1,,Card
O000194,U00712,11/13/2024,Gujarat,Beauty,P0220,2,"₹ 7,457.38",20%,"₹ 14,914.76","₹ 11,931.81",Delivered,5,1,COD
O000195,U00887,3/8/2025,Gujarat,Home,P0093,5,"₹ 4,475.91",5%,"₹ 22,379.55","₹ 21,260.57",Returned,4,,Wallet
O000196,U00432,8/15/2025,Gujarat,Sports,P0057,1,₹ 399.21,25%,₹ 399.21,₹ 299.41,Delivered,5,,Card
O000197,U00081,4/20/2026,West Bengal,Beauty,P0022,5,"₹ 3,331.92",0%,"₹ 16,659.60","₹ 16,659.60",Delivered,6,4,Wallet
O000198,U00511,9/23/2024,Delhi,Beauty,P0260,3,"₹ 2,935.55",20%,"₹ 8,806.65","₹ 7,045.32",Delivered,6,3,Wallet
O000199,U00684,8/16/2024,Haryana,Fashion,P0134,1,"₹ 2,841.42",5%,"₹ 2,841.42","₹ 2,699.35",Delivered,6,,Wallet
O000200,U00481,9/29/2025,Haryana,Beauty,P0042,4,"₹ 3,441.79",15%,"₹ 13,767.16","₹ 11,702.09",Cancelled,,,Card
O000201,U00395,10/3/2024,Karnataka,Beauty,P0197,1,"₹ 9,602.76",20%,"₹ 9,602.76","₹ 7,682.21",Delivered,7,4,UPI
O000202,U00445,5/3/2025,Haryana,Beauty,P0260,5,"₹ 8,278.90",10%,"₹ 41,394.50","₹ 37,255.05",Cancelled,,,Card
O000203,U00602,12/2/2025,Uttar Pradesh,Sports,P0231,5,"₹ 2,019.08",10%,"₹ 10,095.40","₹ 9,085.86",Delivered,7,1,Wallet
O000204,U00298,6/19/2025,Haryana,Electronics,P0245,5,"₹ 5,029.13",15%,"₹ 25,145.65","₹ 21,373.80",Delivered,1,1,Wallet
O000205,U00563,11/1/2024,Tamil Nadu,Grocery,P0050,4,"₹ 11,891.38",0%,"₹ 47,565.52","₹ 47,565.52",Cancelled,,,UPI
O000206,U00669,5/7/2025,Delhi,Home,P0084,5,"₹ 5,337.05",0%,"₹ 26,685.25","₹ 26,685.25",Returned,5,,COD
O000207,U00100,8/27/2026,Delhi,Home,P0011,3,"₹ 4,897.79",15%,"₹ 14,693.37","₹ 12,489.36",Shipped,5,,Wallet
O000208,U00357,7/8/2026,West Bengal,Sports,P0124,4,"₹ 5,131.04",0%,"₹ 20,524.16","₹ 20,524.16",Shipped,1,,UPI
O000209,U00707,2/26/2025,Rajasthan,Beauty,P0219,5,"₹ 10,156.31",25%,"₹ 50,781.55","₹ 38,086.16",Delivered,5,,Card
O000210,U00185,2/3/2025,Delhi,Grocery,P0062,2,"₹ 7,842.52",0%,"₹ 15,685.04","₹ 15,685.04",Delivered,2,1,Wallet
O000211,U00475,6/28/2026,Telangana,Fashion,P0097,2,"₹ 4,605.04",20%,"₹ 9,210.08","₹ 7,368.06",Delivered,1,1,UPI
O000212,U00264,12/8/2024,Uttar Pradesh,Fashion,P0012,3,"₹ 2,165.85",0%,"₹ 6,497.55","₹ 6,497.55",Shipped,5,,Wallet
O000213,U00701,11/17/2024,Rajasthan,Electronics,P0131,4,"₹ 3,980.66",10%,"₹ 15,922.64","₹ 14,330.38",Delivered,5,3,UPI
O000214,U00625,11/26/2024,Gujarat,Sports,P0139,3,"₹ 6,798.06",0%,"₹ 20,394.18","₹ 20,394.18",Delivered,1,1,Wallet
O000215,U00539,1/29/2026,Karnataka,Home,P0093,3,"₹ 8,153.65",5%,"₹ 24,460.95","₹ 23,237.90",Delivered,6,3,Wallet
O000216,U00797,1/5/2025,Haryana,Beauty,P0132,4,"₹ 10,003.11",0%,"₹ 40,012.44","₹ 40,012.44",Delivered,3,3,Card
O000217,U00681,5/2/2026,Telangana,Electronics,P0199,1,"₹ 1,784.86",20%,"₹ 1,784.86","₹ 1,427.89",Delivered,4,3,Card
O000218,U00103,7/29/2024,Delhi,Sports,P0029,2,"₹ 3,220.63",5%,"₹ 6,441.26","₹ 6,119.20",Returned,1,,Card
O000219,U00872,4/22/2025,Rajasthan,Beauty,P0044,3,"₹ 10,898.87",5%,"₹ 32,696.61","₹ 31,061.78",Delivered,3,4,UPI
O000220,U00003,4/9/2026,Tamil Nadu,Fashion,P0080,1,"₹ 2,350.14",0%,"₹ 2,350.14","₹ 2,350.14",Cancelled,,,Wallet
O000221,U00016,4/25/2025,Delhi,Fashion,P0132,5,"₹ 7,307.36",20%,"₹ 36,536.80","₹ 29,229.44",Returned,4,,COD
O000222,U00342,11/3/2024,Haryana,Beauty,P0139,1,"₹ 9,818.68",20%,"₹ 9,818.68","₹ 7,854.94",Delivered,5,4,COD
O000223,U00653,5/9/2026,Delhi,Fashion,P0024,5,"₹ 10,333.19",15%,"₹ 51,665.95","₹ 43,916.06",Delivered,4,,UPI
O000224,U00809,5/19/2026,Gujarat,Grocery,P0260,4,₹ 848.40,5%,"₹ 3,393.60","₹ 3,223.92",Cancelled,,,COD
O000225,U00232,3/25/2025,Maharashtra,Electronics,P0137,3,"₹ 11,480.78",0%,"₹ 34,442.34","₹ 34,442.34",Delivered,1,1,UPI
O000226,U00885,3/7/2026,Gujarat,Grocery,P0197,2,"₹ 11,830.41",15%,"₹ 23,660.82","₹ 20,111.70",Shipped,8,,Wallet
O000227,U00150,12/21/2025,Tamil Nadu,Sports,P0247,4,"₹ 2,184.19",5%,"₹ 8,736.76","₹ 8,299.92",Shipped,5,,Wallet
O000228,U00558,6/21/2025,Telangana,Beauty,P0244,5,"₹ 1,015.21",5%,"₹ 5,076.05","₹ 4,822.25",Delivered,6,,COD
O000229,U00606,5/14/2025,Delhi,Grocery,P0132,2,"₹ 1,584.95",10%,"₹ 3,169.90","₹ 2,852.91",Returned,5,,Wallet
O000230,U00523,8/2/2025,Telangana,Beauty,P0105,2,"₹ 3,009.26",5%,"₹ 6,018.52","₹ 5,717.59",Delivered,8,2,UPI
O000231,U00866,7/27/2024,Telangana,Grocery,P0013,3,"₹ 5,397.65",25%,"₹ 16,192.95","₹ 12,144.71",Delivered,2,,Card
O000232,U00623,3/7/2026,Karnataka,Fashion,P0195,3,"₹ 7,947.70",10%,"₹ 23,843.10","₹ 21,458.79",Returned,6,,UPI
O000233,U00209,1/23/2026,Maharashtra,Sports,P0022,1,"₹ 11,403.19",25%,"₹ 11,403.19","₹ 8,552.39",Cancelled,,,Wallet
O000234,U00108,9/5/2025,Telangana,Beauty,P0094,5,"₹ 2,214.78",20%,"₹ 11,073.90","₹ 8,859.12",Delivered,3,2,Wallet
O000235,U00653,8/29/2026,Gujarat,Grocery,P0114,1,"₹ 3,426.15",5%,"₹ 3,426.15","₹ 3,254.84",Returned,2,,Wallet
O000236,U00410,9/26/2025,Haryana,Grocery,P0061,3,"₹ 7,698.89",5%,"₹ 23,096.67","₹ 21,941.84",Delivered,1,2,Card
O000237,U00664,8/26/2024,Uttar Pradesh,Electronics,P0255,4,"₹ 4,217.64",0%,"₹ 16,870.56","₹ 16,870.56",Delivered,8,1,Wallet
O000238,U00495,4/14/2026,Rajasthan,Electronics,P0048,1,"₹ 4,947.20",20%,"₹ 4,947.20","₹ 3,957.76",Delivered,8,,Wallet
O000239,U00701,2/2/2025,Rajasthan,Fashion,P0214,4,"₹ 11,671.24",0%,"₹ 46,684.96","₹ 46,684.96",Delivered,1,5,UPI
O000240,U00544,3/13/2026,Tamil Nadu,Beauty,P0149,4,"₹ 6,641.08",5%,"₹ 26,564.32","₹ 25,236.10",Returned,3,,Card
O000241,U00605,9/9/2025,Gujarat,Fashion,P0065,1,"₹ 11,997.88",25%,"₹ 11,997.88","₹ 8,998.41",Shipped,3,,Wallet
O000242,U00385,1/27/2026,West Bengal,Home,P0216,4,"₹ 7,946.71",0%,"₹ 31,786.84","₹ 31,786.84",Cancelled,,,Wallet
O000243,U00688,9/26/2024,Delhi,Home,P0026,3,"₹ 4,107.08",25%,"₹ 12,321.24","₹ 9,240.93",Returned,3,,Wallet
O000244,U00902,9/14/2025,Haryana,Beauty,P0017,4,"₹ 5,175.07",25%,"₹ 20,700.28","₹ 15,525.21",Returned,5,,UPI
O000245,U00445,3/29/2026,Haryana,Sports,P0252,1,"₹ 10,540.63",10%,"₹ 10,540.63","₹ 9,486.57",Cancelled,,,COD
O000246,U00628,1/23/2025,Uttar Pradesh,Sports,P0169,2,"₹ 2,629.82",15%,"₹ 5,259.64","₹ 4,470.69",Delivered,5,,COD
O000247,U00281,7/20/2026,Rajasthan,Home,P0011,1,"₹ 2,630.35",0%,"₹ 2,630.35","₹ 2,630.35",Delivered,3,5,Wallet
O000248,U00847,5/4/2026,Rajasthan,Beauty,P0220,2,"₹ 2,606.70",5%,"₹ 5,213.40","₹ 4,952.73",Cancelled,,,UPI
O000249,U00675,7/28/2024,Haryana,Home,P0148,4,"₹ 2,755.87",20%,"₹ 11,023.48","₹ 8,818.78",Delivered,1,,UPI
O000250,U00783,7/31/2024,Delhi,Grocery,P0048,4,"₹ 6,131.37",25%,"₹ 24,525.48","₹ 18,394.11",Returned,7,,COD
O000251,U00121,6/4/2025,Gujarat,Sports,P0132,2,"₹ 6,437.94",5%,"₹ 12,875.88","₹ 12,232.09",Delivered,8,2,COD
O000252,U00787,3/9/2025,Gujarat,Electronics,P0104,1,"₹ 8,510.85",20%,"₹ 8,510.85","₹ 6,808.68",Delivered,2,5,Wallet
O000253,U00351,6/25/2026,West Bengal,Beauty,P0104,4,"₹ 3,243.28",15%,"₹ 12,973.12","₹ 11,027.15",Delivered,5,,Card
O000254,U00233,5/6/2026,Uttar Pradesh,Fashion,P0128,1,"₹ 3,477.88",0%,"₹ 3,477.88","₹ 3,477.88",Returned,1,,UPI
O000255,U00230,2/26/2026,Rajasthan,Electronics,P0141,2,"₹ 5,106.72",15%,"₹ 10,213.44","₹ 8,681.42",Shipped,5,,COD
O000256,U00114,10/13/2024,West Bengal,Sports,P0086,2,"₹ 11,735.21",5%,"₹ 23,470.42","₹ 22,296.90",Delivered,1,2,Wallet
O000257,U00017,11/18/2025,Uttar Pradesh,Home,P0238,1,"₹ 2,083.09",15%,"₹ 2,083.09","₹ 1,770.63",Delivered,4,5,Wallet
O000258,U00921,8/30/2025,Telangana,Grocery,P0256,1,"₹ 11,140.61",0%,"₹ 11,140.61","₹ 11,140.61",Delivered,8,,Wallet
O000259,U00247,9/20/2025,Rajasthan,Electronics,P0028,5,"₹ 8,483.32",0%,"₹ 42,416.60","₹ 42,416.60",Delivered,4,5,Card
O000260,U00147,8/20/2026,Gujarat,Home,P0236,5,"₹ 4,106.06",25%,"₹ 20,530.30","₹ 15,397.72",Delivered,6,4,COD
O000261,U00170,5/26/2026,Maharashtra,Home,P0033,1,"₹ 11,542.12",25%,"₹ 11,542.12","₹ 8,656.59",Returned,8,,UPI
O000262,U00048,11/11/2025,West Bengal,Beauty,P0180,1,"₹ 2,529.79",0%,"₹ 2,529.79","₹ 2,529.79",Delivered,4,4,COD
O000263,U00828,7/24/2026,West Bengal,Electronics,P0047,5,"₹ 8,767.73",5%,"₹ 43,838.65","₹ 41,646.72",Delivered,3,4,COD
O000264,U00626,11/28/2024,Karnataka,Home,P0070,2,"₹ 4,281.82",20%,"₹ 8,563.64","₹ 6,850.91",Delivered,8,5,UPI
O000265,U00566,8/12/2025,Gujarat,Fashion,P0057,5,₹ 981.32,20%,"₹ 4,906.60","₹ 3,925.28",Delivered,2,,Wallet
O000266,U00050,10/4/2025,Uttar Pradesh,Sports,P0063,2,"₹ 9,359.69",20%,"₹ 18,719.38","₹ 14,975.50",Returned,3,,COD
O000267,U00417,10/20/2025,Maharashtra,Home,P0218,4,"₹ 4,592.33",5%,"₹ 18,369.32","₹ 17,450.85",Returned,4,,UPI
O000268,U00160,9/28/2024,Telangana,Grocery,P0033,1,"₹ 10,981.92",25%,"₹ 10,981.92","₹ 8,236.44",Cancelled,,,Wallet
O000269,U00636,8/2/2026,Gujarat,Home,P0103,1,"₹ 1,294.77",20%,"₹ 1,294.77","₹ 1,035.82",Delivered,5,3,Card
O000270,U00458,2/7/2026,Maharashtra,Sports,P0096,2,"₹ 6,525.97",20%,"₹ 13,051.94","₹ 10,441.55",Delivered,3,4,UPI
O000271,U00483,9/26/2025,Gujarat,Sports,P0059,3,"₹ 2,501.43",25%,"₹ 7,504.29","₹ 5,628.22",Cancelled,,,Wallet
O000272,U00127,3/10/2026,Tamil Nadu,Grocery,P0206,4,"₹ 1,687.98",10%,"₹ 6,751.92","₹ 6,076.73",Delivered,1,2,COD
O000273,U00135,6/11/2026,Uttar Pradesh,Electronics,P0163,3,"₹ 3,191.47",15%,"₹ 9,574.41","₹ 8,138.25",Cancelled,,,Card
O000274,U00849,3/6/2026,West Bengal,Fashion,P0129,2,"₹ 8,684.17",25%,"₹ 17,368.34","₹ 13,026.26",Delivered,7,3,COD
O000275,U00154,8/19/2025,Tamil Nadu,Fashion,P0009,1,"₹ 10,099.21",0%,"₹ 10,099.21","₹ 10,099.21",Cancelled,,,Card
O000276,U00464,5/2/2026,Maharashtra,Beauty,P0032,5,"₹ 6,789.49",10%,"₹ 33,947.45","₹ 30,552.70",Returned,6,,COD
O000277,U00754,6/3/2025,Haryana,Sports,P0117,5,₹ 383.08,5%,"₹ 1,915.40","₹ 1,819.63",Delivered,7,,COD
O000278,U00467,4/22/2025,West Bengal,Sports,P0009,2,"₹ 8,366.26",25%,"₹ 16,732.52","₹ 12,549.39",Delivered,8,4,Card
O000279,U00279,7/3/2026,Rajasthan,Home,P0127,5,"₹ 1,939.78",15%,"₹ 9,698.90","₹ 8,244.06",Returned,3,,COD
O000280,U00511,5/24/2026,Gujarat,Electronics,P0076,4,"₹ 2,949.51",0%,"₹ 11,798.04","₹ 11,798.04",Delivered,5,3,COD
O000281,U00518,8/19/2026,Karnataka,Sports,P0239,2,"₹ 2,464.06",10%,"₹ 4,928.12","₹ 4,435.31",Delivered,3,,Card
O000282,U00233,3/24/2026,Tamil Nadu,Sports,P0098,2,"₹ 3,081.86",10%,"₹ 6,163.72","₹ 5,547.35",Returned,4,,COD
O000283,U00877,10/21/2025,Tamil Nadu,Fashion,P0022,4,"₹ 6,613.65",0%,"₹ 26,454.60","₹ 26,454.60",Returned,4,,UPI
O000284,U00756,12/20/2024,Rajasthan,Fashion,P0190,3,"₹ 4,248.53",10%,"₹ 12,745.59","₹ 11,471.03",Delivered,5,4,Wallet
O000285,U00777,12/1/2024,West Bengal,Electronics,P0219,2,₹ 298.76,0%,₹ 597.52,₹ 597.52,Cancelled,,,Card
O000286,U00009,9/13/2024,Tamil Nadu,Sports,P0155,1,"₹ 10,219.54",5%,"₹ 10,219.54","₹ 9,708.56",Returned,3,,COD
O000287,U00680,2/13/2026,West Bengal,Sports,P0142,2,"₹ 9,467.62",25%,"₹ 18,935.24","₹ 14,201.43",Delivered,6,5,COD
O000288,U00206,10/25/2024,Maharashtra,Sports,P0119,5,"₹ 7,518.21",5%,"₹ 37,591.05","₹ 35,711.50",Shipped,4,,Wallet
O000289,U00801,12/2/2025,Tamil Nadu,Beauty,P0016,3,"₹ 7,508.51",25%,"₹ 22,525.53","₹ 16,894.15",Shipped,3,,COD
O000290,U00253,5/20/2025,Maharashtra,Electronics,P0088,1,"₹ 9,801.12",5%,"₹ 9,801.12","₹ 9,311.06",Delivered,6,2,Wallet
O000291,U00103,9/19/2025,Uttar Pradesh,Beauty,P0231,4,"₹ 7,564.52",25%,"₹ 30,258.08","₹ 22,693.56",Delivered,1,1,Card
O000292,U00452,12/18/2025,Telangana,Beauty,P0147,2,"₹ 11,728.08",5%,"₹ 23,456.16","₹ 22,283.35",Delivered,1,5,COD
O000293,U00948,10/31/2025,Uttar Pradesh,Sports,P0064,5,"₹ 2,527.04",25%,"₹ 12,635.20","₹ 9,476.40",Delivered,1,5,COD
O000294,U00192,8/11/2026,Telangana,Sports,P0029,3,"₹ 11,630.00",10%,"₹ 34,890.00","₹ 31,401.00",Delivered,5,1,COD
O000295,U00132,2/20/2025,Gujarat,Home,P0210,4,"₹ 2,764.62",15%,"₹ 11,058.48","₹ 9,399.71",Delivered,6,5,COD
O000296,U00260,5/18/2025,Tamil Nadu,Grocery,P0112,2,"₹ 11,199.89",10%,"₹ 22,399.78","₹ 20,159.80",Returned,5,,COD
O000297,U00145,9/14/2025,Maharashtra,Sports,P0210,2,"₹ 11,202.60",25%,"₹ 22,405.20","₹ 16,803.90",Returned,6,,Wallet
O000298,U00514,4/8/2026,Rajasthan,Fashion,P0224,2,"₹ 3,117.42",25%,"₹ 6,234.84","₹ 4,676.13",Shipped,2,,Wallet
O000299,U00639,12/21/2024,Rajasthan,Home,P0077,5,"₹ 2,973.74",10%,"₹ 14,868.70","₹ 13,381.83",Cancelled,,,Card
O000300,U00109,2/9/2025,Delhi,Beauty,P0065,1,"₹ 2,953.70",10%,"₹ 2,953.70","₹ 2,658.33",Delivered,7,2,Wallet
O000301,U00643,3/21/2026,Telangana,Beauty,P0165,5,"₹ 1,319.30",25%,"₹ 6,596.50","₹ 4,947.38",Cancelled,,,COD
O000302,U00741,8/28/2024,Karnataka,Sports,P0037,3,"₹ 4,654.54",5%,"₹ 13,963.62","₹ 13,265.44",Delivered,7,3,COD
O000303,U00729,7/23/2024,Gujarat,Sports,P0066,1,"₹ 9,738.02",25%,"₹ 9,738.02","₹ 7,303.52",Shipped,5,,COD
O000304,U00934,6/15/2026,Uttar Pradesh,Home,P0128,1,"₹ 9,051.80",20%,"₹ 9,051.80","₹ 7,241.44",Shipped,7,,UPI
O000305,U00907,6/1/2025,Karnataka,Beauty,P0067,4,"₹ 6,191.05",25%,"₹ 24,764.20","₹ 18,573.15",Delivered,5,4,UPI
O000306,U00787,3/5/2025,Gujarat,Home,P0011,2,"₹ 3,589.80",0%,"₹ 7,179.60","₹ 7,179.60",Cancelled,,,COD
O000307,U00874,8/27/2026,Haryana,Fashion,P0175,1,"₹ 1,587.35",20%,"₹ 1,587.35","₹ 1,269.88",Delivered,2,5,COD
O000308,U00072,7/5/2025,Telangana,Sports,P0117,4,"₹ 2,386.89",0%,"₹ 9,547.56","₹ 9,547.56",Delivered,7,5,UPI
O000309,U00625,8/11/2026,West Bengal,Home,P0001,2,"₹ 11,793.52",25%,"₹ 23,587.04","₹ 17,690.28",Delivered,3,3,UPI
O000310,U00737,6/6/2025,West Bengal,Beauty,P0208,2,"₹ 6,784.17",5%,"₹ 13,568.34","₹ 12,889.92",Delivered,4,2,UPI
O000311,U00650,8/21/2025,Maharashtra,Home,P0177,3,"₹ 6,199.27",25%,"₹ 18,597.81","₹ 13,948.36",Cancelled,,,Wallet
O000312,U00771,10/23/2025,Maharashtra,Grocery,P0154,4,₹ 800.48,15%,"₹ 3,201.92","₹ 2,721.63",Delivered,6,4,Wallet
O000313,U00295,8/21/2026,Delhi,Electronics,P0033,5,"₹ 8,102.80",10%,"₹ 40,514.00","₹ 36,462.60",Delivered,4,4,Card
O000314,U00646,12/30/2024,Haryana,Sports,P0238,4,"₹ 5,452.29",25%,"₹ 21,809.16","₹ 16,356.87",Returned,7,,UPI
O000315,U00045,8/11/2026,Uttar Pradesh,Beauty,P0145,2,"₹ 1,186.67",15%,"₹ 2,373.34","₹ 2,017.34",Cancelled,,,Card
O000316,U00172,8/1/2024,Karnataka,Fashion,P0126,5,"₹ 9,508.07",10%,"₹ 47,540.35","₹ 42,786.32",Delivered,7,3,Wallet
O000317,U00553,10/20/2025,Gujarat,Home,P0175,2,"₹ 7,047.29",15%,"₹ 14,094.58","₹ 11,980.39",Delivered,1,5,Wallet
O000318,U00338,8/31/2025,Haryana,Electronics,P0061,5,"₹ 6,726.73",5%,"₹ 33,633.65","₹ 31,951.97",Delivered,7,,UPI
O000319,U00220,11/10/2024,Telangana,Beauty,P0074,1,"₹ 7,438.81",25%,"₹ 7,438.81","₹ 5,579.11",Delivered,2,4,COD
O000320,U00583,10/15/2025,Uttar Pradesh,Grocery,P0039,2,"₹ 4,374.85",15%,"₹ 8,749.70","₹ 7,437.25",Returned,6,,Wallet
O000321,U00679,12/16/2024,Maharashtra,Home,P0235,5,"₹ 7,034.62",15%,"₹ 35,173.10","₹ 29,897.13",Returned,8,,Card
O000322,U00605,8/5/2024,Tamil Nadu,Sports,P0159,5,"₹ 7,491.46",10%,"₹ 37,457.30","₹ 33,711.57",Shipped,5,,Wallet
O000323,U00698,6/22/2026,Haryana,Electronics,P0182,1,"₹ 4,377.58",5%,"₹ 4,377.58","₹ 4,158.70",Shipped,3,,Card
O000324,U00936,4/20/2025,Uttar Pradesh,Grocery,P0192,3,"₹ 3,256.32",20%,"₹ 9,768.96","₹ 7,815.17",Delivered,5,1,Wallet
O000325,U00828,10/26/2024,Delhi,Sports,P0015,5,"₹ 6,085.72",0%,"₹ 30,428.60","₹ 30,428.60",Delivered,5,2,Wallet
O000326,U00773,7/18/2025,Delhi,Grocery,P0215,5,"₹ 2,332.67",10%,"₹ 11,663.35","₹ 10,497.02",Delivered,2,,Card
O000327,U00614,10/7/2024,Rajasthan,Sports,P0021,3,"₹ 9,249.98",5%,"₹ 27,749.94","₹ 26,362.44",Delivered,7,1,UPI
O000328,U00751,12/12/2024,Rajasthan,Electronics,P0207,1,"₹ 8,108.94",5%,"₹ 8,108.94","₹ 7,703.49",Delivered,8,2,COD
O000329,U00293,4/18/2026,Delhi,Fashion,P0229,1,"₹ 7,692.91",15%,"₹ 7,692.91","₹ 6,538.97",Returned,5,,COD
O000330,U00539,2/7/2026,Uttar Pradesh,Grocery,P0182,4,"₹ 7,065.19",5%,"₹ 28,260.76","₹ 26,847.72",Shipped,2,,Wallet
O000331,U00735,3/7/2025,West Bengal,Beauty,P0217,5,"₹ 9,458.03",20%,"₹ 47,290.15","₹ 37,832.12",Delivered,4,4,COD
O000332,U00542,3/4/2026,Delhi,Fashion,P0239,4,"₹ 11,924.56",5%,"₹ 47,698.24","₹ 45,313.33",Cancelled,,,Card
O000333,U00052,3/2/2025,Gujarat,Home,P0236,1,"₹ 2,121.80",15%,"₹ 2,121.80","₹ 1,803.53",Delivered,5,3,Wallet
O000334,U00037,12/18/2025,Karnataka,Home,P0175,1,"₹ 3,772.80",15%,"₹ 3,772.80","₹ 3,206.88",Returned,7,,COD
O000335,U00053,8/21/2025,West Bengal,Home,P0144,1,₹ 710.87,0%,₹ 710.87,₹ 710.87,Delivered,8,4,Wallet
O000336,U00858,2/10/2025,Tamil Nadu,Beauty,P0175,3,"₹ 3,785.61",20%,"₹ 11,356.83","₹ 9,085.46",Returned,6,,Card
O000337,U00673,1/27/2026,Karnataka,Sports,P0098,5,"₹ 1,876.98",25%,"₹ 9,384.90","₹ 7,038.67",Shipped,6,,Wallet
O000338,U00120,7/17/2024,Gujarat,home,P0237,5,"₹ 7,166.42",20%,"₹ 35,832.10","₹ 28,665.68",Delivered,4,,Card
O000339,U00880,7/8/2024,Maharashtra,Sports,P0077,4,"₹ 6,113.96",25%,"₹ 24,455.84","₹ 18,341.88",Cancelled,,,COD
O000340,U00328,1/28/2026,West Bengal,Sports,P0032,5,₹ 297.82,5%,"₹ 1,489.10","₹ 1,414.64",Delivered,4,4,Card
O000341,U00260,7/12/2024,Gujarat,Beauty,P0012,3,"₹ 11,280.27",25%,"₹ 33,840.81","₹ 25,380.61",Delivered,8,4,UPI
O000342,U00139,1/26/2025,Gujarat,Grocery,P0202,4,"₹ 10,676.53",20%,"₹ 42,706.12","₹ 34,164.90",Delivered,7,4,Wallet
O000343,U00090,4/3/2026,Maharashtra,Fashion,P0049,3,"₹ 7,799.17",20%,"₹ 23,397.51","₹ 18,718.01",Shipped,5,,Card
O000344,U00437,10/30/2025,Uttar Pradesh,Electronics,P0013,4,"₹ 5,729.80",0%,"₹ 22,919.20","₹ 22,919.20",Delivered,2,3,Card
O000345,U00381,7/8/2026,Uttar Pradesh,Home,P0203,5,₹ 361.45,20%,"₹ 1,807.25","₹ 1,445.80",Delivered,4,3,Card
O000346,U00679,4/20/2026,Maharashtra,Fashion,P0236,4,"₹ 11,662.51",25%,"₹ 46,650.04","₹ 34,987.53",Returned,5,,COD
O000347,U00240,7/4/2024,Karnataka,Sports,P0053,5,"₹ 2,778.36",15%,"₹ 13,891.80","₹ 11,808.03",Cancelled,,,UPI
O000348,U00244,1/6/2026,Uttar Pradesh,Sports,P0179,1,"₹ 4,530.34",5%,"₹ 4,530.34","₹ 4,303.82",Delivered,1,3,UPI
O000349,U00363,3/1/2026,Rajasthan,Beauty,P0241,3,"₹ 11,352.04",10%,"₹ 34,056.12","₹ 30,650.51",Delivered,8,2,Card
O000350,U00237,6/12/2026,West Bengal,Grocery,P0182,4,"₹ 10,564.86",10%,"₹ 42,259.44","₹ 38,033.50",Cancelled,,,COD
O000351,U00137,5/31/2025,Maharashtra,Home,P0089,5,"₹ 2,516.61",15%,"₹ 12,583.05","₹ 10,695.59",Delivered,1,4,Wallet
O000352,U00417,11/28/2025,Rajasthan,Electronics,P0234,3,"₹ 3,672.39",20%,"₹ 11,017.17","₹ 8,813.74",Returned,2,,UPI
O000353,U00308,2/13/2025,West Bengal,Fashion,P0191,2,₹ 702.99,0%,"₹ 1,405.98","₹ 1,405.98",Shipped,6,,COD
O000354,U00144,9/2/2025,Maharashtra,Electronics,P0010,5,"₹ 1,607.88",5%,"₹ 8,039.40","₹ 7,637.43",Delivered,3,2,COD
O000355,U00147,6/30/2025,Maharashtra,Home,P0009,3,"₹ 11,010.98",0%,"₹ 33,032.94","₹ 33,032.94",Delivered,3,2,Wallet
O000356,U00597,3/20/2026,Delhi,Home,P0117,3,"₹ 5,250.53",25%,"₹ 15,751.59","₹ 11,813.69",Delivered,4,3,UPI
O000357,U00779,4/10/2026,Rajasthan,Grocery,P0076,3,"₹ 10,093.11",0%,"₹ 30,279.33","₹ 30,279.33",Returned,6,,Card
O000358,U00891,8/7/2026,Telangana,Electronics,P0185,2,"₹ 9,117.98",5%,"₹ 18,235.96","₹ 17,324.16",Delivered,6,4,Wallet
O000359,U00732,7/22/2025,Telangana,Sports,P0128,5,₹ 266.56,5%,"₹ 1,332.80","₹ 1,266.16",Delivered,1,,UPI
O000360,U00467,11/7/2024,Gujarat,Grocery,P0087,5,"₹ 1,145.45",25%,"₹ 5,727.25","₹ 4,295.44",Delivered,2,5,COD
O000361,U00512,6/17/2026,Karnataka,Home,P0147,2,"₹ 4,980.71",15%,"₹ 9,961.42","₹ 8,467.21",Delivered,4,4,Card
O000362,U00868,10/15/2025,Maharashtra,Grocery,P0114,4,"₹ 5,821.98",10%,"₹ 23,287.92","₹ 20,959.13",Delivered,4,,COD
O000363,U00202,12/14/2025,Gujarat,Sports,P0121,3,"₹ 10,729.42",25%,"₹ 32,188.26","₹ 24,141.19",Cancelled,,,UPI
O000364,U00848,10/10/2024,Maharashtra,Home,P0002,2,"₹ 3,414.46",10%,"₹ 6,828.92","₹ 6,146.03",Cancelled,,,UPI
O000365,U00384,6/26/2026,Rajasthan,Grocery,P0178,5,"₹ 4,630.51",0%,"₹ 23,152.55","₹ 23,152.55",Returned,3,,UPI
O000366,U00686,4/23/2025,Telangana,Sports,P0093,2,"₹ 9,580.61",5%,"₹ 19,161.22","₹ 18,203.16",Delivered,3,3,Wallet
O000367,U00514,3/24/2025,Tamil Nadu,Sports,P0214,5,"₹ 5,141.86",25%,"₹ 25,709.30","₹ 19,281.97",Delivered,2,5,Card
O000368,U00835,6/14/2026,Gujarat,Beauty,P0068,5,"₹ 2,035.48",5%,"₹ 10,177.40","₹ 9,668.53",Returned,2,,COD
O000369,U00218,11/7/2025,Karnataka,Fashion,P0062,2,"₹ 9,774.97",10%,"₹ 19,549.94","₹ 17,594.95",Returned,1,,Card
O000370,U00084,7/5/2026,Delhi,Beauty,P0129,1,"₹ 6,864.26",5%,"₹ 6,864.26","₹ 6,521.05",Shipped,6,,UPI
O000371,U00811,11/27/2024,Gujarat,Electronics,P0132,4,"₹ 7,473.52",0%,"₹ 29,894.08","₹ 29,894.08",Delivered,6,3,UPI
O000372,U00548,6/25/2025,Gujarat,Fashion,P0152,4,"₹ 4,139.17",5%,"₹ 16,556.68","₹ 15,728.85",Delivered,7,,COD
O000373,U00290,6/15/2026,Rajasthan,Beauty,P0139,3,"₹ 1,441.85",15%,"₹ 4,325.55","₹ 3,676.72",Delivered,3,4,COD
O000374,U00151,5/13/2025,Rajasthan,Sports,P0033,1,"₹ 7,457.37",20%,"₹ 7,457.37","₹ 5,965.90",Shipped,8,,COD
O000375,U00153,5/11/2026,Karnataka,Fashion,P0018,3,₹ 763.48,10%,"₹ 2,290.44","₹ 2,061.40",Delivered,6,3,COD
O000376,U00069,3/4/2026,Haryana,Home,P0060,4,"₹ 1,055.36",25%,"₹ 4,221.44","₹ 3,166.08",Returned,6,,Card
O000377,U00675,5/19/2025,Delhi,Sports,P0093,1,"₹ 5,862.83",5%,"₹ 5,862.83","₹ 5,569.69",Shipped,1,,Card
O000378,U00558,4/28/2025,Telangana,Home,P0231,3,"₹ 6,320.51",15%,"₹ 18,961.53","₹ 16,117.30",Cancelled,,,Card
O000379,U00737,7/14/2026,Telangana,Electronics,P0102,1,₹ 769.64,15%,₹ 769.64,₹ 654.19,Cancelled,,,Card
O000380,U00384,8/6/2024,Karnataka,Beauty,P0174,2,"₹ 7,858.18",0%,"₹ 15,716.36","₹ 15,716.36",Returned,1,,COD
O000381,U00239,8/18/2026,Gujarat,Electronics,P0248,3,"₹ 7,495.16",25%,"₹ 22,485.48","₹ 16,864.11",Delivered,3,1,UPI
O000382,U00022,3/26/2025,Gujarat,Electronics,P0232,3,"₹ 1,746.76",10%,"₹ 5,240.28","₹ 4,716.25",Shipped,3,,Card
O000383,U00861,7/11/2025,Telangana,Home,P0248,2,"₹ 3,197.54",20%,"₹ 6,395.08","₹ 5,116.06",Shipped,6,,Wallet
O000384,U00729,2/24/2025,Haryana,Fashion,P0226,4,"₹ 4,411.55",25%,"₹ 17,646.20","₹ 13,234.65",Delivered,8,1,COD
O000385,U00726,10/13/2025,Uttar Pradesh,Home,P0066,4,"₹ 11,807.01",10%,"₹ 47,228.04","₹ 42,505.24",Cancelled,,,COD
O000386,U00431,8/6/2026,Gujarat,Electronics,P0149,5,"₹ 8,637.03",15%,"₹ 43,185.15","₹ 36,707.38",Cancelled,,,COD
O000387,U00930,9/18/2024,Uttar Pradesh,Fashion,P0100,2,"₹ 6,053.50",15%,"₹ 12,107.00","₹ 10,290.95",Cancelled,,,UPI
O000388,U00035,10/22/2024,Telangana,Grocery,P0143,4,"₹ 9,111.82",25%,"₹ 36,447.28","₹ 27,335.46",Cancelled,,,Wallet
O000389,U00841,1/28/2026,Karnataka,Grocery,P0046,5,"₹ 2,510.86",5%,"₹ 12,554.30","₹ 11,926.58",Delivered,8,,UPI
O000390,U00265,12/22/2025,Delhi,Grocery,P0108,1,"₹ 9,120.73",15%,"₹ 9,120.73","₹ 7,752.62",Delivered,1,5,Card
O000391,U00322,4/6/2026,Haryana,Electronics,P0018,3,"₹ 10,564.44",20%,"₹ 31,693.32","₹ 25,354.66",Delivered,4,,COD
O000392,U00859,5/24/2025,Telangana,Sports,P0212,3,"₹ 10,719.80",5%,"₹ 32,159.40","₹ 30,551.43",Returned,2,,Wallet
O000393,U00702,6/7/2026,Maharashtra,Electronics,P0103,4,"₹ 11,468.10",20%,"₹ 45,872.40","₹ 36,697.92",Returned,8,,Card
O000394,U00150,8/19/2025,Maharashtra,Home,P0199,5,"₹ 8,849.11",15%,"₹ 44,245.55","₹ 37,608.72",Shipped,7,,Card
O000395,U00378,2/2/2026,Telangana,Sports,P0165,2,"₹ 4,658.26",15%,"₹ 9,316.52","₹ 7,919.04",Delivered,2,1,Card
O000396,U00192,9/15/2024,Gujarat,Home,P0009,4,"₹ 7,305.34",5%,"₹ 29,221.36","₹ 27,760.29",Delivered,8,2,COD
O000397,U00175,4/6/2025,West Bengal,Home,P0248,5,"₹ 1,032.56",20%,"₹ 5,162.80","₹ 4,130.24",Returned,6,,COD
O000398,U00213,8/1/2026,Rajasthan,Sports,P0156,1,"₹ 2,703.65",15%,"₹ 2,703.65","₹ 2,298.10",Returned,3,,Card
O000399,U00846,8/13/2024,Gujarat,Electronics,P0060,1,"₹ 6,520.46",20%,"₹ 6,520.46","₹ 5,216.37",Delivered,3,2,UPI
O000400,U00212,6/21/2025,Gujarat,Fashion,P0081,3,"₹ 3,164.85",15%,"₹ 9,494.55","₹ 8,070.37",Delivered,5,5,Wallet
O000401,U00411,12/29/2025,Uttar Pradesh,Fashion,P0008,1,"₹ 9,731.18",25%,"₹ 9,731.18","₹ 7,298.39",Cancelled,,,Card
O000402,U00364,5/10/2025,Delhi,Beauty,P0140,4,"₹ 1,780.75",10%,"₹ 7,123.00","₹ 6,410.70",Delivered,6,1,COD
O000403,U00075,11/25/2024,Gujarat,Grocery,P0256,4,"₹ 5,635.61",15%,"₹ 22,542.44","₹ 19,161.07",Delivered,3,4,Wallet
O000404,U00905,9/28/2025,Rajasthan,Fashion,P0141,5,"₹ 2,867.21",10%,"₹ 14,336.05","₹ 12,902.44",Delivered,3,,COD
O000405,U00565,7/31/2025,Uttar Pradesh,Beauty,P0210,3,₹ 472.69,25%,"₹ 1,418.07","₹ 1,063.55",Cancelled,,,Card
O000406,U00512,1/7/2026,Delhi,Electronics,P0145,4,"₹ 3,363.69",15%,"₹ 13,454.76","₹ 11,436.55",Returned,1,,UPI
O000407,U00767,2/6/2026,Karnataka,Electronics,P0184,3,"₹ 9,048.99",5%,"₹ 27,146.97","₹ 25,789.62",Cancelled,,,Wallet
O000408,U00654,3/16/2026,Telangana,Sports,P0182,4,"₹ 1,011.94",10%,"₹ 4,047.76","₹ 3,642.98",Delivered,7,3,COD
O000409,U00921,5/30/2025,Uttar Pradesh,Home,P0134,1,"₹ 4,651.72",10%,"₹ 4,651.72","₹ 4,186.55",Shipped,5,,UPI
O000410,U00191,12/13/2025,Uttar Pradesh,Electronics,P0008,5,₹ 201.18,25%,"₹ 1,005.90",₹ 754.42,Delivered,8,3,UPI
O000411,U00573,10/17/2025,Uttar Pradesh,Home,P0124,1,"₹ 5,745.28",10%,"₹ 5,745.28","₹ 5,170.75",Delivered,3,4,Wallet
O000412,U00271,3/24/2025,Uttar Pradesh,Home,P0005,5,₹ 364.54,0%,"₹ 1,822.70","₹ 1,822.70",Shipped,7,,Wallet
O000413,U00920,2/5/2025,Gujarat,Sports,P0141,4,"₹ 3,801.92",20%,"₹ 15,207.68","₹ 12,166.14",Returned,5,,COD
O000414,U00542,8/31/2024,Maharashtra,Electronics,P0030,3,"₹ 11,896.91",0%,"₹ 35,690.73","₹ 35,690.73",Delivered,8,,COD
O000415,U00343,9/11/2025,West Bengal,Beauty,P0067,3,"₹ 9,154.27",25%,"₹ 27,462.81","₹ 20,597.11",Returned,5,,Wallet
O000416,U00377,5/5/2025,Karnataka,Grocery,P0050,2,"₹ 11,329.84",10%,"₹ 22,659.68","₹ 20,393.71",Delivered,6,4,UPI
O000417,U00688,10/14/2024,Haryana,Grocery,P0195,2,"₹ 7,107.72",20%,"₹ 14,215.44","₹ 11,372.35",Delivered,8,4,Card
O000418,U00268,3/16/2026,West Bengal,Fashion,P0130,1,"₹ 7,158.46",25%,"₹ 7,158.46","₹ 5,368.85",Cancelled,,,UPI
O000419,U00588,5/28/2026,Karnataka,Sports,P0133,1,"₹ 9,923.01",0%,"₹ 9,923.01","₹ 9,923.01",Returned,8,,Card
O000420,U00443,12/10/2024,Uttar Pradesh,Sports,P0145,1,"₹ 2,185.45",15%,"₹ 2,185.45","₹ 1,857.63",Returned,2,,COD
O000421,U00115,8/20/2025,Tamil Nadu,Home,P0222,5,₹ 602.08,15%,"₹ 3,010.40","₹ 2,558.84",Cancelled,,,COD
O000422,U00048,10/19/2025,Karnataka,Electronics,P0017,1,"₹ 9,751.29",5%,"₹ 9,751.29","₹ 9,263.73",Cancelled,,,UPI
O000423,U00057,9/21/2025,West Bengal,Sports,P0067,4,"₹ 6,877.39",15%,"₹ 27,509.56","₹ 23,383.13",Shipped,5,,Wallet
O000424,U00344,3/20/2026,Gujarat,Electronics,P0175,4,"₹ 10,822.35",0%,"₹ 43,289.40","₹ 43,289.40",Cancelled,,,Wallet
O000425,U00896,3/30/2026,Rajasthan,Beauty,P0027,4,"₹ 2,708.48",10%,"₹ 10,833.92","₹ 9,750.53",Shipped,6,,COD
O000426,U00138,9/14/2025,Karnataka,Fashion,P0037,4,"₹ 1,846.93",10%,"₹ 7,387.72","₹ 6,648.95",Shipped,8,,Wallet
O000427,U00179,6/9/2026,West Bengal,Home,P0109,2,"₹ 10,121.28",5%,"₹ 20,242.56","₹ 19,230.43",Delivered,8,,Card
O000428,U00631,7/31/2024,Maharashtra,Fashion,P0043,4,"₹ 3,326.72",10%,"₹ 13,306.88","₹ 11,976.19",Shipped,6,,Card
O000429,U00070,1/9/2025,West Bengal,fashion,P0204,5,"₹ 4,849.75",10%,"₹ 24,248.75","₹ 21,823.88",Cancelled,,,Wallet
O000430,U00667,7/15/2024,Karnataka,Fashion,P0157,4,"₹ 8,436.29",20%,"₹ 33,745.16","₹ 26,996.13",Delivered,1,4,UPI
O000431,U00728,4/10/2026,Uttar Pradesh,Electronics,P0168,5,"₹ 8,067.74",20%,"₹ 40,338.70","₹ 32,270.96",Cancelled,,,Wallet
O000432,U00361,12/31/2025,Karnataka,Home,P0101,3,"₹ 3,945.48",10%,"₹ 11,836.44","₹ 10,652.80",Shipped,2,,UPI
O000433,U00171,9/24/2025,Rajasthan,beauty,P0172,1,"₹ 9,659.64",25%,"₹ 9,659.64","₹ 7,244.73",Returned,3,,UPI
O000434,U00061,7/7/2026,Uttar Pradesh,Home,P0002,5,₹ 404.78,15%,"₹ 2,023.90","₹ 1,720.32",Delivered,8,,Wallet
O000435,U00945,4/28/2025,West Bengal,Electronics,P0237,2,"₹ 11,704.81",10%,"₹ 23,409.62","₹ 21,068.66",Cancelled,,,Card
O000436,U00683,1/20/2025,Haryana,Sports,P0137,2,"₹ 9,812.88",5%,"₹ 19,625.76","₹ 18,644.47",Delivered,4,1,COD
O000437,U00576,5/8/2026,Gujarat,Beauty,P0201,1,"₹ 4,943.72",25%,"₹ 4,943.72","₹ 3,707.79",Shipped,6,,Wallet
O000438,U00182,6/13/2026,Telangana,Sports,P0033,1,"₹ 9,405.53",10%,"₹ 9,405.53","₹ 8,464.98",Delivered,4,3,COD
O000439,U00378,10/6/2024,Uttar Pradesh,Grocery,P0045,3,"₹ 11,723.86",20%,"₹ 35,171.58","₹ 28,137.26",Delivered,3,,COD
O000440,U00940,11/8/2024,Delhi,Beauty,P0027,4,"₹ 7,448.64",25%,"₹ 29,794.56","₹ 22,345.92",Cancelled,,,Card
O000441,U00458,8/30/2025,Haryana,Sports,P0152,3,"₹ 8,411.61",0%,"₹ 25,234.83","₹ 25,234.83",Returned,8,,Wallet
O000442,U00408,7/21/2024,Rajasthan,Home,P0257,2,"₹ 10,168.00",15%,"₹ 20,336.00","₹ 17,285.60",Delivered,1,2,Card
O000443,U00901,11/25/2025,Rajasthan,Electronics,P0128,3,"₹ 4,834.45",15%,"₹ 14,503.35","₹ 12,327.85",Returned,5,,UPI
O000444,U00213,11/18/2025,Telangana,Sports,P0244,2,"₹ 4,174.53",15%,"₹ 8,349.06","₹ 7,096.70",Shipped,5,,UPI
O000445,U00041,7/9/2024,Uttar Pradesh,Beauty,P0196,2,₹ 381.05,5%,₹ 762.10,₹ 724.00,Delivered,8,2,COD
O000446,U00510,11/8/2025,Uttar Pradesh,Electronics,P0163,1,"₹ 7,890.60",15%,"₹ 7,890.60","₹ 6,707.01",Delivered,7,4,Card
O000447,U00214,7/18/2026,Gujarat,Fashion,P0208,2,"₹ 8,705.13",5%,"₹ 17,410.26","₹ 16,539.75",Delivered,6,3,Wallet
O000448,U00696,6/28/2026,Delhi,Fashion,P0249,1,"₹ 10,716.24",25%,"₹ 10,716.24","₹ 8,037.18",Delivered,7,,Card
O000449,U00939,2/25/2025,Maharashtra,Beauty,P0258,2,"₹ 8,636.94",5%,"₹ 17,273.88","₹ 16,410.19",Returned,1,,COD
O000450,U00893,10/25/2024,Tamil Nadu,Grocery,P0073,2,"₹ 4,920.58",10%,"₹ 9,841.16","₹ 8,857.04",Delivered,4,2,Wallet
O000451,U00344,6/13/2026,Rajasthan,Beauty,P0236,4,"₹ 10,811.12",15%,"₹ 43,244.48","₹ 36,757.81",Cancelled,,,UPI
O000452,U00475,12/10/2025,Haryana,Home,P0191,5,"₹ 11,944.11",10%,"₹ 59,720.55","₹ 53,748.50",Shipped,1,,UPI
O000453,U00022,12/19/2025,Uttar Pradesh,Home,P0152,3,"₹ 5,447.98",10%,"₹ 16,343.94","₹ 14,709.55",Returned,7,,COD
O000454,U00828,10/3/2025,Karnataka,Grocery,P0051,4,"₹ 2,061.97",5%,"₹ 8,247.88","₹ 7,835.49",Delivered,3,3,UPI
O000455,U00950,9/4/2025,Uttar Pradesh,Home,P0025,2,"₹ 7,735.31",15%,"₹ 15,470.62","₹ 13,150.03",Delivered,6,,Wallet
O000456,U00009,8/29/2024,West Bengal,Sports,P0198,4,"₹ 9,753.70",0%,"₹ 39,014.80","₹ 39,014.80",Delivered,2,1,Wallet
O000457,U00663,5/15/2025,Gujarat,Fashion,P0028,2,"₹ 6,442.05",20%,"₹ 12,884.10","₹ 10,307.28",Returned,4,,Wallet
O000458,U00419,8/13/2025,Gujarat,Fashion,P0034,4,"₹ 3,129.48",5%,"₹ 12,517.92","₹ 11,892.02",Cancelled,,,Wallet
O000459,U00277,12/26/2024,Haryana,Beauty,P0037,4,"₹ 3,229.32",5%,"₹ 12,917.28","₹ 12,271.42",Returned,8,,Card
O000460,U00438,8/18/2025,Rajasthan,Electronics,P0145,1,"₹ 7,164.09",15%,"₹ 7,164.09","₹ 6,089.48",Delivered,1,5,Wallet
O000461,U00837,7/16/2025,Maharashtra,Sports,P0173,2,"₹ 3,443.50",0%,"₹ 6,887.00","₹ 6,887.00",Delivered,2,1,Wallet
O000462,U00101,9/16/2024,Tamil Nadu,Beauty,P0188,5,"₹ 4,618.51",10%,"₹ 23,092.55","₹ 20,783.29",Delivered,7,1,Wallet
O000463,U00390,10/27/2024,Tamil Nadu,Fashion,P0066,1,"₹ 1,152.04",15%,"₹ 1,152.04",₹ 979.23,Cancelled,,,UPI
O000464,U00382,3/19/2025,Tamil Nadu,Sports,P0220,1,"₹ 5,499.48",0%,"₹ 5,499.48","₹ 5,499.48",Cancelled,,,UPI
O000465,U00873,9/8/2024,Uttar Pradesh,Home,P0010,3,"₹ 1,300.60",20%,"₹ 3,901.80","₹ 3,121.44",Returned,3,,Wallet
O000466,U00588,7/15/2025,Uttar Pradesh,Beauty,P0174,2,"₹ 2,190.37",5%,"₹ 4,380.74","₹ 4,161.70",Delivered,7,2,UPI
O000467,U00207,11/9/2024,Gujarat,Beauty,P0037,4,"₹ 5,409.39",25%,"₹ 21,637.56","₹ 16,228.17",Returned,6,,Wallet
O000468,U00120,2/16/2026,Telangana,Beauty,P0038,1,"₹ 7,871.90",25%,"₹ 7,871.90","₹ 5,903.92",Delivered,8,,Card
O000469,U00322,10/14/2025,Gujarat,Sports,P0169,4,₹ 528.84,25%,"₹ 2,115.36","₹ 1,586.52",Returned,4,,UPI
O000470,U00258,6/19/2025,Haryana,Electronics,P0226,1,"₹ 7,978.93",20%,"₹ 7,978.93","₹ 6,383.14",Delivered,6,5,Card
O000471,U00704,2/9/2026,Tamil Nadu,Grocery,P0198,3,"₹ 4,639.59",20%,"₹ 13,918.77","₹ 11,135.02",Delivered,5,2,UPI
O000472,U00854,8/24/2025,Uttar Pradesh,Fashion,P0086,4,₹ 624.56,10%,"₹ 2,498.24","₹ 2,248.42",Delivered,4,2,Card
O000473,U00697,12/10/2024,Telangana,Home,P0241,3,"₹ 9,070.76",5%,"₹ 27,212.28","₹ 25,851.67",Delivered,3,,Card
O000474,U00277,5/26/2026,Gujarat,Home,P0244,4,"₹ 4,327.68",25%,"₹ 17,310.72","₹ 12,983.04",Returned,3,,Wallet
O000475,U00400,12/7/2024,Rajasthan,Sports,P0079,4,"₹ 8,704.31",5%,"₹ 34,817.24","₹ 33,076.38",Cancelled,,,COD
O000476,U00141,5/30/2025,Uttar Pradesh,Fashion,P0153,1,"₹ 11,626.15",10%,"₹ 11,626.15","₹ 10,463.53",Cancelled,,,UPI
O000477,U00176,11/13/2025,Telangana,Sports,P0157,2,"₹ 11,533.95",5%,"₹ 23,067.90","₹ 21,914.51",Delivered,7,,Card
O000478,U00360,1/19/2026,Karnataka,Sports,P0175,4,"₹ 1,303.44",15%,"₹ 5,213.76","₹ 4,431.70",Delivered,6,4,Card
O000479,U00757,2/21/2025,Haryana,Home,P0235,2,"₹ 5,810.84",5%,"₹ 11,621.68","₹ 11,040.60",Returned,4,,Card
O000480,U00798,12/14/2024,Uttar Pradesh,Home,P0231,5,"₹ 4,116.03",10%,"₹ 20,580.15","₹ 18,522.14",Delivered,8,3,COD
O000481,U00291,7/12/2026,Karnataka,Home,P0163,1,"₹ 2,764.83",25%,"₹ 2,764.83","₹ 2,073.62",Shipped,4,,Wallet
O000482,U00257,2/3/2025,Uttar Pradesh,Electronics,P0032,3,"₹ 3,377.30",0%,"₹ 10,131.90","₹ 10,131.90",Delivered,5,2,Card
O000483,U00234,4/7/2026,Delhi,Home,P0117,4,"₹ 6,898.62",25%,"₹ 27,594.48","₹ 20,695.86",Delivered,7,2,Wallet
O000484,U00837,12/31/2025,Haryana,Sports,P0005,1,"₹ 7,431.52",0%,"₹ 7,431.52","₹ 7,431.52",Returned,4,,Card
O000485,U00236,3/4/2026,Rajasthan,Grocery,P0233,4,"₹ 1,775.04",0%,"₹ 7,100.16","₹ 7,100.16",Delivered,6,4,Card
O000486,U00169,9/6/2024,Rajasthan,Sports,P0001,1,"₹ 8,974.54",20%,"₹ 8,974.54","₹ 7,179.63",Delivered,1,,COD
O000487,U00885,1/31/2025,Haryana,Electronics,P0151,5,"₹ 10,593.11",5%,"₹ 52,965.55","₹ 50,317.27",Delivered,1,,Card
O000488,U00019,8/26/2025,Uttar Pradesh,Home,P0207,5,₹ 382.82,25%,"₹ 1,914.10","₹ 1,435.57",Shipped,6,,COD
O000489,U00034,11/5/2025,West Bengal,Sports,P0068,1,"₹ 9,185.48",15%,"₹ 9,185.48","₹ 7,807.66",Delivered,6,,COD
O000490,U00287,6/1/2025,Maharashtra,Electronics,P0139,1,"₹ 2,863.54",25%,"₹ 2,863.54","₹ 2,147.65",Delivered,8,2,Wallet
O000491,U00494,7/31/2024,Haryana,Sports,P0155,1,"₹ 6,554.98",0%,"₹ 6,554.98","₹ 6,554.98",Delivered,2,,Card
O000492,U00466,9/8/2025,West Bengal,Home,P0015,3,"₹ 6,107.19",20%,"₹ 18,321.57","₹ 14,657.26",Delivered,6,,Wallet
O000493,U00727,9/14/2025,Haryana,Beauty,P0122,4,₹ 512.98,0%,"₹ 2,051.92","₹ 2,051.92",Delivered,1,3,UPI
O000494,U00516,11/18/2025,Rajasthan,Grocery,P0220,4,"₹ 2,748.08",0%,"₹ 10,992.32","₹ 10,992.32",Returned,5,,Wallet
O000495,U00674,7/16/2025,Maharashtra,Electronics,P0040,3,"₹ 11,161.62",10%,"₹ 33,484.86","₹ 30,136.37",Delivered,2,1,COD
O000496,U00389,12/16/2024,Karnataka,Sports,P0202,2,"₹ 8,019.78",15%,"₹ 16,039.56","₹ 13,633.63",Returned,5,,Card
O000497,U00649,7/12/2026,Telangana,Beauty,P0218,3,"₹ 1,905.81",20%,"₹ 5,717.43","₹ 4,573.94",Returned,5,,Wallet
O000498,U00207,7/29/2025,West Bengal,Beauty,P0206,1,"₹ 5,670.72",10%,"₹ 5,670.72","₹ 5,103.65",Shipped,6,,Wallet
O000499,U00634,6/30/2025,Rajasthan,Electronics,P0258,2,"₹ 9,266.08",25%,"₹ 18,532.16","₹ 13,899.12",Returned,6,,UPI
O000500,U00286,7/20/2026,Haryana,Home,P0209,3,"₹ 6,735.91",20%,"₹ 20,207.73","₹ 16,166.18",Delivered,7,,Card
O000501,U00932,3/26/2025,Maharashtra,Electronics,P0023,4,"₹ 8,671.64",0%,"₹ 34,686.56","₹ 34,686.56",Shipped,5,,Card
O000502,U00684,9/30/2025,Haryana,Beauty,P0260,2,"₹ 6,034.03",10%,"₹ 12,068.06","₹ 10,861.25",Delivered,1,1,UPI
O000503,U00372,1/17/2025,Rajasthan,Sports,P0256,5,"₹ 9,703.56",0%,"₹ 48,517.80","₹ 48,517.80",Delivered,2,4,UPI
O000504,U00363,6/15/2026,Gujarat,Beauty,P0051,4,"₹ 10,659.77",20%,"₹ 42,639.08","₹ 34,111.26",Returned,6,,Wallet
O000505,U00297,3/2/2025,Rajasthan,Fashion,P0095,4,"₹ 4,368.33",10%,"₹ 17,473.32","₹ 15,725.99",Returned,7,,Card
O000506,U00381,5/12/2026,Uttar Pradesh,Beauty,P0089,4,"₹ 6,772.11",15%,"₹ 27,088.44","₹ 23,025.17",Delivered,2,5,Wallet
O000507,U00291,4/11/2026,West Bengal,Fashion,P0200,1,"₹ 1,014.53",0%,"₹ 1,014.53","₹ 1,014.53",Returned,1,,Wallet
O000508,U00644,9/7/2025,West Bengal,Sports,P0024,4,"₹ 7,290.20",0%,"₹ 29,160.80","₹ 29,160.80",Delivered,5,2,COD
O000509,U00591,4/28/2025,West Bengal,Home,P0100,2,"₹ 9,268.11",10%,"₹ 18,536.22","₹ 16,682.60",Delivered,8,1,Card
O000510,U00830,7/23/2026,West Bengal,Home,P0181,1,"₹ 9,146.16",15%,"₹ 9,146.16","₹ 7,774.24",Delivered,8,,UPI
O000511,U00877,9/3/2024,West Bengal,Electronics,P0100,5,"₹ 4,779.14",5%,"₹ 23,895.70","₹ 22,700.92",Delivered,1,2,UPI
O000512,U00143,10/2/2024,Gujarat,Grocery,P0226,3,"₹ 4,389.47",20%,"₹ 13,168.41","₹ 10,534.73",Returned,6,,COD
O000513,U00616,10/29/2025,West Bengal,Fashion,P0011,4,"₹ 2,492.31",20%,"₹ 9,969.24","₹ 7,975.39",Delivered,6,1,Wallet
O000514,U00704,2/5/2026,Gujarat,Home,P0216,4,"₹ 4,376.01",0%,"₹ 17,504.04","₹ 17,504.04",Delivered,5,3,Wallet
O000515,U00919,8/9/2025,Tamil Nadu,Sports,P0078,5,"₹ 2,100.13",5%,"₹ 10,500.65","₹ 9,975.62",Returned,8,,Wallet
O000516,U00893,5/23/2026,Uttar Pradesh,Beauty,P0164,3,"₹ 8,911.97",15%,"₹ 26,735.91","₹ 22,725.52",Shipped,8,,Wallet
O000517,U00505,6/30/2025,Maharashtra,Fashion,P0153,2,"₹ 11,356.95",10%,"₹ 22,713.90","₹ 20,442.51",Delivered,2,5,Card
O000518,U00507,10/30/2024,Gujarat,Beauty,P0171,3,"₹ 10,056.88",0%,"₹ 30,170.64","₹ 30,170.64",Delivered,5,4,COD
O000519,U00310,10/26/2025,Maharashtra,Fashion,P0083,3,"₹ 5,392.88",15%,"₹ 16,178.64","₹ 13,751.84",Returned,2,,Card
O000520,U00315,2/13/2025,Haryana,Grocery,P0043,1,"₹ 8,640.45",10%,"₹ 8,640.45","₹ 7,776.41",Delivered,2,5,UPI
O000521,U00896,2/19/2026,Tamil Nadu,Home,P0174,4,"₹ 11,836.06",10%,"₹ 47,344.24","₹ 42,609.82",Delivered,8,4,Card
O000522,U00340,10/23/2025,Karnataka,Grocery,P0078,5,"₹ 1,969.75",5%,"₹ 9,848.75","₹ 9,356.31",Delivered,2,3,UPI
O000523,U00113,6/4/2026,Haryana,Electronics,P0177,1,"₹ 11,316.13",15%,"₹ 11,316.13","₹ 9,618.71",Returned,4,,Wallet
O000524,U00458,8/29/2025,Rajasthan,Electronics,P0182,1,"₹ 4,121.07",10%,"₹ 4,121.07","₹ 3,708.96",Returned,7,,Card
O000525,U00109,7/2/2024,Gujarat,Electronics,P0022,2,"₹ 10,628.76",10%,"₹ 21,257.52","₹ 19,131.77",Cancelled,,,Wallet
O000526,U00119,8/2/2024,Maharashtra,Fashion,P0227,1,"₹ 1,818.82",5%,"₹ 1,818.82","₹ 1,727.88",Cancelled,,,Wallet
O000527,U00696,11/8/2024,Uttar Pradesh,Beauty,P0232,1,"₹ 6,968.83",5%,"₹ 6,968.83","₹ 6,620.39",Returned,1,,Card
O000528,U00604,7/13/2024,Telangana,Sports,P0179,1,₹ 206.39,0%,₹ 206.39,₹ 206.39,Delivered,3,2,UPI
O000529,U00447,2/9/2025,Rajasthan,Beauty,P0042,1,"₹ 8,956.00",0%,"₹ 8,956.00","₹ 8,956.00",Delivered,6,,Wallet
O000530,U00615,6/22/2025,Telangana,Beauty,P0129,2,"₹ 8,361.82",20%,"₹ 16,723.64","₹ 13,378.91",Delivered,6,,Wallet
O000531,U00681,7/26/2025,Karnataka,Beauty,P0036,5,"₹ 10,063.10",25%,"₹ 50,315.50","₹ 37,736.62",Returned,7,,Wallet
O000532,U00348,6/16/2026,West Bengal,Beauty,P0191,4,"₹ 2,559.38",20%,"₹ 10,237.52","₹ 8,190.02",Delivered,4,1,Wallet
O000533,U00022,6/9/2026,Rajasthan,Fashion,P0044,5,"₹ 4,752.08",25%,"₹ 23,760.40","₹ 17,820.30",Delivered,8,3,COD
O000534,U00663,10/23/2024,Delhi,Grocery,P0206,1,"₹ 1,875.28",15%,"₹ 1,875.28","₹ 1,593.99",Shipped,8,,Card
O000535,U00742,6/21/2025,Haryana,Fashion,P0085,4,"₹ 4,932.10",5%,"₹ 19,728.40","₹ 18,741.98",Returned,8,,Wallet
O000536,U00069,11/14/2025,Gujarat,Sports,P0218,5,"₹ 2,611.39",15%,"₹ 13,056.95","₹ 11,098.41",Shipped,2,,UPI
O000537,U00918,2/25/2025,Haryana,Beauty,P0178,5,"₹ 9,283.10",5%,"₹ 46,415.50","₹ 44,094.72",Shipped,6,,COD
O000538,U00033,1/19/2025,Haryana,Grocery,P0034,3,"₹ 5,173.58",25%,"₹ 15,520.74","₹ 11,640.56",Returned,8,,UPI
O000539,U00547,2/7/2026,West Bengal,Electronics,P0088,2,"₹ 2,651.01",10%,"₹ 5,302.02","₹ 4,771.82",Delivered,8,1,UPI
O000540,U00733,9/10/2025,Telangana,Sports,P0174,1,"₹ 11,143.42",5%,"₹ 11,143.42","₹ 10,586.25",Returned,4,,UPI
O000541,U00094,9/18/2025,Maharashtra,Grocery,P0163,5,"₹ 6,177.70",15%,"₹ 30,888.50","₹ 26,255.22",Delivered,8,,COD
O000542,U00895,6/17/2026,Haryana,Beauty,P0015,3,"₹ 5,311.24",0%,"₹ 15,933.72","₹ 15,933.72",Returned,7,,COD
O000543,U00624,8/29/2024,Telangana,Electronics,P0070,2,"₹ 9,853.78",5%,"₹ 19,707.56","₹ 18,722.18",Shipped,8,,Card
O000544,U00945,6/15/2025,Telangana,Sports,P0033,1,"₹ 2,401.41",10%,"₹ 2,401.41","₹ 2,161.27",Shipped,5,,Card
O000545,U00538,11/20/2025,Uttar Pradesh,Fashion,P0149,5,"₹ 6,711.94",25%,"₹ 33,559.70","₹ 25,169.77",Returned,4,,UPI
O000546,U00723,8/16/2026,Delhi,Electronics,P0109,4,"₹ 8,550.88",0%,"₹ 34,203.52","₹ 34,203.52",Returned,4,,UPI
O000547,U00470,6/5/2025,Tamil Nadu,Home,P0050,1,"₹ 11,310.87",10%,"₹ 11,310.87","₹ 10,179.78",Delivered,3,2,COD
O000548,U00891,8/17/2024,Maharashtra,Fashion,P0050,1,₹ 915.76,10%,₹ 915.76,₹ 824.18,Returned,8,,Card
O000549,U00020,8/30/2026,West Bengal,Sports,P0157,3,"₹ 11,396.15",15%,"₹ 34,188.45","₹ 29,060.18",Returned,3,,UPI
O000550,U00466,6/23/2025,Gujarat,Fashion,P0030,1,"₹ 7,795.42",25%,"₹ 7,795.42","₹ 5,846.57",Cancelled,,,Card
O000551,U00766,3/6/2025,Haryana,Home,P0168,2,₹ 502.13,0%,"₹ 1,004.26","₹ 1,004.26",Returned,4,,Wallet
O000552,U00357,1/16/2026,Maharashtra,Electronics,P0141,5,"₹ 1,973.06",15%,"₹ 9,865.30","₹ 8,385.50",Cancelled,,,COD
O000553,U00594,8/3/2025,Delhi,Beauty,P0211,4,"₹ 3,777.87",10%,"₹ 15,111.48","₹ 13,600.33",Delivered,6,,UPI
O000554,U00252,4/1/2026,West Bengal,Sports,P0104,5,"₹ 5,398.10",15%,"₹ 26,990.50","₹ 22,941.92",Delivered,6,2,UPI
O000555,U00679,2/13/2025,West Bengal,Home,P0030,3,"₹ 9,873.85",0%,"₹ 29,621.55","₹ 29,621.55",Shipped,2,,Wallet
O000556,U00203,7/27/2026,Uttar Pradesh,Beauty,P0225,4,"₹ 9,567.11",5%,"₹ 38,268.44","₹ 36,355.02",Returned,6,,Card
O000557,U00042,7/30/2026,Gujarat,Electronics,P0157,1,₹ 885.24,10%,₹ 885.24,₹ 796.72,Delivered,4,1,UPI
O000558,U00417,10/24/2025,Telangana,Fashion,P0041,2,₹ 654.76,15%,"₹ 1,309.52","₹ 1,113.09",Delivered,8,,Card
O000559,U00627,4/29/2025,Karnataka,Beauty,P0071,3,"₹ 4,152.23",0%,"₹ 12,456.69","₹ 12,456.69",Delivered,7,,Card
O000560,U00082,4/6/2025,Haryana,Beauty,P0156,5,"₹ 8,865.90",0%,"₹ 44,329.50","₹ 44,329.50",Returned,2,,Wallet
O000561,U00566,5/29/2026,Uttar Pradesh,Electronics,P0137,5,₹ 128.31,15%,₹ 641.55,₹ 545.32,Delivered,6,4,Card
O000562,U00765,7/29/2025,West Bengal,Grocery,P0015,5,"₹ 7,103.32",20%,"₹ 35,516.60","₹ 28,413.28",Delivered,4,3,Wallet
O000563,U00806,9/21/2025,Rajasthan,Sports,P0250,1,"₹ 3,565.36",10%,"₹ 3,565.36","₹ 3,208.82",Cancelled,,,UPI
O000564,U00303,4/5/2026,West Bengal,Sports,P0145,3,"₹ 8,991.25",15%,"₹ 26,973.75","₹ 22,927.69",Cancelled,,,UPI
O000565,U00026,7/5/2024,Delhi,Fashion,P0173,3,₹ 244.05,15%,₹ 732.15,₹ 622.33,Cancelled,,,Card
O000566,U00198,3/3/2025,Gujarat,Sports,P0125,1,"₹ 9,310.28",10%,"₹ 9,310.28","₹ 8,379.25",Delivered,4,4,Wallet
O000567,U00119,1/16/2025,Delhi,Electronics,P0240,3,"₹ 1,265.09",25%,"₹ 3,795.27","₹ 2,846.45",Delivered,5,1,Card
O000568,U00817,2/1/2026,Telangana,Fashion,P0142,2,"₹ 10,210.30",20%,"₹ 20,420.60","₹ 16,336.48",Cancelled,,,COD
O000569,U00008,7/15/2024,Uttar Pradesh,Home,P0037,2,"₹ 2,334.44",10%,"₹ 4,668.88","₹ 4,201.99",Delivered,3,3,COD
O000570,U00760,11/27/2025,Delhi,Sports,P0211,2,"₹ 11,487.88",20%,"₹ 22,975.76","₹ 18,380.61",Shipped,5,,COD
O000571,U00399,8/22/2026,Haryana,Home,P0177,5,"₹ 11,291.37",10%,"₹ 56,456.85","₹ 50,811.17",Returned,8,,Card
O000572,U00036,10/3/2024,West Bengal,Electronics,P0179,5,"₹ 4,923.39",25%,"₹ 24,616.95","₹ 18,462.71",Delivered,2,1,Card
O000573,U00339,3/11/2025,Tamil Nadu,Grocery,P0095,4,"₹ 2,045.36",25%,"₹ 8,181.44","₹ 6,136.08",Cancelled,,,Card
O000574,U00705,9/29/2025,Delhi,Beauty,P0006,2,"₹ 5,959.04",0%,"₹ 11,918.08","₹ 11,918.08",Delivered,3,3,COD
O000575,U00692,12/4/2025,Haryana,Fashion,P0220,5,"₹ 9,075.77",20%,"₹ 45,378.85","₹ 36,303.08",Shipped,7,,UPI
O000576,U00697,10/20/2024,Karnataka,Grocery,P0126,1,"₹ 3,511.87",10%,"₹ 3,511.87","₹ 3,160.68",Delivered,5,2,COD
O000577,U00803,7/13/2025,West Bengal,Beauty,P0104,1,"₹ 6,133.06",20%,"₹ 6,133.06","₹ 4,906.45",Cancelled,,,UPI
O000578,U00265,3/15/2026,Uttar Pradesh,Home,P0095,5,"₹ 3,573.55",20%,"₹ 17,867.75","₹ 14,294.20",Cancelled,,,UPI
O000579,U00013,5/7/2025,Maharashtra,Beauty,P0202,1,"₹ 5,576.84",0%,"₹ 5,576.84","₹ 5,576.84",Delivered,7,4,Wallet
O000580,U00850,7/17/2026,Haryana,Beauty,P0095,2,"₹ 8,542.23",15%,"₹ 17,084.46","₹ 14,521.79",Cancelled,,,Wallet
O000581,U00021,5/31/2026,Telangana,Fashion,P0239,1,"₹ 4,311.52",15%,"₹ 4,311.52","₹ 3,664.79",Delivered,4,2,Wallet
O000582,U00612,4/27/2026,Uttar Pradesh,Fashion,P0161,2,"₹ 11,038.63",0%,"₹ 22,077.26","₹ 22,077.26",Delivered,8,5,UPI
O000583,U00916,8/4/2024,Telangana,Beauty,P0060,3,"₹ 2,791.73",10%,"₹ 8,375.19","₹ 7,537.67",Cancelled,,,UPI
O000584,U00432,11/28/2025,Tamil Nadu,Beauty,P0092,1,"₹ 1,507.20",0%,"₹ 1,507.20","₹ 1,507.20",Delivered,4,4,Wallet
O000585,U00239,5/5/2025,West Bengal,Grocery,P0130,5,"₹ 1,831.36",25%,"₹ 9,156.80","₹ 6,867.60",Returned,7,,UPI
O000586,U00131,7/23/2026,Tamil Nadu,Beauty,P0155,5,"₹ 10,460.37",5%,"₹ 52,301.85","₹ 49,686.76",Delivered,7,1,COD
O000587,U00496,8/16/2025,West Bengal,Beauty,P0248,1,"₹ 11,157.27",0%,"₹ 11,157.27","₹ 11,157.27",Returned,2,,Card
O000588,U00162,1/25/2026,Telangana,Fashion,P0203,1,"₹ 4,447.53",25%,"₹ 4,447.53","₹ 3,335.65",Delivered,5,2,Wallet
O000589,U00814,11/16/2024,Delhi,Beauty,P0036,3,"₹ 6,705.33",15%,"₹ 20,115.99","₹ 17,098.59",Delivered,1,1,Wallet
O000590,U00567,11/19/2024,Gujarat,Sports,P0084,2,"₹ 10,109.21",10%,"₹ 20,218.42","₹ 18,196.58",Delivered,8,3,COD
O000591,U00499,7/19/2025,Delhi,Fashion,P0024,3,"₹ 1,451.60",0%,"₹ 4,354.80","₹ 4,354.80",Delivered,6,2,UPI
O000592,U00722,8/19/2025,Rajasthan,Home,P0054,4,"₹ 3,149.22",20%,"₹ 12,596.88","₹ 10,077.50",Delivered,2,5,Card
O000593,U00730,7/4/2025,Uttar Pradesh,Fashion,P0203,2,₹ 765.58,15%,"₹ 1,531.16","₹ 1,301.49",Shipped,6,,Wallet
O000594,U00606,10/20/2024,Karnataka,Electronics,P0047,2,"₹ 6,769.47",0%,"₹ 13,538.94","₹ 13,538.94",Delivered,6,3,Card
O000595,U00027,7/16/2024,West Bengal,Grocery,P0197,1,"₹ 3,224.01",15%,"₹ 3,224.01","₹ 2,740.41",Delivered,6,5,Wallet
O000596,U00325,6/12/2025,Maharashtra,Grocery,P0240,4,"₹ 4,536.91",25%,"₹ 18,147.64","₹ 13,610.73",Delivered,1,1,Wallet
O000597,U00808,2/8/2025,Maharashtra,Fashion,P0177,1,"₹ 5,375.62",5%,"₹ 5,375.62","₹ 5,106.84",Returned,3,,COD
O000598,U00595,12/25/2024,Tamil Nadu,Home,P0112,5,"₹ 10,227.53",25%,"₹ 51,137.65","₹ 38,353.24",Shipped,2,,UPI
O000599,U00243,12/17/2024,Rajasthan,Grocery,P0214,3,₹ 759.78,15%,"₹ 2,279.34","₹ 1,937.44",Delivered,5,5,Card
O000600,U00909,1/29/2026,Delhi,Beauty,P0043,2,"₹ 7,544.13",20%,"₹ 15,088.26","₹ 12,070.61",Delivered,4,4,Card
O000601,U00273,2/14/2025,Rajasthan,Beauty,P0086,5,"₹ 7,168.68",0%,"₹ 35,843.40","₹ 35,843.40",Delivered,6,,Card
O000602,U00838,7/6/2026,West Bengal,Sports,P0080,2,"₹ 4,021.99",25%,"₹ 8,043.98","₹ 6,032.98",Shipped,2,,UPI
O000603,U00747,2/19/2026,Maharashtra,Grocery,P0012,2,"₹ 5,344.05",0%,"₹ 10,688.10","₹ 10,688.10",Shipped,7,,Wallet
O000604,U00121,3/4/2026,Haryana,Electronics,P0065,2,"₹ 1,637.96",5%,"₹ 3,275.92","₹ 3,112.12",Shipped,6,,UPI
O000605,U00749,7/6/2025,Uttar Pradesh,Fashion,P0105,2,₹ 945.02,0%,"₹ 1,890.04","₹ 1,890.04",Returned,5,,Wallet
O000606,U00244,7/9/2026,Gujarat,Sports,P0053,1,"₹ 2,285.12",25%,"₹ 2,285.12","₹ 1,713.84",Cancelled,,,COD
O000607,U00335,12/25/2024,Gujarat,Sports,P0225,4,"₹ 4,264.84",0%,"₹ 17,059.36","₹ 17,059.36",Shipped,6,,Wallet
O000608,U00024,2/16/2025,Telangana,Fashion,P0210,5,"₹ 9,409.40",0%,"₹ 47,047.00","₹ 47,047.00",Delivered,6,1,Wallet
O000609,U00708,4/6/2025,Telangana,Grocery,P0002,4,"₹ 7,902.33",10%,"₹ 31,609.32","₹ 28,448.39",Delivered,6,3,UPI
O000610,U00515,7/24/2026,West Bengal,Beauty,P0063,5,"₹ 4,029.79",0%,"₹ 20,148.95","₹ 20,148.95",Delivered,4,5,Card
O000611,U00029,12/26/2024,Gujarat,Home,P0080,2,"₹ 5,693.17",25%,"₹ 11,386.34","₹ 8,539.76",Cancelled,,,UPI
O000612,U00596,5/2/2026,Delhi,Fashion,P0046,2,"₹ 10,245.57",10%,"₹ 20,491.14","₹ 18,442.03",Delivered,1,3,Wallet
O000613,U00581,2/20/2026,Telangana,Grocery,P0040,4,"₹ 3,710.11",20%,"₹ 14,840.44","₹ 11,872.35",Delivered,6,1,UPI
O000614,U00001,7/1/2026,Haryana,Beauty,P0038,4,"₹ 1,016.86",25%,"₹ 4,067.44","₹ 3,050.58",Shipped,8,,UPI
O000615,U00457,5/24/2025,Telangana,Beauty,P0181,1,"₹ 2,481.95",15%,"₹ 2,481.95","₹ 2,109.66",Delivered,8,5,COD
O000616,U00327,5/14/2026,Telangana,Electronics,P0080,4,"₹ 7,021.59",10%,"₹ 28,086.36","₹ 25,277.72",Shipped,2,,UPI
O000617,U00312,7/22/2024,Gujarat,Sports,P0167,2,₹ 268.12,0%,₹ 536.24,₹ 536.24,Delivered,2,3,UPI
O000618,U00459,5/26/2025,Delhi,Sports,P0150,1,"₹ 2,692.82",10%,"₹ 2,692.82","₹ 2,423.54",Delivered,3,,Wallet
O000619,U00879,12/9/2025,Gujarat,Fashion,P0137,3,"₹ 3,353.70",0%,"₹ 10,061.10","₹ 10,061.10",Cancelled,,,COD
O000620,U00232,10/19/2024,Tamil Nadu,Sports,P0055,5,"₹ 10,692.56",0%,"₹ 53,462.80","₹ 53,462.80",Returned,3,,COD
O000621,U00001,1/9/2025,Telangana,Sports,P0230,4,"₹ 6,698.76",20%,"₹ 26,795.04","₹ 21,436.03",Cancelled,,,Card
O000622,U00665,11/9/2025,Tamil Nadu,Electronics,P0183,4,₹ 830.59,15%,"₹ 3,322.36","₹ 2,824.01",Delivered,2,1,Card
O000623,U00368,8/3/2025,Tamil Nadu,Fashion,P0190,1,"₹ 7,966.08",0%,"₹ 7,966.08","₹ 7,966.08",Delivered,5,3,Wallet
O000624,U00364,4/6/2026,Haryana,Sports,P0077,3,"₹ 7,875.35",20%,"₹ 23,626.05","₹ 18,900.84",Shipped,8,,COD
O000625,U00491,6/9/2025,Karnataka,Fashion,P0081,1,"₹ 6,081.02",25%,"₹ 6,081.02","₹ 4,560.77",Cancelled,,,Wallet
O000626,U00229,12/29/2024,Tamil Nadu,Fashion,P0072,1,"₹ 5,021.23",15%,"₹ 5,021.23","₹ 4,268.05",Delivered,4,5,COD
O000627,U00143,12/7/2025,Tamil Nadu,Sports,P0084,4,"₹ 8,820.01",10%,"₹ 35,280.04","₹ 31,752.04",Shipped,1,,UPI
O000628,U00047,7/3/2026,Uttar Pradesh,Electronics,P0179,1,"₹ 2,709.60",5%,"₹ 2,709.60","₹ 2,574.12",Shipped,8,,Card
O000629,U00088,7/17/2024,Maharashtra,Beauty,P0105,3,"₹ 5,377.61",5%,"₹ 16,132.83","₹ 15,326.19",Shipped,5,,Card
O000630,U00598,9/2/2025,Gujarat,Beauty,P0199,1,"₹ 2,295.29",10%,"₹ 2,295.29","₹ 2,065.76",Delivered,7,,COD
O000631,U00050,8/18/2025,Uttar Pradesh,Home,P0002,5,"₹ 9,623.36",20%,"₹ 48,116.80","₹ 38,493.44",Delivered,3,4,COD
O000632,U00402,4/7/2025,Tamil Nadu,Fashion,P0148,1,"₹ 2,574.95",20%,"₹ 2,574.95","₹ 2,059.96",Delivered,7,,UPI
O000633,U00305,7/5/2024,Tamil Nadu,Home,P0016,2,"₹ 6,658.57",20%,"₹ 13,317.14","₹ 10,653.71",Shipped,4,,Wallet
O000634,U00389,9/30/2025,Uttar Pradesh,Fashion,P0004,4,"₹ 7,508.09",0%,"₹ 30,032.36","₹ 30,032.36",Shipped,4,,Card
O000635,U00430,10/12/2025,Tamil Nadu,Fashion,P0111,3,"₹ 5,501.80",25%,"₹ 16,505.40","₹ 12,379.05",Returned,3,,UPI
O000636,U00241,5/16/2025,Uttar Pradesh,Sports,P0180,5,"₹ 3,568.81",15%,"₹ 17,844.05","₹ 15,167.44",Shipped,8,,UPI
O000637,U00813,3/17/2026,Uttar Pradesh,Sports,P0253,4,"₹ 7,544.84",0%,"₹ 30,179.36","₹ 30,179.36",Delivered,5,1,COD
O000638,U00175,9/5/2025,Telangana,Electronics,P0143,3,"₹ 8,844.66",25%,"₹ 26,533.98","₹ 19,900.49",Shipped,4,,Wallet
O000639,U00912,3/10/2025,Telangana,Electronics,P0104,5,"₹ 9,861.51",0%,"₹ 49,307.55","₹ 49,307.55",Cancelled,,,Card
O000640,U00255,3/24/2026,Maharashtra,Fashion,P0078,4,"₹ 11,118.33",10%,"₹ 44,473.32","₹ 40,025.99",Returned,1,,UPI
O000641,U00372,5/30/2025,Delhi,Beauty,P0126,3,"₹ 3,880.87",5%,"₹ 11,642.61","₹ 11,060.48",Shipped,2,,COD
O000642,U00694,8/10/2024,Karnataka,Beauty,P0135,2,"₹ 11,341.95",25%,"₹ 22,683.90","₹ 17,012.93",Returned,7,,Card
O000643,U00747,7/31/2024,Gujarat,Electronics,P0213,1,"₹ 1,022.30",5%,"₹ 1,022.30",₹ 971.18,Delivered,5,3,COD
O000644,U00280,2/15/2025,Tamil Nadu,Grocery,P0239,3,"₹ 6,452.96",5%,"₹ 19,358.88","₹ 18,390.94",Delivered,7,1,UPI
O000645,U00371,12/2/2025,Uttar Pradesh,Fashion,P0039,2,₹ 685.51,0%,"₹ 1,371.02","₹ 1,371.02",Returned,6,,Wallet
O000646,U00170,8/28/2026,Tamil Nadu,Fashion,P0016,4,"₹ 6,642.91",10%,"₹ 26,571.64","₹ 23,914.48",Delivered,1,5,COD
O000647,U00370,10/29/2024,Tamil Nadu,Home,P0065,3,"₹ 5,148.07",15%,"₹ 15,444.21","₹ 13,127.58",Delivered,8,,Wallet
O000648,U00698,3/10/2026,Haryana,Fashion,P0225,3,"₹ 6,029.52",25%,"₹ 18,088.56","₹ 13,566.42",Shipped,7,,UPI
O000649,U00105,8/5/2025,Maharashtra,Beauty,P0202,3,"₹ 5,677.03",10%,"₹ 17,031.09","₹ 15,327.98",Cancelled,,,Card
O000650,U00239,1/29/2026,Uttar Pradesh,Beauty,P0011,5,"₹ 2,192.94",5%,"₹ 10,964.70","₹ 10,416.47",Returned,7,,Card
O000651,U00221,10/8/2024,Haryana,Electronics,P0241,1,"₹ 11,896.23",10%,"₹ 11,896.23","₹ 10,706.61",Shipped,2,,COD
O000652,U00367,4/25/2025,Uttar Pradesh,Home,P0225,3,"₹ 11,576.51",0%,"₹ 34,729.53","₹ 34,729.53",Returned,5,,Wallet
O000653,U00051,2/2/2025,Tamil Nadu,Sports,P0218,3,₹ 263.34,10%,₹ 790.02,₹ 711.02,Delivered,5,1,Card
O000654,U00434,4/28/2026,Karnataka,Fashion,P0087,3,"₹ 10,837.83",0%,"₹ 32,513.49","₹ 32,513.49",Delivered,4,1,COD
O000655,U00533,12/16/2025,Uttar Pradesh,Electronics,P0251,1,"₹ 2,787.05",0%,"₹ 2,787.05","₹ 2,787.05",Delivered,5,2,Card
O000656,U00522,7/2/2024,Uttar Pradesh,Fashion,P0118,3,₹ 672.02,20%,"₹ 2,016.06","₹ 1,612.85",Delivered,5,2,Card
O000657,U00632,10/27/2025,Tamil Nadu,Home,P0046,4,"₹ 9,322.55",15%,"₹ 37,290.20","₹ 31,696.67",Cancelled,,,Card
O000658,U00354,5/18/2026,Gujarat,Beauty,P0018,3,"₹ 8,957.30",15%,"₹ 26,871.90","₹ 22,841.12",Cancelled,,,Card
O000659,U00193,11/21/2025,Haryana,Electronics,P0047,3,"₹ 9,663.95",10%,"₹ 28,991.85","₹ 26,092.67",Delivered,3,,Wallet
O000660,U00426,11/3/2025,Maharashtra,Fashion,P0047,2,"₹ 5,446.90",0%,"₹ 10,893.80","₹ 10,893.80",Delivered,8,3,Card
O000661,U00307,8/12/2025,Rajasthan,Fashion,P0135,3,"₹ 9,842.70",10%,"₹ 29,528.10","₹ 26,575.29",Delivered,4,3,COD
O000662,U00393,4/9/2026,Gujarat,Fashion,P0117,3,"₹ 9,091.45",5%,"₹ 27,274.35","₹ 25,910.63",Delivered,2,1,Wallet
O000663,U00141,11/3/2024,West Bengal,Sports,P0147,4,"₹ 6,516.51",5%,"₹ 26,066.04","₹ 24,762.74",Delivered,2,3,COD
O000664,U00833,4/23/2025,Gujarat,Sports,P0208,3,"₹ 11,919.49",5%,"₹ 35,758.47","₹ 33,970.55",Shipped,5,,UPI
O000665,U00392,6/30/2025,Karnataka,Grocery,P0101,3,"₹ 10,111.91",20%,"₹ 30,335.73","₹ 24,268.58",Shipped,2,,UPI
O000666,U00653,10/26/2024,Gujarat,Electronics,P0084,3,"₹ 9,239.02",20%,"₹ 27,717.06","₹ 22,173.65",Delivered,5,1,COD
O000667,U00126,6/19/2026,Uttar Pradesh,Beauty,P0201,2,"₹ 1,476.25",5%,"₹ 2,952.50","₹ 2,804.88",Shipped,3,,Wallet
O000668,U00144,9/9/2024,Maharashtra,Grocery,P0144,2,"₹ 2,696.97",0%,"₹ 5,393.94","₹ 5,393.94",Delivered,8,5,Wallet
O000669,U00285,3/31/2026,West Bengal,Beauty,P0182,4,"₹ 2,888.33",5%,"₹ 11,553.32","₹ 10,975.65",Delivered,8,2,Card
O000670,U00298,11/20/2025,Maharashtra,Home,P0185,2,"₹ 3,713.88",20%,"₹ 7,427.76","₹ 5,942.21",Returned,6,,COD
O000671,U00628,8/14/2024,Telangana,Home,P0142,4,"₹ 5,966.79",5%,"₹ 23,867.16","₹ 22,673.80",Returned,7,,UPI
O000672,U00344,7/27/2024,Rajasthan,Fashion,P0165,4,"₹ 11,249.06",5%,"₹ 44,996.24","₹ 42,746.43",Cancelled,,,Card
O000673,U00009,12/7/2024,Uttar Pradesh,Fashion,P0057,5,"₹ 2,940.58",0%,"₹ 14,702.90","₹ 14,702.90",Delivered,3,2,COD
O000674,U00486,12/5/2024,Delhi,Sports,P0120,3,"₹ 1,322.18",0%,"₹ 3,966.54","₹ 3,966.54",Delivered,5,2,Card
O000675,U00611,5/6/2026,Tamil Nadu,Sports,P0049,2,"₹ 7,313.20",15%,"₹ 14,626.40","₹ 12,432.44",Delivered,8,1,Wallet
O000676,U00326,6/1/2025,Telangana,Sports,P0094,2,"₹ 7,460.88",0%,"₹ 14,921.76","₹ 14,921.76",Delivered,1,4,COD
O000677,U00163,6/18/2025,Delhi,Home,P0014,3,"₹ 5,603.80",25%,"₹ 16,811.40","₹ 12,608.55",Shipped,2,,Wallet
O000678,U00194,12/2/2025,Karnataka,Fashion,P0234,5,"₹ 9,244.43",25%,"₹ 46,222.15","₹ 34,666.61",Cancelled,,,COD
O000679,U00237,3/3/2026,Haryana,Fashion,P0035,4,₹ 742.60,20%,"₹ 2,970.40","₹ 2,376.32",Delivered,8,,UPI
O000680,U00928,5/15/2025,Karnataka,Electronics,P0209,5,"₹ 9,702.66",15%,"₹ 48,513.30","₹ 41,236.31",Cancelled,,,UPI
O000681,U00467,1/1/2025,Delhi,Sports,P0154,3,₹ 192.98,20%,₹ 578.94,₹ 463.15,Delivered,1,1,Card
O000682,U00135,9/13/2025,West Bengal,Grocery,P0177,2,"₹ 4,528.10",15%,"₹ 9,056.20","₹ 7,697.77",Shipped,7,,COD
O000683,U00854,6/24/2026,Gujarat,Beauty,P0154,2,₹ 187.61,20%,₹ 375.22,₹ 300.18,Delivered,4,4,Wallet
O000684,U00139,7/1/2026,Karnataka,Electronics,P0046,5,"₹ 9,673.38",0%,"₹ 48,366.90","₹ 48,366.90",Delivered,3,1,UPI
O000685,U00670,12/22/2025,Rajasthan,Home,P0120,5,"₹ 6,993.50",5%,"₹ 34,967.50","₹ 33,219.12",Cancelled,,,Card
O000686,U00066,3/29/2026,Tamil Nadu,Sports,P0164,2,"₹ 7,680.74",15%,"₹ 15,361.48","₹ 13,057.26",Delivered,6,,Card
O000687,U00331,10/8/2024,Karnataka,Fashion,P0045,1,"₹ 5,048.82",10%,"₹ 5,048.82","₹ 4,543.94",Delivered,4,4,Card
O000688,U00910,5/4/2026,Haryana,Electronics,P0167,3,"₹ 5,556.82",0%,"₹ 16,670.46","₹ 16,670.46",Delivered,5,5,Wallet
O000689,U00710,9/25/2025,Maharashtra,Beauty,P0025,4,₹ 481.60,20%,"₹ 1,926.40","₹ 1,541.12",Cancelled,,,Card
O000690,U00028,7/18/2025,Telangana,Fashion,P0215,4,"₹ 10,415.65",20%,"₹ 41,662.60","₹ 33,330.08",Cancelled,,,Wallet
O000691,U00209,4/7/2026,Uttar Pradesh,Fashion,P0010,3,"₹ 2,776.67",10%,"₹ 8,330.01","₹ 7,497.01",Shipped,2,,Card
O000692,U00359,3/25/2025,Uttar Pradesh,Beauty,P0196,5,₹ 679.05,15%,"₹ 3,395.25","₹ 2,885.96",Delivered,7,4,COD
O000693,U00051,8/12/2024,Maharashtra,Fashion,P0155,3,"₹ 2,801.44",0%,"₹ 8,404.32","₹ 8,404.32",Returned,7,,Wallet
O000694,U00634,5/21/2026,Delhi,Sports,P0120,2,"₹ 4,683.64",15%,"₹ 9,367.28","₹ 7,962.19",Cancelled,,,UPI
O000695,U00306,3/27/2026,Gujarat,Home,P0065,1,"₹ 4,506.17",25%,"₹ 4,506.17","₹ 3,379.63",Delivered,5,2,UPI
O000696,U00616,8/19/2025,Tamil Nadu,Electronics,P0115,3,"₹ 5,714.12",10%,"₹ 17,142.36","₹ 15,428.12",Delivered,3,,COD
O000697,U00374,7/3/2026,Uttar Pradesh,Fashion,P0026,2,"₹ 11,088.09",15%,"₹ 22,176.18","₹ 18,849.75",Returned,1,,Wallet
O000698,U00265,12/26/2024,Gujarat,Fashion,P0212,1,"₹ 11,720.75",25%,"₹ 11,720.75","₹ 8,790.56",Delivered,8,,COD
O000699,U00724,7/17/2025,West Bengal,Home,P0235,1,"₹ 6,082.87",10%,"₹ 6,082.87","₹ 5,474.58",Delivered,6,1,Card
O000700,U00218,12/5/2024,Delhi,Electronics,P0104,3,"₹ 4,978.11",5%,"₹ 14,934.33","₹ 14,187.61",Shipped,7,,Wallet
O000701,U00537,2/14/2026,West Bengal,Grocery,P0137,3,"₹ 6,123.68",15%,"₹ 18,371.04","₹ 15,615.38",Delivered,3,3,COD
O000702,U00167,8/7/2026,Haryana,Fashion,P0206,4,"₹ 8,985.59",10%,"₹ 35,942.36","₹ 32,348.12",Delivered,1,,COD
O000703,U00366,1/17/2025,Rajasthan,Grocery,P0136,1,"₹ 6,776.14",10%,"₹ 6,776.14","₹ 6,098.53",Delivered,3,3,Wallet
O000704,U00345,12/30/2024,West Bengal,Sports,P0150,3,"₹ 7,870.55",20%,"₹ 23,611.65","₹ 18,889.32",Delivered,2,1,Wallet
O000705,U00250,7/18/2026,Maharashtra,Home,P0009,3,"₹ 5,955.83",15%,"₹ 17,867.49","₹ 15,187.37",Shipped,5,,COD
O000706,U00828,5/30/2026,Delhi,Grocery,P0124,4,"₹ 6,296.28",15%,"₹ 25,185.12","₹ 21,407.35",Shipped,7,,Card
O000707,U00711,8/8/2026,Tamil Nadu,Home,P0037,5,"₹ 1,227.98",0%,"₹ 6,139.90","₹ 6,139.90",Delivered,6,,COD
O000708,U00536,9/5/2024,West Bengal,Beauty,P0033,1,"₹ 9,030.26",10%,"₹ 9,030.26","₹ 8,127.23",Shipped,2,,UPI
O000709,U00789,9/11/2024,Delhi,Home,P0117,2,"₹ 7,546.06",0%,"₹ 15,092.12","₹ 15,092.12",Shipped,1,,COD
O000710,U00884,4/7/2026,Delhi,Beauty,P0031,2,"₹ 2,126.10",25%,"₹ 4,252.20","₹ 3,189.15",Returned,4,,UPI
O000711,U00649,5/10/2026,Maharashtra,Fashion,P0096,5,"₹ 9,522.40",10%,"₹ 47,612.00","₹ 42,850.80",Delivered,6,,UPI
O000712,U00037,8/26/2026,Rajasthan,Sports,P0065,5,"₹ 6,640.74",0%,"₹ 33,203.70","₹ 33,203.70",Returned,1,,Wallet
O000713,U00515,7/8/2025,Uttar Pradesh,Grocery,P0161,2,"₹ 11,556.65",0%,"₹ 23,113.30","₹ 23,113.30",Shipped,1,,Wallet
O000714,U00621,9/24/2025,West Bengal,Grocery,P0254,5,"₹ 10,867.75",5%,"₹ 54,338.75","₹ 51,621.81",Returned,3,,COD
O000715,U00681,5/17/2025,Telangana,Electronics,P0054,4,"₹ 7,410.59",15%,"₹ 29,642.36","₹ 25,196.01",Delivered,5,1,UPI
O000716,U00880,8/28/2024,Delhi,Electronics,P0097,2,"₹ 8,051.04",20%,"₹ 16,102.08","₹ 12,881.66",Delivered,5,4,Wallet
O000717,U00685,12/25/2025,Rajasthan,Fashion,P0208,2,"₹ 4,957.04",15%,"₹ 9,914.08","₹ 8,426.97",Returned,2,,Wallet
O000718,U00037,8/5/2026,Rajasthan,Grocery,P0208,4,"₹ 4,963.36",5%,"₹ 19,853.44","₹ 18,860.77",Cancelled,,,Wallet
O000719,U00503,9/17/2025,Gujarat,Grocery,P0140,3,"₹ 2,365.70",5%,"₹ 7,097.10","₹ 6,742.24",Delivered,5,3,UPI
O000720,U00258,5/19/2025,Maharashtra,Fashion,P0180,2,"₹ 7,211.81",5%,"₹ 14,423.62","₹ 13,702.44",Delivered,5,,Card
O000721,U00437,6/23/2026,West Bengal,Grocery,P0201,4,₹ 327.50,25%,"₹ 1,310.00",₹ 982.50,Shipped,3,,COD
O000722,U00460,9/13/2025,Delhi,Electronics,P0219,5,"₹ 4,370.71",20%,"₹ 21,853.55","₹ 17,482.84",Cancelled,,,UPI
O000723,U00247,7/26/2026,Delhi,Sports,P0049,3,"₹ 10,289.21",15%,"₹ 30,867.63","₹ 26,237.49",Delivered,3,,Wallet
O000724,U00776,9/10/2024,Uttar Pradesh,Grocery,P0225,2,"₹ 6,304.48",0%,"₹ 12,608.96","₹ 12,608.96",Returned,8,,UPI
O000725,U00598,10/3/2025,Gujarat,Electronics,P0031,1,"₹ 7,134.20",10%,"₹ 7,134.20","₹ 6,420.78",Delivered,4,3,Card
O000726,U00529,5/18/2025,West Bengal,Sports,P0014,5,₹ 651.68,25%,"₹ 3,258.40","₹ 2,443.80",Returned,6,,COD
O000727,U00612,5/27/2026,Delhi,Home,P0100,2,"₹ 3,500.59",20%,"₹ 7,001.18","₹ 5,600.94",Delivered,6,3,Wallet
O000728,U00340,3/12/2026,Haryana,Fashion,P0233,2,"₹ 10,225.51",10%,"₹ 20,451.02","₹ 18,405.92",Delivered,8,3,UPI
O000729,U00613,8/26/2024,Gujarat,Beauty,P0224,2,"₹ 8,263.97",0%,"₹ 16,527.94","₹ 16,527.94",Cancelled,,,Wallet
O000730,U00223,4/10/2026,Gujarat,Beauty,P0081,5,"₹ 8,958.95",15%,"₹ 44,794.75","₹ 38,075.54",Delivered,3,2,UPI
O000731,U00809,12/25/2024,Karnataka,Home,P0202,2,"₹ 6,852.20",25%,"₹ 13,704.40","₹ 10,278.30",Cancelled,,,COD
O000732,U00565,2/20/2025,Karnataka,Fashion,P0143,5,"₹ 5,023.21",25%,"₹ 25,116.05","₹ 18,837.04",Returned,8,,UPI
O000733,U00543,3/4/2025,West Bengal,Sports,P0074,5,"₹ 6,672.44",15%,"₹ 33,362.20","₹ 28,357.87",Cancelled,,,Wallet
O000734,U00250,4/17/2025,Tamil Nadu,Beauty,P0200,3,"₹ 3,581.70",5%,"₹ 10,745.10","₹ 10,207.84",Shipped,7,,Wallet
O000735,U00037,12/15/2024,Maharashtra,electronics,P0199,5,"₹ 7,442.89",25%,"₹ 37,214.45","₹ 27,910.84",Cancelled,,,COD
O000736,U00515,4/12/2025,Uttar Pradesh,Beauty,P0127,5,"₹ 6,855.48",15%,"₹ 34,277.40","₹ 29,135.79",Delivered,7,,UPI
O000737,U00707,12/6/2024,Gujarat,Fashion,P0006,5,"₹ 3,504.26",5%,"₹ 17,521.30","₹ 16,645.23",Delivered,1,,Card
O000738,U00516,10/27/2025,Rajasthan,Grocery,P0061,2,"₹ 5,252.81",5%,"₹ 10,505.62","₹ 9,980.34",Delivered,1,,Wallet
O000739,U00371,9/17/2025,West Bengal,Sports,P0222,1,"₹ 3,310.50",0%,"₹ 3,310.50","₹ 3,310.50",Returned,7,,COD
O000740,U00279,9/6/2024,Gujarat,Beauty,P0181,4,"₹ 1,498.31",10%,"₹ 5,993.24","₹ 5,393.92",Delivered,2,3,Wallet
O000741,U00206,10/8/2025,West Bengal,Beauty,P0109,4,"₹ 9,821.58",0%,"₹ 39,286.32","₹ 39,286.32",Delivered,7,2,COD
O000742,U00673,12/20/2025,Rajasthan,Electronics,P0045,4,"₹ 7,129.19",0%,"₹ 28,516.76","₹ 28,516.76",Cancelled,,,COD
O000743,U00777,5/18/2026,Tamil Nadu,Beauty,P0122,5,"₹ 2,892.58",15%,"₹ 14,462.90","₹ 12,293.47",Cancelled,,,Card
O000744,U00875,12/20/2025,Gujarat,Sports,P0162,3,"₹ 7,621.85",20%,"₹ 22,865.55","₹ 18,292.44",Shipped,2,,UPI
O000745,U00619,7/12/2024,West Bengal,Fashion,P0195,1,"₹ 6,883.02",25%,"₹ 6,883.02","₹ 5,162.27",Delivered,8,4,Wallet
O000746,U00746,2/25/2025,Maharashtra,Electronics,P0161,5,"₹ 9,803.46",15%,"₹ 49,017.30","₹ 41,664.71",Shipped,3,,Wallet
O000747,U00723,3/2/2025,Karnataka,Sports,P0247,5,"₹ 8,697.95",20%,"₹ 43,489.75","₹ 34,791.80",Cancelled,,,Card
O000748,U00004,8/9/2024,Haryana,Electronics,P0244,1,"₹ 9,773.04",25%,"₹ 9,773.04","₹ 7,329.78",Delivered,2,,UPI
O000749,U00194,7/9/2025,Delhi,grocery,P0236,5,"₹ 4,164.30",15%,"₹ 20,821.50","₹ 17,698.27",Delivered,3,,COD
O000750,U00933,8/29/2024,Uttar Pradesh,Sports,P0242,5,"₹ 10,357.36",5%,"₹ 51,786.80","₹ 49,197.46",Cancelled,,,UPI
O000751,U00623,8/31/2025,Maharashtra,Home,P0207,2,"₹ 9,429.23",0%,"₹ 18,858.46","₹ 18,858.46",Shipped,4,,Card
O000752,U00307,11/19/2025,West Bengal,Grocery,P0118,3,"₹ 7,956.46",5%,"₹ 23,869.38","₹ 22,675.91",Delivered,1,,Wallet
O000753,U00133,10/18/2024,Rajasthan,Home,P0044,2,"₹ 1,657.68",5%,"₹ 3,315.36","₹ 3,149.59",Delivered,7,,COD
O000754,U00758,9/23/2024,Gujarat,Grocery,P0226,1,₹ 360.92,5%,₹ 360.92,₹ 342.87,Delivered,6,3,UPI
O000755,U00661,9/18/2024,Delhi,Sports,P0198,4,"₹ 2,345.32",10%,"₹ 9,381.28","₹ 8,443.15",Delivered,8,,Card
O000756,U00194,3/9/2026,Gujarat,Beauty,P0130,2,"₹ 5,730.11",25%,"₹ 11,460.22","₹ 8,595.16",Delivered,8,4,UPI
O000757,U00236,10/6/2025,Karnataka,Fashion,P0084,3,₹ 883.29,0%,"₹ 2,649.87","₹ 2,649.87",Shipped,3,,COD
O000758,U00326,12/16/2024,Tamil Nadu,Home,P0127,2,"₹ 11,626.54",15%,"₹ 23,253.08","₹ 19,765.12",Returned,6,,COD
O000759,U00009,9/6/2025,West Bengal,Fashion,P0252,4,"₹ 1,466.59",25%,"₹ 5,866.36","₹ 4,399.77",Delivered,6,3,UPI
O000760,U00891,12/15/2024,Uttar Pradesh,Electronics,P0199,5,₹ 500.70,20%,"₹ 2,503.50","₹ 2,002.80",Cancelled,,,COD
O000761,U00644,3/19/2026,West Bengal,Grocery,P0097,2,₹ 776.22,25%,"₹ 1,552.44","₹ 1,164.33",Returned,2,,UPI
O000762,U00731,3/1/2026,Rajasthan,Fashion,P0196,3,"₹ 3,196.77",25%,"₹ 9,590.31","₹ 7,192.73",Delivered,5,2,UPI
O000763,U00258,9/28/2024,Rajasthan,Grocery,P0060,1,"₹ 5,339.64",20%,"₹ 5,339.64","₹ 4,271.71",Delivered,5,,Wallet
O000764,U00742,5/6/2026,Karnataka,Fashion,P0005,5,"₹ 3,643.93",10%,"₹ 18,219.65","₹ 16,397.69",Shipped,6,,UPI
O000765,U00325,8/11/2025,Tamil Nadu,Beauty,P0026,4,"₹ 3,345.64",20%,"₹ 13,382.56","₹ 10,706.05",Returned,6,,Wallet
O000766,U00209,8/21/2024,Gujarat,Fashion,P0113,5,"₹ 1,553.37",5%,"₹ 7,766.85","₹ 7,378.51",Delivered,1,3,Card
O000767,U00917,9/10/2024,Telangana,Home,P0054,4,"₹ 9,395.88",5%,"₹ 37,583.52","₹ 35,704.34",Delivered,6,,Card
O000768,U00500,8/4/2026,Rajasthan,Fashion,P0097,5,"₹ 8,237.27",5%,"₹ 41,186.35","₹ 39,127.03",Delivered,1,4,Card
O000769,U00777,8/28/2026,Delhi,Electronics,P0182,4,"₹ 4,958.09",5%,"₹ 19,832.36","₹ 18,840.74",Shipped,8,,COD
O000770,U00792,9/18/2024,Tamil Nadu,Electronics,P0004,2,"₹ 11,489.18",0%,"₹ 22,978.36","₹ 22,978.36",Delivered,8,2,COD
O000771,U00593,9/1/2025,Uttar Pradesh,Sports,P0138,4,"₹ 10,775.61",20%,"₹ 43,102.44","₹ 34,481.95",Returned,2,,Card
O000772,U00342,7/8/2026,Delhi,Grocery,P0060,4,"₹ 4,850.29",15%,"₹ 19,401.16","₹ 16,490.99",Delivered,6,1,Card
O000773,U00146,4/24/2026,Gujarat,Beauty,P0219,3,"₹ 5,486.73",20%,"₹ 16,460.19","₹ 13,168.15",Returned,5,,UPI
O000774,U00232,12/25/2025,Gujarat,Electronics,P0160,2,"₹ 2,817.72",15%,"₹ 5,635.44","₹ 4,790.12",Delivered,5,2,UPI
O000775,U00370,11/30/2024,Karnataka,Electronics,P0067,5,"₹ 4,923.30",15%,"₹ 24,616.50","₹ 20,924.02",Delivered,5,3,Wallet
O000776,U00655,10/7/2025,West Bengal,Beauty,P0179,4,"₹ 4,748.14",15%,"₹ 18,992.56","₹ 16,143.68",Delivered,4,,Card
O000777,U00449,4/28/2026,Karnataka,Home,P0195,5,"₹ 11,061.31",0%,"₹ 55,306.55","₹ 55,306.55",Delivered,4,5,UPI
O000778,U00921,3/12/2025,Karnataka,Grocery,P0096,2,"₹ 6,071.65",20%,"₹ 12,143.30","₹ 9,714.64",Shipped,8,,COD
O000779,U00216,7/27/2025,Rajasthan,Sports,P0032,5,"₹ 2,675.61",5%,"₹ 13,378.05","₹ 12,709.15",Delivered,5,5,UPI
O000780,U00239,12/9/2024,Maharashtra,Electronics,P0093,3,"₹ 5,076.06",10%,"₹ 15,228.18","₹ 13,705.36",Delivered,1,5,Card
O000781,U00694,8/30/2024,Delhi,Beauty,P0131,5,"₹ 5,616.79",0%,"₹ 28,083.95","₹ 28,083.95",Delivered,3,5,Card
O000782,U00646,9/2/2025,West Bengal,Fashion,P0232,5,"₹ 11,669.87",10%,"₹ 58,349.35","₹ 52,514.42",Delivered,1,3,COD
O000783,U00231,3/12/2026,Delhi,Electronics,P0014,2,"₹ 9,925.56",0%,"₹ 19,851.12","₹ 19,851.12",Delivered,2,3,Wallet
O000784,U00560,3/28/2025,Haryana,Sports,P0224,3,"₹ 11,047.71",25%,"₹ 33,143.13","₹ 24,857.35",Delivered,8,,Wallet
O000785,U00856,11/29/2025,Rajasthan,Beauty,P0006,3,"₹ 9,420.38",20%,"₹ 28,261.14","₹ 22,608.91",Delivered,5,,COD
O000786,U00193,8/22/2025,Telangana,Electronics,P0171,1,"₹ 7,779.35",10%,"₹ 7,779.35","₹ 7,001.42",Delivered,4,,COD
O000787,U00826,3/8/2025,Delhi,Home,P0159,2,"₹ 8,774.58",15%,"₹ 17,549.16","₹ 14,916.79",Delivered,4,,UPI
O000788,U00862,7/12/2024,Telangana,Fashion,P0241,3,"₹ 2,389.44",0%,"₹ 7,168.32","₹ 7,168.32",Delivered,4,1,Wallet
O000789,U00339,3/14/2025,Maharashtra,Electronics,P0184,1,"₹ 1,593.83",5%,"₹ 1,593.83","₹ 1,514.14",Delivered,4,5,UPI
O000790,U00194,5/14/2025,Uttar Pradesh,Sports,P0094,3,"₹ 7,233.69",0%,"₹ 21,701.07","₹ 21,701.07",Delivered,8,4,Wallet
O000791,U00279,10/12/2024,Uttar Pradesh,Home,P0084,1,"₹ 7,179.11",15%,"₹ 7,179.11","₹ 6,102.24",Cancelled,,,Card
O000792,U00300,7/19/2026,Haryana,Beauty,P0023,3,"₹ 8,517.43",0%,"₹ 25,552.29","₹ 25,552.29",Delivered,5,,Card
O000793,U00445,2/11/2026,Uttar Pradesh,Grocery,P0227,1,"₹ 3,333.46",20%,"₹ 3,333.46","₹ 2,666.77",Cancelled,,,COD
O000794,U00835,4/6/2025,Tamil Nadu,Home,P0205,2,"₹ 11,041.40",15%,"₹ 22,082.80","₹ 18,770.38",Delivered,3,4,COD
O000795,U00013,7/24/2024,Karnataka,Beauty,P0065,2,"₹ 8,250.28",0%,"₹ 16,500.56","₹ 16,500.56",Delivered,8,,UPI
O000796,U00285,1/8/2025,Maharashtra,Sports,P0211,1,"₹ 3,883.76",25%,"₹ 3,883.76","₹ 2,912.82",Delivered,6,3,Wallet
O000797,U00245,5/14/2026,Rajasthan,Grocery,P0142,4,"₹ 2,826.91",10%,"₹ 11,307.64","₹ 10,176.88",Cancelled,,,Card
O000798,U00023,11/21/2025,Uttar Pradesh,Home,P0139,3,"₹ 1,811.38",15%,"₹ 5,434.14","₹ 4,619.02",Delivered,1,1,COD
O000799,U00853,12/12/2025,Telangana,Home,P0254,5,"₹ 3,792.13",10%,"₹ 18,960.65","₹ 17,064.59",Delivered,6,1,Card
O000800,U00467,6/5/2026,Tamil Nadu,Electronics,P0036,5,"₹ 5,300.28",10%,"₹ 26,501.40","₹ 23,851.26",Shipped,4,,Card
O000801,U00273,2/28/2025,Uttar Pradesh,Electronics,P0210,1,"₹ 11,801.64",15%,"₹ 11,801.64","₹ 10,031.39",Delivered,8,,COD
O000802,U00445,11/15/2024,Gujarat,Electronics,P0106,3,"₹ 6,582.97",5%,"₹ 19,748.91","₹ 18,761.46",Delivered,3,1,Card
O000803,U00474,4/27/2025,Uttar Pradesh,Sports,P0200,4,"₹ 6,098.72",25%,"₹ 24,394.88","₹ 18,296.16",Delivered,4,2,Card
O000804,U00682,11/25/2024,Uttar Pradesh,Grocery,P0186,3,₹ 566.47,0%,"₹ 1,699.41","₹ 1,699.41",Delivered,2,,UPI
O000805,U00271,3/12/2025,Haryana,Sports,P0084,3,"₹ 6,717.96",20%,"₹ 20,153.88","₹ 16,123.10",Delivered,4,1,Wallet
O000806,U00485,8/15/2025,Gujarat,Electronics,P0083,5,₹ 161.14,25%,₹ 805.70,₹ 604.28,Returned,6,,UPI
O000807,U00804,5/17/2025,Uttar Pradesh,Grocery,P0003,5,"₹ 11,678.17",0%,"₹ 58,390.85","₹ 58,390.85",Returned,2,,Wallet
O000808,U00502,8/3/2026,Karnataka,Electronics,P0047,1,"₹ 10,020.83",10%,"₹ 10,020.83","₹ 9,018.75",Returned,1,,COD
O000809,U00491,4/1/2026,Uttar Pradesh,Sports,P0209,2,"₹ 4,694.11",15%,"₹ 9,388.22","₹ 7,979.99",Delivered,2,3,COD
O000810,U00199,12/18/2024,Karnataka,Beauty,P0003,2,"₹ 6,395.86",25%,"₹ 12,791.72","₹ 9,593.79",Cancelled,,,Wallet
O000811,U00601,9/19/2025,West Bengal,Beauty,P0199,2,₹ 412.87,0%,₹ 825.74,₹ 825.74,Delivered,5,1,Wallet
O000812,U00474,7/31/2024,Rajasthan,Sports,P0059,1,"₹ 11,803.50",20%,"₹ 11,803.50","₹ 9,442.80",Delivered,3,2,Wallet
O000813,U00913,6/15/2026,West Bengal,Beauty,P0245,3,"₹ 7,335.90",10%,"₹ 22,007.70","₹ 19,806.93",Cancelled,,,UPI
O000814,U00437,6/9/2025,Maharashtra,Home,P0211,4,"₹ 5,293.55",0%,"₹ 21,174.20","₹ 21,174.20",Cancelled,,,COD
O000815,U00091,9/19/2025,Gujarat,Fashion,P0107,3,"₹ 9,946.53",20%,"₹ 29,839.59","₹ 23,871.67",Shipped,2,,Wallet
O000816,U00613,2/21/2026,Telangana,Home,P0084,3,"₹ 6,465.93",5%,"₹ 19,397.79","₹ 18,427.90",Shipped,3,,UPI
O000817,U00421,3/12/2025,West Bengal,Grocery,P0119,2,"₹ 10,134.19",15%,"₹ 20,268.38","₹ 17,228.12",Delivered,4,2,UPI
O000818,U00544,11/30/2024,Uttar Pradesh,Fashion,P0122,1,"₹ 6,453.95",5%,"₹ 6,453.95","₹ 6,131.25",Delivered,5,2,Card
O000819,U00645,8/19/2026,Tamil Nadu,Grocery,P0217,2,"₹ 9,861.40",10%,"₹ 19,722.80","₹ 17,750.52",Delivered,5,,Card
O000820,U00880,11/1/2024,Telangana,Electronics,P0211,3,"₹ 4,836.31",10%,"₹ 14,508.93","₹ 13,058.04",Shipped,8,,COD
O000821,U00786,7/3/2025,Haryana,Beauty,P0010,4,"₹ 7,486.96",10%,"₹ 29,947.84","₹ 26,953.06",Returned,6,,Card
O000822,U00227,12/17/2025,Haryana,Electronics,P0146,2,"₹ 4,967.66",5%,"₹ 9,935.32","₹ 9,438.55",Cancelled,,,Card
O000823,U00494,8/6/2024,Maharashtra,Grocery,P0177,2,"₹ 6,236.17",5%,"₹ 12,472.34","₹ 11,848.72",Shipped,2,,COD
O000824,U00700,8/1/2025,Tamil Nadu,Beauty,P0225,3,"₹ 6,214.77",0%,"₹ 18,644.31","₹ 18,644.31",Cancelled,,,Wallet
O000825,U00874,12/23/2024,Haryana,Fashion,P0212,1,"₹ 11,561.16",10%,"₹ 11,561.16","₹ 10,405.04",Delivered,4,3,UPI
O000826,U00652,1/10/2026,Rajasthan,Electronics,P0219,4,"₹ 1,438.49",15%,"₹ 5,753.96","₹ 4,890.87",Delivered,2,4,UPI
O000827,U00220,2/2/2025,Rajasthan,Beauty,P0109,3,"₹ 1,077.03",25%,"₹ 3,231.09","₹ 2,423.32",Shipped,1,,Wallet
O000828,U00576,4/3/2026,Tamil Nadu,Fashion,P0178,1,"₹ 1,690.45",5%,"₹ 1,690.45","₹ 1,605.93",Delivered,1,5,UPI
O000829,U00749,1/21/2026,Delhi,grocery,P0117,2,"₹ 7,520.88",5%,"₹ 15,041.76","₹ 14,289.67",Delivered,5,2,Card
O000830,U00761,5/1/2026,Haryana,Sports,P0184,3,"₹ 1,624.86",25%,"₹ 4,874.58","₹ 3,655.93",Delivered,4,1,COD
O000831,U00404,4/13/2025,Rajasthan,Sports,P0042,5,"₹ 2,155.27",5%,"₹ 10,776.35","₹ 10,237.53",Delivered,6,,COD
O000832,U00514,9/25/2025,Rajasthan,Beauty,P0039,4,"₹ 11,568.00",10%,"₹ 46,272.00","₹ 41,644.80",Cancelled,,,Wallet
O000833,U00153,9/30/2024,Gujarat,Home,P0118,4,"₹ 9,539.23",5%,"₹ 38,156.92","₹ 36,249.07",Delivered,8,2,UPI
O000834,U00074,10/16/2024,Delhi,Grocery,P0029,2,"₹ 8,968.08",25%,"₹ 17,936.16","₹ 13,452.12",Shipped,3,,UPI
O000835,U00374,5/7/2026,Tamil Nadu,Home,P0010,2,"₹ 6,508.56",5%,"₹ 13,017.12","₹ 12,366.26",Delivered,6,4,Wallet
O000836,U00688,6/20/2025,Uttar Pradesh,Fashion,P0055,1,"₹ 9,866.34",10%,"₹ 9,866.34","₹ 8,879.71",Returned,3,,Wallet
O000837,U00099,3/12/2025,Delhi,Beauty,P0027,3,"₹ 1,459.23",25%,"₹ 4,377.69","₹ 3,283.27",Shipped,5,,Card
O000838,U00351,3/25/2025,Telangana,Electronics,P0026,3,"₹ 6,362.18",10%,"₹ 19,086.54","₹ 17,177.89",Shipped,7,,UPI
O000839,U00796,10/2/2025,Delhi,Electronics,P0106,2,"₹ 7,246.03",20%,"₹ 14,492.06","₹ 11,593.65",Delivered,2,2,Card
O000840,U00824,10/11/2025,Tamil Nadu,Grocery,P0124,5,"₹ 5,569.64",20%,"₹ 27,848.20","₹ 22,278.56",Returned,3,,Wallet
O000841,U00711,4/9/2026,Rajasthan,Beauty,P0203,5,₹ 362.73,0%,"₹ 1,813.65","₹ 1,813.65",Delivered,5,4,Wallet
O000842,U00462,8/19/2024,Telangana,Home,P0215,4,"₹ 10,795.33",20%,"₹ 43,181.32","₹ 34,545.06",Delivered,1,3,UPI
O000843,U00333,12/18/2025,Tamil Nadu,Electronics,P0164,5,"₹ 7,398.95",5%,"₹ 36,994.75","₹ 35,145.01",Delivered,5,3,Wallet
O000844,U00126,4/18/2026,Telangana,Beauty,P0207,5,"₹ 6,907.96",20%,"₹ 34,539.80","₹ 27,631.84",Delivered,2,2,Wallet
O000845,U00563,7/6/2026,Karnataka,Home,P0054,4,"₹ 4,917.32",20%,"₹ 19,669.28","₹ 15,735.42",Returned,7,,COD
O000846,U00735,8/16/2026,Maharashtra,Electronics,P0157,3,"₹ 5,865.24",5%,"₹ 17,595.72","₹ 16,715.93",Returned,5,,Card
O000847,U00183,12/27/2024,Telangana,Grocery,P0151,1,"₹ 8,397.21",0%,"₹ 8,397.21","₹ 8,397.21",Shipped,8,,COD
O000848,U00163,11/30/2025,Rajasthan,Sports,P0132,3,"₹ 10,659.58",25%,"₹ 31,978.74","₹ 23,984.06",Delivered,6,4,Card
O000849,U00481,7/9/2024,Tamil Nadu,Sports,P0038,1,"₹ 4,987.54",10%,"₹ 4,987.54","₹ 4,488.79",Cancelled,,,UPI
O000850,U00827,9/27/2024,Rajasthan,Home,P0205,2,"₹ 6,641.91",15%,"₹ 13,283.82","₹ 11,291.25",Cancelled,,,COD
O000851,U00183,7/15/2026,West Bengal,Beauty,P0111,2,"₹ 5,864.43",20%,"₹ 11,728.86","₹ 9,383.09",Delivered,1,4,UPI
O000852,U00794,7/24/2026,Maharashtra,Sports,P0213,2,"₹ 8,713.93",20%,"₹ 17,427.86","₹ 13,942.29",Cancelled,,,Wallet
O000853,U00084,10/6/2025,Karnataka,Grocery,P0074,2,"₹ 9,378.97",10%,"₹ 18,757.94","₹ 16,882.15",Delivered,6,2,Wallet
O000854,U00835,11/3/2025,Karnataka,Home,P0202,3,"₹ 8,185.92",5%,"₹ 24,557.76","₹ 23,329.87",Delivered,5,,Wallet
O000855,U00547,10/23/2025,Tamil Nadu,Fashion,P0091,3,"₹ 1,274.23",20%,"₹ 3,822.69","₹ 3,058.15",Delivered,1,5,Wallet
O000856,U00040,10/15/2025,Telangana,Grocery,P0118,3,"₹ 7,091.50",0%,"₹ 21,274.50","₹ 21,274.50",Delivered,8,5,COD
O000857,U00313,3/4/2026,West Bengal,Electronics,P0055,4,"₹ 6,497.00",5%,"₹ 25,988.00","₹ 24,688.60",Delivered,4,1,Wallet
O000858,U00419,3/3/2025,Tamil Nadu,Home,P0198,5,"₹ 8,357.12",25%,"₹ 41,785.60","₹ 31,339.20",Returned,7,,COD
O000859,U00213,5/6/2026,Karnataka,Home,P0188,1,"₹ 3,402.42",20%,"₹ 3,402.42","₹ 2,721.94",Shipped,4,,Card
O000860,U00385,4/4/2026,Haryana,Beauty,P0148,4,"₹ 4,730.75",5%,"₹ 18,923.00","₹ 17,976.85",Delivered,4,,UPI
O000861,U00927,5/20/2026,Tamil Nadu,Home,P0192,5,"₹ 2,400.87",0%,"₹ 12,004.35","₹ 12,004.35",Cancelled,,,UPI
O000862,U00427,10/14/2024,Telangana,Fashion,P0039,4,"₹ 9,873.17",5%,"₹ 39,492.68","₹ 37,518.05",Delivered,7,2,COD
O000863,U00306,2/17/2025,Delhi,Sports,P0238,3,"₹ 9,404.96",25%,"₹ 28,214.88","₹ 21,161.16",Delivered,3,5,COD
O000864,U00575,7/28/2024,Maharashtra,Electronics,P0139,4,"₹ 5,661.61",15%,"₹ 22,646.44","₹ 19,249.47",Delivered,8,4,COD
O000865,U00281,4/13/2025,Haryana,fashion,P0109,5,"₹ 3,750.78",20%,"₹ 18,753.90","₹ 15,003.12",Returned,6,,Card
O000866,U00885,4/27/2025,Telangana,Sports,P0245,5,"₹ 3,591.01",25%,"₹ 17,955.05","₹ 13,466.29",Returned,6,,COD
O000867,U00814,2/27/2025,West Bengal,Electronics,P0106,5,"₹ 1,881.10",15%,"₹ 9,405.50","₹ 7,994.68",Returned,1,,UPI
O000868,U00791,2/10/2026,West Bengal,Sports,P0115,5,"₹ 2,905.25",10%,"₹ 14,526.25","₹ 13,073.62",Delivered,6,2,COD
O000869,U00075,6/21/2026,West Bengal,Fashion,P0207,4,"₹ 9,645.62",15%,"₹ 38,582.48","₹ 32,795.11",Delivered,4,3,UPI
O000870,U00536,6/27/2025,Delhi,Grocery,P0148,1,"₹ 11,477.73",10%,"₹ 11,477.73","₹ 10,329.96",Delivered,3,,Wallet
O000871,U00557,7/1/2024,Karnataka,Grocery,P0090,2,"₹ 4,017.39",25%,"₹ 8,034.78","₹ 6,026.09",Delivered,5,2,Wallet
O000872,U00217,1/15/2026,Gujarat,Home,P0061,5,"₹ 5,624.98",25%,"₹ 28,124.90","₹ 21,093.68",Returned,3,,Wallet
O000873,U00918,2/25/2026,Maharashtra,Grocery,P0131,1,"₹ 8,634.75",15%,"₹ 8,634.75","₹ 7,339.54",Shipped,2,,Wallet
O000874,U00568,10/19/2025,West Bengal,Home,P0004,5,"₹ 9,736.19",15%,"₹ 48,680.95","₹ 41,378.81",Delivered,8,2,COD
O000875,U00541,12/16/2024,Rajasthan,Electronics,P0116,4,"₹ 1,566.74",20%,"₹ 6,266.96","₹ 5,013.57",Cancelled,,,COD
O000876,U00111,12/7/2024,Telangana,Sports,P0063,5,"₹ 7,041.94",5%,"₹ 35,209.70","₹ 33,449.21",Shipped,3,,UPI
O000877,U00006,2/18/2026,Uttar Pradesh,Fashion,P0010,5,"₹ 7,948.15",25%,"₹ 39,740.75","₹ 29,805.56",Returned,2,,COD
O000878,U00415,12/16/2025,Tamil Nadu,Sports,P0147,1,"₹ 6,298.89",5%,"₹ 6,298.89","₹ 5,983.95",Delivered,2,3,COD
O000879,U00352,4/20/2025,Gujarat,Home,P0008,4,₹ 973.68,15%,"₹ 3,894.72","₹ 3,310.51",Delivered,2,4,UPI
O000880,U00754,11/2/2024,Rajasthan,Home,P0195,3,"₹ 2,517.15",20%,"₹ 7,551.45","₹ 6,041.16",Cancelled,,,Card
O000881,U00386,2/5/2026,Tamil Nadu,Fashion,P0124,4,₹ 446.48,20%,"₹ 1,785.92","₹ 1,428.74",Delivered,6,4,Wallet
O000882,U00368,4/4/2026,Gujarat,Sports,P0201,4,"₹ 7,949.45",0%,"₹ 31,797.80","₹ 31,797.80",Delivered,8,4,UPI
O000883,U00178,8/17/2025,Tamil Nadu,Beauty,P0082,4,"₹ 2,263.94",20%,"₹ 9,055.76","₹ 7,244.61",Delivered,4,1,UPI
O000884,U00489,6/11/2025,Tamil Nadu,Fashion,P0020,1,"₹ 2,066.85",0%,"₹ 2,066.85","₹ 2,066.85",Cancelled,,,UPI
O000885,U00334,11/12/2025,Karnataka,Fashion,P0021,3,"₹ 1,955.44",0%,"₹ 5,866.32","₹ 5,866.32",Returned,6,,UPI
O000886,U00761,11/15/2025,Karnataka,Fashion,P0235,4,"₹ 7,011.44",20%,"₹ 28,045.76","₹ 22,436.61",Delivered,8,2,COD
O000887,U00253,1/15/2026,Karnataka,Beauty,P0258,5,"₹ 7,810.84",0%,"₹ 39,054.20","₹ 39,054.20",Delivered,3,,Card
O000888,U00487,10/1/2024,West Bengal,Beauty,P0150,3,"₹ 8,524.07",10%,"₹ 25,572.21","₹ 23,014.99",Delivered,1,4,COD
O000889,U00312,12/13/2025,Delhi,Sports,P0076,2,₹ 739.53,20%,"₹ 1,479.06","₹ 1,183.25",Delivered,1,3,UPI
O000890,U00518,2/22/2026,Karnataka,Grocery,P0141,3,"₹ 9,138.98",5%,"₹ 27,416.94","₹ 26,046.09",Shipped,7,,Wallet
O000891,U00252,8/1/2024,West Bengal,Fashion,P0008,4,"₹ 8,001.69",25%,"₹ 32,006.76","₹ 24,005.07",Delivered,4,3,Wallet
O000892,U00009,12/27/2024,Karnataka,Beauty,P0212,3,₹ 413.55,5%,"₹ 1,240.65","₹ 1,178.62",Returned,7,,COD
O000893,U00855,5/28/2025,Haryana,Home,P0063,2,"₹ 9,788.64",20%,"₹ 19,577.28","₹ 15,661.82",Delivered,6,2,Card
O000894,U00800,8/4/2024,Uttar Pradesh,Beauty,P0160,4,"₹ 8,199.12",20%,"₹ 32,796.48","₹ 26,237.18",Delivered,3,2,Card
O000895,U00891,8/2/2024,Delhi,Grocery,P0081,1,"₹ 9,857.62",5%,"₹ 9,857.62","₹ 9,364.74",Cancelled,,,UPI
O000896,U00587,8/4/2024,Delhi,Grocery,P0118,5,"₹ 4,125.20",15%,"₹ 20,626.00","₹ 17,532.10",Delivered,8,3,Wallet
O000897,U00449,9/29/2024,West Bengal,Grocery,P0192,5,"₹ 1,873.15",0%,"₹ 9,365.75","₹ 9,365.75",Delivered,3,2,UPI
O000898,U00316,5/6/2026,Tamil Nadu,Home,P0001,1,"₹ 9,151.85",0%,"₹ 9,151.85","₹ 9,151.85",Shipped,7,,Card
O000899,U00366,3/18/2026,Delhi,Fashion,P0135,5,"₹ 3,635.51",25%,"₹ 18,177.55","₹ 13,633.16",Delivered,7,,UPI
O000900,U00348,2/23/2025,Rajasthan,Beauty,P0140,2,"₹ 5,725.17",25%,"₹ 11,450.34","₹ 8,587.76",Cancelled,,,Card
O000901,U00479,7/1/2025,Telangana,Home,P0018,4,"₹ 2,568.76",25%,"₹ 10,275.04","₹ 7,706.28",Delivered,2,1,Wallet
O000902,U00787,11/15/2024,Delhi,Electronics,P0139,3,"₹ 7,287.05",10%,"₹ 21,861.15","₹ 19,675.04",Delivered,1,4,COD
O000903,U00218,11/12/2024,Telangana,Electronics,P0087,4,"₹ 8,882.26",25%,"₹ 35,529.04","₹ 26,646.78",Cancelled,,,COD
O000904,U00806,11/19/2024,Rajasthan,Grocery,P0139,1,"₹ 2,708.48",25%,"₹ 2,708.48","₹ 2,031.36",Shipped,5,,Card
O000905,U00881,8/26/2024,Uttar Pradesh,Electronics,P0132,1,"₹ 8,091.88",5%,"₹ 8,091.88","₹ 7,687.29",Shipped,4,,UPI
O000906,U00786,7/22/2025,West Bengal,Beauty,P0164,4,₹ 826.79,10%,"₹ 3,307.16","₹ 2,976.44",Cancelled,,,Wallet
O000907,U00436,7/22/2024,Gujarat,Electronics,P0091,5,"₹ 7,146.61",5%,"₹ 35,733.05","₹ 33,946.40",Delivered,4,3,UPI
O000908,U00282,1/31/2025,Haryana,Home,P0006,2,"₹ 6,207.77",15%,"₹ 12,415.54","₹ 10,553.21",Returned,4,,COD
O000909,U00938,3/20/2025,West Bengal,Beauty,P0168,2,"₹ 6,570.89",5%,"₹ 13,141.78","₹ 12,484.69",Cancelled,,,Wallet
O000910,U00193,12/11/2024,Rajasthan,Fashion,P0122,4,₹ 701.56,0%,"₹ 2,806.24","₹ 2,806.24",Returned,5,,COD
O000911,U00838,2/6/2026,Karnataka,Fashion,P0101,5,"₹ 7,467.69",15%,"₹ 37,338.45","₹ 31,737.68",Delivered,1,1,Wallet
O000912,U00333,10/11/2024,West Bengal,Beauty,P0099,4,"₹ 2,837.74",5%,"₹ 11,350.96","₹ 10,783.41",Shipped,6,,COD
O000913,U00006,2/21/2026,Karnataka,Grocery,P0007,2,"₹ 11,335.49",15%,"₹ 22,670.98","₹ 19,270.33",Shipped,6,,UPI
O000914,U00495,11/4/2025,Uttar Pradesh,Sports,P0103,4,"₹ 11,351.54",5%,"₹ 45,406.16","₹ 43,135.85",Returned,1,,COD
O000915,U00143,8/19/2024,Uttar Pradesh,Beauty,P0227,4,"₹ 3,214.11",5%,"₹ 12,856.44","₹ 12,213.62",Cancelled,,,Wallet
O000916,U00042,8/26/2026,Rajasthan,Grocery,P0025,4,"₹ 2,508.44",0%,"₹ 10,033.76","₹ 10,033.76",Returned,3,,Card
O000917,U00489,9/20/2025,Telangana,Electronics,P0038,3,"₹ 7,267.28",20%,"₹ 21,801.84","₹ 17,441.47",Delivered,8,2,Card
O000918,U00460,6/25/2025,Delhi,Beauty,P0130,5,₹ 505.73,20%,"₹ 2,528.65","₹ 2,022.92",Delivered,6,5,Wallet
O000919,U00142,3/18/2025,Delhi,Grocery,P0113,5,"₹ 4,965.87",5%,"₹ 24,829.35","₹ 23,587.88",Cancelled,,,Wallet
O000920,U00095,2/23/2025,Uttar Pradesh,Home,P0204,1,"₹ 5,279.95",25%,"₹ 5,279.95","₹ 3,959.96",Delivered,7,5,UPI
O000921,U00166,11/4/2024,Rajasthan,Fashion,P0247,3,"₹ 10,244.02",15%,"₹ 30,732.06","₹ 26,122.25",Cancelled,,,Card
O000922,U00812,10/23/2024,Tamil Nadu,Electronics,P0032,2,"₹ 5,363.85",25%,"₹ 10,727.70","₹ 8,045.78",Shipped,3,,Card
O000923,U00598,5/11/2026,Haryana,Grocery,P0073,4,"₹ 2,048.56",20%,"₹ 8,194.24","₹ 6,555.39",Shipped,5,,COD
O000924,U00570,3/18/2026,Uttar Pradesh,Grocery,P0083,4,"₹ 1,525.79",20%,"₹ 6,103.16","₹ 4,882.53",Delivered,8,4,Card
O000925,U00002,7/28/2025,Uttar Pradesh,Electronics,P0242,3,"₹ 8,083.10",5%,"₹ 24,249.30","₹ 23,036.83",Returned,5,,Card
O000926,U00516,7/6/2024,Haryana,Beauty,P0212,5,"₹ 2,276.44",25%,"₹ 11,382.20","₹ 8,536.65",Delivered,7,4,COD
O000927,U00246,11/26/2025,Tamil Nadu,Fashion,P0221,5,"₹ 7,722.79",10%,"₹ 38,613.95","₹ 34,752.56",Cancelled,,,COD
O000928,U00586,12/18/2025,Gujarat,Beauty,P0128,1,"₹ 7,940.46",20%,"₹ 7,940.46","₹ 6,352.37",Delivered,2,3,UPI
O000929,U00148,2/28/2025,Haryana,Fashion,P0131,1,"₹ 7,856.60",15%,"₹ 7,856.60","₹ 6,678.11",Delivered,3,1,UPI
O000930,U00710,3/23/2026,Rajasthan,Home,P0069,5,"₹ 1,334.56",25%,"₹ 6,672.80","₹ 5,004.60",Returned,6,,Wallet
O000931,U00042,9/12/2025,West Bengal,Home,P0196,1,"₹ 7,239.09",10%,"₹ 7,239.09","₹ 6,515.18",Cancelled,,,UPI
O000932,U00325,1/10/2026,Rajasthan,Electronics,P0146,5,"₹ 4,158.66",15%,"₹ 20,793.30","₹ 17,674.31",Returned,8,,COD
O000933,U00424,6/25/2025,Karnataka,Grocery,P0157,2,"₹ 10,708.63",25%,"₹ 21,417.26","₹ 16,062.94",Delivered,6,2,COD
O000934,U00571,10/5/2024,Delhi,Electronics,P0121,1,"₹ 5,930.50",20%,"₹ 5,930.50","₹ 4,744.40",Returned,1,,Wallet
O000935,U00367,3/22/2026,Tamil Nadu,Electronics,P0126,3,"₹ 6,261.93",0%,"₹ 18,785.79","₹ 18,785.79",Delivered,5,,UPI
O000936,U00411,2/24/2025,Rajasthan,Sports,P0078,5,"₹ 11,242.44",15%,"₹ 56,212.20","₹ 47,780.37",Shipped,8,,Wallet
O000937,U00774,1/22/2026,Tamil Nadu,Electronics,P0258,3,"₹ 3,820.38",15%,"₹ 11,461.14","₹ 9,741.97",Delivered,2,,Wallet
O000938,U00612,11/6/2024,Tamil Nadu,Fashion,P0001,5,"₹ 11,641.67",5%,"₹ 58,208.35","₹ 55,297.93",Delivered,3,4,Wallet
O000939,U00407,2/10/2025,West Bengal,Beauty,P0238,3,"₹ 7,995.72",0%,"₹ 23,987.16","₹ 23,987.16",Delivered,8,,Wallet
O000940,U00842,7/10/2025,Haryana,sports,P0107,5,"₹ 2,083.85",10%,"₹ 10,419.25","₹ 9,377.33",Delivered,6,4,Wallet
O000941,U00850,8/9/2025,Uttar Pradesh,Grocery,P0015,2,"₹ 4,270.55",10%,"₹ 8,541.10","₹ 7,686.99",Cancelled,,,Wallet
O000942,U00764,7/7/2024,Tamil Nadu,Electronics,P0176,2,"₹ 9,727.11",0%,"₹ 19,454.22","₹ 19,454.22",Shipped,3,,COD
O000943,U00408,7/21/2025,West Bengal,Beauty,P0164,2,"₹ 7,444.42",20%,"₹ 14,888.84","₹ 11,911.07",Returned,3,,COD
O000944,U00768,4/26/2025,West Bengal,Fashion,P0055,4,"₹ 9,879.98",15%,"₹ 39,519.92","₹ 33,591.93",Cancelled,,,Card
O000945,U00060,8/1/2025,Haryana,Electronics,P0221,3,₹ 759.15,20%,"₹ 2,277.45","₹ 1,821.96",Delivered,8,3,COD
O000946,U00356,3/19/2026,Maharashtra,Fashion,P0187,4,"₹ 6,272.99",10%,"₹ 25,091.96","₹ 22,582.76",Delivered,4,4,Wallet
O000947,U00392,12/26/2025,Gujarat,Beauty,P0214,4,"₹ 11,077.12",10%,"₹ 44,308.48","₹ 39,877.63",Delivered,5,3,Card
O000948,U00654,8/18/2024,Rajasthan,Fashion,P0083,4,"₹ 2,621.17",0%,"₹ 10,484.68","₹ 10,484.68",Delivered,2,,UPI
O000949,U00723,8/19/2026,Uttar Pradesh,Sports,P0077,3,"₹ 2,814.78",5%,"₹ 8,444.34","₹ 8,022.12",Delivered,3,5,Wallet
O000950,U00913,3/23/2026,Rajasthan,Electronics,P0153,5,"₹ 9,939.92",5%,"₹ 49,699.60","₹ 47,214.62",Returned,2,,UPI
O000951,U00230,7/1/2025,Haryana,Fashion,P0070,3,"₹ 10,948.56",25%,"₹ 32,845.68","₹ 24,634.26",Returned,8,,COD
O000952,U00434,12/15/2025,West Bengal,Sports,P0060,2,"₹ 4,135.81",10%,"₹ 8,271.62","₹ 7,444.46",Delivered,7,,Wallet
O000953,U00545,6/17/2026,Uttar Pradesh,Fashion,P0168,3,"₹ 5,034.35",5%,"₹ 15,103.05","₹ 14,347.90",Delivered,5,4,Wallet
O000954,U00258,3/20/2025,Telangana,Electronics,P0028,5,"₹ 9,581.29",5%,"₹ 47,906.45","₹ 45,511.13",Returned,6,,UPI
O000955,U00897,4/30/2026,Uttar Pradesh,Fashion,P0258,1,"₹ 4,659.64",10%,"₹ 4,659.64","₹ 4,193.68",Shipped,6,,Wallet
O000956,U00557,12/26/2024,Tamil Nadu,Sports,P0131,2,"₹ 1,662.55",10%,"₹ 3,325.10","₹ 2,992.59",Returned,8,,COD
O000957,U00277,8/27/2024,Telangana,Home,P0211,3,"₹ 6,012.60",5%,"₹ 18,037.80","₹ 17,135.91",Cancelled,,,COD
O000958,U00619,7/26/2026,Karnataka,Electronics,P0064,1,₹ 533.92,5%,₹ 533.92,₹ 507.22,Delivered,7,4,Card
O000959,U00108,8/9/2025,Delhi,Fashion,P0250,3,"₹ 8,139.06",10%,"₹ 24,417.18","₹ 21,975.46",Delivered,7,,Wallet
O000960,U00930,8/10/2024,Telangana,Beauty,P0220,5,"₹ 1,885.28",0%,"₹ 9,426.40","₹ 9,426.40",Delivered,7,,UPI
O000961,U00095,2/6/2026,West Bengal,Beauty,P0146,3,"₹ 8,308.49",25%,"₹ 24,925.47","₹ 18,694.10",Returned,3,,Card
O000962,U00522,6/1/2026,Gujarat,Home,P0149,5,"₹ 6,398.23",0%,"₹ 31,991.15","₹ 31,991.15",Delivered,7,4,COD
O000963,U00040,11/10/2024,Gujarat,Sports,P0249,2,"₹ 8,674.93",25%,"₹ 17,349.86","₹ 13,012.40",Delivered,2,1,Wallet
O000964,U00361,11/19/2024,Karnataka,Beauty,P0024,1,"₹ 11,417.95",0%,"₹ 11,417.95","₹ 11,417.95",Shipped,1,,COD
O000965,U00900,12/31/2024,Gujarat,Home,P0151,3,"₹ 11,864.51",10%,"₹ 35,593.53","₹ 32,034.18",Returned,3,,COD
O000966,U00756,8/6/2025,Karnataka,Electronics,P0076,5,"₹ 10,068.49",15%,"₹ 50,342.45","₹ 42,791.08",Returned,6,,UPI
O000967,U00032,11/24/2024,Maharashtra,Home,P0116,3,"₹ 9,004.52",5%,"₹ 27,013.56","₹ 25,662.88",Delivered,7,2,Card
O000968,U00644,5/17/2026,Telangana,Electronics,P0026,2,"₹ 2,110.91",25%,"₹ 4,221.82","₹ 3,166.36",Shipped,4,,Card
O000969,U00387,5/8/2026,Gujarat,Grocery,P0164,5,"₹ 9,303.77",10%,"₹ 46,518.85","₹ 41,866.96",Delivered,8,3,Wallet
O000970,U00849,1/13/2025,Haryana,Grocery,P0059,5,"₹ 2,601.13",0%,"₹ 13,005.65","₹ 13,005.65",Delivered,2,,UPI
O000971,U00040,10/24/2024,Uttar Pradesh,Beauty,P0133,2,"₹ 3,315.42",10%,"₹ 6,630.84","₹ 5,967.76",Shipped,4,,Wallet
O000972,U00618,11/21/2025,West Bengal,Beauty,P0140,2,"₹ 7,360.18",5%,"₹ 14,720.36","₹ 13,984.34",Shipped,6,,Wallet
O000973,U00360,9/7/2024,West Bengal,Grocery,P0108,1,"₹ 3,147.63",0%,"₹ 3,147.63","₹ 3,147.63",Delivered,1,,Wallet
O000974,U00948,7/20/2026,Karnataka,Sports,P0147,5,"₹ 8,199.97",20%,"₹ 40,999.85","₹ 32,799.88",Shipped,4,,Card
O000975,U00482,5/10/2025,Delhi,Fashion,P0231,1,"₹ 9,285.95",5%,"₹ 9,285.95","₹ 8,821.65",Delivered,3,3,Card
O000976,U00192,8/20/2024,West Bengal,Electronics,P0005,1,"₹ 10,984.67",5%,"₹ 10,984.67","₹ 10,435.44",Returned,6,,COD
O000977,U00758,7/2/2025,Tamil Nadu,Grocery,P0045,1,"₹ 1,258.55",20%,"₹ 1,258.55","₹ 1,006.84",Cancelled,,,COD
O000978,U00608,3/31/2026,West Bengal,Fashion,P0191,5,"₹ 7,371.05",20%,"₹ 36,855.25","₹ 29,484.20",Shipped,3,,Wallet
O000979,U00013,5/2/2025,Tamil Nadu,Fashion,P0215,3,"₹ 4,506.91",20%,"₹ 13,520.73","₹ 10,816.58",Delivered,4,,UPI
O000980,U00570,11/24/2024,Rajasthan,Home,P0021,5,"₹ 1,815.23",25%,"₹ 9,076.15","₹ 6,807.11",Returned,5,,Card
O000981,U00232,10/3/2025,Tamil Nadu,Fashion,P0207,4,"₹ 3,432.68",20%,"₹ 13,730.72","₹ 10,984.58",Cancelled,,,Card
O000982,U00151,1/27/2025,Tamil Nadu,Beauty,P0256,4,"₹ 7,934.94",10%,"₹ 31,739.76","₹ 28,565.78",Shipped,3,,COD
O000983,U00330,5/11/2026,Rajasthan,Electronics,P0243,2,"₹ 7,280.93",0%,"₹ 14,561.86","₹ 14,561.86",Delivered,1,,UPI
O000984,U00252,10/23/2025,West Bengal,Home,P0101,5,"₹ 10,812.36",25%,"₹ 54,061.80","₹ 40,546.35",Delivered,8,4,COD
O000985,U00185,4/24/2026,Gujarat,Home,P0169,1,₹ 696.28,20%,₹ 696.28,₹ 557.02,Returned,2,,UPI
O000986,U00714,10/1/2024,Tamil Nadu,Grocery,P0157,2,"₹ 5,692.27",25%,"₹ 11,384.54","₹ 8,538.41",Delivered,1,,UPI
O000987,U00639,8/17/2025,Haryana,Electronics,P0052,1,"₹ 8,120.49",5%,"₹ 8,120.49","₹ 7,714.47",Cancelled,,,Wallet
O000988,U00097,11/20/2024,West Bengal,Home,P0094,5,"₹ 2,750.66",25%,"₹ 13,753.30","₹ 10,314.97",Returned,2,,Card
O000989,U00178,6/18/2026,Uttar Pradesh,Home,P0187,1,₹ 136.46,20%,₹ 136.46,₹ 109.17,Cancelled,,,UPI
O000990,U00423,1/11/2026,Delhi,Beauty,P0198,4,₹ 767.31,0%,"₹ 3,069.24","₹ 3,069.24",Shipped,7,,Card
O000991,U00299,3/19/2026,Delhi,Home,P0190,5,"₹ 6,002.87",10%,"₹ 30,014.35","₹ 27,012.92",Returned,7,,COD
O000992,U00774,3/15/2025,Karnataka,Electronics,P0136,2,"₹ 6,818.76",15%,"₹ 13,637.52","₹ 11,591.89",Returned,4,,UPI
O000993,U00808,3/28/2025,Delhi,Beauty,P0203,2,"₹ 5,166.37",5%,"₹ 10,332.74","₹ 9,816.10",Delivered,1,,UPI
O000994,U00871,2/20/2025,Gujarat,Electronics,P0215,3,"₹ 7,191.13",20%,"₹ 21,573.39","₹ 17,258.71",Shipped,3,,Wallet
O000995,U00378,4/20/2026,West Bengal,Sports,P0172,3,"₹ 1,968.14",25%,"₹ 5,904.42","₹ 4,428.32",Delivered,8,4,Wallet
O000996,U00357,9/23/2024,Telangana,Beauty,P0033,3,"₹ 2,594.99",0%,"₹ 7,784.97","₹ 7,784.97",Delivered,6,5,COD
O000997,U00484,1/22/2026,Gujarat,Beauty,P0110,4,"₹ 6,459.73",10%,"₹ 25,838.92","₹ 23,255.03",Delivered,2,5,UPI
O000998,U00363,9/10/2024,West Bengal,Sports,P0176,1,"₹ 7,352.28",10%,"₹ 7,352.28","₹ 6,617.05",Delivered,5,4,COD
O000999,U00635,12/30/2025,Delhi,Electronics,P0184,3,"₹ 11,307.81",10%,"₹ 33,923.43","₹ 30,531.09",Delivered,8,,COD
O001000,U00646,3/14/2025,Uttar Pradesh,Grocery,P0219,4,"₹ 9,737.49",0%,"₹ 38,949.96","₹ 38,949.96",Delivered,2,,UPI
O001001,U00409,4/4/2025,Rajasthan,Grocery,P0013,2,"₹ 4,429.63",0%,"₹ 8,859.26","₹ 8,859.26",Delivered,4,,Wallet
O001002,U00353,12/3/2024,Karnataka,Beauty,P0188,2,"₹ 2,127.32",0%,"₹ 4,254.64","₹ 4,254.64",Delivered,2,3,COD
O001003,U00400,6/19/2025,Tamil Nadu,Sports,P0197,1,"₹ 1,251.24",25%,"₹ 1,251.24",₹ 938.43,Shipped,8,,Wallet
O001004,U00851,1/12/2025,Karnataka,Electronics,P0089,3,"₹ 4,121.55",20%,"₹ 12,364.65","₹ 9,891.72",Delivered,7,5,Wallet
O001005,U00666,1/24/2026,Gujarat,Home,P0017,1,"₹ 8,407.00",20%,"₹ 8,407.00","₹ 6,725.60",Delivered,1,3,Wallet
O001006,U00293,4/11/2025,West Bengal,Grocery,P0168,5,"₹ 9,376.59",0%,"₹ 46,882.95","₹ 46,882.95",Delivered,8,,UPI
O001007,U00437,7/5/2026,Maharashtra,Fashion,P0245,1,"₹ 3,512.79",15%,"₹ 3,512.79","₹ 2,985.87",Cancelled,,,UPI
O001008,U00935,2/12/2026,Rajasthan,Sports,P0152,2,"₹ 8,123.30",25%,"₹ 16,246.60","₹ 12,184.95",Delivered,4,4,Card
O001009,U00268,7/25/2026,Uttar Pradesh,Fashion,P0231,3,"₹ 7,797.41",0%,"₹ 23,392.23","₹ 23,392.23",Delivered,4,3,Card
O001010,U00046,9/5/2025,Delhi,Sports,P0050,3,"₹ 2,053.45",25%,"₹ 6,160.35","₹ 4,620.26",Shipped,3,,UPI
O001011,U00619,8/10/2024,Tamil Nadu,Home,P0024,1,"₹ 4,874.55",25%,"₹ 4,874.55","₹ 3,655.91",Delivered,4,2,UPI
O001012,U00180,1/6/2026,Tamil Nadu,Home,P0113,4,"₹ 8,000.31",0%,"₹ 32,001.24","₹ 32,001.24",Delivered,6,5,Wallet
O001013,U00309,7/14/2025,Haryana,Electronics,P0012,1,"₹ 9,324.18",0%,"₹ 9,324.18","₹ 9,324.18",Delivered,8,2,Card
O001014,U00530,12/23/2024,Karnataka,Sports,P0129,1,"₹ 1,075.93",15%,"₹ 1,075.93",₹ 914.54,Cancelled,,,Card
O001015,U00545,6/27/2026,Gujarat,Beauty,P0253,5,"₹ 6,298.71",20%,"₹ 31,493.55","₹ 25,194.84",Delivered,5,,COD
O001016,U00517,3/8/2025,Maharashtra,Electronics,P0234,1,₹ 239.45,5%,₹ 239.45,₹ 227.48,Cancelled,,,Wallet
O001017,U00275,3/16/2026,Delhi,Grocery,P0045,4,"₹ 5,600.27",10%,"₹ 22,401.08","₹ 20,160.97",Returned,7,,UPI
O001018,U00056,1/9/2026,Tamil Nadu,Beauty,P0234,4,"₹ 9,868.01",15%,"₹ 39,472.04","₹ 33,551.23",Delivered,6,5,COD
O001019,U00245,7/12/2025,Tamil Nadu,Electronics,P0209,2,"₹ 4,586.57",15%,"₹ 9,173.14","₹ 7,797.17",Cancelled,,,Wallet
O001020,U00006,5/7/2026,Rajasthan,Grocery,P0136,1,₹ 136.21,20%,₹ 136.21,₹ 108.97,Delivered,7,3,Card
O001021,U00742,6/23/2026,Gujarat,Electronics,P0105,2,"₹ 9,060.85",5%,"₹ 18,121.70","₹ 17,215.62",Delivered,4,3,Card
O001022,U00691,10/15/2024,Gujarat,Fashion,P0182,4,"₹ 10,862.49",25%,"₹ 43,449.96","₹ 32,587.47",Delivered,3,5,UPI
O001023,U00683,9/24/2024,Tamil Nadu,Beauty,P0068,4,"₹ 7,591.79",20%,"₹ 30,367.16","₹ 24,293.73",Returned,7,,Card
O001024,U00027,1/27/2026,West Bengal,Grocery,P0149,3,"₹ 8,025.32",5%,"₹ 24,075.96","₹ 22,872.16",Delivered,7,1,COD
O001025,U00515,7/23/2025,Delhi,Grocery,P0173,5,"₹ 5,311.28",25%,"₹ 26,556.40","₹ 19,917.30",Returned,6,,Wallet
O001026,U00528,5/6/2026,Gujarat,Beauty,P0089,2,"₹ 11,767.28",10%,"₹ 23,534.56","₹ 21,181.10",Cancelled,,,COD
O001027,U00687,10/9/2025,West Bengal,Beauty,P0055,1,"₹ 7,783.18",0%,"₹ 7,783.18","₹ 7,783.18",Cancelled,,,COD
O001028,U00937,1/30/2026,Rajasthan,Home,P0105,4,"₹ 4,429.76",10%,"₹ 17,719.04","₹ 15,947.14",Shipped,6,,Card
O001029,U00582,8/28/2024,Maharashtra,Electronics,P0132,5,"₹ 9,897.20",20%,"₹ 49,486.00","₹ 39,588.80",Returned,5,,COD
O001030,U00203,1/14/2026,Delhi,Grocery,P0179,5,"₹ 8,324.68",0%,"₹ 41,623.40","₹ 41,623.40",Cancelled,,,UPI
O001031,U00420,9/4/2025,Uttar Pradesh,Sports,P0152,1,"₹ 6,292.19",20%,"₹ 6,292.19","₹ 5,033.75",Delivered,1,4,Card
O001032,U00489,12/11/2025,Haryana,Electronics,P0149,1,"₹ 10,967.91",0%,"₹ 10,967.91","₹ 10,967.91",Delivered,5,4,UPI
O001033,U00276,1/2/2026,Tamil Nadu,Sports,P0058,4,"₹ 10,932.73",25%,"₹ 43,730.92","₹ 32,798.19",Cancelled,,,UPI
O001034,U00510,12/26/2025,Rajasthan,Electronics,P0016,4,"₹ 8,839.72",15%,"₹ 35,358.88","₹ 30,055.05",Cancelled,,,COD
O001035,U00914,7/27/2025,Haryana,Grocery,P0172,1,"₹ 11,824.24",0%,"₹ 11,824.24","₹ 11,824.24",Delivered,3,,UPI
O001036,U00285,1/10/2026,Tamil Nadu,Fashion,P0251,2,"₹ 9,273.86",20%,"₹ 18,547.72","₹ 14,838.18",Shipped,4,,UPI
O001037,U00664,10/28/2025,Uttar Pradesh,Sports,P0139,1,"₹ 10,130.41",10%,"₹ 10,130.41","₹ 9,117.37",Delivered,7,2,COD
O001038,U00847,8/18/2025,Uttar Pradesh,Electronics,P0244,5,"₹ 5,502.43",0%,"₹ 27,512.15","₹ 27,512.15",Cancelled,,,COD
O001039,U00048,10/26/2024,Telangana,Home,P0230,4,"₹ 1,605.78",0%,"₹ 6,423.12","₹ 6,423.12",Delivered,7,1,COD
O001040,U00148,11/22/2024,Haryana,Home,P0053,5,"₹ 4,322.83",10%,"₹ 21,614.15","₹ 19,452.74",Cancelled,,,Wallet
O001041,U00567,12/16/2025,Karnataka,Grocery,P0105,3,"₹ 4,932.70",15%,"₹ 14,798.10","₹ 12,578.39",Returned,6,,COD
O001042,U00254,8/10/2025,Gujarat,Fashion,P0129,1,"₹ 9,157.79",25%,"₹ 9,157.79","₹ 6,868.34",Shipped,3,,Card
O001043,U00903,6/13/2025,Rajasthan,Beauty,P0165,2,"₹ 8,403.24",5%,"₹ 16,806.48","₹ 15,966.16",Cancelled,,,UPI
O001044,U00576,5/22/2025,Uttar Pradesh,Beauty,P0132,3,"₹ 6,332.46",10%,"₹ 18,997.38","₹ 17,097.64",Shipped,7,,COD
O001045,U00462,10/27/2025,Gujarat,Sports,P0027,4,"₹ 5,075.61",10%,"₹ 20,302.44","₹ 18,272.20",Delivered,2,3,Card
O001046,U00697,4/6/2025,Rajasthan,Grocery,P0189,3,"₹ 4,148.16",5%,"₹ 12,444.48","₹ 11,822.26",Shipped,5,,Wallet
O001047,U00234,11/18/2024,Haryana,Home,P0076,2,"₹ 11,358.48",20%,"₹ 22,716.96","₹ 18,173.57",Delivered,2,2,COD
O001048,U00254,11/24/2024,West Bengal,Electronics,P0209,1,"₹ 1,294.81",0%,"₹ 1,294.81","₹ 1,294.81",Delivered,7,5,Wallet
O001049,U00856,2/25/2026,Uttar Pradesh,Beauty,P0151,5,"₹ 6,295.10",5%,"₹ 31,475.50","₹ 29,901.72",Delivered,5,,Card
O001050,U00057,7/8/2024,Delhi,Beauty,P0240,4,"₹ 4,820.73",10%,"₹ 19,282.92","₹ 17,354.63",Returned,6,,Card
O001051,U00490,3/11/2026,Telangana,Home,P0099,5,"₹ 6,309.49",25%,"₹ 31,547.45","₹ 23,660.59",Delivered,7,5,COD
O001052,U00458,11/4/2025,Karnataka,Home,P0124,5,"₹ 2,440.00",20%,"₹ 12,200.00","₹ 9,760.00",Delivered,1,5,Card
O001053,U00267,6/18/2025,Rajasthan,Home,P0043,5,"₹ 3,220.55",5%,"₹ 16,102.75","₹ 15,297.61",Returned,3,,COD
O001054,U00846,4/24/2025,Maharashtra,Electronics,P0200,2,"₹ 7,735.66",15%,"₹ 15,471.32","₹ 13,150.62",Cancelled,,,Card
O001055,U00279,6/13/2026,Delhi,Beauty,P0250,1,"₹ 1,242.42",5%,"₹ 1,242.42","₹ 1,180.30",Returned,6,,UPI
O001056,U00324,5/1/2025,Karnataka,Beauty,P0026,4,"₹ 4,054.77",0%,"₹ 16,219.08","₹ 16,219.08",Delivered,2,,Card
O001057,U00248,12/6/2024,Tamil Nadu,Fashion,P0092,3,"₹ 7,137.58",20%,"₹ 21,412.74","₹ 17,130.19",Cancelled,,,Wallet
O001058,U00080,2/25/2026,Uttar Pradesh,Home,P0020,3,₹ 585.94,0%,"₹ 1,757.82","₹ 1,757.82",Cancelled,,,COD
O001059,U00131,4/28/2026,Telangana,Grocery,P0135,5,"₹ 5,712.43",20%,"₹ 28,562.15","₹ 22,849.72",Delivered,3,2,UPI
O001060,U00904,6/3/2026,Karnataka,Beauty,P0185,4,"₹ 8,115.69",0%,"₹ 32,462.76","₹ 32,462.76",Delivered,8,1,Card
O001061,U00255,2/9/2026,Haryana,Fashion,P0094,2,"₹ 3,428.16",0%,"₹ 6,856.32","₹ 6,856.32",Shipped,7,,Wallet
O001062,U00629,7/15/2025,West Bengal,Grocery,P0065,5,"₹ 4,853.31",15%,"₹ 24,266.55","₹ 20,626.57",Delivered,8,1,COD
O001063,U00270,9/1/2024,Gujarat,Home,P0223,1,"₹ 11,992.68",5%,"₹ 11,992.68","₹ 11,393.05",Returned,8,,UPI
O001064,U00035,6/11/2025,West Bengal,Beauty,P0027,3,"₹ 2,268.24",10%,"₹ 6,804.72","₹ 6,124.25",Shipped,1,,Card
O001065,U00525,8/25/2025,Karnataka,Grocery,P0254,4,"₹ 4,157.43",20%,"₹ 16,629.72","₹ 13,303.78",Delivered,7,3,COD
O001066,U00482,4/29/2025,Haryana,Grocery,P0146,1,"₹ 1,957.21",0%,"₹ 1,957.21","₹ 1,957.21",Returned,6,,Wallet
O001067,U00416,3/17/2026,Delhi,Beauty,P0161,4,"₹ 4,407.54",15%,"₹ 17,630.16","₹ 14,985.64",Cancelled,,,UPI
O001068,U00891,10/11/2024,Rajasthan,Grocery,P0203,2,"₹ 6,674.98",0%,"₹ 13,349.96","₹ 13,349.96",Cancelled,,,COD
O001069,U00070,8/17/2024,Haryana,Electronics,P0075,5,"₹ 9,632.21",25%,"₹ 48,161.05","₹ 36,120.79",Cancelled,,,UPI
O001070,U00077,12/21/2024,Tamil Nadu,Sports,P0025,5,"₹ 1,529.02",20%,"₹ 7,645.10","₹ 6,116.08",Shipped,6,,Wallet
O001071,U00245,4/9/2026,Haryana,Grocery,P0251,3,"₹ 3,418.43",10%,"₹ 10,255.29","₹ 9,229.76",Cancelled,,,Wallet
O001072,U00868,6/9/2025,Gujarat,Grocery,P0145,2,"₹ 9,392.19",10%,"₹ 18,784.38","₹ 16,905.94",Cancelled,,,COD
O001073,U00104,3/11/2026,Telangana,Home,P0017,1,"₹ 2,795.26",15%,"₹ 2,795.26","₹ 2,375.97",Delivered,1,3,Wallet
O001074,U00381,3/30/2025,Gujarat,Electronics,P0208,3,"₹ 10,019.31",25%,"₹ 30,057.93","₹ 22,543.45",Delivered,7,,UPI
O001075,U00555,12/21/2024,Uttar Pradesh,Grocery,P0130,3,"₹ 4,248.07",15%,"₹ 12,744.21","₹ 10,832.58",Returned,2,,Wallet
O001076,U00032,5/24/2026,Telangana,Beauty,P0002,5,"₹ 4,684.67",15%,"₹ 23,423.35","₹ 19,909.85",Delivered,6,,Wallet
O001077,U00186,12/20/2025,West Bengal,Electronics,P0006,1,"₹ 1,528.04",0%,"₹ 1,528.04","₹ 1,528.04",Delivered,5,,Card
O001078,U00750,5/14/2026,Uttar Pradesh,Beauty,P0106,2,"₹ 7,605.09",5%,"₹ 15,210.18","₹ 14,449.67",Delivered,5,1,UPI
O001079,U00510,6/28/2026,Rajasthan,Electronics,P0177,4,"₹ 1,495.49",10%,"₹ 5,981.96","₹ 5,383.76",Shipped,8,,Wallet
O001080,U00930,4/12/2026,Rajasthan,Fashion,P0025,2,"₹ 1,476.55",5%,"₹ 2,953.10","₹ 2,805.44",Delivered,1,4,Card
O001081,U00290,7/8/2025,Telangana,sports,P0035,4,"₹ 10,556.95",25%,"₹ 42,227.80","₹ 31,670.85",Delivered,8,5,COD
O001082,U00805,4/19/2025,Karnataka,Beauty,P0019,3,"₹ 6,790.10",10%,"₹ 20,370.30","₹ 18,333.27",Delivered,4,,Wallet
O001083,U00105,10/31/2025,Delhi,Grocery,P0042,2,₹ 494.15,25%,₹ 988.30,₹ 741.22,Returned,5,,Wallet
O001084,U00945,6/30/2025,Uttar Pradesh,Beauty,P0258,2,"₹ 6,160.36",15%,"₹ 12,320.72","₹ 10,472.61",Delivered,4,4,Card
O001085,U00142,5/11/2025,Haryana,Home,P0055,5,"₹ 6,725.81",20%,"₹ 33,629.05","₹ 26,903.24",Delivered,7,2,UPI
O001086,U00203,6/30/2026,Gujarat,Beauty,P0123,3,"₹ 2,962.97",20%,"₹ 8,888.91","₹ 7,111.13",Delivered,7,,UPI
O001087,U00048,5/5/2025,Uttar Pradesh,Grocery,P0231,2,"₹ 11,214.05",15%,"₹ 22,428.10","₹ 19,063.88",Delivered,1,3,Card
O001088,U00564,6/11/2025,Gujarat,Beauty,P0106,5,"₹ 2,075.46",25%,"₹ 10,377.30","₹ 7,782.97",Shipped,5,,Wallet
O001089,U00095,7/18/2025,Delhi,Fashion,P0092,4,"₹ 3,381.66",25%,"₹ 13,526.64","₹ 10,144.98",Shipped,5,,COD
O001090,U00034,1/5/2026,Tamil Nadu,Sports,P0193,3,"₹ 5,587.25",5%,"₹ 16,761.75","₹ 15,923.66",Shipped,8,,Card
O001091,U00630,2/9/2026,Karnataka,Electronics,P0227,5,"₹ 7,666.79",15%,"₹ 38,333.95","₹ 32,583.86",Delivered,5,4,Card
O001092,U00113,9/2/2024,West Bengal,Fashion,P0212,1,"₹ 1,579.87",25%,"₹ 1,579.87","₹ 1,184.90",Delivered,3,4,COD
O001093,U00787,2/24/2025,Haryana,Grocery,P0057,5,"₹ 1,998.18",0%,"₹ 9,990.90","₹ 9,990.90",Cancelled,,,UPI
O001094,U00620,1/8/2025,Uttar Pradesh,Grocery,P0002,5,"₹ 4,050.46",25%,"₹ 20,252.30","₹ 15,189.22",Delivered,6,3,Wallet
O001095,U00667,11/29/2025,Karnataka,Beauty,P0175,1,"₹ 9,078.93",5%,"₹ 9,078.93","₹ 8,624.98",Cancelled,,,Card
O001096,U00571,3/22/2026,Telangana,Electronics,P0203,5,"₹ 6,202.30",15%,"₹ 31,011.50","₹ 26,359.77",Delivered,7,5,COD
O001097,U00174,3/9/2025,Karnataka,Electronics,P0049,2,"₹ 1,323.95",25%,"₹ 2,647.90","₹ 1,985.93",Cancelled,,,Wallet
O001098,U00105,5/3/2025,West Bengal,Sports,P0257,3,"₹ 4,622.30",0%,"₹ 13,866.90","₹ 13,866.90",Shipped,6,,UPI
O001099,U00913,7/22/2024,Karnataka,Fashion,P0213,5,"₹ 8,511.75",0%,"₹ 42,558.75","₹ 42,558.75",Delivered,7,4,Card
O001100,U00303,4/22/2026,Tamil Nadu,Beauty,P0056,1,"₹ 4,747.34",20%,"₹ 4,747.34","₹ 3,797.87",Shipped,3,,COD
O001101,U00086,9/30/2024,Haryana,Home,P0242,4,"₹ 6,072.17",10%,"₹ 24,288.68","₹ 21,859.81",Returned,4,,UPI
O001102,U00869,2/12/2026,West Bengal,Grocery,P0029,3,"₹ 10,941.83",10%,"₹ 32,825.49","₹ 29,542.94",Cancelled,,,COD
O001103,U00017,7/27/2026,Tamil Nadu,Beauty,P0240,1,"₹ 2,455.98",25%,"₹ 2,455.98","₹ 1,841.99",Delivered,6,5,Card
O001104,U00244,1/9/2026,Uttar Pradesh,Electronics,P0115,3,"₹ 6,444.66",20%,"₹ 19,333.98","₹ 15,467.18",Returned,7,,COD
O001105,U00925,12/12/2024,Karnataka,Fashion,P0225,5,"₹ 11,405.01",15%,"₹ 57,025.05","₹ 48,471.29",Delivered,7,5,UPI
O001106,U00521,3/5/2026,West Bengal,Home,P0132,4,"₹ 4,604.54",0%,"₹ 18,418.16","₹ 18,418.16",Returned,1,,Card
O001107,U00076,8/26/2026,Delhi,Home,P0089,1,"₹ 10,413.29",15%,"₹ 10,413.29","₹ 8,851.30",Cancelled,,,Wallet
O001108,U00229,12/20/2024,Delhi,Fashion,P0045,4,"₹ 10,718.81",15%,"₹ 42,875.24","₹ 36,443.95",Delivered,8,1,UPI
O001109,U00730,10/9/2024,Tamil Nadu,Beauty,P0032,5,"₹ 7,779.26",15%,"₹ 38,896.30","₹ 33,061.86",Delivered,3,,Wallet
O001110,U00950,7/13/2026,Gujarat,Electronics,P0238,1,"₹ 6,478.56",10%,"₹ 6,478.56","₹ 5,830.70",Delivered,1,,UPI
O001111,U00371,6/16/2025,Maharashtra,Electronics,P0208,1,"₹ 8,862.08",25%,"₹ 8,862.08","₹ 6,646.56",Returned,5,,UPI
O001112,U00937,9/29/2025,Gujarat,Beauty,P0041,5,"₹ 10,074.84",25%,"₹ 50,374.20","₹ 37,780.65",Delivered,7,5,Card
O001113,U00482,1/23/2026,Rajasthan,Grocery,P0006,3,"₹ 5,570.74",0%,"₹ 16,712.22","₹ 16,712.22",Returned,8,,Wallet
O001114,U00370,1/9/2026,Uttar Pradesh,Sports,P0118,5,"₹ 9,068.22",10%,"₹ 45,341.10","₹ 40,806.99",Delivered,1,,Card
O001115,U00429,8/12/2025,Maharashtra,Beauty,P0077,5,"₹ 6,247.28",10%,"₹ 31,236.40","₹ 28,112.76",Cancelled,,,Wallet
O001116,U00224,3/23/2026,Uttar Pradesh,Sports,P0056,2,"₹ 9,858.75",10%,"₹ 19,717.50","₹ 17,745.75",Cancelled,,,COD
O001117,U00723,11/5/2024,West Bengal,Home,P0138,1,"₹ 5,052.48",10%,"₹ 5,052.48","₹ 4,547.23",Returned,8,,UPI
O001118,U00790,7/25/2024,Haryana,Beauty,P0086,5,"₹ 4,995.21",0%,"₹ 24,976.05","₹ 24,976.05",Shipped,7,,COD
O001119,U00770,10/7/2025,Haryana,Beauty,P0229,4,"₹ 10,662.48",20%,"₹ 42,649.92","₹ 34,119.94",Cancelled,,,UPI
O001120,U00821,4/5/2026,Tamil Nadu,Home,P0166,3,"₹ 9,492.17",0%,"₹ 28,476.51","₹ 28,476.51",Shipped,3,,Wallet
O001121,U00474,3/25/2026,Telangana,Home,P0106,5,"₹ 9,867.68",0%,"₹ 49,338.40","₹ 49,338.40",Shipped,2,,UPI
O001122,U00520,9/7/2025,Maharashtra,Home,P0114,1,"₹ 8,825.45",5%,"₹ 8,825.45","₹ 8,384.18",Shipped,5,,Wallet
O001123,U00683,12/7/2025,Maharashtra,Beauty,P0006,1,"₹ 9,845.20",25%,"₹ 9,845.20","₹ 7,383.90",Returned,2,,UPI
O001124,U00934,3/20/2026,Telangana,Electronics,P0215,2,"₹ 9,993.11",0%,"₹ 19,986.22","₹ 19,986.22",Cancelled,,,UPI
O001125,U00587,12/16/2025,Gujarat,Electronics,P0184,2,"₹ 3,851.97",20%,"₹ 7,703.94","₹ 6,163.15",Delivered,5,1,Card
O001126,U00476,12/9/2024,Telangana,Fashion,P0150,3,"₹ 6,063.76",15%,"₹ 18,191.28","₹ 15,462.59",Delivered,6,4,COD
O001127,U00406,8/15/2024,Tamil Nadu,Beauty,P0149,4,"₹ 5,226.12",10%,"₹ 20,904.48","₹ 18,814.03",Returned,8,,Card
O001128,U00337,6/15/2026,Karnataka,Sports,P0100,3,"₹ 1,502.04",20%,"₹ 4,506.12","₹ 3,604.90",Delivered,4,4,Card
O001129,U00359,4/1/2025,Telangana,Fashion,P0052,5,"₹ 5,710.75",5%,"₹ 28,553.75","₹ 27,126.06",Returned,4,,COD
O001130,U00691,11/21/2024,Tamil Nadu,Home,P0149,2,"₹ 8,109.45",15%,"₹ 16,218.90","₹ 13,786.06",Cancelled,,,Wallet
O001131,U00787,1/3/2025,Delhi,Beauty,P0027,5,"₹ 6,794.55",10%,"₹ 33,972.75","₹ 30,575.48",Delivered,6,5,Card
O001132,U00515,6/15/2025,Rajasthan,Fashion,P0031,1,"₹ 9,766.87",0%,"₹ 9,766.87","₹ 9,766.87",Delivered,7,1,UPI
O001133,U00285,7/13/2025,Gujarat,Beauty,P0229,5,"₹ 11,404.83",10%,"₹ 57,024.15","₹ 51,321.74",Delivered,8,1,COD
O001134,U00443,4/15/2026,Karnataka,Beauty,P0061,2,₹ 708.32,15%,"₹ 1,416.64","₹ 1,204.14",Delivered,3,,Wallet
O001135,U00697,9/10/2024,Karnataka,Electronics,P0170,4,"₹ 8,328.90",15%,"₹ 33,315.60","₹ 28,318.26",Shipped,6,,UPI
O001136,U00204,7/25/2026,Tamil Nadu,Sports,P0022,4,"₹ 4,464.54",10%,"₹ 17,858.16","₹ 16,072.34",Cancelled,,,UPI
O001137,U00317,11/6/2024,Gujarat,Grocery,P0050,2,₹ 269.35,0%,₹ 538.70,₹ 538.70,Returned,2,,Wallet
O001138,U00611,1/9/2026,Haryana,Beauty,P0038,2,"₹ 8,815.75",15%,"₹ 17,631.50","₹ 14,986.77",Delivered,4,2,UPI
O001139,U00902,1/19/2025,Karnataka,Sports,P0149,1,"₹ 10,526.09",0%,"₹ 10,526.09","₹ 10,526.09",Delivered,3,,UPI
O001140,U00717,5/18/2026,Gujarat,Electronics,P0224,3,"₹ 3,590.19",20%,"₹ 10,770.57","₹ 8,616.46",Cancelled,,,UPI
O001141,U00366,3/22/2026,Maharashtra,Sports,P0170,1,"₹ 9,348.51",20%,"₹ 9,348.51","₹ 7,478.81",Delivered,4,3,Wallet
O001142,U00402,5/20/2026,Rajasthan,Sports,P0067,5,"₹ 11,765.78",5%,"₹ 58,828.90","₹ 55,887.46",Returned,8,,Wallet
O001143,U00845,9/4/2024,Karnataka,Sports,P0141,4,"₹ 8,350.59",0%,"₹ 33,402.36","₹ 33,402.36",Delivered,2,3,COD
O001144,U00283,10/29/2025,Karnataka,Electronics,P0167,2,"₹ 10,361.58",0%,"₹ 20,723.16","₹ 20,723.16",Cancelled,,,Wallet
O001145,U00112,3/18/2025,West Bengal,Beauty,P0235,1,₹ 108.22,15%,₹ 108.22,₹ 91.99,Delivered,6,3,UPI
O001146,U00877,10/27/2025,Karnataka,Home,P0034,2,"₹ 4,884.68",10%,"₹ 9,769.36","₹ 8,792.42",Delivered,3,2,UPI
O001147,U00199,7/28/2026,Karnataka,Grocery,P0210,5,"₹ 5,623.69",5%,"₹ 28,118.45","₹ 26,712.53",Returned,5,,COD
O001148,U00565,3/29/2025,Haryana,Beauty,P0217,3,"₹ 6,648.56",25%,"₹ 19,945.68","₹ 14,959.26",Delivered,4,4,Card
O001149,U00204,7/6/2026,Telangana,Sports,P0257,3,"₹ 7,014.26",25%,"₹ 21,042.78","₹ 15,782.08",Shipped,1,,UPI
O001150,U00814,3/11/2026,Telangana,Sports,P0076,4,"₹ 7,363.45",15%,"₹ 29,453.80","₹ 25,035.73",Returned,5,,UPI
O001151,U00118,5/4/2025,Delhi,Fashion,P0024,3,"₹ 3,318.68",0%,"₹ 9,956.04","₹ 9,956.04",Returned,3,,Wallet
O001152,U00874,10/13/2024,Uttar Pradesh,Home,P0196,4,"₹ 10,817.84",15%,"₹ 43,271.36","₹ 36,780.66",Delivered,6,4,UPI
O001153,U00450,6/1/2026,West Bengal,Sports,P0026,5,"₹ 8,759.22",25%,"₹ 43,796.10","₹ 32,847.07",Shipped,7,,Wallet
O001154,U00759,6/12/2025,Telangana,Beauty,P0135,4,"₹ 4,882.59",25%,"₹ 19,530.36","₹ 14,647.77",Delivered,2,1,UPI
O001155,U00290,10/16/2024,Tamil Nadu,Grocery,P0238,1,"₹ 2,635.85",25%,"₹ 2,635.85","₹ 1,976.89",Returned,6,,Wallet
O001156,U00766,7/25/2026,Rajasthan,Electronics,P0181,1,"₹ 2,874.47",25%,"₹ 2,874.47","₹ 2,155.85",Shipped,4,,Wallet
O001157,U00388,8/13/2026,Maharashtra,Grocery,P0104,2,"₹ 8,792.14",0%,"₹ 17,584.28","₹ 17,584.28",Delivered,2,1,UPI
O001158,U00294,7/5/2025,Haryana,Beauty,P0065,4,"₹ 4,100.13",5%,"₹ 16,400.52","₹ 15,580.49",Shipped,6,,COD
O001159,U00288,6/5/2025,West Bengal,Home,P0061,5,"₹ 7,811.60",0%,"₹ 39,058.00","₹ 39,058.00",Cancelled,,,COD
O001160,U00670,4/3/2025,Delhi,Fashion,P0242,4,"₹ 8,853.35",0%,"₹ 35,413.40","₹ 35,413.40",Delivered,3,5,Card
O001161,U00828,4/14/2026,Telangana,Fashion,P0175,5,"₹ 10,092.47",15%,"₹ 50,462.35","₹ 42,893.00",Delivered,8,4,UPI
O001162,U00293,12/15/2024,Rajasthan,Fashion,P0053,5,"₹ 7,260.11",10%,"₹ 36,300.55","₹ 32,670.50",Delivered,1,1,Wallet
O001163,U00329,6/10/2025,Haryana,Beauty,P0010,5,₹ 961.29,15%,"₹ 4,806.45","₹ 4,085.48",Delivered,4,,Card
O001164,U00734,8/7/2025,Gujarat,Beauty,P0060,2,"₹ 11,372.90",0%,"₹ 22,745.80","₹ 22,745.80",Returned,5,,Card
O001165,U00344,8/16/2024,Haryana,Home,P0135,5,"₹ 6,236.28",10%,"₹ 31,181.40","₹ 28,063.26",Shipped,1,,COD
O001166,U00379,8/23/2025,Telangana,Home,P0163,2,"₹ 1,791.57",20%,"₹ 3,583.14","₹ 2,866.51",Delivered,4,,Wallet
O001167,U00945,3/21/2025,Maharashtra,Electronics,P0221,1,"₹ 3,890.20",25%,"₹ 3,890.20","₹ 2,917.65",Cancelled,,,UPI
O001168,U00327,6/18/2025,Karnataka,Grocery,P0179,1,"₹ 7,894.37",10%,"₹ 7,894.37","₹ 7,104.93",Shipped,7,,Card
O001169,U00341,4/14/2026,Uttar Pradesh,Fashion,P0235,1,₹ 161.23,25%,₹ 161.23,₹ 120.92,Delivered,4,3,UPI
O001170,U00479,12/20/2024,West Bengal,Electronics,P0120,5,"₹ 6,043.12",5%,"₹ 30,215.60","₹ 28,704.82",Cancelled,,,Wallet
O001171,U00634,8/16/2025,Uttar Pradesh,Home,P0032,5,"₹ 9,830.04",5%,"₹ 49,150.20","₹ 46,692.69",Returned,5,,COD
O001172,U00209,4/3/2026,Delhi,Home,P0220,5,"₹ 8,302.15",0%,"₹ 41,510.75","₹ 41,510.75",Delivered,7,4,Wallet
O001173,U00093,6/8/2025,Rajasthan,Sports,P0058,2,"₹ 6,892.80",15%,"₹ 13,785.60","₹ 11,717.76",Delivered,4,,UPI
O001174,U00738,1/8/2026,West Bengal,Grocery,P0088,4,"₹ 4,404.71",15%,"₹ 17,618.84","₹ 14,976.01",Returned,3,,UPI
O001175,U00494,1/20/2025,Gujarat,Grocery,P0244,5,"₹ 1,482.40",10%,"₹ 7,412.00","₹ 6,670.80",Shipped,8,,UPI
O001176,U00624,3/3/2025,Haryana,Sports,P0049,4,"₹ 2,612.43",25%,"₹ 10,449.72","₹ 7,837.29",Cancelled,,,Wallet
O001177,U00734,10/6/2024,Rajasthan,Grocery,P0120,4,"₹ 8,834.43",25%,"₹ 35,337.72","₹ 26,503.29",Returned,5,,COD
O001178,U00608,6/23/2026,Maharashtra,Electronics,P0083,5,"₹ 4,561.79",20%,"₹ 22,808.95","₹ 18,247.16",Cancelled,,,Wallet
O001179,U00244,2/8/2025,West Bengal,Beauty,P0151,3,"₹ 1,017.57",15%,"₹ 3,052.71","₹ 2,594.80",Shipped,4,,Wallet
O001180,U00909,8/21/2025,Karnataka,Beauty,P0097,2,"₹ 5,412.63",20%,"₹ 10,825.26","₹ 8,660.21",Delivered,1,2,Card
O001181,U00368,12/29/2025,West Bengal,Home,P0126,1,"₹ 10,253.24",20%,"₹ 10,253.24","₹ 8,202.59",Shipped,7,,UPI
O001182,U00317,7/27/2025,Uttar Pradesh,Beauty,P0182,1,"₹ 8,394.04",5%,"₹ 8,394.04","₹ 7,974.34",Cancelled,,,Card
O001183,U00357,6/25/2026,Haryana,Fashion,P0099,4,"₹ 2,163.35",25%,"₹ 8,653.40","₹ 6,490.05",Cancelled,,,COD
O001184,U00090,12/3/2025,Maharashtra,Fashion,P0072,1,"₹ 9,045.79",5%,"₹ 9,045.79","₹ 8,593.50",Delivered,4,1,Card
O001185,U00590,1/19/2026,Tamil Nadu,Home,P0023,3,"₹ 1,797.22",0%,"₹ 5,391.66","₹ 5,391.66",Delivered,3,,Wallet
O001186,U00728,2/28/2025,Maharashtra,Grocery,P0156,4,"₹ 7,926.41",20%,"₹ 31,705.64","₹ 25,364.51",Returned,2,,Wallet
O001187,U00190,8/22/2025,Rajasthan,Home,P0144,3,"₹ 11,414.23",5%,"₹ 34,242.69","₹ 32,530.56",Cancelled,,,Wallet
O001188,U00434,4/26/2025,Karnataka,Electronics,P0025,4,"₹ 11,660.78",20%,"₹ 46,643.12","₹ 37,314.50",Shipped,4,,Wallet
O001189,U00167,3/28/2026,Uttar Pradesh,Grocery,P0236,4,"₹ 11,462.24",20%,"₹ 45,848.96","₹ 36,679.17",Returned,7,,COD
O001190,U00926,6/4/2025,West Bengal,Electronics,P0105,3,₹ 204.95,20%,₹ 614.85,₹ 491.88,Delivered,6,,Card
O001191,U00850,4/13/2025,Gujarat,Fashion,P0197,4,"₹ 5,529.47",10%,"₹ 22,117.88","₹ 19,906.09",Delivered,8,,Wallet
O001192,U00350,4/6/2025,Maharashtra,Electronics,P0220,1,"₹ 5,376.02",20%,"₹ 5,376.02","₹ 4,300.82",Cancelled,,,Card
O001193,U00874,11/3/2024,Delhi,sports,P0175,5,"₹ 1,056.23",25%,"₹ 5,281.15","₹ 3,960.86",Shipped,4,,UPI
O001194,U00052,2/5/2025,Rajasthan,Electronics,P0230,4,"₹ 1,142.75",5%,"₹ 4,571.00","₹ 4,342.45",Returned,4,,Card
O001195,U00912,5/7/2026,Rajasthan,Fashion,P0159,5,"₹ 4,493.36",0%,"₹ 22,466.80","₹ 22,466.80",Delivered,3,2,Wallet
O001196,U00609,5/13/2026,Delhi,Beauty,P0016,3,"₹ 8,474.68",10%,"₹ 25,424.04","₹ 22,881.64",Returned,2,,UPI
O001197,U00811,11/12/2024,Maharashtra,Home,P0064,5,"₹ 5,460.19",0%,"₹ 27,300.95","₹ 27,300.95",Cancelled,,,Card
O001198,U00024,2/13/2026,Telangana,Fashion,P0243,3,₹ 736.86,20%,"₹ 2,210.58","₹ 1,768.46",Shipped,4,,Wallet
O001199,U00911,10/25/2024,Haryana,Sports,P0156,5,"₹ 4,228.70",25%,"₹ 21,143.50","₹ 15,857.62",Delivered,5,3,UPI
O001200,U00393,10/19/2024,Delhi,Beauty,P0217,4,"₹ 1,143.83",0%,"₹ 4,575.32","₹ 4,575.32",Delivered,1,5,UPI
O001201,U00444,12/3/2024,Tamil Nadu,Grocery,P0057,2,"₹ 6,709.31",25%,"₹ 13,418.62","₹ 10,063.97",Delivered,6,2,UPI
O001202,U00127,2/13/2025,West Bengal,Beauty,P0044,1,"₹ 7,021.83",0%,"₹ 7,021.83","₹ 7,021.83",Delivered,4,,COD
O001203,U00748,8/10/2025,Gujarat,Grocery,P0257,5,"₹ 2,788.89",15%,"₹ 13,944.45","₹ 11,852.78",Returned,2,,UPI
O001204,U00011,5/3/2025,Uttar Pradesh,Fashion,P0090,2,"₹ 4,552.57",25%,"₹ 9,105.14","₹ 6,828.85",Delivered,7,4,Card
O001205,U00768,7/20/2025,Rajasthan,Grocery,P0146,3,₹ 141.70,25%,₹ 425.10,₹ 318.83,Delivered,2,3,COD
O001206,U00887,12/3/2025,Rajasthan,Grocery,P0253,5,"₹ 7,567.86",15%,"₹ 37,839.30","₹ 32,163.41",Delivered,7,1,COD
O001207,U00403,1/9/2025,Rajasthan,Grocery,P0108,5,"₹ 1,602.17",20%,"₹ 8,010.85","₹ 6,408.68",Delivered,2,1,Card
O001208,U00671,1/6/2025,Rajasthan,Beauty,P0188,5,"₹ 2,256.05",10%,"₹ 11,280.25","₹ 10,152.23",Delivered,6,,Wallet
O001209,U00563,9/1/2025,Telangana,Home,P0028,5,"₹ 2,526.36",5%,"₹ 12,631.80","₹ 12,000.21",Cancelled,,,Card
O001210,U00368,9/2/2024,West Bengal,Electronics,P0135,3,"₹ 4,664.47",25%,"₹ 13,993.41","₹ 10,495.06",Delivered,3,3,UPI
O001211,U00501,6/16/2025,Uttar Pradesh,Fashion,P0099,2,"₹ 5,972.68",25%,"₹ 11,945.36","₹ 8,959.02",Returned,5,,COD
O001212,U00153,8/3/2026,Rajasthan,Grocery,P0088,3,"₹ 1,251.94",10%,"₹ 3,755.82","₹ 3,380.24",Delivered,4,,COD
O001213,U00346,4/1/2026,Rajasthan,Sports,P0041,4,"₹ 3,132.14",10%,"₹ 12,528.56","₹ 11,275.70",Returned,6,,Card
O001214,U00811,5/17/2026,Delhi,Grocery,P0089,4,"₹ 10,111.22",5%,"₹ 40,444.88","₹ 38,422.64",Delivered,2,5,Wallet
O001215,U00116,5/17/2026,Tamil Nadu,Grocery,P0029,5,"₹ 10,190.64",15%,"₹ 50,953.20","₹ 43,310.22",Delivered,4,,Wallet
O001216,U00869,8/21/2026,Tamil Nadu,Fashion,P0019,2,"₹ 6,895.50",20%,"₹ 13,791.00","₹ 11,032.80",Delivered,3,,COD
O001217,U00114,2/13/2026,Tamil Nadu,Fashion,P0244,1,"₹ 8,496.63",15%,"₹ 8,496.63","₹ 7,222.14",Delivered,4,,Wallet
O001218,U00191,6/13/2025,West Bengal,Fashion,P0248,5,"₹ 2,399.46",5%,"₹ 11,997.30","₹ 11,397.43",Shipped,4,,UPI
O001219,U00608,7/3/2026,Rajasthan,Fashion,P0016,2,₹ 299.16,25%,₹ 598.32,₹ 448.74,Shipped,8,,COD
O001220,U00027,7/31/2024,Karnataka,Beauty,P0009,5,"₹ 9,587.33",20%,"₹ 47,936.65","₹ 38,349.32",Delivered,8,1,Wallet
O001221,U00747,8/14/2025,Tamil Nadu,Beauty,P0137,5,"₹ 10,914.46",10%,"₹ 54,572.30","₹ 49,115.07",Delivered,6,3,UPI
O001222,U00831,7/6/2026,Delhi,Sports,P0174,3,"₹ 1,758.74",5%,"₹ 5,276.22","₹ 5,012.41",Delivered,7,2,COD
O001223,U00381,4/5/2025,Uttar Pradesh,Home,P0158,5,"₹ 2,970.63",20%,"₹ 14,853.15","₹ 11,882.52",Delivered,7,5,UPI
O001224,U00180,12/3/2025,Haryana,Grocery,P0046,1,"₹ 2,163.76",25%,"₹ 2,163.76","₹ 1,622.82",Delivered,2,,UPI
O001225,U00823,12/6/2024,Rajasthan,Electronics,P0187,3,"₹ 10,548.49",25%,"₹ 31,645.47","₹ 23,734.10",Delivered,6,1,Wallet
O001226,U00080,2/6/2026,Gujarat,sports,P0183,1,"₹ 2,784.58",15%,"₹ 2,784.58","₹ 2,366.89",Cancelled,,,Card
O001227,U00383,9/7/2025,Telangana,Fashion,P0134,2,₹ 419.28,0%,₹ 838.56,₹ 838.56,Cancelled,,,Wallet
O001228,U00405,3/12/2025,Delhi,Sports,P0203,4,"₹ 3,458.61",20%,"₹ 13,834.44","₹ 11,067.55",Returned,2,,COD
O001229,U00769,7/8/2026,Karnataka,Electronics,P0200,1,"₹ 2,719.67",15%,"₹ 2,719.67","₹ 2,311.72",Delivered,2,,COD
O001230,U00042,8/31/2024,Rajasthan,Beauty,P0253,3,"₹ 5,161.86",25%,"₹ 15,485.58","₹ 11,614.18",Shipped,6,,Card
O001231,U00834,10/26/2025,Rajasthan,Grocery,P0133,3,"₹ 3,477.39",5%,"₹ 10,432.17","₹ 9,910.56",Returned,5,,Wallet
O001232,U00364,8/17/2026,West Bengal,Grocery,P0194,3,"₹ 5,231.77",20%,"₹ 15,695.31","₹ 12,556.25",Delivered,6,1,COD
O001233,U00520,6/28/2025,West Bengal,Sports,P0187,4,"₹ 9,674.62",5%,"₹ 38,698.48","₹ 36,763.56",Returned,3,,Wallet
O001234,U00512,5/7/2026,Delhi,Fashion,P0249,2,₹ 401.67,25%,₹ 803.34,₹ 602.50,Delivered,5,5,Card
O001235,U00836,2/25/2026,Rajasthan,Fashion,P0238,5,"₹ 5,639.01",20%,"₹ 28,195.05","₹ 22,556.04",Returned,6,,Card
O001236,U00444,1/16/2025,Tamil Nadu,Fashion,P0047,1,"₹ 10,292.29",10%,"₹ 10,292.29","₹ 9,263.06",Cancelled,,,COD
O001237,U00353,8/27/2026,Rajasthan,Home,P0082,5,₹ 438.62,0%,"₹ 2,193.10","₹ 2,193.10",Returned,5,,UPI
O001238,U00652,9/2/2024,Gujarat,Electronics,P0259,2,"₹ 7,070.81",5%,"₹ 14,141.62","₹ 13,434.54",Returned,4,,COD
O001239,U00689,12/5/2025,Rajasthan,Fashion,P0168,4,"₹ 3,372.50",15%,"₹ 13,490.00","₹ 11,466.50",Delivered,6,,COD
O001240,U00564,1/14/2026,Telangana,Beauty,P0078,1,"₹ 2,189.33",10%,"₹ 2,189.33","₹ 1,970.40",Shipped,3,,UPI
O001241,U00194,1/14/2025,Tamil Nadu,Electronics,P0030,5,₹ 598.28,25%,"₹ 2,991.40","₹ 2,243.55",Shipped,5,,COD
O001242,U00784,4/18/2026,Telangana,Home,P0141,1,"₹ 1,674.01",10%,"₹ 1,674.01","₹ 1,506.61",Cancelled,,,Wallet
O001243,U00502,8/26/2024,Maharashtra,Beauty,P0125,1,"₹ 10,656.65",15%,"₹ 10,656.65","₹ 9,058.15",Delivered,7,1,Card
O001244,U00589,11/14/2025,Rajasthan,Grocery,P0257,3,"₹ 2,990.78",5%,"₹ 8,972.34","₹ 8,523.72",Shipped,6,,COD
O001245,U00583,10/2/2025,Maharashtra,Beauty,P0120,1,"₹ 10,763.79",5%,"₹ 10,763.79","₹ 10,225.60",Delivered,2,,UPI
O001246,U00618,10/15/2025,Delhi,Home,P0235,1,"₹ 10,880.46",20%,"₹ 10,880.46","₹ 8,704.37",Returned,5,,COD
O001247,U00010,1/11/2025,Karnataka,Beauty,P0249,5,"₹ 4,776.50",15%,"₹ 23,882.50","₹ 20,300.12",Delivered,6,,COD
O001248,U00363,1/4/2025,Telangana,Beauty,P0229,3,"₹ 10,623.93",20%,"₹ 31,871.79","₹ 25,497.43",Delivered,6,1,Card
O001249,U00178,8/23/2025,Gujarat,Sports,P0135,2,"₹ 6,989.22",5%,"₹ 13,978.44","₹ 13,279.52",Delivered,3,1,Card
O001250,U00663,1/30/2025,Karnataka,Electronics,P0232,2,"₹ 3,169.27",20%,"₹ 6,338.54","₹ 5,070.83",Delivered,1,,COD
O001251,U00571,7/7/2024,Karnataka,Electronics,P0144,5,"₹ 9,174.00",15%,"₹ 45,870.00","₹ 38,989.50",Returned,4,,COD
O001252,U00738,9/1/2024,Karnataka,Electronics,P0133,3,"₹ 3,122.61",15%,"₹ 9,367.83","₹ 7,962.66",Shipped,6,,UPI
O001253,U00824,7/23/2024,Haryana,Grocery,P0154,5,"₹ 8,114.33",15%,"₹ 40,571.65","₹ 34,485.90",Returned,7,,Wallet
O001254,U00836,3/25/2026,Gujarat,Home,P0021,3,"₹ 9,145.71",5%,"₹ 27,437.13","₹ 26,065.27",Delivered,4,1,Wallet
O001255,U00160,9/13/2025,Tamil Nadu,Sports,P0218,3,"₹ 2,286.29",5%,"₹ 6,858.87","₹ 6,515.93",Returned,8,,COD
O001256,U00349,8/7/2025,Maharashtra,Grocery,P0216,3,"₹ 7,087.96",15%,"₹ 21,263.88","₹ 18,074.30",Delivered,1,1,Wallet
O001257,U00530,10/21/2025,Haryana,Electronics,P0122,5,"₹ 2,814.77",10%,"₹ 14,073.85","₹ 12,666.47",Returned,2,,Wallet
O001258,U00467,5/29/2025,Gujarat,Home,P0089,4,"₹ 11,436.64",0%,"₹ 45,746.56","₹ 45,746.56",Delivered,7,1,UPI
O001259,U00872,7/20/2026,Telangana,Electronics,P0239,3,"₹ 6,865.71",25%,"₹ 20,597.13","₹ 15,447.85",Cancelled,,,COD
O001260,U00104,1/20/2025,Telangana,Fashion,P0132,1,"₹ 7,787.83",15%,"₹ 7,787.83","₹ 6,619.66",Delivered,6,5,Wallet
O001261,U00013,10/18/2025,Delhi,Electronics,P0112,1,"₹ 8,860.77",0%,"₹ 8,860.77","₹ 8,860.77",Returned,2,,Wallet
O001262,U00051,4/26/2026,Telangana,Electronics,P0170,5,"₹ 7,493.39",15%,"₹ 37,466.95","₹ 31,846.91",Delivered,8,5,Wallet
O001263,U00839,11/1/2024,Haryana,Sports,P0083,1,"₹ 8,233.66",0%,"₹ 8,233.66","₹ 8,233.66",Delivered,4,,Wallet
O001264,U00763,3/21/2025,Telangana,Sports,P0140,2,"₹ 11,447.52",0%,"₹ 22,895.04","₹ 22,895.04",Delivered,6,1,Card
O001265,U00691,3/15/2026,Rajasthan,Beauty,P0076,2,"₹ 8,842.02",15%,"₹ 17,684.04","₹ 15,031.43",Delivered,5,,COD
O001266,U00496,1/30/2025,Karnataka,Fashion,P0061,5,₹ 379.73,25%,"₹ 1,898.65","₹ 1,423.99",Shipped,2,,COD
O001267,U00582,12/2/2024,Karnataka,Beauty,P0028,5,"₹ 1,451.25",25%,"₹ 7,256.25","₹ 5,442.19",Returned,7,,UPI
O001268,U00746,12/12/2024,Gujarat,Fashion,P0166,4,"₹ 2,065.21",0%,"₹ 8,260.84","₹ 8,260.84",Delivered,4,5,UPI
O001269,U00858,12/11/2025,Gujarat,Beauty,P0177,4,"₹ 5,782.72",0%,"₹ 23,130.88","₹ 23,130.88",Delivered,7,2,Card
O001270,U00311,8/27/2024,Karnataka,Sports,P0008,5,"₹ 2,753.13",5%,"₹ 13,765.65","₹ 13,077.37",Cancelled,,,Wallet
O001271,U00202,1/3/2026,Tamil Nadu,Home,P0156,4,"₹ 9,617.44",25%,"₹ 38,469.76","₹ 28,852.32",Returned,2,,Card
O001272,U00118,3/5/2026,Uttar Pradesh,Grocery,P0192,2,"₹ 9,540.32",25%,"₹ 19,080.64","₹ 14,310.48",Delivered,3,4,Card
O001273,U00925,5/2/2025,West Bengal,Beauty,P0159,3,"₹ 2,769.42",10%,"₹ 8,308.26","₹ 7,477.43",Delivered,7,3,Card
O001274,U00788,7/6/2026,Tamil Nadu,Fashion,P0080,3,"₹ 3,387.82",5%,"₹ 10,163.46","₹ 9,655.29",Delivered,4,5,Card
O001275,U00429,6/8/2026,Telangana,Sports,P0236,1,"₹ 3,353.57",15%,"₹ 3,353.57","₹ 2,850.53",Returned,1,,Card
O001276,U00565,9/29/2025,Delhi,Fashion,P0024,3,"₹ 5,769.75",5%,"₹ 17,309.25","₹ 16,443.79",Shipped,3,,COD
O001277,U00410,8/13/2026,Delhi,Electronics,P0151,5,"₹ 3,107.17",0%,"₹ 15,535.85","₹ 15,535.85",Delivered,8,2,Card
O001278,U00034,3/23/2026,Uttar Pradesh,Sports,P0109,4,"₹ 9,511.03",10%,"₹ 38,044.12","₹ 34,239.71",Cancelled,,,UPI
O001279,U00695,4/29/2025,Delhi,Sports,P0031,4,"₹ 11,074.76",10%,"₹ 44,299.04","₹ 39,869.14",Cancelled,,,Wallet
O001280,U00563,6/13/2025,Rajasthan,Grocery,P0158,3,"₹ 1,741.06",10%,"₹ 5,223.18","₹ 4,700.86",Delivered,3,1,Wallet
O001281,U00312,4/3/2025,West Bengal,Sports,P0204,4,"₹ 11,268.65",10%,"₹ 45,074.60","₹ 40,567.14",Returned,8,,COD
O001282,U00903,5/4/2025,Karnataka,Electronics,P0115,5,"₹ 4,575.63",15%,"₹ 22,878.15","₹ 19,446.43",Shipped,3,,COD
O001283,U00409,4/24/2025,Delhi,Grocery,P0193,2,"₹ 6,021.85",15%,"₹ 12,043.70","₹ 10,237.15",Returned,3,,UPI
O001284,U00408,3/29/2026,Tamil Nadu,Grocery,P0065,4,"₹ 6,573.44",20%,"₹ 26,293.76","₹ 21,035.01",Returned,6,,UPI
O001285,U00004,4/17/2026,Maharashtra,Sports,P0079,3,₹ 151.66,20%,₹ 454.98,₹ 363.98,Shipped,5,,Wallet
O001286,U00080,7/22/2024,Delhi,Beauty,P0070,4,"₹ 10,713.56",25%,"₹ 42,854.24","₹ 32,140.68",Cancelled,,,Card
O001287,U00825,6/27/2025,Maharashtra,Fashion,P0048,4,"₹ 10,353.63",15%,"₹ 41,414.52","₹ 35,202.34",Delivered,8,2,COD
O001288,U00104,2/12/2026,Haryana,Electronics,P0148,3,"₹ 4,990.97",10%,"₹ 14,972.91","₹ 13,475.62",Delivered,6,,UPI
O001289,U00457,6/25/2026,Tamil Nadu,Sports,P0183,5,"₹ 10,003.26",15%,"₹ 50,016.30","₹ 42,513.86",Returned,1,,Card
O001290,U00504,9/1/2024,Delhi,Sports,P0133,2,₹ 750.11,25%,"₹ 1,500.22","₹ 1,125.16",Shipped,3,,COD
O001291,U00824,6/25/2025,Gujarat,Beauty,P0134,5,"₹ 3,820.15",20%,"₹ 19,100.75","₹ 15,280.60",Shipped,4,,UPI
O001292,U00925,3/29/2025,Gujarat,Fashion,P0041,5,"₹ 4,230.67",5%,"₹ 21,153.35","₹ 20,095.68",Shipped,3,,COD
O001293,U00625,9/9/2025,Tamil Nadu,Beauty,P0110,3,"₹ 10,643.60",15%,"₹ 31,930.80","₹ 27,141.18",Delivered,2,1,COD
O001294,U00413,9/26/2024,Uttar Pradesh,Home,P0054,3,"₹ 1,091.80",20%,"₹ 3,275.40","₹ 2,620.32",Returned,5,,Card
O001295,U00294,8/21/2026,Delhi,Sports,P0208,4,"₹ 7,047.35",20%,"₹ 28,189.40","₹ 22,551.52",Cancelled,,,COD
O001296,U00875,7/3/2024,Maharashtra,Grocery,P0025,2,"₹ 5,367.64",5%,"₹ 10,735.28","₹ 10,198.52",Cancelled,,,UPI
O001297,U00415,5/24/2025,Uttar Pradesh,Beauty,P0127,3,"₹ 9,481.91",0%,"₹ 28,445.73","₹ 28,445.73",Shipped,1,,Card
O001298,U00106,4/29/2025,West Bengal,Beauty,P0230,4,"₹ 1,789.74",15%,"₹ 7,158.96","₹ 6,085.12",Returned,2,,Wallet
O001299,U00009,2/1/2026,Rajasthan,Home,P0192,4,"₹ 3,631.16",25%,"₹ 14,524.64","₹ 10,893.48",Delivered,5,3,Card
O001300,U00301,6/4/2026,Rajasthan,Beauty,P0054,1,"₹ 8,527.23",5%,"₹ 8,527.23","₹ 8,100.87",Cancelled,,,Wallet
O001301,U00231,4/2/2025,Uttar Pradesh,Electronics,P0225,2,"₹ 2,724.33",25%,"₹ 5,448.66","₹ 4,086.49",Delivered,4,2,UPI
O001302,U00445,3/27/2026,West Bengal,Sports,P0080,1,₹ 363.18,0%,₹ 363.18,₹ 363.18,Returned,1,,COD
O001303,U00631,10/20/2025,Tamil Nadu,Home,P0149,5,"₹ 5,456.37",15%,"₹ 27,281.85","₹ 23,189.57",Returned,5,,Wallet
O001304,U00078,1/5/2025,Haryana,Sports,P0105,2,"₹ 5,548.45",25%,"₹ 11,096.90","₹ 8,322.67",Cancelled,,,Card
O001305,U00199,2/28/2025,Haryana,Beauty,P0198,5,"₹ 3,468.78",25%,"₹ 17,343.90","₹ 13,007.93",Delivered,2,5,UPI
O001306,U00072,9/5/2025,Gujarat,Fashion,P0234,4,"₹ 8,335.56",10%,"₹ 33,342.24","₹ 30,008.02",Returned,6,,COD
O001307,U00062,9/26/2024,Karnataka,Beauty,P0079,1,"₹ 1,766.19",25%,"₹ 1,766.19","₹ 1,324.64",Delivered,4,3,Wallet
O001308,U00802,8/24/2025,Rajasthan,Beauty,P0013,2,"₹ 3,919.82",20%,"₹ 7,839.64","₹ 6,271.71",Cancelled,,,Card
O001309,U00606,7/31/2025,Maharashtra,Sports,P0189,4,"₹ 8,234.78",25%,"₹ 32,939.12","₹ 24,704.34",Delivered,1,1,COD
O001310,U00848,5/28/2026,Delhi,Fashion,P0112,1,"₹ 2,917.22",15%,"₹ 2,917.22","₹ 2,479.64",Cancelled,,,UPI
O001311,U00133,3/21/2025,Delhi,Grocery,P0037,1,"₹ 6,548.75",10%,"₹ 6,548.75","₹ 5,893.88",Cancelled,,,COD
O001312,U00595,3/26/2026,West Bengal,Fashion,P0068,4,"₹ 5,852.83",0%,"₹ 23,411.32","₹ 23,411.32",Delivered,7,4,UPI
O001313,U00208,1/25/2026,Delhi,Electronics,P0253,3,"₹ 11,303.30",5%,"₹ 33,909.90","₹ 32,214.40",Delivered,3,5,UPI
O001314,U00759,11/17/2025,Maharashtra,Home,P0121,1,"₹ 2,789.93",25%,"₹ 2,789.93","₹ 2,092.45",Returned,4,,UPI
O001315,U00788,2/24/2025,Haryana,Fashion,P0089,2,"₹ 5,989.34",25%,"₹ 11,978.68","₹ 8,984.01",Delivered,6,,COD
O001316,U00022,10/18/2025,Rajasthan,Sports,P0249,1,₹ 807.10,0%,₹ 807.10,₹ 807.10,Cancelled,,,Wallet
O001317,U00717,3/19/2025,Haryana,Electronics,P0091,2,"₹ 3,084.35",15%,"₹ 6,168.70","₹ 5,243.39",Delivered,5,,Card
O001318,U00832,7/30/2025,Tamil Nadu,Home,P0124,1,₹ 823.20,5%,₹ 823.20,₹ 782.04,Delivered,1,1,Card
O001319,U00706,3/15/2026,Karnataka,Electronics,P0226,1,"₹ 2,267.56",5%,"₹ 2,267.56","₹ 2,154.18",Returned,2,,COD
O001320,U00700,3/27/2025,West Bengal,Electronics,P0038,2,"₹ 5,312.52",5%,"₹ 10,625.04","₹ 10,093.79",Cancelled,,,COD
O001321,U00253,6/11/2026,Gujarat,Electronics,P0094,1,"₹ 11,874.47",20%,"₹ 11,874.47","₹ 9,499.58",Delivered,4,2,Wallet
O001322,U00795,2/18/2026,Rajasthan,Fashion,P0038,4,"₹ 8,054.89",25%,"₹ 32,219.56","₹ 24,164.67",Returned,7,,COD
O001323,U00877,4/21/2025,Rajasthan,Fashion,P0126,1,"₹ 4,904.33",15%,"₹ 4,904.33","₹ 4,168.68",Shipped,2,,UPI
O001324,U00375,11/16/2024,Tamil Nadu,Sports,P0043,2,"₹ 10,131.42",25%,"₹ 20,262.84","₹ 15,197.13",Delivered,8,4,UPI
O001325,U00252,11/23/2025,Rajasthan,Grocery,P0016,3,"₹ 8,113.42",15%,"₹ 24,340.26","₹ 20,689.22",Shipped,5,,COD
O001326,U00298,2/1/2026,Uttar Pradesh,Sports,P0140,3,"₹ 1,397.90",5%,"₹ 4,193.70","₹ 3,984.01",Cancelled,,,Wallet
O001327,U00904,7/2/2026,Delhi,Grocery,P0087,1,"₹ 3,349.47",25%,"₹ 3,349.47","₹ 2,512.10",Delivered,7,5,COD
O001328,U00252,7/6/2026,Delhi,Sports,P0018,2,"₹ 3,393.38",10%,"₹ 6,786.76","₹ 6,108.08",Delivered,1,5,COD
O001329,U00158,7/1/2026,Rajasthan,Fashion,P0255,5,"₹ 1,420.79",10%,"₹ 7,103.95","₹ 6,393.56",Delivered,2,2,Wallet
O001330,U00030,1/22/2026,Karnataka,Electronics,P0234,4,"₹ 6,840.66",5%,"₹ 27,362.64","₹ 25,994.51",Cancelled,,,Wallet
O001331,U00446,3/12/2026,Uttar Pradesh,Electronics,P0041,4,"₹ 10,865.32",20%,"₹ 43,461.28","₹ 34,769.02",Returned,1,,COD
O001332,U00049,6/16/2025,Uttar Pradesh,Fashion,P0115,4,"₹ 1,609.99",15%,"₹ 6,439.96","₹ 5,473.97",Delivered,7,4,Wallet
O001333,U00004,7/18/2026,Maharashtra,Grocery,P0190,4,"₹ 4,331.67",25%,"₹ 17,326.68","₹ 12,995.01",Delivered,8,3,UPI
O001334,U00629,10/28/2024,Haryana,Sports,P0180,1,"₹ 11,510.25",15%,"₹ 11,510.25","₹ 9,783.71",Delivered,8,4,COD
O001335,U00010,11/30/2024,West Bengal,Fashion,P0108,2,"₹ 3,262.56",20%,"₹ 6,525.12","₹ 5,220.10",Delivered,7,1,UPI
O001336,U00453,8/4/2024,Rajasthan,Grocery,P0241,2,"₹ 9,111.02",20%,"₹ 18,222.04","₹ 14,577.63",Cancelled,,,Wallet
O001337,U00134,5/22/2025,Delhi,Grocery,P0164,4,"₹ 10,297.67",20%,"₹ 41,190.68","₹ 32,952.54",Shipped,7,,Card
O001338,U00385,8/1/2024,Delhi,Home,P0182,4,"₹ 9,091.82",0%,"₹ 36,367.28","₹ 36,367.28",Delivered,4,,COD
O001339,U00632,1/20/2025,Delhi,Beauty,P0246,1,"₹ 11,068.26",15%,"₹ 11,068.26","₹ 9,408.02",Delivered,3,4,Wallet
O001340,U00721,2/25/2025,Uttar Pradesh,Electronics,P0206,3,"₹ 6,169.91",20%,"₹ 18,509.73","₹ 14,807.78",Shipped,3,,Card
O001341,U00804,12/13/2024,Rajasthan,Grocery,P0182,3,"₹ 11,319.29",0%,"₹ 33,957.87","₹ 33,957.87",Delivered,5,2,Wallet
O001342,U00865,8/31/2024,Gujarat,Home,P0167,3,"₹ 8,214.99",20%,"₹ 24,644.97","₹ 19,715.98",Returned,5,,Card
O001343,U00746,8/28/2026,Tamil Nadu,Beauty,P0100,3,"₹ 6,257.83",25%,"₹ 18,773.49","₹ 14,080.12",Shipped,1,,Card
O001344,U00160,6/7/2025,Delhi,Electronics,P0047,2,"₹ 7,600.98",25%,"₹ 15,201.96","₹ 11,401.47",Delivered,1,,Wallet
O001345,U00242,4/11/2025,Maharashtra,Home,P0041,2,"₹ 4,128.95",20%,"₹ 8,257.90","₹ 6,606.32",Cancelled,,,Card
O001346,U00948,1/15/2026,West Bengal,Electronics,P0217,4,"₹ 5,515.66",5%,"₹ 22,062.64","₹ 20,959.51",Delivered,5,3,COD
O001347,U00360,7/21/2024,West Bengal,electronics,P0029,5,"₹ 4,673.25",15%,"₹ 23,366.25","₹ 19,861.31",Shipped,1,,Card
O001348,U00746,3/26/2026,Telangana,Fashion,P0206,1,"₹ 3,873.37",0%,"₹ 3,873.37","₹ 3,873.37",Cancelled,,,COD
O001349,U00840,5/4/2025,Maharashtra,Fashion,P0182,1,₹ 194.17,20%,₹ 194.17,₹ 155.34,Returned,5,,UPI
O001350,U00776,12/7/2024,Gujarat,Sports,P0134,2,"₹ 5,800.31",25%,"₹ 11,600.62","₹ 8,700.47",Shipped,1,,Wallet
O001351,U00150,8/31/2025,Maharashtra,Beauty,P0065,4,"₹ 8,048.04",20%,"₹ 32,192.16","₹ 25,753.73",Returned,3,,Card
O001352,U00901,8/13/2024,Karnataka,Electronics,P0231,3,"₹ 6,013.78",15%,"₹ 18,041.34","₹ 15,335.14",Delivered,8,1,Wallet
O001353,U00334,8/8/2026,Tamil Nadu,Sports,P0101,2,"₹ 10,773.63",25%,"₹ 21,547.26","₹ 16,160.44",Shipped,4,,Wallet
O001354,U00421,8/19/2026,Tamil Nadu,Sports,P0033,2,"₹ 4,478.48",25%,"₹ 8,956.96","₹ 6,717.72",Delivered,8,,COD
O001355,U00020,2/5/2025,Maharashtra,Beauty,P0044,5,"₹ 10,729.90",10%,"₹ 53,649.50","₹ 48,284.55",Delivered,1,4,Card
O001356,U00405,6/23/2025,Tamil Nadu,Fashion,P0234,4,"₹ 6,074.48",0%,"₹ 24,297.92","₹ 24,297.92",Shipped,8,,Wallet
O001357,U00188,9/18/2024,West Bengal,Beauty,P0173,1,"₹ 10,083.85",5%,"₹ 10,083.85","₹ 9,579.66",Cancelled,,,UPI
O001358,U00417,4/30/2025,Maharashtra,Grocery,P0074,1,"₹ 7,171.87",10%,"₹ 7,171.87","₹ 6,454.68",Delivered,1,3,Wallet
O001359,U00504,10/7/2025,Rajasthan,Grocery,P0129,5,"₹ 2,344.25",5%,"₹ 11,721.25","₹ 11,135.19",Delivered,2,2,UPI
O001360,U00351,7/27/2024,Karnataka,Fashion,P0024,4,"₹ 10,254.59",5%,"₹ 41,018.36","₹ 38,967.44",Delivered,1,1,COD
O001361,U00905,10/25/2025,Maharashtra,Electronics,P0197,3,"₹ 1,457.07",15%,"₹ 4,371.21","₹ 3,715.53",Cancelled,,,Wallet
O001362,U00797,2/17/2026,Haryana,Sports,P0019,2,"₹ 11,562.52",5%,"₹ 23,125.04","₹ 21,968.79",Returned,7,,UPI
O001363,U00888,1/17/2026,Gujarat,Electronics,P0214,2,"₹ 8,137.52",25%,"₹ 16,275.04","₹ 12,206.28",Shipped,2,,COD
O001364,U00509,12/19/2024,Delhi,Beauty,P0043,4,"₹ 1,298.01",10%,"₹ 5,192.04","₹ 4,672.84",Delivered,2,,COD
O001365,U00094,6/26/2025,Maharashtra,Home,P0134,5,"₹ 9,694.19",20%,"₹ 48,470.95","₹ 38,776.76",Delivered,8,5,COD
O001366,U00820,10/22/2025,Delhi,Electronics,P0260,5,"₹ 11,233.66",20%,"₹ 56,168.30","₹ 44,934.64",Returned,7,,UPI
O001367,U00052,4/24/2025,Haryana,Sports,P0126,5,"₹ 7,801.64",0%,"₹ 39,008.20","₹ 39,008.20",Returned,3,,Wallet
O001368,U00624,6/1/2026,Maharashtra,Home,P0134,3,₹ 192.46,25%,₹ 577.38,₹ 433.03,Cancelled,,,Wallet
O001369,U00029,10/31/2025,Haryana,Sports,P0096,2,"₹ 3,994.60",10%,"₹ 7,989.20","₹ 7,190.28",Returned,7,,UPI
O001370,U00549,3/12/2026,Karnataka,Fashion,P0148,4,"₹ 11,748.90",10%,"₹ 46,995.60","₹ 42,296.04",Shipped,2,,Card
O001371,U00382,5/2/2026,Karnataka,Grocery,P0053,2,"₹ 2,708.30",5%,"₹ 5,416.60","₹ 5,145.77",Returned,4,,COD
O001372,U00834,5/29/2026,Telangana,Grocery,P0114,2,"₹ 1,448.67",20%,"₹ 2,897.34","₹ 2,317.87",Delivered,2,,Card
O001373,U00678,3/19/2026,Maharashtra,beauty,P0186,5,"₹ 6,376.00",20%,"₹ 31,880.00","₹ 25,504.00",Cancelled,,,Card
O001374,U00442,7/7/2024,Karnataka,Electronics,P0250,2,"₹ 4,013.12",15%,"₹ 8,026.24","₹ 6,822.30",Cancelled,,,COD
O001375,U00380,7/17/2025,Maharashtra,Home,P0255,4,"₹ 2,631.52",25%,"₹ 10,526.08","₹ 7,894.56",Shipped,7,,COD
O001376,U00799,7/27/2024,Telangana,Fashion,P0242,4,"₹ 8,206.40",20%,"₹ 32,825.60","₹ 26,260.48",Cancelled,,,COD
O001377,U00442,9/26/2024,Uttar Pradesh,Grocery,P0078,3,"₹ 1,627.79",15%,"₹ 4,883.37","₹ 4,150.86",Cancelled,,,Card
O001378,U00503,7/4/2026,Gujarat,Fashion,P0115,1,"₹ 6,706.46",15%,"₹ 6,706.46","₹ 5,700.49",Delivered,3,4,Wallet
O001379,U00249,7/20/2024,West Bengal,Electronics,P0152,5,"₹ 9,485.31",25%,"₹ 47,426.55","₹ 35,569.91",Delivered,1,1,UPI
O001380,U00725,4/29/2025,Tamil Nadu,Grocery,P0139,1,"₹ 5,489.80",5%,"₹ 5,489.80","₹ 5,215.31",Cancelled,,,COD
O001381,U00740,10/1/2025,Uttar Pradesh,Grocery,P0060,1,"₹ 6,181.73",20%,"₹ 6,181.73","₹ 4,945.38",Returned,1,,Wallet
O001382,U00188,11/30/2024,West Bengal,Electronics,P0177,5,"₹ 4,012.86",5%,"₹ 20,064.30","₹ 19,061.08",Shipped,4,,Wallet
O001383,U00881,1/31/2025,Delhi,Beauty,P0050,4,"₹ 9,793.56",15%,"₹ 39,174.24","₹ 33,298.10",Delivered,1,4,UPI
O001384,U00382,8/14/2026,Rajasthan,Sports,P0078,2,"₹ 1,557.49",20%,"₹ 3,114.98","₹ 2,491.98",Cancelled,,,UPI
O001385,U00212,10/7/2025,Karnataka,Beauty,P0197,1,"₹ 7,116.91",10%,"₹ 7,116.91","₹ 6,405.22",Delivered,7,,Card
O001386,U00811,1/10/2026,Tamil Nadu,Beauty,P0116,3,"₹ 7,514.49",20%,"₹ 22,543.47","₹ 18,034.78",Shipped,6,,UPI
O001387,U00322,12/31/2024,Gujarat,Sports,P0039,3,"₹ 1,717.74",10%,"₹ 5,153.22","₹ 4,637.90",Delivered,5,5,Card
O001388,U00464,4/23/2026,Rajasthan,Fashion,P0214,4,"₹ 9,627.24",25%,"₹ 38,508.96","₹ 28,881.72",Delivered,1,3,UPI
O001389,U00578,11/25/2025,Delhi,Home,P0041,1,"₹ 1,766.85",0%,"₹ 1,766.85","₹ 1,766.85",Delivered,2,3,Wallet
O001390,U00762,1/31/2026,Maharashtra,Home,P0158,2,"₹ 7,841.17",10%,"₹ 15,682.34","₹ 14,114.11",Cancelled,,,COD
O001391,U00618,3/16/2026,Maharashtra,Home,P0108,1,"₹ 2,720.07",25%,"₹ 2,720.07","₹ 2,040.05",Returned,5,,UPI
O001392,U00698,4/2/2025,Tamil Nadu,Sports,P0186,1,"₹ 4,290.47",25%,"₹ 4,290.47","₹ 3,217.85",Cancelled,,,COD
O001393,U00132,3/23/2026,Maharashtra,Grocery,P0193,4,"₹ 1,700.08",10%,"₹ 6,800.32","₹ 6,120.29",Shipped,1,,UPI
O001394,U00680,4/12/2025,Karnataka,Beauty,P0017,5,"₹ 8,876.99",20%,"₹ 44,384.95","₹ 35,507.96",Shipped,7,,COD
O001395,U00226,6/11/2026,Delhi,Electronics,P0235,5,"₹ 9,680.97",10%,"₹ 48,404.85","₹ 43,564.36",Delivered,6,,COD
O001396,U00071,5/17/2025,Gujarat,Grocery,P0140,3,"₹ 2,676.10",15%,"₹ 8,028.30","₹ 6,824.06",Delivered,3,5,COD
O001397,U00343,9/3/2024,Haryana,Home,P0199,1,"₹ 11,705.41",25%,"₹ 11,705.41","₹ 8,779.06",Returned,2,,UPI
O001398,U00312,7/15/2025,Maharashtra,Home,P0132,1,"₹ 1,839.52",10%,"₹ 1,839.52","₹ 1,655.57",Shipped,3,,UPI
O001399,U00467,4/26/2026,Delhi,Sports,P0030,1,"₹ 9,111.91",0%,"₹ 9,111.91","₹ 9,111.91",Returned,2,,UPI
O001400,U00015,10/11/2025,Haryana,Grocery,P0207,4,₹ 707.80,10%,"₹ 2,831.20","₹ 2,548.08",Shipped,4,,UPI
O001401,U00346,6/30/2025,Delhi,Grocery,P0237,4,"₹ 8,559.89",25%,"₹ 34,239.56","₹ 25,679.67",Returned,4,,Wallet
O001402,U00106,7/16/2024,West Bengal,Grocery,P0135,1,₹ 225.08,25%,₹ 225.08,₹ 168.81,Shipped,6,,UPI
O001403,U00245,7/18/2025,Karnataka,Sports,P0052,1,"₹ 9,842.44",20%,"₹ 9,842.44","₹ 7,873.95",Cancelled,,,Card
O001404,U00846,9/26/2024,Karnataka,Fashion,P0147,2,"₹ 9,569.64",5%,"₹ 19,139.28","₹ 18,182.32",Returned,6,,COD
O001405,U00574,11/2/2024,Karnataka,Home,P0104,3,"₹ 6,070.60",15%,"₹ 18,211.80","₹ 15,480.03",Cancelled,,,UPI
O001406,U00837,9/16/2024,Rajasthan,Fashion,P0021,1,"₹ 5,414.09",10%,"₹ 5,414.09","₹ 4,872.68",Delivered,4,,Card
O001407,U00043,7/14/2025,Uttar Pradesh,Beauty,P0057,2,"₹ 11,914.42",0%,"₹ 23,828.84","₹ 23,828.84",Cancelled,,,Wallet
O001408,U00904,12/12/2025,Maharashtra,Electronics,P0252,5,₹ 923.63,20%,"₹ 4,618.15","₹ 3,694.52",Delivered,7,2,Card
O001409,U00663,9/18/2025,Haryana,Beauty,P0210,2,"₹ 1,267.45",15%,"₹ 2,534.90","₹ 2,154.66",Cancelled,,,COD
O001410,U00548,4/24/2026,West Bengal,Electronics,P0208,3,"₹ 2,006.26",0%,"₹ 6,018.78","₹ 6,018.78",Delivered,1,4,Card
O001411,U00654,12/8/2025,Rajasthan,Sports,P0243,4,"₹ 8,264.18",15%,"₹ 33,056.72","₹ 28,098.21",Delivered,7,,COD
O001412,U00600,8/2/2025,Tamil Nadu,Fashion,P0163,3,"₹ 11,427.90",20%,"₹ 34,283.70","₹ 27,426.96",Shipped,5,,COD
O001413,U00022,8/24/2024,Maharashtra,Home,P0202,1,"₹ 9,585.91",5%,"₹ 9,585.91","₹ 9,106.61",Shipped,8,,UPI
O001414,U00388,10/15/2024,West Bengal,Beauty,P0237,4,"₹ 10,452.91",10%,"₹ 41,811.64","₹ 37,630.48",Delivered,6,,Card
O001415,U00840,7/10/2024,Karnataka,Fashion,P0051,3,"₹ 1,946.48",5%,"₹ 5,839.44","₹ 5,547.47",Shipped,1,,UPI
O001416,U00677,8/18/2026,Karnataka,Beauty,P0197,5,"₹ 8,360.46",0%,"₹ 41,802.30","₹ 41,802.30",Cancelled,,,COD
O001417,U00301,2/12/2026,Gujarat,Grocery,P0188,4,"₹ 11,200.46",5%,"₹ 44,801.84","₹ 42,561.75",Delivered,6,3,Wallet
O001418,U00396,2/15/2026,Delhi,Home,P0221,3,"₹ 4,022.87",0%,"₹ 12,068.61","₹ 12,068.61",Returned,8,,Card
O001419,U00282,1/19/2025,Tamil Nadu,Electronics,P0217,4,"₹ 8,180.40",15%,"₹ 32,721.60","₹ 27,813.36",Shipped,4,,Wallet
O001420,U00595,9/30/2024,Gujarat,Grocery,P0188,5,"₹ 3,676.04",10%,"₹ 18,380.20","₹ 16,542.18",Returned,7,,COD
O001421,U00379,7/11/2026,West Bengal,Beauty,P0193,4,"₹ 1,343.03",5%,"₹ 5,372.12","₹ 5,103.51",Cancelled,,,Card
O001422,U00644,9/21/2025,Rajasthan,Electronics,P0054,2,"₹ 5,431.63",15%,"₹ 10,863.26","₹ 9,233.77",Cancelled,,,Card
O001423,U00851,2/3/2026,Tamil Nadu,Electronics,P0134,4,"₹ 3,603.51",25%,"₹ 14,414.04","₹ 10,810.53",Returned,2,,COD
O001424,U00277,7/18/2026,Gujarat,Beauty,P0037,5,"₹ 4,120.75",5%,"₹ 20,603.75","₹ 19,573.56",Delivered,6,1,Card
O001425,U00815,12/7/2024,Telangana,Grocery,P0240,3,"₹ 10,113.65",15%,"₹ 30,340.95","₹ 25,789.81",Delivered,7,1,COD
O001426,U00358,7/4/2026,Haryana,Fashion,P0142,5,"₹ 4,962.60",0%,"₹ 24,813.00","₹ 24,813.00",Cancelled,,,Card
O001427,U00837,1/7/2025,Uttar Pradesh,Home,P0222,4,"₹ 5,334.63",0%,"₹ 21,338.52","₹ 21,338.52",Cancelled,,,Card
O001428,U00346,2/19/2025,Gujarat,Home,P0240,2,"₹ 11,083.78",10%,"₹ 22,167.56","₹ 19,950.80",Cancelled,,,UPI
O001429,U00197,7/19/2024,Delhi,Fashion,P0041,2,"₹ 9,522.83",20%,"₹ 19,045.66","₹ 15,236.53",Returned,5,,UPI
O001430,U00809,8/1/2026,Rajasthan,Sports,P0260,3,"₹ 2,416.25",25%,"₹ 7,248.75","₹ 5,436.56",Delivered,7,4,COD
O001431,U00841,7/22/2025,Gujarat,Electronics,P0249,2,₹ 233.69,25%,₹ 467.38,₹ 350.53,Delivered,3,4,COD
O001432,U00309,7/14/2024,Delhi,Fashion,P0029,4,"₹ 2,367.16",20%,"₹ 9,468.64","₹ 7,574.91",Delivered,7,4,UPI
O001433,U00518,10/25/2025,Tamil Nadu,Sports,P0187,5,"₹ 5,516.45",15%,"₹ 27,582.25","₹ 23,444.91",Delivered,6,2,Wallet
O001434,U00638,11/15/2025,Gujarat,Home,P0095,3,"₹ 5,656.08",5%,"₹ 16,968.24","₹ 16,119.83",Shipped,8,,COD
O001435,U00017,8/7/2024,Tamil Nadu,Electronics,P0248,2,"₹ 11,763.24",25%,"₹ 23,526.48","₹ 17,644.86",Delivered,4,2,UPI
O001436,U00104,8/27/2025,West Bengal,Beauty,P0062,3,"₹ 7,320.78",15%,"₹ 21,962.34","₹ 18,667.99",Delivered,3,3,UPI
O001437,U00419,5/30/2026,Tamil Nadu,Beauty,P0002,5,"₹ 1,328.21",25%,"₹ 6,641.05","₹ 4,980.79",Returned,1,,Card
O001438,U00825,6/24/2025,Karnataka,Fashion,P0141,5,"₹ 3,350.59",15%,"₹ 16,752.95","₹ 14,240.01",Shipped,1,,Wallet
O001439,U00838,8/27/2025,Karnataka,Electronics,P0248,3,"₹ 6,058.44",5%,"₹ 18,175.32","₹ 17,266.55",Delivered,4,2,Wallet
O001440,U00004,6/6/2026,Telangana,Beauty,P0075,3,"₹ 5,939.30",15%,"₹ 17,817.90","₹ 15,145.22",Returned,6,,Wallet
O001441,U00488,9/4/2024,Uttar Pradesh,Home,P0152,2,"₹ 2,074.98",25%,"₹ 4,149.96","₹ 3,112.47",Delivered,2,2,UPI
O001442,U00353,7/25/2025,Uttar Pradesh,Grocery,P0028,5,"₹ 11,668.99",0%,"₹ 58,344.95","₹ 58,344.95",Shipped,5,,Wallet
O001443,U00783,7/14/2025,Telangana,Beauty,P0195,5,"₹ 1,194.75",15%,"₹ 5,973.75","₹ 5,077.69",Returned,8,,Card
O001444,U00945,5/8/2025,Tamil Nadu,Fashion,P0057,2,"₹ 11,792.41",0%,"₹ 23,584.82","₹ 23,584.82",Shipped,6,,Wallet
O001445,U00580,12/11/2024,Maharashtra,Beauty,P0167,1,"₹ 2,123.91",20%,"₹ 2,123.91","₹ 1,699.13",Delivered,2,,COD
O001446,U00345,7/18/2026,Uttar Pradesh,Fashion,P0188,2,"₹ 2,216.79",0%,"₹ 4,433.58","₹ 4,433.58",Delivered,7,3,Wallet
O001447,U00379,5/11/2026,Maharashtra,Grocery,P0185,3,"₹ 5,456.53",10%,"₹ 16,369.59","₹ 14,732.63",Cancelled,,,UPI
O001448,U00514,8/26/2025,Karnataka,Electronics,P0140,5,"₹ 9,027.01",25%,"₹ 45,135.05","₹ 33,851.29",Delivered,7,4,COD
O001449,U00858,12/22/2025,Gujarat,beauty,P0170,5,"₹ 9,091.85",25%,"₹ 45,459.25","₹ 34,094.44",Returned,8,,Card
O001450,U00689,8/1/2026,Uttar Pradesh,Home,P0104,4,"₹ 1,589.60",20%,"₹ 6,358.40","₹ 5,086.72",Cancelled,,,UPI
O001451,U00728,9/25/2025,West Bengal,Electronics,P0103,2,"₹ 4,600.99",10%,"₹ 9,201.98","₹ 8,281.78",Shipped,8,,Card
O001452,U00645,3/2/2025,Karnataka,Home,P0258,4,"₹ 6,563.62",20%,"₹ 26,254.48","₹ 21,003.58",Delivered,5,5,COD
O001453,U00867,11/9/2024,Tamil Nadu,Fashion,P0200,5,"₹ 1,795.94",20%,"₹ 8,979.70","₹ 7,183.76",Delivered,3,,COD
O001454,U00684,4/2/2025,Maharashtra,Grocery,P0210,4,"₹ 11,561.92",15%,"₹ 46,247.68","₹ 39,310.53",Returned,2,,Card
O001455,U00039,8/6/2026,Uttar Pradesh,Sports,P0221,4,₹ 624.91,20%,"₹ 2,499.64","₹ 1,999.71",Cancelled,,,Wallet
O001456,U00020,9/4/2025,Rajasthan,Grocery,P0245,5,"₹ 1,420.08",0%,"₹ 7,100.40","₹ 7,100.40",Shipped,6,,Card
O001457,U00668,12/12/2024,Rajasthan,Sports,P0139,2,"₹ 6,461.45",15%,"₹ 12,922.90","₹ 10,984.47",Delivered,5,4,COD
O001458,U00916,6/23/2025,Delhi,Grocery,P0070,4,"₹ 5,483.81",15%,"₹ 21,935.24","₹ 18,644.95",Delivered,4,1,Card
O001459,U00746,1/4/2025,West Bengal,Grocery,P0126,3,"₹ 7,175.79",20%,"₹ 21,527.37","₹ 17,221.90",Delivered,4,3,COD
O001460,U00593,7/22/2026,Gujarat,Electronics,P0017,1,"₹ 4,006.01",0%,"₹ 4,006.01","₹ 4,006.01",Delivered,1,,UPI
O001461,U00767,12/29/2024,Telangana,Beauty,P0145,1,"₹ 8,706.69",20%,"₹ 8,706.69","₹ 6,965.35",Shipped,5,,Wallet
O001462,U00347,3/25/2026,Telangana,Electronics,P0238,4,"₹ 10,783.64",5%,"₹ 43,134.56","₹ 40,977.83",Returned,1,,UPI
O001463,U00685,10/16/2025,Karnataka,Beauty,P0119,2,"₹ 7,451.98",5%,"₹ 14,903.96","₹ 14,158.76",Shipped,7,,Card
O001464,U00004,8/3/2026,West Bengal,Grocery,P0173,1,"₹ 4,196.92",15%,"₹ 4,196.92","₹ 3,567.38",Delivered,6,,Wallet
O001465,U00886,3/24/2025,Rajasthan,Beauty,P0195,4,"₹ 3,827.63",20%,"₹ 15,310.52","₹ 12,248.42",Delivered,7,,UPI
O001466,U00252,3/28/2025,Gujarat,Electronics,P0195,4,₹ 903.63,0%,"₹ 3,614.52","₹ 3,614.52",Delivered,8,2,UPI
O001467,U00601,1/27/2026,Karnataka,Home,P0180,4,"₹ 4,799.01",25%,"₹ 19,196.04","₹ 14,397.03",Delivered,6,,UPI
O001468,U00636,12/28/2024,Karnataka,Fashion,P0069,3,"₹ 6,734.10",0%,"₹ 20,202.30","₹ 20,202.30",Shipped,3,,Wallet
O001469,U00461,3/2/2026,Karnataka,Sports,P0004,4,"₹ 7,048.23",10%,"₹ 28,192.92","₹ 25,373.63",Cancelled,,,Wallet
O001470,U00085,2/7/2025,Gujarat,Electronics,P0043,4,"₹ 10,447.42",5%,"₹ 41,789.68","₹ 39,700.20",Cancelled,,,COD
O001471,U00493,5/6/2026,Uttar Pradesh,Sports,P0121,4,"₹ 5,989.26",5%,"₹ 23,957.04","₹ 22,759.19",Delivered,4,,Card
O001472,U00250,11/1/2025,Rajasthan,Home,P0001,1,"₹ 1,654.99",20%,"₹ 1,654.99","₹ 1,323.99",Returned,5,,UPI
O001473,U00919,1/1/2026,Rajasthan,Home,P0093,4,"₹ 7,921.57",10%,"₹ 31,686.28","₹ 28,517.65",Delivered,5,3,UPI
O001474,U00056,7/4/2024,Gujarat,Electronics,P0140,4,"₹ 11,947.58",0%,"₹ 47,790.32","₹ 47,790.32",Delivered,4,,Card
O001475,U00613,8/27/2026,Rajasthan,Fashion,P0212,5,"₹ 5,945.36",10%,"₹ 29,726.80","₹ 26,754.12",Delivered,7,1,COD
O001476,U00330,12/7/2024,Rajasthan,Sports,P0247,5,"₹ 7,841.14",25%,"₹ 39,205.70","₹ 29,404.27",Returned,3,,Card
O001477,U00193,7/6/2026,Rajasthan,Sports,P0234,3,"₹ 4,146.94",15%,"₹ 12,440.82","₹ 10,574.70",Shipped,1,,UPI
O001478,U00420,11/19/2024,Haryana,Electronics,P0143,4,"₹ 8,662.75",10%,"₹ 34,651.00","₹ 31,185.90",Delivered,2,5,Card
O001479,U00816,1/31/2025,Haryana,Beauty,P0110,2,"₹ 6,017.62",10%,"₹ 12,035.24","₹ 10,831.72",Delivered,4,,Wallet
O001480,U00805,8/18/2024,Karnataka,Home,P0020,1,"₹ 5,693.01",5%,"₹ 5,693.01","₹ 5,408.36",Delivered,6,,COD
O001481,U00144,10/20/2024,Delhi,Sports,P0255,2,"₹ 10,716.88",25%,"₹ 21,433.76","₹ 16,075.32",Returned,5,,Card
O001482,U00641,4/26/2026,Telangana,Home,P0192,5,"₹ 3,469.94",20%,"₹ 17,349.70","₹ 13,879.76",Cancelled,,,COD
O001483,U00492,1/21/2025,Telangana,Electronics,P0164,3,"₹ 6,789.98",25%,"₹ 20,369.94","₹ 15,277.45",Delivered,7,2,UPI
O001484,U00647,7/6/2024,Rajasthan,Sports,P0234,4,"₹ 6,984.59",20%,"₹ 27,938.36","₹ 22,350.69",Cancelled,,,COD
O001485,U00082,12/5/2025,Rajasthan,Home,P0108,3,"₹ 2,768.13",25%,"₹ 8,304.39","₹ 6,228.29",Shipped,1,,UPI
O001486,U00893,10/9/2024,Tamil Nadu,Sports,P0011,2,"₹ 8,250.80",10%,"₹ 16,501.60","₹ 14,851.44",Delivered,7,3,UPI
O001487,U00816,3/8/2026,Delhi,Electronics,P0152,3,"₹ 1,604.65",15%,"₹ 4,813.95","₹ 4,091.86",Returned,5,,UPI
O001488,U00877,7/11/2025,Haryana,Fashion,P0103,3,"₹ 3,204.57",5%,"₹ 9,613.71","₹ 9,133.02",Delivered,3,1,Wallet
O001489,U00172,5/2/2025,Maharashtra,Fashion,P0087,3,"₹ 3,419.99",10%,"₹ 10,259.97","₹ 9,233.97",Delivered,8,3,COD
O001490,U00451,1/22/2025,Maharashtra,Beauty,P0042,3,"₹ 5,403.47",5%,"₹ 16,210.41","₹ 15,399.89",Delivered,8,5,Wallet
O001491,U00149,5/25/2026,Haryana,Electronics,P0160,2,"₹ 10,370.94",5%,"₹ 20,741.88","₹ 19,704.79",Returned,3,,COD
O001492,U00907,11/6/2024,Uttar Pradesh,Grocery,P0129,1,"₹ 5,916.90",15%,"₹ 5,916.90","₹ 5,029.36",Cancelled,,,UPI
O001493,U00184,3/9/2026,Maharashtra,Home,P0082,5,"₹ 10,764.72",20%,"₹ 53,823.60","₹ 43,058.88",Cancelled,,,UPI
O001494,U00277,9/28/2025,Delhi,Electronics,P0254,3,"₹ 4,821.93",15%,"₹ 14,465.79","₹ 12,295.92",Delivered,3,,UPI
O001495,U00133,2/27/2025,Haryana,Fashion,P0028,1,"₹ 1,031.52",25%,"₹ 1,031.52",₹ 773.64,Delivered,4,,COD
O001496,U00464,2/22/2025,Haryana,Home,P0030,5,"₹ 10,591.25",20%,"₹ 52,956.25","₹ 42,365.00",Delivered,3,4,Wallet
O001497,U00250,2/8/2025,Maharashtra,Beauty,P0119,1,"₹ 5,838.32",5%,"₹ 5,838.32","₹ 5,546.40",Delivered,2,,Card
O001498,U00199,1/15/2025,Karnataka,Grocery,P0160,2,"₹ 9,454.81",10%,"₹ 18,909.62","₹ 17,018.66",Delivered,1,3,Wallet
O001499,U00210,8/12/2024,Haryana,Home,P0054,2,"₹ 2,128.25",15%,"₹ 4,256.50","₹ 3,618.03",Cancelled,,,Wallet
O001500,U00332,12/21/2024,Rajasthan,Beauty,P0226,2,₹ 903.32,5%,"₹ 1,806.64","₹ 1,716.31",Cancelled,,,Card
O001501,U00114,6/21/2025,Rajasthan,Fashion,P0038,2,₹ 747.24,10%,"₹ 1,494.48","₹ 1,345.03",Delivered,7,1,Card
O001502,U00635,10/5/2024,Maharashtra,Fashion,P0202,5,"₹ 2,466.27",20%,"₹ 12,331.35","₹ 9,865.08",Shipped,3,,COD
O001503,U00495,10/30/2025,Haryana,Electronics,P0240,4,₹ 565.60,0%,"₹ 2,262.40","₹ 2,262.40",Returned,4,,COD
O001504,U00664,7/9/2024,Haryana,Grocery,P0004,1,"₹ 1,730.34",0%,"₹ 1,730.34","₹ 1,730.34",Returned,4,,COD
O001505,U00448,7/31/2024,Maharashtra,Home,P0120,4,"₹ 2,574.97",10%,"₹ 10,299.88","₹ 9,269.89",Returned,3,,Wallet
O001506,U00761,9/20/2024,Gujarat,Beauty,P0091,5,"₹ 6,425.19",20%,"₹ 32,125.95","₹ 25,700.76",Shipped,2,,COD
O001507,U00071,3/20/2026,West Bengal,Beauty,P0221,4,"₹ 4,776.26",5%,"₹ 19,105.04","₹ 18,149.79",Cancelled,,,Card
O001508,U00189,7/16/2025,Delhi,Fashion,P0191,5,"₹ 8,788.12",20%,"₹ 43,940.60","₹ 35,152.48",Delivered,2,,UPI
O001509,U00919,2/22/2025,Uttar Pradesh,Fashion,P0202,4,"₹ 7,869.38",15%,"₹ 31,477.52","₹ 26,755.89",Delivered,6,,Card
O001510,U00460,10/31/2024,Haryana,Beauty,P0161,4,"₹ 9,657.74",10%,"₹ 38,630.96","₹ 34,767.86",Cancelled,,,COD
O001511,U00189,8/8/2026,Karnataka,Home,P0020,3,"₹ 7,640.88",10%,"₹ 22,922.64","₹ 20,630.38",Delivered,6,2,Wallet
O001512,U00244,11/26/2024,Uttar Pradesh,Sports,P0225,4,"₹ 5,831.69",15%,"₹ 23,326.76","₹ 19,827.75",Returned,8,,Card
O001513,U00369,9/12/2024,Karnataka,Sports,P0252,1,"₹ 9,412.68",0%,"₹ 9,412.68","₹ 9,412.68",Returned,5,,Wallet
O001514,U00593,2/26/2025,Karnataka,Beauty,P0236,3,₹ 424.46,15%,"₹ 1,273.38","₹ 1,082.37",Returned,1,,Card
O001515,U00249,8/30/2025,Tamil Nadu,Fashion,P0082,2,"₹ 9,430.90",25%,"₹ 18,861.80","₹ 14,146.35",Returned,4,,Card
O001516,U00204,10/23/2025,Haryana,Fashion,P0064,5,"₹ 7,277.22",20%,"₹ 36,386.10","₹ 29,108.88",Delivered,4,5,Wallet
O001517,U00482,7/13/2026,Delhi,Fashion,P0172,3,"₹ 1,533.73",5%,"₹ 4,601.19","₹ 4,371.13",Cancelled,,,Wallet
O001518,U00830,8/19/2026,Uttar Pradesh,Grocery,P0251,1,₹ 595.42,0%,₹ 595.42,₹ 595.42,Cancelled,,,UPI
O001519,U00210,2/25/2026,West Bengal,Fashion,P0030,1,"₹ 4,688.82",15%,"₹ 4,688.82","₹ 3,985.50",Delivered,4,,Card
O001520,U00499,5/31/2026,Delhi,Beauty,P0105,2,"₹ 7,882.98",5%,"₹ 15,765.96","₹ 14,977.66",Cancelled,,,UPI
O001521,U00834,1/10/2025,Rajasthan,Grocery,P0062,5,"₹ 4,894.68",5%,"₹ 24,473.40","₹ 23,249.73",Delivered,7,,Card
O001522,U00812,5/26/2026,Rajasthan,Sports,P0030,3,"₹ 6,345.82",15%,"₹ 19,037.46","₹ 16,181.84",Shipped,3,,Card
O001523,U00939,9/5/2025,Gujarat,Sports,P0189,2,"₹ 5,569.03",10%,"₹ 11,138.06","₹ 10,024.25",Delivered,1,2,COD
O001524,U00105,12/21/2025,Maharashtra,Sports,P0179,1,"₹ 7,548.25",0%,"₹ 7,548.25","₹ 7,548.25",Returned,4,,Wallet
O001525,U00079,9/4/2025,Maharashtra,Beauty,P0061,1,"₹ 7,840.05",0%,"₹ 7,840.05","₹ 7,840.05",Delivered,6,,Wallet
O001526,U00377,8/21/2026,Maharashtra,Fashion,P0004,2,"₹ 1,314.45",10%,"₹ 2,628.90","₹ 2,366.01",Delivered,8,5,UPI
O001527,U00560,5/20/2026,Rajasthan,Fashion,P0154,5,"₹ 7,759.26",15%,"₹ 38,796.30","₹ 32,976.86",Delivered,4,,Wallet
O001528,U00685,8/17/2025,West Bengal,Grocery,P0205,3,"₹ 10,347.53",25%,"₹ 31,042.59","₹ 23,281.94",Cancelled,,,Card
O001529,U00353,4/27/2026,Haryana,Sports,P0044,4,"₹ 9,135.29",25%,"₹ 36,541.16","₹ 27,405.87",Delivered,3,,Wallet
O001530,U00266,5/9/2026,Delhi,home,P0127,3,"₹ 1,278.47",20%,"₹ 3,835.41","₹ 3,068.33",Returned,1,,UPI
O001531,U00168,10/25/2025,Gujarat,Fashion,P0073,2,"₹ 4,411.90",0%,"₹ 8,823.80","₹ 8,823.80",Delivered,7,1,Wallet
O001532,U00782,9/3/2025,Telangana,Fashion,P0074,3,"₹ 7,601.31",20%,"₹ 22,803.93","₹ 18,243.14",Delivered,5,,Wallet
O001533,U00729,4/6/2026,Rajasthan,Fashion,P0165,4,"₹ 10,487.33",10%,"₹ 41,949.32","₹ 37,754.39",Shipped,2,,UPI
O001534,U00419,12/8/2024,Delhi,Home,P0089,3,"₹ 7,122.26",25%,"₹ 21,366.78","₹ 16,025.08",Cancelled,,,UPI
O001535,U00718,9/1/2025,Karnataka,Fashion,P0090,1,"₹ 6,092.88",0%,"₹ 6,092.88","₹ 6,092.88",Returned,2,,UPI
O001536,U00565,5/23/2025,Delhi,Electronics,P0243,3,"₹ 4,659.25",20%,"₹ 13,977.75","₹ 11,182.20",Returned,1,,Wallet
O001537,U00083,12/4/2024,Uttar Pradesh,Electronics,P0162,3,"₹ 7,007.83",0%,"₹ 21,023.49","₹ 21,023.49",Delivered,2,2,UPI
O001538,U00909,2/9/2026,Maharashtra,Home,P0222,3,"₹ 4,362.77",0%,"₹ 13,088.31","₹ 13,088.31",Cancelled,,,Wallet
O001539,U00225,5/29/2026,Tamil Nadu,Home,P0249,1,"₹ 3,679.59",15%,"₹ 3,679.59","₹ 3,127.65",Cancelled,,,COD
O001540,U00514,9/5/2025,Rajasthan,Electronics,P0174,4,"₹ 6,747.07",0%,"₹ 26,988.28","₹ 26,988.28",Delivered,1,,COD
O001541,U00912,1/3/2025,Uttar Pradesh,Sports,P0047,5,"₹ 11,905.26",15%,"₹ 59,526.30","₹ 50,597.36",Returned,5,,Card
O001542,U00599,12/21/2025,Karnataka,Electronics,P0185,4,"₹ 8,975.25",10%,"₹ 35,901.00","₹ 32,310.90",Delivered,1,2,Wallet
O001543,U00468,12/26/2025,Telangana,Sports,P0109,3,"₹ 10,084.44",20%,"₹ 30,253.32","₹ 24,202.66",Shipped,6,,Card
O001544,U00834,1/30/2025,Delhi,Fashion,P0254,4,"₹ 9,654.44",10%,"₹ 38,617.76","₹ 34,755.98",Returned,8,,COD
O001545,U00831,12/18/2025,Gujarat,Fashion,P0211,4,"₹ 7,630.90",10%,"₹ 30,523.60","₹ 27,471.24",Shipped,5,,Wallet
O001546,U00665,10/13/2025,Karnataka,Sports,P0215,2,₹ 702.10,15%,"₹ 1,404.20","₹ 1,193.57",Shipped,3,,COD
O001547,U00169,1/15/2026,West Bengal,Electronics,P0246,2,"₹ 9,928.21",10%,"₹ 19,856.42","₹ 17,870.78",Delivered,1,,COD
O001548,U00378,6/1/2025,Rajasthan,Home,P0036,3,"₹ 5,675.91",5%,"₹ 17,027.73","₹ 16,176.34",Returned,5,,COD
O001549,U00479,2/21/2025,Telangana,Home,P0160,1,"₹ 2,483.94",25%,"₹ 2,483.94","₹ 1,862.95",Delivered,8,3,Card
O001550,U00325,5/11/2026,Karnataka,Electronics,P0063,3,"₹ 4,917.02",0%,"₹ 14,751.06","₹ 14,751.06",Delivered,1,4,COD
O001551,U00434,1/18/2025,West Bengal,Fashion,P0227,5,"₹ 5,436.86",15%,"₹ 27,184.30","₹ 23,106.65",Shipped,7,,Card
O001552,U00835,2/16/2025,Karnataka,Grocery,P0049,1,"₹ 3,365.59",0%,"₹ 3,365.59","₹ 3,365.59",Returned,8,,UPI
O001553,U00588,3/4/2026,Maharashtra,Grocery,P0125,1,"₹ 6,406.10",20%,"₹ 6,406.10","₹ 5,124.88",Returned,1,,Card
O001554,U00300,4/4/2025,Gujarat,Grocery,P0033,1,"₹ 5,298.87",0%,"₹ 5,298.87","₹ 5,298.87",Delivered,4,,Wallet
O001555,U00079,2/14/2026,Haryana,Electronics,P0102,3,"₹ 6,562.19",10%,"₹ 19,686.57","₹ 17,717.91",Delivered,8,2,Wallet
O001556,U00384,6/23/2025,Rajasthan,Beauty,P0138,1,"₹ 3,422.04",0%,"₹ 3,422.04","₹ 3,422.04",Delivered,8,5,COD
O001557,U00076,5/24/2025,Gujarat,Home,P0202,1,"₹ 6,154.23",5%,"₹ 6,154.23","₹ 5,846.52",Delivered,6,,Card
O001558,U00212,9/17/2025,Gujarat,Home,P0235,4,"₹ 11,643.21",20%,"₹ 46,572.84","₹ 37,258.27",Cancelled,,,Wallet
O001559,U00501,3/8/2025,Haryana,Sports,P0129,2,"₹ 5,271.69",25%,"₹ 10,543.38","₹ 7,907.53",Delivered,1,3,Wallet
O001560,U00549,2/12/2026,Maharashtra,Sports,P0044,4,₹ 168.60,25%,₹ 674.40,₹ 505.80,Cancelled,,,Wallet
O001561,U00154,9/18/2025,Gujarat,Grocery,P0217,4,"₹ 2,632.94",25%,"₹ 10,531.76","₹ 7,898.82",Cancelled,,,COD
O001562,U00310,5/30/2025,Delhi,Sports,P0226,1,"₹ 8,670.57",20%,"₹ 8,670.57","₹ 6,936.46",Cancelled,,,UPI
O001563,U00831,5/26/2025,Delhi,Electronics,P0121,2,"₹ 3,260.90",5%,"₹ 6,521.80","₹ 6,195.71",Returned,3,,Wallet
O001564,U00637,3/19/2026,Maharashtra,Electronics,P0031,1,"₹ 3,648.53",25%,"₹ 3,648.53","₹ 2,736.40",Returned,2,,Wallet
O001565,U00713,3/15/2026,Tamil Nadu,Beauty,P0148,4,"₹ 4,874.60",25%,"₹ 19,498.40","₹ 14,623.80",Delivered,3,1,UPI
O001566,U00352,4/19/2026,West Bengal,Grocery,P0194,5,"₹ 6,341.69",25%,"₹ 31,708.45","₹ 23,781.34",Cancelled,,,COD
O001567,U00342,7/13/2025,Karnataka,Home,P0257,2,"₹ 1,799.28",5%,"₹ 3,598.56","₹ 3,418.63",Delivered,1,1,UPI
O001568,U00738,2/18/2026,Delhi,Beauty,P0072,5,"₹ 9,520.54",0%,"₹ 47,602.70","₹ 47,602.70",Returned,5,,COD
O001569,U00722,9/22/2025,Maharashtra,Grocery,P0086,4,"₹ 8,541.14",10%,"₹ 34,164.56","₹ 30,748.10",Delivered,4,1,COD
O001570,U00341,11/3/2024,Rajasthan,Sports,P0104,4,"₹ 2,897.44",25%,"₹ 11,589.76","₹ 8,692.32",Delivered,8,,UPI
O001571,U00460,5/17/2025,Telangana,Home,P0227,2,"₹ 5,943.45",15%,"₹ 11,886.90","₹ 10,103.86",Delivered,1,,Card
O001572,U00726,9/24/2024,Tamil Nadu,Home,P0065,1,"₹ 1,615.82",25%,"₹ 1,615.82","₹ 1,211.87",Returned,6,,COD
O001573,U00735,1/20/2025,Gujarat,Home,P0170,2,"₹ 5,004.27",20%,"₹ 10,008.54","₹ 8,006.83",Delivered,8,,Card
O001574,U00924,11/8/2024,Tamil Nadu,Grocery,P0002,5,"₹ 8,773.74",5%,"₹ 43,868.70","₹ 41,675.26",Delivered,2,1,Card
O001575,U00026,8/16/2025,Haryana,Beauty,P0034,3,"₹ 2,232.60",10%,"₹ 6,697.80","₹ 6,028.02",Cancelled,,,UPI
O001576,U00251,4/8/2025,Telangana,Sports,P0076,5,"₹ 11,447.01",5%,"₹ 57,235.05","₹ 54,373.30",Delivered,8,4,COD
O001577,U00311,2/17/2025,Gujarat,sports,P0069,2,"₹ 7,057.21",10%,"₹ 14,114.42","₹ 12,702.98",Shipped,8,,Wallet
O001578,U00131,2/19/2026,Maharashtra,Electronics,P0124,1,"₹ 4,973.49",10%,"₹ 4,973.49","₹ 4,476.14",Cancelled,,,Card
O001579,U00550,12/5/2025,Karnataka,Grocery,P0230,1,"₹ 4,216.65",10%,"₹ 4,216.65","₹ 3,794.98",Delivered,5,5,Wallet
O001580,U00855,6/7/2025,West Bengal,Grocery,P0087,1,"₹ 11,709.22",25%,"₹ 11,709.22","₹ 8,781.91",Delivered,8,2,Card
O001581,U00263,5/13/2025,Tamil Nadu,Sports,P0067,4,"₹ 6,158.75",25%,"₹ 24,635.00","₹ 18,476.25",Returned,2,,UPI
O001582,U00846,3/24/2026,Telangana,Beauty,P0113,3,"₹ 11,058.61",0%,"₹ 33,175.83","₹ 33,175.83",Shipped,6,,COD
O001583,U00412,11/1/2024,Haryana,Fashion,P0196,5,"₹ 9,516.36",20%,"₹ 47,581.80","₹ 38,065.44",Delivered,1,2,Card
O001584,U00619,10/29/2025,Telangana,Beauty,P0010,3,"₹ 4,071.07",25%,"₹ 12,213.21","₹ 9,159.91",Delivered,3,4,UPI
O001585,U00834,1/10/2025,Haryana,Home,P0195,4,"₹ 6,760.51",5%,"₹ 27,042.04","₹ 25,689.94",Returned,5,,COD
O001586,U00870,2/23/2025,Karnataka,Beauty,P0017,3,"₹ 1,125.30",25%,"₹ 3,375.90","₹ 2,531.93",Delivered,3,1,Card
O001587,U00691,11/13/2025,Uttar Pradesh,Home,P0183,5,"₹ 1,749.83",15%,"₹ 8,749.15","₹ 7,436.78",Delivered,7,1,Card
O001588,U00171,5/17/2026,Rajasthan,Home,P0218,1,"₹ 5,278.76",0%,"₹ 5,278.76","₹ 5,278.76",Returned,2,,Card
O001589,U00793,5/10/2026,Delhi,Grocery,P0004,4,"₹ 6,288.24",20%,"₹ 25,152.96","₹ 20,122.37",Cancelled,,,Wallet
O001590,U00373,11/20/2025,Rajasthan,Grocery,P0141,5,"₹ 4,505.18",20%,"₹ 22,525.90","₹ 18,020.72",Returned,8,,Wallet
O001591,U00518,12/11/2024,Delhi,Electronics,P0203,1,"₹ 10,555.70",5%,"₹ 10,555.70","₹ 10,027.92",Delivered,4,,UPI
O001592,U00108,5/29/2026,Rajasthan,Beauty,P0136,4,"₹ 7,049.60",10%,"₹ 28,198.40","₹ 25,378.56",Cancelled,,,Wallet
O001593,U00398,11/1/2025,West Bengal,Home,P0212,4,"₹ 8,367.71",10%,"₹ 33,470.84","₹ 30,123.76",Returned,8,,UPI
O001594,U00316,1/10/2026,Maharashtra,Electronics,P0014,1,"₹ 1,118.59",5%,"₹ 1,118.59","₹ 1,062.66",Delivered,2,2,Card
O001595,U00645,7/22/2026,Karnataka,Beauty,P0179,5,"₹ 2,769.78",5%,"₹ 13,848.90","₹ 13,156.45",Delivered,5,4,COD
O001596,U00272,4/19/2026,Gujarat,Sports,P0112,5,"₹ 10,252.92",10%,"₹ 51,264.60","₹ 46,138.14",Delivered,6,2,COD
O001597,U00404,11/8/2025,Maharashtra,Electronics,P0009,1,"₹ 4,117.29",10%,"₹ 4,117.29","₹ 3,705.56",Delivered,8,,COD
O001598,U00175,7/13/2026,Tamil Nadu,Fashion,P0206,5,"₹ 6,978.76",10%,"₹ 34,893.80","₹ 31,404.42",Cancelled,,,UPI
O001599,U00784,1/25/2026,Karnataka,Beauty,P0102,3,"₹ 1,059.51",25%,"₹ 3,178.53","₹ 2,383.90",Delivered,6,5,COD
O001600,U00334,8/30/2024,Maharashtra,Beauty,P0097,5,"₹ 3,336.97",20%,"₹ 16,684.85","₹ 13,347.88",Delivered,8,1,UPI
O001601,U00260,8/15/2025,Gujarat,Electronics,P0244,1,"₹ 10,833.74",25%,"₹ 10,833.74","₹ 8,125.31",Delivered,3,5,UPI
O001602,U00275,7/14/2024,Tamil Nadu,Home,P0170,5,"₹ 11,025.69",25%,"₹ 55,128.45","₹ 41,346.34",Delivered,7,3,Card
O001603,U00034,8/13/2026,West Bengal,Grocery,P0146,5,"₹ 11,616.10",5%,"₹ 58,080.50","₹ 55,176.47",Returned,7,,COD
O001604,U00943,8/8/2024,West Bengal,Fashion,P0218,5,"₹ 3,952.43",20%,"₹ 19,762.15","₹ 15,809.72",Returned,5,,UPI
O001605,U00496,6/13/2025,Maharashtra,sports,P0154,5,"₹ 6,995.17",5%,"₹ 34,975.85","₹ 33,227.06",Delivered,3,2,UPI
O001606,U00439,7/15/2024,Gujarat,Beauty,P0128,4,"₹ 11,265.66",0%,"₹ 45,062.64","₹ 45,062.64",Returned,8,,COD
O001607,U00893,12/7/2024,Karnataka,Electronics,P0200,2,"₹ 2,749.68",25%,"₹ 5,499.36","₹ 4,124.52",Returned,6,,COD
O001608,U00872,11/7/2024,Telangana,Sports,P0041,4,"₹ 2,632.83",25%,"₹ 10,531.32","₹ 7,898.49",Shipped,2,,Wallet
O001609,U00323,5/31/2025,Tamil Nadu,Home,P0236,4,"₹ 8,142.57",10%,"₹ 32,570.28","₹ 29,313.25",Delivered,4,4,COD
O001610,U00299,1/11/2025,West Bengal,Fashion,P0207,4,"₹ 5,974.91",0%,"₹ 23,899.64","₹ 23,899.64",Delivered,2,2,UPI
O001611,U00088,10/4/2025,Haryana,Beauty,P0039,5,"₹ 10,525.41",10%,"₹ 52,627.05","₹ 47,364.35",Shipped,6,,UPI
O001612,U00142,2/9/2025,West Bengal,Grocery,P0181,2,"₹ 5,965.01",5%,"₹ 11,930.02","₹ 11,333.52",Shipped,8,,Wallet
O001613,U00029,2/19/2025,Telangana,Electronics,P0089,3,"₹ 9,250.52",20%,"₹ 27,751.56","₹ 22,201.25",Cancelled,,,COD
O001614,U00341,2/26/2025,West Bengal,Fashion,P0042,4,"₹ 6,881.32",20%,"₹ 27,525.28","₹ 22,020.22",Returned,4,,Card
O001615,U00339,8/2/2026,West Bengal,Home,P0061,5,"₹ 6,251.02",20%,"₹ 31,255.10","₹ 25,004.08",Delivered,7,3,COD
O001616,U00591,3/22/2026,Uttar Pradesh,Fashion,P0022,2,₹ 215.12,25%,₹ 430.24,₹ 322.68,Delivered,5,2,Wallet
O001617,U00421,9/15/2024,Telangana,Fashion,P0202,2,"₹ 11,232.82",0%,"₹ 22,465.64","₹ 22,465.64",Returned,3,,Card
O001618,U00769,5/23/2026,Haryana,Fashion,P0258,4,"₹ 10,500.05",20%,"₹ 42,000.20","₹ 33,600.16",Delivered,2,1,Wallet
O001619,U00724,1/3/2025,Tamil Nadu,Fashion,P0061,3,"₹ 3,344.09",10%,"₹ 10,032.27","₹ 9,029.04",Shipped,1,,UPI
O001620,U00221,9/12/2024,West Bengal,Beauty,P0073,3,"₹ 4,329.70",25%,"₹ 12,989.10","₹ 9,741.83",Cancelled,,,Card
O001621,U00251,2/14/2026,Gujarat,Electronics,P0051,4,"₹ 11,490.11",20%,"₹ 45,960.44","₹ 36,768.35",Delivered,1,,Wallet
O001622,U00013,3/21/2025,Uttar Pradesh,grocery,P0098,1,"₹ 8,592.47",5%,"₹ 8,592.47","₹ 8,162.85",Delivered,8,2,Card
O001623,U00094,11/15/2024,Karnataka,Fashion,P0200,1,"₹ 11,716.21",20%,"₹ 11,716.21","₹ 9,372.97",Shipped,4,,Wallet
O001624,U00511,12/24/2025,Karnataka,Fashion,P0116,2,"₹ 5,171.95",25%,"₹ 10,343.90","₹ 7,757.92",Delivered,1,5,COD
O001625,U00905,2/15/2025,Telangana,Sports,P0099,5,"₹ 2,831.14",5%,"₹ 14,155.70","₹ 13,447.92",Delivered,6,5,Card
O001626,U00361,6/16/2025,Haryana,Grocery,P0239,4,"₹ 8,433.45",25%,"₹ 33,733.80","₹ 25,300.35",Delivered,6,5,COD
O001627,U00444,2/3/2025,Haryana,Electronics,P0124,3,"₹ 5,664.35",0%,"₹ 16,993.05","₹ 16,993.05",Delivered,3,4,Wallet
O001628,U00791,9/9/2024,Delhi,Beauty,P0123,4,"₹ 3,622.07",10%,"₹ 14,488.28","₹ 13,039.45",Shipped,1,,Wallet
O001629,U00039,1/5/2026,Maharashtra,Grocery,P0065,4,"₹ 9,455.60",5%,"₹ 37,822.40","₹ 35,931.28",Returned,6,,Wallet
O001630,U00280,2/21/2025,Uttar Pradesh,Sports,P0107,1,"₹ 6,890.40",5%,"₹ 6,890.40","₹ 6,545.88",Delivered,5,,COD
O001631,U00574,5/18/2025,Maharashtra,Beauty,P0024,5,"₹ 7,448.85",5%,"₹ 37,244.25","₹ 35,382.04",Cancelled,,,Card
O001632,U00584,5/13/2026,Karnataka,Home,P0180,2,₹ 477.06,10%,₹ 954.12,₹ 858.71,Cancelled,,,Card
O001633,U00472,7/3/2025,Haryana,Electronics,P0153,1,"₹ 6,567.53",0%,"₹ 6,567.53","₹ 6,567.53",Cancelled,,,UPI
O001634,U00453,12/24/2025,Karnataka,Beauty,P0217,3,"₹ 7,213.58",25%,"₹ 21,640.74","₹ 16,230.56",Delivered,8,1,Card
O001635,U00820,7/3/2026,Haryana,Home,P0136,2,"₹ 8,141.31",10%,"₹ 16,282.62","₹ 14,654.36",Delivered,5,5,UPI
O001636,U00498,7/22/2025,Uttar Pradesh,Fashion,P0216,5,"₹ 3,584.31",0%,"₹ 17,921.55","₹ 17,921.55",Shipped,6,,COD
O001637,U00037,3/29/2026,Tamil Nadu,Beauty,P0036,4,"₹ 11,303.50",25%,"₹ 45,214.00","₹ 33,910.50",Delivered,1,1,COD
O001638,U00715,8/21/2024,Uttar Pradesh,Beauty,P0163,3,"₹ 1,687.81",5%,"₹ 5,063.43","₹ 4,810.26",Delivered,6,5,Wallet
O001639,U00876,9/30/2025,Delhi,Beauty,P0113,1,"₹ 2,268.11",10%,"₹ 2,268.11","₹ 2,041.30",Delivered,1,5,UPI
O001640,U00512,7/8/2026,Delhi,Home,P0248,2,"₹ 4,690.36",15%,"₹ 9,380.72","₹ 7,973.61",Shipped,4,,Card
O001641,U00521,4/25/2025,Karnataka,Sports,P0149,3,"₹ 1,141.20",25%,"₹ 3,423.60","₹ 2,567.70",Shipped,8,,COD
O001642,U00035,7/18/2026,Maharashtra,Sports,P0204,3,"₹ 7,699.44",0%,"₹ 23,098.32","₹ 23,098.32",Shipped,5,,Card
O001643,U00276,10/12/2025,Karnataka,Electronics,P0154,5,"₹ 11,351.28",5%,"₹ 56,756.40","₹ 53,918.58",Returned,5,,COD
O001644,U00700,12/23/2024,Tamil Nadu,Grocery,P0093,5,"₹ 9,668.51",15%,"₹ 48,342.55","₹ 41,091.17",Delivered,3,,Wallet
O001645,U00096,4/20/2026,Karnataka,Electronics,P0054,4,"₹ 4,069.17",20%,"₹ 16,276.68","₹ 13,021.34",Shipped,7,,UPI
O001646,U00441,8/23/2024,Maharashtra,Electronics,P0229,2,"₹ 1,819.06",20%,"₹ 3,638.12","₹ 2,910.50",Cancelled,,,COD
O001647,U00195,8/21/2024,Gujarat,Electronics,P0007,1,"₹ 2,349.14",5%,"₹ 2,349.14","₹ 2,231.68",Returned,3,,COD
O001648,U00183,6/17/2026,Telangana,Electronics,P0238,2,"₹ 6,119.14",5%,"₹ 12,238.28","₹ 11,626.37",Shipped,2,,COD
O001649,U00552,8/18/2026,Uttar Pradesh,Electronics,P0251,5,"₹ 11,606.74",0%,"₹ 58,033.70","₹ 58,033.70",Shipped,3,,UPI
O001650,U00525,8/7/2025,Uttar Pradesh,Home,P0212,3,"₹ 4,725.39",0%,"₹ 14,176.17","₹ 14,176.17",Cancelled,,,UPI
O001651,U00728,5/16/2026,Gujarat,Fashion,P0245,4,"₹ 10,608.54",20%,"₹ 42,434.16","₹ 33,947.33",Returned,3,,Card
O001652,U00670,12/21/2025,Rajasthan,Sports,P0206,2,"₹ 8,859.32",20%,"₹ 17,718.64","₹ 14,174.91",Returned,5,,COD
O001653,U00202,4/8/2025,Uttar Pradesh,Electronics,P0260,1,"₹ 3,234.12",20%,"₹ 3,234.12","₹ 2,587.30",Delivered,5,,COD
O001654,U00180,7/6/2024,Uttar Pradesh,Electronics,P0237,2,₹ 635.44,5%,"₹ 1,270.88","₹ 1,207.34",Delivered,4,5,COD
O001655,U00810,8/24/2025,West Bengal,Fashion,P0152,2,"₹ 1,260.94",25%,"₹ 2,521.88","₹ 1,891.41",Returned,8,,COD
O001656,U00585,1/11/2025,Gujarat,Grocery,P0019,2,"₹ 7,450.96",25%,"₹ 14,901.92","₹ 11,176.44",Cancelled,,,COD
O001657,U00612,7/4/2024,Rajasthan,Electronics,P0190,1,"₹ 11,757.35",25%,"₹ 11,757.35","₹ 8,818.01",Delivered,7,4,COD
O001658,U00655,10/18/2024,Uttar Pradesh,Sports,P0213,2,"₹ 6,064.27",5%,"₹ 12,128.54","₹ 11,522.11",Cancelled,,,UPI
O001659,U00358,4/7/2025,Gujarat,Home,P0230,5,"₹ 8,224.87",0%,"₹ 41,124.35","₹ 41,124.35",Delivered,1,,UPI
O001660,U00355,2/4/2026,West Bengal,Electronics,P0134,2,"₹ 6,893.69",25%,"₹ 13,787.38","₹ 10,340.53",Shipped,3,,Wallet
O001661,U00471,1/4/2026,Telangana,Electronics,P0112,5,"₹ 3,650.28",15%,"₹ 18,251.40","₹ 15,513.69",Delivered,5,2,Card
O001662,U00309,10/25/2024,Gujarat,Grocery,P0221,3,"₹ 7,411.15",10%,"₹ 22,233.45","₹ 20,010.10",Delivered,2,3,Wallet
O001663,U00041,3/24/2025,West Bengal,Electronics,P0077,5,"₹ 6,394.42",0%,"₹ 31,972.10","₹ 31,972.10",Delivered,1,,Card
O001664,U00695,8/19/2024,Telangana,Home,P0019,3,"₹ 2,186.15",0%,"₹ 6,558.45","₹ 6,558.45",Delivered,3,4,COD
O001665,U00224,10/30/2024,Haryana,Sports,P0253,1,"₹ 4,182.51",10%,"₹ 4,182.51","₹ 3,764.26",Cancelled,,,Card
O001666,U00003,3/9/2026,Uttar Pradesh,Sports,P0026,1,"₹ 1,275.73",20%,"₹ 1,275.73","₹ 1,020.58",Returned,6,,COD
O001667,U00585,12/17/2025,Rajasthan,Sports,P0043,5,"₹ 6,830.00",20%,"₹ 34,150.00","₹ 27,320.00",Delivered,5,2,Wallet
O001668,U00544,9/4/2024,Gujarat,Fashion,P0009,1,"₹ 7,511.05",20%,"₹ 7,511.05","₹ 6,008.84",Shipped,1,,UPI
O001669,U00854,8/15/2025,Telangana,Grocery,P0107,3,"₹ 9,090.09",0%,"₹ 27,270.27","₹ 27,270.27",Cancelled,,,UPI
O001670,U00646,5/23/2025,Uttar Pradesh,Beauty,P0136,5,"₹ 1,790.23",15%,"₹ 8,951.15","₹ 7,608.48",Delivered,4,,Wallet
O001671,U00247,6/12/2025,Karnataka,Fashion,P0004,5,"₹ 10,989.69",15%,"₹ 54,948.45","₹ 46,706.18",Delivered,1,4,COD
O001672,U00830,5/6/2025,Delhi,Beauty,P0236,3,"₹ 4,135.65",20%,"₹ 12,406.95","₹ 9,925.56",Shipped,8,,UPI
O001673,U00192,8/23/2025,Rajasthan,Electronics,P0182,4,"₹ 1,558.83",10%,"₹ 6,235.32","₹ 5,611.79",Shipped,8,,COD
O001674,U00724,12/20/2024,Tamil Nadu,Fashion,P0166,4,"₹ 7,455.96",10%,"₹ 29,823.84","₹ 26,841.46",Cancelled,,,COD
O001675,U00277,10/3/2025,Telangana,Fashion,P0022,4,"₹ 11,670.94",20%,"₹ 46,683.76","₹ 37,347.01",Shipped,1,,UPI
O001676,U00622,7/13/2024,Tamil Nadu,Home,P0240,3,"₹ 5,964.85",0%,"₹ 17,894.55","₹ 17,894.55",Returned,1,,COD
O001677,U00717,12/23/2025,Tamil Nadu,Sports,P0138,2,"₹ 4,585.67",25%,"₹ 9,171.34","₹ 6,878.51",Delivered,4,4,COD
O001678,U00175,10/23/2024,West Bengal,Beauty,P0054,2,"₹ 3,157.64",5%,"₹ 6,315.28","₹ 5,999.52",Cancelled,,,COD
O001679,U00911,11/8/2024,Delhi,Grocery,P0075,3,"₹ 3,594.45",20%,"₹ 10,783.35","₹ 8,626.68",Shipped,4,,Wallet
O001680,U00444,8/22/2025,Karnataka,Fashion,P0195,2,"₹ 2,647.65",25%,"₹ 5,295.30","₹ 3,971.48",Cancelled,,,Card
O001681,U00237,7/7/2025,Haryana,Grocery,P0155,4,"₹ 9,673.94",5%,"₹ 38,695.76","₹ 36,760.97",Delivered,2,3,COD
O001682,U00744,8/27/2025,Maharashtra,Electronics,P0173,5,"₹ 11,550.55",5%,"₹ 57,752.75","₹ 54,865.11",Delivered,6,5,COD
O001683,U00315,8/7/2024,Maharashtra,Sports,P0253,4,"₹ 11,696.76",0%,"₹ 46,787.04","₹ 46,787.04",Delivered,4,,Wallet
O001684,U00162,11/4/2025,Gujarat,Home,P0103,4,"₹ 8,189.54",25%,"₹ 32,758.16","₹ 24,568.62",Delivered,7,2,UPI
O001685,U00240,11/9/2025,Haryana,Grocery,P0179,5,"₹ 5,633.64",10%,"₹ 28,168.20","₹ 25,351.38",Cancelled,,,COD
O001686,U00354,3/2/2025,Rajasthan,Sports,P0245,4,"₹ 8,305.81",20%,"₹ 33,223.24","₹ 26,578.59",Delivered,3,2,UPI
O001687,U00228,8/13/2026,Telangana,Sports,P0014,1,"₹ 2,876.88",10%,"₹ 2,876.88","₹ 2,589.19",Delivered,4,4,Card
O001688,U00888,8/13/2026,Maharashtra,Fashion,P0005,2,"₹ 3,542.95",0%,"₹ 7,085.90","₹ 7,085.90",Returned,1,,Wallet
O001689,U00614,9/16/2024,Karnataka,Sports,P0109,1,"₹ 1,503.74",15%,"₹ 1,503.74","₹ 1,278.18",Delivered,4,3,COD
O001690,U00848,7/26/2024,Haryana,Electronics,P0044,2,"₹ 9,684.42",5%,"₹ 19,368.84","₹ 18,400.40",Returned,4,,UPI
O001691,U00534,5/16/2025,Maharashtra,Fashion,P0161,4,"₹ 5,959.64",5%,"₹ 23,838.56","₹ 22,646.63",Delivered,2,1,COD
O001692,U00505,8/26/2024,West Bengal,Home,P0120,2,"₹ 11,536.48",15%,"₹ 23,072.96","₹ 19,612.02",Shipped,1,,Card
O001693,U00232,7/8/2026,Tamil Nadu,Grocery,P0027,1,₹ 571.61,15%,₹ 571.61,₹ 485.87,Cancelled,,,Wallet
O001694,U00065,8/27/2024,Gujarat,Electronics,P0248,1,"₹ 8,349.43",20%,"₹ 8,349.43","₹ 6,679.54",Cancelled,,,Wallet
O001695,U00939,7/10/2026,Tamil Nadu,Home,P0124,4,"₹ 4,630.20",20%,"₹ 18,520.80","₹ 14,816.64",Delivered,6,,UPI
O001696,U00076,6/12/2025,Rajasthan,Sports,P0163,3,"₹ 5,683.14",20%,"₹ 17,049.42","₹ 13,639.54",Shipped,1,,Wallet
O001697,U00658,3/25/2026,Gujarat,Electronics,P0110,4,"₹ 7,480.29",0%,"₹ 29,921.16","₹ 29,921.16",Delivered,7,,COD
O001698,U00798,11/16/2024,Telangana,Fashion,P0088,4,"₹ 10,355.98",5%,"₹ 41,423.92","₹ 39,352.72",Returned,4,,Card
O001699,U00423,3/19/2026,Telangana,sports,P0141,2,"₹ 10,026.79",15%,"₹ 20,053.58","₹ 17,045.54",Cancelled,,,Wallet
O001700,U00591,2/3/2025,Maharashtra,Home,P0203,1,"₹ 8,182.31",10%,"₹ 8,182.31","₹ 7,364.08",Returned,3,,Card
O001701,U00412,10/3/2024,Maharashtra,Sports,P0093,5,"₹ 3,756.83",20%,"₹ 18,784.15","₹ 15,027.32",Delivered,5,4,Card
O001702,U00930,7/19/2024,Karnataka,Fashion,P0130,4,"₹ 3,666.39",15%,"₹ 14,665.56","₹ 12,465.73",Delivered,6,3,Card
O001703,U00917,1/20/2025,Uttar Pradesh,Grocery,P0239,4,"₹ 4,438.25",25%,"₹ 17,753.00","₹ 13,314.75",Delivered,5,,UPI
O001704,U00934,9/2/2024,Tamil Nadu,Home,P0057,4,"₹ 9,622.46",20%,"₹ 38,489.84","₹ 30,791.87",Delivered,4,2,COD
O001705,U00337,8/26/2025,Maharashtra,Electronics,P0239,5,"₹ 4,835.88",20%,"₹ 24,179.40","₹ 19,343.52",Delivered,3,4,COD
O001706,U00124,10/6/2024,Haryana,Fashion,P0119,2,"₹ 4,188.01",25%,"₹ 8,376.02","₹ 6,282.02",Delivered,6,3,Wallet
O001707,U00915,6/5/2026,West Bengal,Home,P0250,1,"₹ 1,808.30",5%,"₹ 1,808.30","₹ 1,717.88",Returned,5,,COD
O001708,U00603,2/22/2026,Maharashtra,Fashion,P0055,3,₹ 735.33,15%,"₹ 2,205.99","₹ 1,875.09",Shipped,3,,UPI
O001709,U00528,7/7/2025,Haryana,Electronics,P0121,2,"₹ 2,719.50",15%,"₹ 5,439.00","₹ 4,623.15",Returned,2,,Card
O001710,U00467,12/30/2024,Tamil Nadu,Grocery,P0020,4,"₹ 9,988.76",25%,"₹ 39,955.04","₹ 29,966.28",Delivered,2,5,UPI
O001711,U00137,11/18/2024,Karnataka,Grocery,P0083,1,"₹ 4,196.29",5%,"₹ 4,196.29","₹ 3,986.48",Delivered,7,,COD
O001712,U00558,9/9/2025,Karnataka,Grocery,P0031,5,"₹ 10,353.71",0%,"₹ 51,768.55","₹ 51,768.55",Cancelled,,,Card
O001713,U00275,1/24/2026,Telangana,Fashion,P0179,2,"₹ 7,235.20",0%,"₹ 14,470.40","₹ 14,470.40",Cancelled,,,UPI
O001714,U00170,1/21/2025,Telangana,Sports,P0137,3,"₹ 9,782.78",5%,"₹ 29,348.34","₹ 27,880.92",Returned,7,,UPI
O001715,U00270,6/21/2025,Delhi,Fashion,P0066,2,"₹ 8,632.65",25%,"₹ 17,265.30","₹ 12,948.97",Cancelled,,,UPI
O001716,U00469,3/6/2026,Delhi,Home,P0181,2,"₹ 1,981.72",10%,"₹ 3,963.44","₹ 3,567.10",Cancelled,,,Card
O001717,U00049,8/6/2026,West Bengal,Beauty,P0141,3,"₹ 11,224.89",15%,"₹ 33,674.67","₹ 28,623.47",Delivered,8,,Card
O001718,U00180,1/13/2026,Uttar Pradesh,electronics,P0081,4,"₹ 1,711.84",25%,"₹ 6,847.36","₹ 5,135.52",Shipped,8,,UPI
O001719,U00229,3/4/2025,Delhi,Beauty,P0246,2,"₹ 6,186.57",0%,"₹ 12,373.14","₹ 12,373.14",Returned,2,,UPI
O001720,U00889,12/27/2024,Maharashtra,Beauty,P0219,1,"₹ 6,855.38",5%,"₹ 6,855.38","₹ 6,512.61",Delivered,1,2,Card
O001721,U00629,9/18/2024,Tamil Nadu,Home,P0004,3,"₹ 10,714.39",5%,"₹ 32,143.17","₹ 30,536.01",Shipped,6,,UPI
O001722,U00427,10/17/2025,Rajasthan,Fashion,P0022,2,"₹ 10,529.42",20%,"₹ 21,058.84","₹ 16,847.07",Cancelled,,,Wallet
O001723,U00629,8/5/2025,Uttar Pradesh,Grocery,P0249,1,"₹ 4,995.78",5%,"₹ 4,995.78","₹ 4,745.99",Cancelled,,,Wallet
O001724,U00102,11/24/2024,Uttar Pradesh,Sports,P0173,2,"₹ 9,429.39",5%,"₹ 18,858.78","₹ 17,915.84",Delivered,8,4,UPI
O001725,U00778,4/3/2026,Rajasthan,Electronics,P0026,4,"₹ 5,688.54",25%,"₹ 22,754.16","₹ 17,065.62",Returned,5,,Wallet
O001726,U00095,9/19/2024,Telangana,Grocery,P0050,3,"₹ 8,392.08",25%,"₹ 25,176.24","₹ 18,882.18",Cancelled,,,Card
O001727,U00458,11/15/2024,Rajasthan,Fashion,P0227,4,"₹ 6,194.60",20%,"₹ 24,778.40","₹ 19,822.72",Cancelled,,,UPI
O001728,U00937,2/19/2025,West Bengal,Grocery,P0056,4,"₹ 1,843.73",5%,"₹ 7,374.92","₹ 7,006.17",Delivered,6,2,Card
O001729,U00860,2/25/2025,Haryana,Fashion,P0123,5,"₹ 4,228.35",15%,"₹ 21,141.75","₹ 17,970.49",Shipped,6,,COD
O001730,U00196,2/25/2025,Telangana,Fashion,P0117,5,"₹ 3,522.52",10%,"₹ 17,612.60","₹ 15,851.34",Delivered,3,5,Card
O001731,U00189,1/27/2026,Tamil Nadu,Fashion,P0121,4,₹ 768.94,15%,"₹ 3,075.76","₹ 2,614.40",Cancelled,,,Wallet
O001732,U00824,1/25/2025,Gujarat,Home,P0030,2,₹ 824.58,0%,"₹ 1,649.16","₹ 1,649.16",Delivered,2,4,Wallet
O001733,U00503,6/3/2026,Rajasthan,Sports,P0173,4,"₹ 4,441.61",0%,"₹ 17,766.44","₹ 17,766.44",Returned,7,,Wallet
O001734,U00116,8/23/2026,West Bengal,Home,P0127,1,"₹ 9,120.70",5%,"₹ 9,120.70","₹ 8,664.67",Shipped,3,,Wallet
O001735,U00496,12/8/2024,Uttar Pradesh,Home,P0019,1,"₹ 4,170.18",25%,"₹ 4,170.18","₹ 3,127.64",Cancelled,,,COD
O001736,U00512,4/2/2025,West Bengal,Home,P0172,2,₹ 965.53,20%,"₹ 1,931.06","₹ 1,544.85",Delivered,5,,UPI
O001737,U00124,10/9/2025,Maharashtra,Electronics,P0257,1,"₹ 8,245.60",5%,"₹ 8,245.60","₹ 7,833.32",Delivered,7,4,UPI
O001738,U00823,4/23/2025,Delhi,Grocery,P0229,4,"₹ 11,860.51",20%,"₹ 47,442.04","₹ 37,953.63",Returned,2,,Card
O001739,U00336,10/21/2025,West Bengal,Beauty,P0131,3,"₹ 10,029.99",25%,"₹ 30,089.97","₹ 22,567.48",Cancelled,,,COD
O001740,U00692,7/24/2026,West Bengal,Electronics,P0009,4,"₹ 6,453.20",10%,"₹ 25,812.80","₹ 23,231.52",Shipped,3,,Card
O001741,U00247,8/21/2024,Gujarat,Home,P0223,2,"₹ 10,396.19",0%,"₹ 20,792.38","₹ 20,792.38",Returned,8,,Wallet
O001742,U00569,10/7/2025,Uttar Pradesh,Sports,P0114,5,"₹ 3,754.50",15%,"₹ 18,772.50","₹ 15,956.62",Delivered,8,,COD
O001743,U00107,8/28/2024,Maharashtra,Fashion,P0062,1,"₹ 9,630.74",0%,"₹ 9,630.74","₹ 9,630.74",Delivered,8,5,Wallet
O001744,U00869,10/25/2025,Tamil Nadu,Home,P0053,1,"₹ 3,141.91",15%,"₹ 3,141.91","₹ 2,670.62",Returned,5,,Card
O001745,U00944,4/28/2026,Gujarat,Home,P0225,2,"₹ 6,264.55",10%,"₹ 12,529.10","₹ 11,276.19",Returned,7,,Card
O001746,U00824,8/16/2026,West Bengal,Beauty,P0084,1,"₹ 7,190.40",20%,"₹ 7,190.40","₹ 5,752.32",Cancelled,,,Card
O001747,U00306,8/12/2025,Delhi,Electronics,P0136,3,"₹ 8,126.38",20%,"₹ 24,379.14","₹ 19,503.31",Delivered,7,,Wallet
O001748,U00480,7/3/2026,Tamil Nadu,Fashion,P0130,5,"₹ 1,545.47",20%,"₹ 7,727.35","₹ 6,181.88",Delivered,2,2,COD
O001749,U00351,5/15/2026,Rajasthan,Home,P0161,4,"₹ 6,161.98",0%,"₹ 24,647.92","₹ 24,647.92",Returned,4,,Card
O001750,U00517,10/1/2024,Haryana,Grocery,P0217,2,"₹ 11,063.49",15%,"₹ 22,126.98","₹ 18,807.93",Delivered,2,,UPI
O001751,U00691,4/12/2026,West Bengal,Home,P0138,1,"₹ 6,440.31",5%,"₹ 6,440.31","₹ 6,118.29",Delivered,1,,Card
O001752,U00583,8/21/2025,Rajasthan,Electronics,P0236,2,"₹ 3,902.05",15%,"₹ 7,804.10","₹ 6,633.49",Delivered,4,,Card
O001753,U00779,1/12/2026,Gujarat,Beauty,P0133,3,"₹ 4,601.37",0%,"₹ 13,804.11","₹ 13,804.11",Delivered,1,3,UPI
O001754,U00023,2/9/2025,Gujarat,Fashion,P0005,1,"₹ 10,055.49",5%,"₹ 10,055.49","₹ 9,552.72",Delivered,8,3,Wallet
O001755,U00215,1/8/2025,Uttar Pradesh,Sports,P0170,1,"₹ 4,932.73",0%,"₹ 4,932.73","₹ 4,932.73",Cancelled,,,Card
O001756,U00473,10/22/2024,Telangana,Fashion,P0238,4,"₹ 10,684.31",20%,"₹ 42,737.24","₹ 34,189.79",Returned,8,,COD
O001757,U00607,4/26/2026,West Bengal,Sports,P0248,5,"₹ 6,306.53",15%,"₹ 31,532.65","₹ 26,802.75",Delivered,2,,COD
O001758,U00655,4/15/2026,Delhi,Grocery,P0060,5,"₹ 6,076.42",25%,"₹ 30,382.10","₹ 22,786.57",Cancelled,,,Card
O001759,U00828,12/29/2024,West Bengal,Grocery,P0184,4,"₹ 11,939.13",5%,"₹ 47,756.52","₹ 45,368.69",Shipped,1,,Card
O001760,U00063,8/8/2026,Karnataka,Fashion,P0175,2,"₹ 5,813.52",10%,"₹ 11,627.04","₹ 10,464.34",Cancelled,,,COD
O001761,U00520,8/14/2024,Tamil Nadu,Fashion,P0179,2,"₹ 11,129.06",5%,"₹ 22,258.12","₹ 21,145.21",Delivered,8,2,Wallet
O001762,U00148,5/8/2025,West Bengal,Grocery,P0106,1,"₹ 6,157.15",0%,"₹ 6,157.15","₹ 6,157.15",Delivered,4,,COD
O001763,U00899,4/7/2026,Delhi,Sports,P0204,4,₹ 235.27,5%,₹ 941.08,₹ 894.03,Cancelled,,,Card
O001764,U00583,1/26/2026,Haryana,Fashion,P0260,3,"₹ 4,303.08",20%,"₹ 12,909.24","₹ 10,327.39",Shipped,5,,Wallet
O001765,U00484,8/23/2025,West Bengal,Home,P0112,3,"₹ 9,526.73",15%,"₹ 28,580.19","₹ 24,293.16",Delivered,1,4,COD
O001766,U00481,2/12/2026,Maharashtra,Grocery,P0110,5,"₹ 1,563.79",25%,"₹ 7,818.95","₹ 5,864.21",Delivered,8,2,COD
O001767,U00412,9/21/2025,Karnataka,Fashion,P0217,5,"₹ 9,096.58",0%,"₹ 45,482.90","₹ 45,482.90",Delivered,7,,COD
O001768,U00387,7/18/2024,Tamil Nadu,Sports,P0093,3,"₹ 8,460.84",20%,"₹ 25,382.52","₹ 20,306.02",Returned,5,,COD
O001769,U00428,11/15/2025,West Bengal,Fashion,P0018,2,"₹ 3,793.61",5%,"₹ 7,587.22","₹ 7,207.86",Returned,8,,COD
O001770,U00945,5/24/2026,Telangana,Fashion,P0015,2,"₹ 5,848.19",5%,"₹ 11,696.38","₹ 11,111.56",Delivered,1,3,Card
O001771,U00167,7/16/2026,Telangana,Home,P0186,3,"₹ 6,156.49",0%,"₹ 18,469.47","₹ 18,469.47",Delivered,1,,COD
O001772,U00258,4/11/2025,Tamil Nadu,Electronics,P0253,4,"₹ 3,598.47",15%,"₹ 14,393.88","₹ 12,234.80",Shipped,3,,UPI
O001773,U00444,1/2/2025,Karnataka,Grocery,P0201,2,"₹ 7,976.97",25%,"₹ 15,953.94","₹ 11,965.45",Returned,2,,UPI
O001774,U00298,6/27/2025,Delhi,Beauty,P0036,3,"₹ 7,849.16",25%,"₹ 23,547.48","₹ 17,660.61",Delivered,6,3,Card
O001775,U00515,5/28/2025,Rajasthan,Grocery,P0146,4,"₹ 8,778.32",10%,"₹ 35,113.28","₹ 31,601.95",Returned,2,,Card
O001776,U00901,7/19/2026,West Bengal,Sports,P0040,2,"₹ 6,133.60",25%,"₹ 12,267.20","₹ 9,200.40",Cancelled,,,UPI
O001777,U00264,7/23/2025,Telangana,Grocery,P0248,4,"₹ 6,976.13",20%,"₹ 27,904.52","₹ 22,323.62",Delivered,8,3,Wallet
O001778,U00502,2/14/2026,Tamil Nadu,Grocery,P0244,1,"₹ 7,949.76",5%,"₹ 7,949.76","₹ 7,552.27",Shipped,5,,COD
O001779,U00123,11/8/2024,Uttar Pradesh,Electronics,P0077,2,₹ 809.67,5%,"₹ 1,619.34","₹ 1,538.37",Delivered,8,4,COD
O001780,U00037,6/1/2026,Delhi,Fashion,P0159,2,"₹ 2,729.23",5%,"₹ 5,458.46","₹ 5,185.54",Returned,6,,Card
O001781,U00300,7/6/2025,Gujarat,Fashion,P0008,5,"₹ 3,323.11",25%,"₹ 16,615.55","₹ 12,461.66",Shipped,2,,COD
O001782,U00247,3/29/2025,Maharashtra,Grocery,P0123,2,"₹ 1,104.05",10%,"₹ 2,208.10","₹ 1,987.29",Delivered,2,4,Card
O001783,U00606,7/31/2024,Rajasthan,Grocery,P0229,5,"₹ 3,268.95",5%,"₹ 16,344.75","₹ 15,527.51",Returned,7,,Wallet
O001784,U00808,1/1/2025,Telangana,Sports,P0083,1,"₹ 5,168.31",15%,"₹ 5,168.31","₹ 4,393.06",Delivered,1,1,COD
O001785,U00256,6/23/2025,Maharashtra,Home,P0022,3,"₹ 1,490.23",10%,"₹ 4,470.69","₹ 4,023.62",Delivered,3,5,UPI
O001786,U00274,12/16/2025,Maharashtra,Electronics,P0205,2,₹ 520.46,10%,"₹ 1,040.92",₹ 936.83,Delivered,6,,Wallet
O001787,U00863,7/23/2026,Haryana,Beauty,P0011,2,"₹ 7,701.41",20%,"₹ 15,402.82","₹ 12,322.26",Cancelled,,,COD
O001788,U00069,6/21/2026,Rajasthan,Sports,P0120,5,"₹ 5,857.14",0%,"₹ 29,285.70","₹ 29,285.70",Delivered,8,1,UPI
O001789,U00810,4/27/2025,Haryana,Home,P0124,5,₹ 614.03,5%,"₹ 3,070.15","₹ 2,916.64",Delivered,7,1,COD
O001790,U00040,1/14/2025,Rajasthan,Home,P0077,5,"₹ 11,226.94",5%,"₹ 56,134.70","₹ 53,327.96",Delivered,6,3,Wallet
O001791,U00892,3/24/2026,Tamil Nadu,Sports,P0216,4,"₹ 5,609.26",5%,"₹ 22,437.04","₹ 21,315.19",Delivered,3,5,COD
O001792,U00850,2/19/2026,West Bengal,Home,P0130,2,"₹ 7,617.19",5%,"₹ 15,234.38","₹ 14,472.66",Delivered,4,3,UPI
O001793,U00080,7/12/2025,Uttar Pradesh,Electronics,P0202,1,"₹ 11,200.58",25%,"₹ 11,200.58","₹ 8,400.43",Shipped,2,,Wallet
O001794,U00187,11/1/2025,Tamil Nadu,Home,P0254,4,"₹ 7,926.84",25%,"₹ 31,707.36","₹ 23,780.52",Delivered,2,2,UPI
O001795,U00079,8/13/2026,Tamil Nadu,Grocery,P0062,2,"₹ 4,109.14",0%,"₹ 8,218.28","₹ 8,218.28",Delivered,1,,Card
O001796,U00171,3/15/2026,Telangana,Electronics,P0135,4,"₹ 3,961.69",10%,"₹ 15,846.76","₹ 14,262.08",Delivered,5,1,COD
O001797,U00800,8/4/2024,Haryana,Electronics,P0018,2,₹ 611.49,10%,"₹ 1,222.98","₹ 1,100.68",Cancelled,,,Wallet
O001798,U00468,3/22/2025,Delhi,Beauty,P0166,1,"₹ 6,634.48",10%,"₹ 6,634.48","₹ 5,971.03",Cancelled,,,Wallet
O001799,U00434,6/14/2025,Gujarat,Grocery,P0065,2,"₹ 7,570.55",0%,"₹ 15,141.10","₹ 15,141.10",Shipped,2,,UPI
O001800,U00234,5/6/2025,Tamil Nadu,Sports,P0260,2,"₹ 6,711.67",25%,"₹ 13,423.34","₹ 10,067.51",Returned,7,,Card
O001801,U00298,12/20/2025,Tamil Nadu,Sports,P0195,2,"₹ 4,802.48",0%,"₹ 9,604.96","₹ 9,604.96",Cancelled,,,COD
O001802,U00064,2/20/2026,Haryana,Home,P0090,1,"₹ 2,902.20",25%,"₹ 2,902.20","₹ 2,176.65",Cancelled,,,Card
O001803,U00852,4/30/2026,Telangana,Beauty,P0253,3,"₹ 3,910.65",0%,"₹ 11,731.95","₹ 11,731.95",Cancelled,,,Wallet
O001804,U00903,4/14/2025,West Bengal,Fashion,P0163,5,"₹ 11,838.42",5%,"₹ 59,192.10","₹ 56,232.49",Delivered,8,5,COD
O001805,U00899,4/3/2026,Telangana,Beauty,P0126,2,"₹ 1,073.50",15%,"₹ 2,147.00","₹ 1,824.95",Shipped,7,,UPI
O001806,U00911,7/25/2024,Tamil Nadu,Sports,P0093,5,"₹ 10,355.74",0%,"₹ 51,778.70","₹ 51,778.70",Delivered,1,5,Wallet
O001807,U00658,10/26/2025,Telangana,Beauty,P0142,3,"₹ 4,046.18",5%,"₹ 12,138.54","₹ 11,531.61",Delivered,8,1,UPI
O001808,U00525,2/4/2026,West Bengal,Fashion,P0024,4,"₹ 3,107.53",25%,"₹ 12,430.12","₹ 9,322.59",Delivered,1,2,Wallet
O001809,U00264,6/5/2025,Gujarat,Beauty,P0126,2,"₹ 2,687.02",25%,"₹ 5,374.04","₹ 4,030.53",Cancelled,,,UPI
O001810,U00695,1/29/2025,Gujarat,Sports,P0249,5,"₹ 10,271.07",10%,"₹ 51,355.35","₹ 46,219.82",Delivered,8,3,Wallet
O001811,U00784,11/4/2025,Delhi,Electronics,P0096,5,"₹ 8,414.48",15%,"₹ 42,072.40","₹ 35,761.54",Returned,3,,Wallet
O001812,U00083,10/6/2025,Rajasthan,Home,P0255,3,"₹ 3,873.25",0%,"₹ 11,619.75","₹ 11,619.75",Shipped,6,,COD
O001813,U00048,10/3/2025,Karnataka,Sports,P0207,1,"₹ 10,970.34",15%,"₹ 10,970.34","₹ 9,324.79",Delivered,7,5,Card
O001814,U00031,6/28/2025,Karnataka,Grocery,P0104,4,"₹ 1,141.78",5%,"₹ 4,567.12","₹ 4,338.76",Returned,5,,COD
O001815,U00039,10/3/2025,Maharashtra,Sports,P0173,5,₹ 450.46,15%,"₹ 2,252.30","₹ 1,914.46",Returned,7,,COD
O001816,U00070,9/17/2024,Rajasthan,Beauty,P0141,2,"₹ 9,882.18",20%,"₹ 19,764.36","₹ 15,811.49",Delivered,8,2,COD
O001817,U00328,8/30/2025,Rajasthan,Home,P0063,4,"₹ 11,925.27",25%,"₹ 47,701.08","₹ 35,775.81",Delivered,6,,Wallet
O001818,U00370,7/20/2025,Gujarat,Home,P0112,2,"₹ 4,067.86",5%,"₹ 8,135.72","₹ 7,728.93",Delivered,3,,UPI
O001819,U00581,6/15/2026,West Bengal,Electronics,P0122,3,"₹ 6,767.27",0%,"₹ 20,301.81","₹ 20,301.81",Delivered,5,2,Wallet
O001820,U00895,7/31/2026,Uttar Pradesh,Home,P0007,5,"₹ 11,337.38",10%,"₹ 56,686.90","₹ 51,018.21",Shipped,4,,COD
O001821,U00887,3/29/2025,Telangana,Home,P0102,1,"₹ 1,462.71",15%,"₹ 1,462.71","₹ 1,243.30",Delivered,6,3,UPI
O001822,U00412,7/2/2025,Gujarat,fashion,P0088,1,"₹ 8,004.74",5%,"₹ 8,004.74","₹ 7,604.50",Shipped,8,,Wallet
O001823,U00077,6/19/2026,Rajasthan,Sports,P0051,5,"₹ 2,752.08",10%,"₹ 13,760.40","₹ 12,384.36",Delivered,3,4,Card
O001824,U00537,2/26/2025,Delhi,Grocery,P0227,3,"₹ 9,749.16",25%,"₹ 29,247.48","₹ 21,935.61",Returned,8,,UPI
O001825,U00212,6/11/2025,Maharashtra,Fashion,P0146,3,"₹ 2,412.35",0%,"₹ 7,237.05","₹ 7,237.05",Delivered,5,,Wallet
O001826,U00171,9/17/2025,Rajasthan,Electronics,P0199,1,"₹ 11,821.12",10%,"₹ 11,821.12","₹ 10,639.01",Delivered,8,2,UPI
O001827,U00041,12/16/2024,West Bengal,Grocery,P0219,2,"₹ 3,600.66",15%,"₹ 7,201.32","₹ 6,121.12",Cancelled,,,UPI
O001828,U00613,6/6/2026,Gujarat,Fashion,P0246,1,"₹ 10,148.46",5%,"₹ 10,148.46","₹ 9,641.04",Shipped,5,,UPI
O001829,U00853,2/26/2026,Maharashtra,Electronics,P0057,5,"₹ 11,128.43",10%,"₹ 55,642.15","₹ 50,077.94",Delivered,5,1,COD
O001830,U00267,1/24/2026,Haryana,Grocery,P0009,2,"₹ 9,860.19",10%,"₹ 19,720.38","₹ 17,748.34",Cancelled,,,COD
O001831,U00613,2/25/2025,Telangana,Electronics,P0146,5,"₹ 6,362.19",20%,"₹ 31,810.95","₹ 25,448.76",Delivered,5,,Card
O001832,U00121,11/24/2025,Maharashtra,Home,P0057,2,"₹ 4,853.00",0%,"₹ 9,706.00","₹ 9,706.00",Returned,2,,Wallet
O001833,U00406,4/28/2025,Gujarat,Home,P0191,5,"₹ 4,940.89",10%,"₹ 24,704.45","₹ 22,234.01",Delivered,4,,COD
O001834,U00698,10/13/2024,West Bengal,Fashion,P0124,3,"₹ 4,006.09",25%,"₹ 12,018.27","₹ 9,013.70",Delivered,6,5,UPI
O001835,U00059,2/21/2025,Gujarat,Grocery,P0090,2,"₹ 3,628.59",5%,"₹ 7,257.18","₹ 6,894.32",Cancelled,,,COD
O001836,U00038,2/8/2026,Maharashtra,Fashion,P0211,2,"₹ 9,306.01",10%,"₹ 18,612.02","₹ 16,750.82",Cancelled,,,Card
O001837,U00671,7/1/2026,West Bengal,Electronics,P0248,2,"₹ 6,439.87",10%,"₹ 12,879.74","₹ 11,591.77",Cancelled,,,Card
O001838,U00041,12/12/2025,Haryana,Fashion,P0084,3,"₹ 1,516.91",0%,"₹ 4,550.73","₹ 4,550.73",Delivered,5,5,COD
O001839,U00477,8/10/2024,Maharashtra,Fashion,P0255,4,"₹ 1,417.22",0%,"₹ 5,668.88","₹ 5,668.88",Delivered,2,,UPI
O001840,U00403,6/10/2026,Maharashtra,Beauty,P0071,1,₹ 160.28,25%,₹ 160.28,₹ 120.21,Delivered,2,1,COD
O001841,U00223,4/1/2025,Delhi,Electronics,P0081,1,"₹ 5,516.69",15%,"₹ 5,516.69","₹ 4,689.19",Shipped,6,,Card
O001842,U00655,6/3/2025,Tamil Nadu,Electronics,P0229,5,"₹ 6,538.11",0%,"₹ 32,690.55","₹ 32,690.55",Delivered,5,,Wallet
O001843,U00368,2/23/2026,Tamil Nadu,Fashion,P0204,4,"₹ 10,347.98",20%,"₹ 41,391.92","₹ 33,113.54",Delivered,5,2,COD
O001844,U00602,12/17/2025,Delhi,Beauty,P0061,4,"₹ 6,181.08",0%,"₹ 24,724.32","₹ 24,724.32",Cancelled,,,COD
O001845,U00761,12/31/2024,Maharashtra,Home,P0030,1,₹ 521.83,5%,₹ 521.83,₹ 495.74,Returned,5,,Wallet
O001846,U00837,11/13/2024,Haryana,Electronics,P0101,3,"₹ 4,771.35",0%,"₹ 14,314.05","₹ 14,314.05",Cancelled,,,Wallet
O001847,U00689,2/1/2025,Uttar Pradesh,Grocery,P0184,2,"₹ 8,501.13",5%,"₹ 17,002.26","₹ 16,152.15",Delivered,6,3,COD
O001848,U00535,10/24/2024,Karnataka,Sports,P0173,5,"₹ 4,902.95",20%,"₹ 24,514.75","₹ 19,611.80",Delivered,1,,Card
O001849,U00579,9/1/2025,Maharashtra,Beauty,P0193,4,"₹ 11,714.16",20%,"₹ 46,856.64","₹ 37,485.31",Shipped,1,,Wallet
O001850,U00005,6/19/2025,Tamil Nadu,Grocery,P0149,5,"₹ 9,874.45",0%,"₹ 49,372.25","₹ 49,372.25",Returned,5,,COD
O001851,U00671,8/28/2026,Karnataka,Sports,P0154,4,₹ 144.48,10%,₹ 577.92,₹ 520.13,Delivered,1,3,UPI
O001852,U00338,4/21/2025,Maharashtra,Home,P0258,3,"₹ 8,571.01",25%,"₹ 25,713.03","₹ 19,284.77",Shipped,2,,UPI
O001853,U00061,5/23/2025,Tamil Nadu,Home,P0114,2,"₹ 6,180.31",20%,"₹ 12,360.62","₹ 9,888.50",Cancelled,,,Wallet
O001854,U00794,10/22/2024,West Bengal,Fashion,P0033,2,"₹ 6,183.21",0%,"₹ 12,366.42","₹ 12,366.42",Returned,2,,COD
O001855,U00862,10/11/2025,Tamil Nadu,Sports,P0238,5,₹ 809.68,20%,"₹ 4,048.40","₹ 3,238.72",Delivered,5,3,UPI
O001856,U00457,4/23/2025,Gujarat,Grocery,P0058,4,"₹ 4,932.96",20%,"₹ 19,731.84","₹ 15,785.47",Cancelled,,,Wallet
O001857,U00621,2/17/2026,Gujarat,Home,P0136,1,"₹ 5,814.32",20%,"₹ 5,814.32","₹ 4,651.46",Delivered,8,2,UPI
O001858,U00465,1/4/2026,Haryana,Sports,P0090,2,"₹ 1,535.00",5%,"₹ 3,070.00","₹ 2,916.50",Delivered,7,4,COD
O001859,U00615,2/13/2025,West Bengal,Electronics,P0187,4,"₹ 10,803.41",10%,"₹ 43,213.64","₹ 38,892.28",Delivered,1,,Wallet
O001860,U00439,10/25/2025,Karnataka,Grocery,P0138,3,"₹ 11,971.40",25%,"₹ 35,914.20","₹ 26,935.65",Returned,6,,COD
O001861,U00846,7/1/2025,West Bengal,Electronics,P0256,3,"₹ 2,343.15",10%,"₹ 7,029.45","₹ 6,326.51",Delivered,3,3,Wallet
O001862,U00086,8/11/2025,Karnataka,Beauty,P0009,1,"₹ 6,186.11",15%,"₹ 6,186.11","₹ 5,258.19",Delivered,6,,Card
O001863,U00359,3/27/2025,Maharashtra,Sports,P0193,5,"₹ 4,082.42",0%,"₹ 20,412.10","₹ 20,412.10",Delivered,3,,COD
O001864,U00478,3/22/2025,Maharashtra,Electronics,P0260,5,"₹ 2,245.72",10%,"₹ 11,228.60","₹ 10,105.74",Cancelled,,,COD
O001865,U00288,8/6/2024,Maharashtra,Sports,P0062,5,₹ 387.90,20%,"₹ 1,939.50","₹ 1,551.60",Delivered,5,,UPI
O001866,U00547,9/14/2025,Karnataka,Sports,P0022,2,"₹ 9,128.53",20%,"₹ 18,257.06","₹ 14,605.65",Cancelled,,,Wallet
O001867,U00004,1/8/2025,Gujarat,Electronics,P0057,5,"₹ 11,888.63",15%,"₹ 59,443.15","₹ 50,526.68",Delivered,3,3,UPI
O001868,U00896,6/9/2026,Maharashtra,Fashion,P0228,3,"₹ 4,492.84",0%,"₹ 13,478.52","₹ 13,478.52",Cancelled,,,Wallet
O001869,U00054,6/21/2026,Haryana,Beauty,P0142,5,"₹ 7,471.76",15%,"₹ 37,358.80","₹ 31,754.98",Cancelled,,,UPI
O001870,U00410,12/21/2025,Maharashtra,Fashion,P0014,4,"₹ 10,127.01",0%,"₹ 40,508.04","₹ 40,508.04",Cancelled,,,UPI
O001871,U00095,1/11/2025,Karnataka,Sports,P0200,2,"₹ 7,173.84",15%,"₹ 14,347.68","₹ 12,195.53",Cancelled,,,UPI
O001872,U00102,2/13/2025,Delhi,Beauty,P0165,5,"₹ 9,430.44",25%,"₹ 47,152.20","₹ 35,364.15",Returned,5,,Wallet
O001873,U00908,4/10/2026,Gujarat,Fashion,P0172,2,"₹ 10,589.37",25%,"₹ 21,178.74","₹ 15,884.06",Delivered,2,3,Card
O001874,U00108,5/27/2026,Rajasthan,Electronics,P0230,1,"₹ 5,078.23",10%,"₹ 5,078.23","₹ 4,570.41",Delivered,8,,Wallet
O001875,U00543,2/5/2026,Delhi,Beauty,P0243,4,"₹ 10,951.27",15%,"₹ 43,805.08","₹ 37,234.32",Delivered,5,4,Card
O001876,U00360,5/20/2026,Delhi,Grocery,P0241,1,"₹ 5,309.51",25%,"₹ 5,309.51","₹ 3,982.13",Cancelled,,,COD
O001877,U00139,8/29/2024,Haryana,Home,P0243,5,"₹ 7,556.11",25%,"₹ 37,780.55","₹ 28,335.41",Returned,1,,COD
O001878,U00210,7/30/2024,West Bengal,Sports,P0145,2,"₹ 5,677.28",25%,"₹ 11,354.56","₹ 8,515.92",Shipped,6,,Card
O001879,U00249,2/21/2025,West Bengal,Sports,P0184,3,"₹ 10,234.37",0%,"₹ 30,703.11","₹ 30,703.11",Cancelled,,,Wallet
O001880,U00267,1/22/2026,Tamil Nadu,Grocery,P0128,5,"₹ 8,586.35",10%,"₹ 42,931.75","₹ 38,638.58",Delivered,4,5,Card
O001881,U00147,8/29/2025,Karnataka,Grocery,P0192,5,"₹ 8,902.94",10%,"₹ 44,514.70","₹ 40,063.23",Returned,5,,Card
O001882,U00669,10/14/2024,Uttar Pradesh,Grocery,P0109,5,₹ 753.90,0%,"₹ 3,769.50","₹ 3,769.50",Returned,5,,COD
O001883,U00659,3/11/2025,West Bengal,Home,P0161,5,"₹ 1,305.52",10%,"₹ 6,527.60","₹ 5,874.84",Returned,2,,COD
O001884,U00713,6/10/2025,Uttar Pradesh,Beauty,P0081,2,"₹ 8,371.14",25%,"₹ 16,742.28","₹ 12,556.71",Delivered,1,,COD
O001885,U00386,6/23/2025,Telangana,beauty,P0156,5,"₹ 10,639.01",15%,"₹ 53,195.05","₹ 45,215.79",Delivered,6,4,UPI
O001886,U00476,8/25/2024,Haryana,Beauty,P0023,2,"₹ 3,908.66",25%,"₹ 7,817.32","₹ 5,862.99",Delivered,5,4,COD
O001887,U00436,2/23/2025,Rajasthan,Sports,P0127,2,"₹ 2,459.30",20%,"₹ 4,918.60","₹ 3,934.88",Delivered,1,1,COD
O001888,U00535,8/23/2025,Tamil Nadu,Fashion,P0256,3,"₹ 3,123.23",0%,"₹ 9,369.69","₹ 9,369.69",Delivered,6,3,COD
O001889,U00597,1/1/2025,Rajasthan,Sports,P0171,3,"₹ 6,661.17",10%,"₹ 19,983.51","₹ 17,985.16",Delivered,7,4,Card
O001890,U00378,5/17/2025,Tamil Nadu,Grocery,P0158,5,₹ 542.43,15%,"₹ 2,712.15","₹ 2,305.33",Delivered,3,,COD
O001891,U00115,6/16/2025,West Bengal,Sports,P0059,4,"₹ 2,533.18",10%,"₹ 10,132.72","₹ 9,119.45",Delivered,6,5,Wallet
O001892,U00021,12/25/2025,Maharashtra,Electronics,P0091,4,"₹ 7,565.16",20%,"₹ 30,260.64","₹ 24,208.51",Shipped,7,,UPI
O001893,U00575,11/28/2024,Gujarat,Beauty,P0166,1,"₹ 5,539.91",10%,"₹ 5,539.91","₹ 4,985.92",Delivered,2,4,Card
O001894,U00052,1/28/2025,Maharashtra,Grocery,P0233,5,"₹ 6,083.47",10%,"₹ 30,417.35","₹ 27,375.61",Delivered,1,,COD
O001895,U00575,1/30/2026,Haryana,Electronics,P0013,4,"₹ 9,534.78",15%,"₹ 38,139.12","₹ 32,418.25",Delivered,6,5,COD
O001896,U00041,1/27/2025,Haryana,Beauty,P0092,2,₹ 305.83,20%,₹ 611.66,₹ 489.33,Delivered,6,3,Card
O001897,U00600,8/21/2025,West Bengal,Beauty,P0126,4,"₹ 10,500.06",5%,"₹ 42,000.24","₹ 39,900.23",Cancelled,,,UPI
O001898,U00096,5/10/2025,Tamil Nadu,Electronics,P0175,5,"₹ 5,090.33",15%,"₹ 25,451.65","₹ 21,633.90",Cancelled,,,Card
O001899,U00001,4/25/2025,Maharashtra,Beauty,P0123,4,"₹ 9,524.63",10%,"₹ 38,098.52","₹ 34,288.67",Returned,3,,UPI
O001900,U00044,9/10/2025,Delhi,Beauty,P0176,1,"₹ 1,207.80",0%,"₹ 1,207.80","₹ 1,207.80",Returned,4,,Card
O001901,U00518,9/1/2024,Maharashtra,Sports,P0176,4,₹ 762.00,20%,"₹ 3,048.00","₹ 2,438.40",Returned,8,,Card
O001902,U00576,3/14/2025,Haryana,Grocery,P0129,1,"₹ 7,098.71",5%,"₹ 7,098.71","₹ 6,743.77",Delivered,1,3,UPI
O001903,U00531,7/27/2026,Rajasthan,Electronics,P0221,2,"₹ 11,313.50",0%,"₹ 22,627.00","₹ 22,627.00",Delivered,5,5,UPI
O001904,U00079,3/30/2026,Karnataka,Beauty,P0218,3,₹ 877.28,10%,"₹ 2,631.84","₹ 2,368.66",Returned,7,,COD
O001905,U00087,4/27/2026,Gujarat,Fashion,P0057,4,"₹ 11,345.54",25%,"₹ 45,382.16","₹ 34,036.62",Delivered,8,1,COD
O001906,U00041,9/16/2025,Haryana,Sports,P0061,5,"₹ 8,939.80",20%,"₹ 44,699.00","₹ 35,759.20",Shipped,3,,Wallet
O001907,U00085,4/8/2026,Maharashtra,Sports,P0238,3,"₹ 5,952.37",10%,"₹ 17,857.11","₹ 16,071.40",Delivered,5,,UPI
O001908,U00558,7/12/2024,Maharashtra,Home,P0004,4,"₹ 2,381.34",10%,"₹ 9,525.36","₹ 8,572.82",Shipped,4,,Card
O001909,U00617,12/29/2025,Delhi,Beauty,P0080,4,"₹ 7,352.36",0%,"₹ 29,409.44","₹ 29,409.44",Shipped,2,,UPI
O001910,U00156,1/8/2026,Gujarat,Home,P0172,3,₹ 745.04,20%,"₹ 2,235.12","₹ 1,788.10",Cancelled,,,UPI
O001911,U00342,2/18/2026,Delhi,Home,P0109,4,"₹ 10,027.33",10%,"₹ 40,109.32","₹ 36,098.39",Returned,4,,Wallet
O001912,U00023,5/10/2026,Rajasthan,Grocery,P0082,4,"₹ 9,034.17",25%,"₹ 36,136.68","₹ 27,102.51",Delivered,4,3,UPI
O001913,U00878,8/6/2025,Rajasthan,Beauty,P0152,5,"₹ 9,340.99",20%,"₹ 46,704.95","₹ 37,363.96",Returned,8,,COD
O001914,U00488,2/6/2025,Telangana,Grocery,P0257,5,"₹ 3,902.82",20%,"₹ 19,514.10","₹ 15,611.28",Delivered,2,,UPI
O001915,U00914,9/2/2024,Maharashtra,Home,P0108,5,"₹ 8,136.22",0%,"₹ 40,681.10","₹ 40,681.10",Returned,4,,Wallet
O001916,U00402,5/30/2026,Gujarat,Home,P0213,3,"₹ 9,960.19",20%,"₹ 29,880.57","₹ 23,904.46",Returned,3,,UPI
O001917,U00758,8/9/2026,Karnataka,Sports,P0045,5,₹ 737.23,10%,"₹ 3,686.15","₹ 3,317.54",Delivered,5,,UPI
O001918,U00546,7/11/2026,Maharashtra,Grocery,P0124,3,"₹ 6,688.47",10%,"₹ 20,065.41","₹ 18,058.87",Delivered,1,4,UPI
O001919,U00455,7/28/2026,Maharashtra,Fashion,P0084,1,"₹ 11,441.87",10%,"₹ 11,441.87","₹ 10,297.68",Shipped,8,,Card
O001920,U00509,10/16/2025,Rajasthan,Grocery,P0070,5,"₹ 1,347.96",5%,"₹ 6,739.80","₹ 6,402.81",Delivered,5,,Wallet
O001921,U00228,12/25/2024,Gujarat,Beauty,P0248,2,"₹ 2,994.74",15%,"₹ 5,989.48","₹ 5,091.06",Returned,6,,COD
O001922,U00184,6/30/2025,Haryana,Grocery,P0064,5,"₹ 3,805.80",10%,"₹ 19,029.00","₹ 17,126.10",Delivered,8,1,Wallet
O001923,U00258,12/13/2024,Gujarat,Electronics,P0089,5,"₹ 8,587.66",5%,"₹ 42,938.30","₹ 40,791.39",Shipped,6,,UPI
O001924,U00270,2/23/2026,Haryana,Electronics,P0071,5,"₹ 9,259.36",10%,"₹ 46,296.80","₹ 41,667.12",Delivered,1,3,COD
O001925,U00053,2/16/2026,Telangana,Home,P0153,1,"₹ 4,395.06",15%,"₹ 4,395.06","₹ 3,735.80",Delivered,7,,Wallet
O001926,U00041,12/7/2024,Delhi,Home,P0223,4,"₹ 8,492.56",0%,"₹ 33,970.24","₹ 33,970.24",Delivered,7,,UPI
O001927,U00298,6/7/2025,Delhi,Beauty,P0094,2,"₹ 1,346.89",0%,"₹ 2,693.78","₹ 2,693.78",Returned,7,,Wallet
O001928,U00533,1/16/2026,Maharashtra,Home,P0051,4,"₹ 11,761.99",10%,"₹ 47,047.96","₹ 42,343.16",Delivered,6,,UPI
O001929,U00749,11/18/2024,Rajasthan,Beauty,P0183,2,"₹ 4,478.67",10%,"₹ 8,957.34","₹ 8,061.61",Shipped,2,,Card
O001930,U00544,5/27/2025,Rajasthan,Grocery,P0119,5,"₹ 2,576.89",5%,"₹ 12,884.45","₹ 12,240.23",Delivered,6,,COD
O001931,U00261,3/29/2026,West Bengal,Fashion,P0233,2,"₹ 1,342.37",0%,"₹ 2,684.74","₹ 2,684.74",Delivered,3,2,Wallet
O001932,U00519,9/5/2025,Telangana,Fashion,P0193,3,"₹ 11,858.08",10%,"₹ 35,574.24","₹ 32,016.82",Delivered,2,3,Wallet
O001933,U00468,6/22/2025,West Bengal,Home,P0120,4,"₹ 3,844.85",0%,"₹ 15,379.40","₹ 15,379.40",Cancelled,,,Card
O001934,U00672,6/29/2025,Karnataka,Grocery,P0047,1,"₹ 6,397.19",10%,"₹ 6,397.19","₹ 5,757.47",Shipped,6,,COD
O001935,U00012,11/23/2025,Haryana,Home,P0160,2,"₹ 6,085.62",20%,"₹ 12,171.24","₹ 9,736.99",Shipped,3,,UPI
O001936,U00901,11/15/2025,Telangana,Electronics,P0172,2,"₹ 3,885.42",0%,"₹ 7,770.84","₹ 7,770.84",Returned,3,,UPI
O001937,U00337,5/25/2025,Telangana,Beauty,P0132,3,"₹ 8,071.78",10%,"₹ 24,215.34","₹ 21,793.81",Delivered,8,2,COD
O001938,U00648,6/24/2026,Delhi,Beauty,P0206,1,₹ 156.52,5%,₹ 156.52,₹ 148.69,Delivered,4,,UPI
O001939,U00159,7/15/2026,West Bengal,Beauty,P0012,3,"₹ 11,026.92",10%,"₹ 33,080.76","₹ 29,772.68",Delivered,2,,UPI
O001940,U00839,3/9/2025,West Bengal,Beauty,P0084,3,"₹ 5,866.10",5%,"₹ 17,598.30","₹ 16,718.38",Delivered,1,,UPI
O001941,U00597,9/28/2025,Maharashtra,Fashion,P0139,3,"₹ 7,061.80",20%,"₹ 21,185.40","₹ 16,948.32",Cancelled,,,COD
O001942,U00125,4/21/2025,Rajasthan,Electronics,P0152,2,"₹ 8,692.85",15%,"₹ 17,385.70","₹ 14,777.84",Delivered,2,,Card
O001943,U00299,5/1/2025,Karnataka,Fashion,P0249,3,"₹ 3,060.27",20%,"₹ 9,180.81","₹ 7,344.65",Delivered,3,2,Wallet
O001944,U00641,5/7/2025,Karnataka,Fashion,P0220,5,"₹ 11,038.54",20%,"₹ 55,192.70","₹ 44,154.16",Cancelled,,,Card
O001945,U00128,2/1/2026,Delhi,Home,P0086,2,"₹ 11,501.05",10%,"₹ 23,002.10","₹ 20,701.89",Delivered,8,4,COD
O001946,U00506,4/17/2026,Telangana,Fashion,P0107,4,"₹ 5,600.57",20%,"₹ 22,402.28","₹ 17,921.82",Cancelled,,,Wallet
O001947,U00058,1/10/2026,Gujarat,Fashion,P0194,1,"₹ 11,140.07",0%,"₹ 11,140.07","₹ 11,140.07",Cancelled,,,Wallet
O001948,U00302,6/22/2026,Karnataka,Beauty,P0217,3,"₹ 6,283.28",5%,"₹ 18,849.84","₹ 17,907.35",Cancelled,,,UPI
O001949,U00494,3/31/2025,Gujarat,Sports,P0218,3,"₹ 2,892.06",15%,"₹ 8,676.18","₹ 7,374.75",Delivered,7,4,Wallet
O001950,U00160,3/5/2026,Haryana,Home,P0121,5,"₹ 9,679.71",5%,"₹ 48,398.55","₹ 45,978.62",Delivered,2,4,Wallet
O001951,U00569,9/21/2025,Delhi,Sports,P0146,5,"₹ 9,943.52",15%,"₹ 49,717.60","₹ 42,259.96",Shipped,7,,Card
O001952,U00460,8/12/2024,West Bengal,Electronics,P0163,4,"₹ 4,700.66",15%,"₹ 18,802.64","₹ 15,982.24",Returned,8,,Card
O001953,U00439,3/11/2025,Gujarat,Fashion,P0080,3,"₹ 2,695.84",25%,"₹ 8,087.52","₹ 6,065.64",Delivered,8,,UPI
O001954,U00226,11/27/2025,Tamil Nadu,Home,P0255,4,₹ 243.34,20%,₹ 973.36,₹ 778.69,Delivered,6,3,Card
O001955,U00558,8/8/2024,Karnataka,Fashion,P0197,1,"₹ 3,746.54",5%,"₹ 3,746.54","₹ 3,559.21",Delivered,1,,Card
O001956,U00667,7/2/2025,Karnataka,Beauty,P0234,4,"₹ 11,486.12",25%,"₹ 45,944.48","₹ 34,458.36",Delivered,7,3,Card
O001957,U00579,5/11/2026,Rajasthan,Beauty,P0115,4,"₹ 1,637.96",5%,"₹ 6,551.84","₹ 6,224.25",Delivered,8,,UPI
O001958,U00105,6/7/2026,Delhi,Beauty,P0254,2,"₹ 7,361.69",20%,"₹ 14,723.38","₹ 11,778.70",Delivered,2,,UPI
O001959,U00533,3/31/2026,Delhi,Sports,P0182,1,"₹ 10,016.48",20%,"₹ 10,016.48","₹ 8,013.18",Shipped,5,,COD
O001960,U00009,4/5/2026,Maharashtra,Fashion,P0073,5,₹ 348.32,10%,"₹ 1,741.60","₹ 1,567.44",Delivered,5,,Wallet
O001961,U00261,4/25/2025,Rajasthan,Fashion,P0198,4,"₹ 4,607.72",0%,"₹ 18,430.88","₹ 18,430.88",Delivered,5,1,UPI
O001962,U00900,4/14/2025,Delhi,Grocery,P0106,5,"₹ 4,014.24",10%,"₹ 20,071.20","₹ 18,064.08",Delivered,7,5,Wallet
O001963,U00686,8/19/2025,Haryana,Electronics,P0116,5,"₹ 3,408.19",5%,"₹ 17,040.95","₹ 16,188.90",Shipped,5,,COD
O001964,U00262,7/25/2025,Uttar Pradesh,Beauty,P0078,1,"₹ 8,087.50",5%,"₹ 8,087.50","₹ 7,683.12",Cancelled,,,Wallet
O001965,U00135,1/22/2026,Gujarat,Grocery,P0082,3,"₹ 9,629.06",15%,"₹ 28,887.18","₹ 24,554.10",Returned,8,,Card
O001966,U00650,1/18/2026,Maharashtra,beauty,P0160,5,"₹ 8,412.43",25%,"₹ 42,062.15","₹ 31,546.61",Delivered,5,,UPI
O001967,U00639,12/6/2024,Karnataka,Electronics,P0010,2,"₹ 11,993.53",15%,"₹ 23,987.06","₹ 20,389.00",Shipped,5,,Wallet
O001968,U00183,10/18/2025,Haryana,Sports,P0005,5,"₹ 6,974.39",5%,"₹ 34,871.95","₹ 33,128.35",Delivered,1,4,Wallet
O001969,U00118,3/12/2026,Uttar Pradesh,Grocery,P0112,1,"₹ 9,554.82",5%,"₹ 9,554.82","₹ 9,077.08",Cancelled,,,Card
O001970,U00089,9/21/2025,Telangana,Grocery,P0239,3,₹ 509.56,25%,"₹ 1,528.68","₹ 1,146.51",Delivered,3,1,COD
O001971,U00347,2/18/2026,Tamil Nadu,Sports,P0248,3,"₹ 6,781.09",0%,"₹ 20,343.27","₹ 20,343.27",Delivered,3,,COD
O001972,U00015,10/24/2024,Telangana,Grocery,P0107,5,"₹ 3,728.91",5%,"₹ 18,644.55","₹ 17,712.32",Cancelled,,,COD
O001973,U00331,9/25/2024,Karnataka,Beauty,P0166,5,"₹ 4,714.18",0%,"₹ 23,570.90","₹ 23,570.90",Cancelled,,,COD
O001974,U00688,1/14/2026,Rajasthan,Grocery,P0185,3,"₹ 7,187.96",5%,"₹ 21,563.88","₹ 20,485.69",Delivered,2,,Card
O001975,U00071,8/18/2025,Delhi,Home,P0091,1,"₹ 10,789.17",10%,"₹ 10,789.17","₹ 9,710.25",Delivered,8,1,Wallet
O001976,U00441,5/4/2026,Tamil Nadu,Beauty,P0112,5,"₹ 5,569.40",15%,"₹ 27,847.00","₹ 23,669.95",Delivered,8,,COD
O001977,U00556,8/14/2026,Delhi,Home,P0189,2,"₹ 7,014.04",10%,"₹ 14,028.08","₹ 12,625.27",Shipped,4,,Card
O001978,U00004,12/8/2025,Gujarat,Fashion,P0223,4,"₹ 5,674.19",10%,"₹ 22,696.76","₹ 20,427.08",Cancelled,,,COD
O001979,U00038,11/5/2025,Tamil Nadu,Grocery,P0194,1,"₹ 5,894.04",25%,"₹ 5,894.04","₹ 4,420.53",Delivered,6,2,COD
O001980,U00115,6/24/2026,Rajasthan,Beauty,P0172,5,₹ 801.95,25%,"₹ 4,009.75","₹ 3,007.31",Delivered,2,3,Wallet
O001981,U00440,4/4/2025,West Bengal,Beauty,P0206,1,"₹ 8,224.21",15%,"₹ 8,224.21","₹ 6,990.58",Delivered,6,,Card
O001982,U00796,2/17/2025,Maharashtra,Fashion,P0078,4,₹ 749.44,25%,"₹ 2,997.76","₹ 2,248.32",Shipped,3,,Wallet
O001983,U00438,5/19/2026,Delhi,Fashion,P0148,2,"₹ 6,775.42",15%,"₹ 13,550.84","₹ 11,518.21",Returned,2,,COD
O001984,U00052,4/19/2026,West Bengal,Electronics,P0038,3,"₹ 9,849.90",20%,"₹ 29,549.70","₹ 23,639.76",Cancelled,,,Wallet
O001985,U00007,11/8/2025,Uttar Pradesh,Sports,P0238,5,"₹ 9,622.24",20%,"₹ 48,111.20","₹ 38,488.96",Cancelled,,,Card
O001986,U00483,3/10/2025,Gujarat,Fashion,P0047,3,"₹ 5,172.16",25%,"₹ 15,516.48","₹ 11,637.36",Delivered,7,2,UPI
O001987,U00713,12/28/2025,Maharashtra,Beauty,P0154,3,"₹ 2,784.01",0%,"₹ 8,352.03","₹ 8,352.03",Delivered,4,3,UPI
O001988,U00526,4/21/2026,Uttar Pradesh,Home,P0019,4,"₹ 3,015.10",25%,"₹ 12,060.40","₹ 9,045.30",Returned,6,,Card
O001989,U00593,9/27/2025,Karnataka,Sports,P0220,5,"₹ 7,184.03",15%,"₹ 35,920.15","₹ 30,532.13",Shipped,7,,Card
O001990,U00515,7/11/2024,West Bengal,Grocery,P0201,2,"₹ 11,543.79",15%,"₹ 23,087.58","₹ 19,624.44",Delivered,2,5,Card
O001991,U00016,2/17/2025,Rajasthan,Grocery,P0112,5,"₹ 10,477.94",10%,"₹ 52,389.70","₹ 47,150.73",Delivered,1,3,Card
O001992,U00352,2/22/2025,Haryana,Sports,P0058,5,"₹ 1,649.78",25%,"₹ 8,248.90","₹ 6,186.67",Delivered,3,4,COD
O001993,U00918,3/31/2026,Delhi,Electronics,P0246,5,"₹ 4,900.61",15%,"₹ 24,503.05","₹ 20,827.59",Shipped,4,,Card
O001994,U00266,7/23/2025,Uttar Pradesh,Electronics,P0191,3,"₹ 6,451.43",25%,"₹ 19,354.29","₹ 14,515.72",Delivered,1,4,COD
O001995,U00428,11/24/2024,West Bengal,Grocery,P0150,5,"₹ 7,048.01",5%,"₹ 35,240.05","₹ 33,478.05",Shipped,1,,Wallet
O001996,U00916,12/11/2024,Telangana,Fashion,P0044,1,"₹ 7,664.73",25%,"₹ 7,664.73","₹ 5,748.55",Returned,8,,Wallet
O001997,U00260,6/6/2026,Haryana,Home,P0202,4,₹ 381.17,5%,"₹ 1,524.68","₹ 1,448.45",Delivered,5,3,Wallet
O001998,U00795,8/22/2025,West Bengal,Grocery,P0098,2,"₹ 4,393.66",5%,"₹ 8,787.32","₹ 8,347.95",Cancelled,,,Wallet
O001999,U00825,4/12/2025,Haryana,Beauty,P0065,4,"₹ 11,651.97",15%,"₹ 46,607.88","₹ 39,616.70",Shipped,1,,Wallet
O002000,U00752,9/10/2024,Uttar Pradesh,Fashion,P0139,2,"₹ 1,722.09",10%,"₹ 3,444.18","₹ 3,099.76",Returned,5,,UPI
O002001,U00883,12/17/2024,Karnataka,Fashion,P0165,1,₹ 427.94,10%,₹ 427.94,₹ 385.15,Delivered,5,5,Card
O002002,U00221,9/19/2025,Maharashtra,Home,P0041,4,"₹ 10,118.22",20%,"₹ 40,472.88","₹ 32,378.30",Delivered,3,2,COD
O002003,U00410,3/23/2025,Haryana,Electronics,P0253,1,"₹ 2,901.93",25%,"₹ 2,901.93","₹ 2,176.45",Delivered,1,1,UPI
O002004,U00497,12/3/2025,Karnataka,Beauty,P0006,3,"₹ 5,217.43",15%,"₹ 15,652.29","₹ 13,304.45",Returned,8,,Wallet
O002005,U00799,3/11/2026,West Bengal,Grocery,P0104,3,"₹ 10,006.31",25%,"₹ 30,018.93","₹ 22,514.20",Cancelled,,,Card
O002006,U00938,12/30/2025,Tamil Nadu,Electronics,P0236,5,"₹ 3,798.91",15%,"₹ 18,994.55","₹ 16,145.37",Returned,5,,Card
O002007,U00322,3/9/2025,West Bengal,Sports,P0035,2,"₹ 1,587.37",0%,"₹ 3,174.74","₹ 3,174.74",Delivered,1,,COD
O002008,U00074,7/4/2025,Gujarat,Fashion,P0115,3,"₹ 7,654.61",5%,"₹ 22,963.83","₹ 21,815.64",Shipped,8,,Card
O002009,U00946,9/18/2024,Uttar Pradesh,Electronics,P0248,1,₹ 922.82,0%,₹ 922.82,₹ 922.82,Returned,7,,Card
O002010,U00044,12/30/2024,Telangana,Electronics,P0193,5,"₹ 9,181.45",15%,"₹ 45,907.25","₹ 39,021.16",Shipped,8,,COD
O002011,U00510,8/9/2025,Uttar Pradesh,Electronics,P0060,2,"₹ 7,208.60",20%,"₹ 14,417.20","₹ 11,533.76",Delivered,8,,Wallet
O002012,U00779,7/5/2024,Delhi,Beauty,P0087,2,"₹ 8,687.66",5%,"₹ 17,375.32","₹ 16,506.55",Cancelled,,,Wallet
O002013,U00907,8/5/2025,Rajasthan,Fashion,P0246,2,"₹ 9,990.43",20%,"₹ 19,980.86","₹ 15,984.69",Delivered,7,1,Card
O002014,U00229,9/27/2024,Telangana,Grocery,P0047,4,"₹ 11,517.13",0%,"₹ 46,068.52","₹ 46,068.52",Cancelled,,,COD
O002015,U00042,10/3/2024,Uttar Pradesh,Home,P0135,4,"₹ 10,336.20",15%,"₹ 41,344.80","₹ 35,143.08",Delivered,2,,COD
O002016,U00759,4/5/2025,Maharashtra,Fashion,P0137,4,"₹ 3,106.54",20%,"₹ 12,426.16","₹ 9,940.93",Delivered,3,5,UPI
O002017,U00092,5/11/2026,Maharashtra,Sports,P0218,4,"₹ 11,269.23",15%,"₹ 45,076.92","₹ 38,315.38",Delivered,3,5,COD
O002018,U00237,9/23/2024,Rajasthan,Sports,P0245,2,"₹ 4,243.00",15%,"₹ 8,486.00","₹ 7,213.10",Delivered,5,5,Card
O002019,U00253,3/2/2025,Telangana,Electronics,P0069,1,"₹ 4,288.60",20%,"₹ 4,288.60","₹ 3,430.88",Delivered,2,5,COD
O002020,U00567,11/28/2024,Rajasthan,Sports,P0061,5,"₹ 1,792.77",10%,"₹ 8,963.85","₹ 8,067.47",Shipped,8,,UPI
O002021,U00289,1/29/2025,Maharashtra,Home,P0198,3,"₹ 4,237.43",0%,"₹ 12,712.29","₹ 12,712.29",Delivered,6,1,UPI
O002022,U00456,3/5/2026,Karnataka,Fashion,P0058,1,"₹ 7,695.34",5%,"₹ 7,695.34","₹ 7,310.57",Delivered,2,5,Card
O002023,U00864,9/25/2024,Telangana,Beauty,P0137,2,"₹ 8,653.26",0%,"₹ 17,306.52","₹ 17,306.52",Cancelled,,,Card
O002024,U00448,10/11/2024,Gujarat,Fashion,P0067,4,"₹ 11,150.05",15%,"₹ 44,600.20","₹ 37,910.17",Returned,1,,Wallet
O002025,U00109,10/23/2025,Karnataka,Electronics,P0194,2,"₹ 6,195.19",10%,"₹ 12,390.38","₹ 11,151.34",Returned,4,,Card
O002026,U00349,11/10/2024,Uttar Pradesh,Electronics,P0109,4,"₹ 7,314.42",10%,"₹ 29,257.68","₹ 26,331.91",Delivered,6,1,COD
O002027,U00062,11/27/2024,Maharashtra,Sports,P0102,2,"₹ 6,271.28",20%,"₹ 12,542.56","₹ 10,034.05",Cancelled,,,Card
O002028,U00802,4/13/2026,Maharashtra,Grocery,P0078,3,"₹ 2,549.94",25%,"₹ 7,649.82","₹ 5,737.36",Returned,1,,UPI
O002029,U00183,2/12/2026,Haryana,Home,P0248,1,"₹ 8,365.79",10%,"₹ 8,365.79","₹ 7,529.21",Shipped,7,,Wallet
O002030,U00173,8/19/2024,Haryana,Electronics,P0024,1,₹ 223.44,15%,₹ 223.44,₹ 189.92,Delivered,5,5,Wallet
O002031,U00744,8/26/2026,Gujarat,Sports,P0212,1,"₹ 8,896.48",15%,"₹ 8,896.48","₹ 7,562.01",Delivered,3,5,Wallet
O002032,U00802,3/4/2025,Maharashtra,Sports,P0045,1,"₹ 4,615.18",20%,"₹ 4,615.18","₹ 3,692.14",Delivered,5,2,Card
O002033,U00325,8/9/2025,Uttar Pradesh,Electronics,P0255,4,"₹ 11,693.32",5%,"₹ 46,773.28","₹ 44,434.62",Delivered,3,,COD
O002034,U00002,1/8/2026,Uttar Pradesh,Fashion,P0027,1,₹ 436.92,0%,₹ 436.92,₹ 436.92,Delivered,4,,COD
O002035,U00331,7/5/2024,Tamil Nadu,Fashion,P0056,2,"₹ 4,684.03",15%,"₹ 9,368.06","₹ 7,962.85",Cancelled,,,Card
O002036,U00115,11/2/2024,Telangana,Sports,P0152,4,"₹ 2,513.07",10%,"₹ 10,052.28","₹ 9,047.05",Delivered,6,,COD
O002037,U00205,8/21/2025,Maharashtra,Sports,P0038,1,"₹ 3,702.35",10%,"₹ 3,702.35","₹ 3,332.11",Delivered,8,,UPI
O002038,U00135,2/8/2025,Delhi,Fashion,P0111,3,"₹ 8,717.32",0%,"₹ 26,151.96","₹ 26,151.96",Delivered,4,2,Wallet
O002039,U00462,10/17/2024,Rajasthan,Home,P0082,2,"₹ 9,710.41",5%,"₹ 19,420.82","₹ 18,449.78",Delivered,1,2,Card
O002040,U00301,9/4/2025,West Bengal,Beauty,P0004,3,"₹ 5,774.85",5%,"₹ 17,324.55","₹ 16,458.32",Delivered,6,5,Card
O002041,U00793,1/26/2025,Telangana,Electronics,P0260,1,₹ 819.21,5%,₹ 819.21,₹ 778.25,Delivered,1,5,Wallet
O002042,U00772,7/10/2024,Telangana,Fashion,P0093,5,"₹ 2,788.20",5%,"₹ 13,941.00","₹ 13,243.95",Shipped,7,,Wallet
O002043,U00168,6/20/2025,Uttar Pradesh,Grocery,P0059,1,"₹ 1,311.23",10%,"₹ 1,311.23","₹ 1,180.11",Cancelled,,,Wallet
O002044,U00891,5/28/2026,Rajasthan,Fashion,P0191,5,"₹ 8,043.59",0%,"₹ 40,217.95","₹ 40,217.95",Delivered,5,5,COD
O002045,U00186,11/4/2025,Telangana,Home,P0204,3,"₹ 5,744.05",25%,"₹ 17,232.15","₹ 12,924.11",Cancelled,,,UPI
O002046,U00514,2/25/2026,Gujarat,Beauty,P0229,3,"₹ 8,378.63",15%,"₹ 25,135.89","₹ 21,365.51",Returned,4,,Card
O002047,U00765,11/6/2024,Delhi,Fashion,P0042,2,"₹ 1,387.98",15%,"₹ 2,775.96","₹ 2,359.57",Delivered,3,5,COD
O002048,U00169,8/1/2025,Delhi,electronics,P0204,1,"₹ 10,813.39",0%,"₹ 10,813.39","₹ 10,813.39",Delivered,8,5,UPI
O002049,U00285,7/31/2026,West Bengal,Home,P0054,3,"₹ 7,627.23",25%,"₹ 22,881.69","₹ 17,161.27",Delivered,1,,COD
O002050,U00939,9/16/2024,Uttar Pradesh,Electronics,P0234,3,"₹ 2,836.59",20%,"₹ 8,509.77","₹ 6,807.82",Cancelled,,,Wallet
O002051,U00408,9/1/2025,Maharashtra,Beauty,P0048,5,"₹ 6,767.23",0%,"₹ 33,836.15","₹ 33,836.15",Delivered,5,1,UPI
O002052,U00780,3/27/2026,Karnataka,Home,P0102,4,"₹ 7,584.63",10%,"₹ 30,338.52","₹ 27,304.67",Delivered,5,2,Wallet
O002053,U00104,8/24/2024,Telangana,Home,P0238,5,"₹ 10,411.10",0%,"₹ 52,055.50","₹ 52,055.50",Delivered,1,,COD
O002054,U00822,8/19/2024,Haryana,Home,P0079,1,"₹ 2,377.71",0%,"₹ 2,377.71","₹ 2,377.71",Delivered,8,2,UPI
O002055,U00149,9/20/2024,Uttar Pradesh,Grocery,P0177,3,"₹ 7,238.18",25%,"₹ 21,714.54","₹ 16,285.91",Delivered,7,2,Wallet
O002056,U00235,5/30/2025,Telangana,Sports,P0160,3,"₹ 8,941.23",5%,"₹ 26,823.69","₹ 25,482.51",Returned,3,,COD
O002057,U00293,4/21/2025,Uttar Pradesh,Home,P0035,4,"₹ 11,594.56",0%,"₹ 46,378.24","₹ 46,378.24",Delivered,1,,UPI
O002058,U00236,8/30/2024,West Bengal,Grocery,P0202,2,"₹ 11,367.46",25%,"₹ 22,734.92","₹ 17,051.19",Shipped,5,,COD
O002059,U00083,3/18/2026,Gujarat,Sports,P0119,2,"₹ 9,496.26",0%,"₹ 18,992.52","₹ 18,992.52",Delivered,1,1,Card
O002060,U00338,9/4/2024,Karnataka,Beauty,P0093,3,"₹ 7,911.24",25%,"₹ 23,733.72","₹ 17,800.29",Delivered,4,,UPI
O002061,U00590,4/27/2026,West Bengal,Home,P0108,3,"₹ 4,476.61",25%,"₹ 13,429.83","₹ 10,072.37",Shipped,1,,Wallet
O002062,U00597,11/8/2024,Tamil Nadu,Sports,P0106,1,"₹ 6,398.53",10%,"₹ 6,398.53","₹ 5,758.68",Returned,7,,COD
O002063,U00949,5/25/2025,Uttar Pradesh,Beauty,P0259,2,"₹ 3,798.22",20%,"₹ 7,596.44","₹ 6,077.15",Delivered,2,1,Card
O002064,U00630,10/12/2024,West Bengal,Sports,P0201,1,"₹ 2,659.74",10%,"₹ 2,659.74","₹ 2,393.77",Returned,5,,UPI
O002065,U00083,7/3/2024,Telangana,Sports,P0197,2,"₹ 7,416.30",10%,"₹ 14,832.60","₹ 13,349.34",Delivered,4,1,COD
O002066,U00012,4/17/2026,Telangana,Electronics,P0069,5,"₹ 1,915.92",20%,"₹ 9,579.60","₹ 7,663.68",Delivered,4,3,Card
O002067,U00180,8/21/2026,Karnataka,Electronics,P0190,1,"₹ 7,363.04",20%,"₹ 7,363.04","₹ 5,890.43",Cancelled,,,COD
O002068,U00333,11/11/2024,Maharashtra,Electronics,P0126,3,"₹ 8,863.03",0%,"₹ 26,589.09","₹ 26,589.09",Delivered,5,3,Card
O002069,U00546,1/20/2026,Haryana,Beauty,P0156,5,"₹ 5,217.61",20%,"₹ 26,088.05","₹ 20,870.44",Returned,4,,UPI
O002070,U00537,9/19/2025,Uttar Pradesh,Electronics,P0226,3,"₹ 1,363.51",10%,"₹ 4,090.53","₹ 3,681.48",Shipped,1,,Card
O002071,U00713,12/30/2025,Telangana,Beauty,P0052,3,₹ 441.39,15%,"₹ 1,324.17","₹ 1,125.54",Shipped,6,,Card
O002072,U00563,5/14/2025,Telangana,Electronics,P0124,5,"₹ 2,623.69",5%,"₹ 13,118.45","₹ 12,462.53",Delivered,6,,Card
O002073,U00112,5/28/2026,Delhi,Grocery,P0200,4,₹ 970.43,5%,"₹ 3,881.72","₹ 3,687.63",Returned,1,,Wallet
O002074,U00430,9/2/2025,Haryana,Electronics,P0115,2,"₹ 2,431.39",20%,"₹ 4,862.78","₹ 3,890.22",Returned,8,,Card
O002075,U00565,7/31/2025,Karnataka,Electronics,P0158,4,"₹ 9,096.47",5%,"₹ 36,385.88","₹ 34,566.59",Returned,5,,Wallet
O002076,U00751,7/25/2025,Maharashtra,Fashion,P0053,2,"₹ 11,457.67",0%,"₹ 22,915.34","₹ 22,915.34",Delivered,3,4,UPI
O002077,U00074,11/9/2024,Karnataka,Beauty,P0205,5,"₹ 7,409.35",15%,"₹ 37,046.75","₹ 31,489.74",Cancelled,,,Card
O002078,U00625,2/16/2026,Haryana,Sports,P0218,2,"₹ 1,142.20",15%,"₹ 2,284.40","₹ 1,941.74",Shipped,8,,Card
O002079,U00154,8/14/2025,Telangana,Electronics,P0255,4,"₹ 5,396.80",25%,"₹ 21,587.20","₹ 16,190.40",Delivered,5,5,UPI
O002080,U00430,8/30/2025,Telangana,Electronics,P0069,2,"₹ 7,076.56",25%,"₹ 14,153.12","₹ 10,614.84",Delivered,3,4,UPI
O002081,U00260,10/25/2024,Haryana,Sports,P0102,1,"₹ 7,404.30",10%,"₹ 7,404.30","₹ 6,663.87",Delivered,7,3,Wallet
O002082,U00142,9/19/2025,Telangana,Beauty,P0257,1,"₹ 6,257.34",15%,"₹ 6,257.34","₹ 5,318.74",Cancelled,,,UPI
O002083,U00173,3/23/2025,Karnataka,Grocery,P0188,5,"₹ 6,476.93",0%,"₹ 32,384.65","₹ 32,384.65",Delivered,4,2,Card
O002084,U00346,3/23/2025,Haryana,Fashion,P0103,3,"₹ 4,365.29",15%,"₹ 13,095.87","₹ 11,131.49",Delivered,5,3,UPI
O002085,U00414,5/30/2026,Gujarat,Sports,P0179,3,"₹ 2,346.04",10%,"₹ 7,038.12","₹ 6,334.31",Delivered,2,4,COD
O002086,U00598,11/28/2024,Delhi,Electronics,P0055,2,"₹ 3,408.51",10%,"₹ 6,817.02","₹ 6,135.32",Returned,3,,UPI
O002087,U00862,12/13/2024,Gujarat,sports,P0191,2,"₹ 6,414.21",15%,"₹ 12,828.42","₹ 10,904.16",Delivered,2,3,COD
O002088,U00859,9/18/2025,Delhi,Home,P0208,3,"₹ 11,818.70",20%,"₹ 35,456.10","₹ 28,364.88",Delivered,4,4,Card
O002089,U00682,1/3/2026,Maharashtra,Home,P0147,2,₹ 584.45,5%,"₹ 1,168.90","₹ 1,110.45",Shipped,8,,UPI
O002090,U00230,12/25/2024,Uttar Pradesh,Home,P0092,4,"₹ 10,299.89",15%,"₹ 41,199.56","₹ 35,019.63",Delivered,4,,UPI
O002091,U00857,2/20/2026,West Bengal,Beauty,P0257,1,"₹ 6,880.71",15%,"₹ 6,880.71","₹ 5,848.60",Delivered,6,,Wallet
O002092,U00643,5/12/2026,Telangana,Home,P0130,4,"₹ 3,162.61",5%,"₹ 12,650.44","₹ 12,017.92",Delivered,4,3,Wallet
O002093,U00442,6/13/2026,Karnataka,Fashion,P0260,5,"₹ 5,371.77",20%,"₹ 26,858.85","₹ 21,487.08",Delivered,1,1,UPI
O002094,U00398,4/12/2026,Rajasthan,Fashion,P0042,5,"₹ 6,678.01",20%,"₹ 33,390.05","₹ 26,712.04",Shipped,6,,Card
O002095,U00216,11/2/2025,Gujarat,Home,P0080,2,"₹ 2,237.25",5%,"₹ 4,474.50","₹ 4,250.77",Delivered,4,,COD
O002096,U00356,1/4/2026,Karnataka,Grocery,P0002,5,"₹ 2,501.47",10%,"₹ 12,507.35","₹ 11,256.61",Delivered,7,2,COD
O002097,U00260,11/29/2024,Tamil Nadu,Home,P0063,5,"₹ 8,048.55",25%,"₹ 40,242.75","₹ 30,182.06",Delivered,4,,Card
O002098,U00403,1/17/2025,Haryana,Home,P0246,2,"₹ 2,466.80",5%,"₹ 4,933.60","₹ 4,686.92",Returned,7,,Wallet
O002099,U00211,12/16/2025,Tamil Nadu,Home,P0088,3,"₹ 6,502.90",0%,"₹ 19,508.70","₹ 19,508.70",Shipped,4,,Wallet
O002100,U00517,8/4/2024,Tamil Nadu,Sports,P0011,3,"₹ 6,699.17",20%,"₹ 20,097.51","₹ 16,078.01",Returned,1,,UPI
O002101,U00352,3/7/2026,West Bengal,Beauty,P0197,4,"₹ 10,296.96",5%,"₹ 41,187.84","₹ 39,128.45",Delivered,2,,UPI
O002102,U00379,3/6/2025,Karnataka,Home,P0097,4,"₹ 2,552.93",10%,"₹ 10,211.72","₹ 9,190.55",Delivered,2,1,COD
O002103,U00064,10/14/2024,Maharashtra,Electronics,P0167,2,"₹ 2,519.80",5%,"₹ 5,039.60","₹ 4,787.62",Shipped,3,,Card
O002104,U00804,4/18/2026,Delhi,Sports,P0034,3,"₹ 11,635.48",15%,"₹ 34,906.44","₹ 29,670.47",Delivered,3,4,UPI
O002105,U00830,5/21/2025,West Bengal,Grocery,P0108,5,"₹ 2,338.55",0%,"₹ 11,692.75","₹ 11,692.75",Delivered,5,4,UPI
O002106,U00624,7/24/2024,Telangana,Home,P0245,1,"₹ 9,133.98",10%,"₹ 9,133.98","₹ 8,220.58",Cancelled,,,Card
O002107,U00674,1/9/2025,Maharashtra,Beauty,P0021,5,"₹ 11,298.12",5%,"₹ 56,490.60","₹ 53,666.07",Cancelled,,,UPI
O002108,U00403,3/8/2025,Karnataka,Home,P0117,3,"₹ 11,792.74",25%,"₹ 35,378.22","₹ 26,533.67",Delivered,7,4,UPI
O002109,U00132,2/15/2025,Telangana,Fashion,P0050,4,"₹ 3,960.36",5%,"₹ 15,841.44","₹ 15,049.37",Cancelled,,,COD
O002110,U00516,9/3/2025,Telangana,Sports,P0120,4,"₹ 7,921.93",10%,"₹ 31,687.72","₹ 28,518.95",Delivered,7,,COD
O002111,U00708,5/16/2026,West Bengal,Fashion,P0011,2,"₹ 5,872.19",25%,"₹ 11,744.38","₹ 8,808.28",Delivered,7,1,UPI
O002112,U00307,6/9/2026,Telangana,Beauty,P0216,2,"₹ 7,678.09",15%,"₹ 15,356.18","₹ 13,052.75",Delivered,8,4,Card
O002113,U00489,7/19/2026,Tamil Nadu,Fashion,P0248,1,"₹ 9,837.24",10%,"₹ 9,837.24","₹ 8,853.52",Delivered,5,3,Wallet
O002114,U00744,6/29/2025,Delhi,Electronics,P0260,1,"₹ 3,161.54",10%,"₹ 3,161.54","₹ 2,845.39",Cancelled,,,Card
O002115,U00040,11/17/2025,West Bengal,Beauty,P0008,4,"₹ 11,571.55",10%,"₹ 46,286.20","₹ 41,657.58",Delivered,3,5,Card
O002116,U00694,4/13/2025,Tamil Nadu,Grocery,P0110,1,"₹ 6,498.41",5%,"₹ 6,498.41","₹ 6,173.49",Shipped,3,,Wallet
O002117,U00113,11/28/2024,Haryana,Home,P0189,2,"₹ 4,184.56",0%,"₹ 8,369.12","₹ 8,369.12",Delivered,5,1,COD
O002118,U00002,5/25/2026,West Bengal,Beauty,P0196,1,"₹ 7,561.28",15%,"₹ 7,561.28","₹ 6,427.09",Returned,6,,Wallet
O002119,U00897,8/20/2024,Tamil Nadu,Fashion,P0043,3,"₹ 2,972.34",15%,"₹ 8,917.02","₹ 7,579.47",Delivered,5,,COD
O002120,U00101,8/11/2026,Rajasthan,Fashion,P0011,3,"₹ 1,900.97",10%,"₹ 5,702.91","₹ 5,132.62",Shipped,3,,COD
O002121,U00712,4/12/2025,Haryana,Sports,P0109,4,"₹ 9,116.22",25%,"₹ 36,464.88","₹ 27,348.66",Shipped,1,,UPI
O002122,U00553,11/11/2024,Telangana,Home,P0128,5,"₹ 4,724.88",10%,"₹ 23,624.40","₹ 21,261.96",Cancelled,,,UPI
O002123,U00829,8/21/2025,Uttar Pradesh,Fashion,P0098,4,"₹ 5,962.40",15%,"₹ 23,849.60","₹ 20,272.16",Delivered,1,1,Wallet
O002124,U00014,2/2/2025,Maharashtra,Beauty,P0017,4,"₹ 10,704.79",20%,"₹ 42,819.16","₹ 34,255.33",Delivered,5,,COD
O002125,U00112,8/30/2024,Uttar Pradesh,Home,P0002,2,"₹ 1,139.87",10%,"₹ 2,279.74","₹ 2,051.77",Shipped,7,,Card
O002126,U00664,8/19/2025,Gujarat,Fashion,P0154,5,"₹ 8,413.23",25%,"₹ 42,066.15","₹ 31,549.61",Delivered,5,4,COD
O002127,U00328,12/27/2025,West Bengal,Beauty,P0140,3,"₹ 8,140.59",15%,"₹ 24,421.77","₹ 20,758.50",Shipped,6,,COD
O002128,U00627,2/24/2025,Maharashtra,Electronics,P0228,5,"₹ 5,085.14",5%,"₹ 25,425.70","₹ 24,154.42",Cancelled,,,Wallet
O002129,U00094,5/21/2025,Gujarat,Fashion,P0172,2,"₹ 8,038.55",10%,"₹ 16,077.10","₹ 14,469.39",Cancelled,,,COD
O002130,U00348,11/23/2025,Telangana,Beauty,P0071,4,"₹ 10,660.15",15%,"₹ 42,640.60","₹ 36,244.51",Delivered,1,3,Wallet
O002131,U00907,1/14/2026,Delhi,Electronics,P0226,2,"₹ 6,779.27",20%,"₹ 13,558.54","₹ 10,846.83",Cancelled,,,Wallet
O002132,U00194,3/14/2026,Karnataka,Sports,P0252,1,"₹ 3,361.49",0%,"₹ 3,361.49","₹ 3,361.49",Returned,4,,UPI
O002133,U00721,2/15/2025,Karnataka,Sports,P0071,2,"₹ 3,526.58",0%,"₹ 7,053.16","₹ 7,053.16",Returned,6,,UPI
O002134,U00487,2/25/2025,West Bengal,Home,P0173,4,"₹ 5,940.16",0%,"₹ 23,760.64","₹ 23,760.64",Cancelled,,,COD
O002135,U00517,1/8/2025,Karnataka,Fashion,P0086,1,"₹ 8,909.48",15%,"₹ 8,909.48","₹ 7,573.06",Delivered,8,,Wallet
O002136,U00100,8/8/2025,Tamil Nadu,Sports,P0217,4,"₹ 5,880.42",25%,"₹ 23,521.68","₹ 17,641.26",Delivered,5,,COD
O002137,U00441,7/22/2024,Gujarat,Home,P0220,5,"₹ 5,209.94",20%,"₹ 26,049.70","₹ 20,839.76",Cancelled,,,UPI
O002138,U00467,3/25/2025,Uttar Pradesh,Home,P0148,5,"₹ 9,809.68",0%,"₹ 49,048.40","₹ 49,048.40",Delivered,4,4,Wallet
O002139,U00286,3/31/2026,Maharashtra,Home,P0157,2,"₹ 11,923.98",0%,"₹ 23,847.96","₹ 23,847.96",Delivered,6,3,UPI
O002140,U00325,9/6/2025,Karnataka,Sports,P0150,1,"₹ 2,958.40",20%,"₹ 2,958.40","₹ 2,366.72",Delivered,4,3,UPI
O002141,U00897,4/22/2026,Rajasthan,Electronics,P0094,3,"₹ 9,379.51",25%,"₹ 28,138.53","₹ 21,103.90",Delivered,7,,COD
O002142,U00644,8/12/2025,West Bengal,Grocery,P0104,4,"₹ 9,954.79",25%,"₹ 39,819.16","₹ 29,864.37",Shipped,8,,COD
O002143,U00138,7/19/2025,Rajasthan,Electronics,P0111,4,"₹ 6,206.81",15%,"₹ 24,827.24","₹ 21,103.15",Delivered,3,3,Wallet
O002144,U00240,5/1/2026,Gujarat,Home,P0233,3,"₹ 5,720.76",25%,"₹ 17,162.28","₹ 12,871.71",Returned,6,,Card
O002145,U00140,11/24/2024,Uttar Pradesh,Home,P0016,4,"₹ 2,761.18",0%,"₹ 11,044.72","₹ 11,044.72",Returned,1,,UPI
O002146,U00748,7/13/2025,Haryana,Sports,P0022,1,"₹ 4,784.75",0%,"₹ 4,784.75","₹ 4,784.75",Returned,6,,Card
O002147,U00774,12/23/2025,Delhi,Grocery,P0057,1,₹ 391.41,5%,₹ 391.41,₹ 371.84,Shipped,3,,UPI
O002148,U00432,8/9/2025,Uttar Pradesh,Grocery,P0241,2,"₹ 11,203.52",5%,"₹ 22,407.04","₹ 21,286.69",Returned,2,,Wallet
O002149,U00334,11/13/2025,Delhi,Fashion,P0239,5,₹ 410.86,10%,"₹ 2,054.30","₹ 1,848.87",Delivered,1,3,COD
O002150,U00743,12/29/2025,Haryana,Electronics,P0255,2,"₹ 2,340.43",20%,"₹ 4,680.86","₹ 3,744.69",Returned,2,,Card
O002151,U00237,9/21/2024,Tamil Nadu,Electronics,P0206,3,"₹ 2,180.00",5%,"₹ 6,540.00","₹ 6,213.00",Delivered,8,2,Card
O002152,U00519,1/3/2025,Karnataka,Beauty,P0131,2,"₹ 2,299.96",20%,"₹ 4,599.92","₹ 3,679.94",Shipped,3,,COD
O002153,U00227,7/14/2024,Gujarat,Sports,P0081,1,₹ 568.94,5%,₹ 568.94,₹ 540.49,Delivered,6,1,Card
O002154,U00010,12/3/2024,Delhi,Grocery,P0022,1,"₹ 2,053.92",20%,"₹ 2,053.92","₹ 1,643.14",Cancelled,,,COD
O002155,U00480,5/14/2025,Delhi,Beauty,P0074,3,"₹ 2,320.55",25%,"₹ 6,961.65","₹ 5,221.24",Cancelled,,,COD
O002156,U00426,2/17/2025,Rajasthan,Sports,P0148,5,"₹ 9,710.19",20%,"₹ 48,550.95","₹ 38,840.76",Returned,3,,Card
O002157,U00713,2/9/2025,Telangana,Sports,P0123,4,"₹ 6,188.54",0%,"₹ 24,754.16","₹ 24,754.16",Shipped,7,,Card
O002158,U00817,5/17/2025,Karnataka,Home,P0191,1,"₹ 5,178.52",20%,"₹ 5,178.52","₹ 4,142.82",Shipped,5,,Card
O002159,U00736,5/24/2026,Rajasthan,Sports,P0041,5,"₹ 6,731.41",20%,"₹ 33,657.05","₹ 26,925.64",Delivered,3,2,Wallet
O002160,U00549,2/23/2026,Telangana,Fashion,P0147,3,₹ 673.17,20%,"₹ 2,019.51","₹ 1,615.61",Delivered,5,2,COD
O002161,U00612,5/24/2026,Rajasthan,Electronics,P0112,1,₹ 508.06,10%,₹ 508.06,₹ 457.25,Returned,4,,COD
O002162,U00483,6/16/2025,Gujarat,Fashion,P0212,5,"₹ 11,473.20",20%,"₹ 57,366.00","₹ 45,892.80",Delivered,2,3,UPI
O002163,U00054,8/23/2025,Maharashtra,Fashion,P0011,2,"₹ 6,884.67",25%,"₹ 13,769.34","₹ 10,327.01",Cancelled,,,COD
O002164,U00011,3/1/2025,Tamil Nadu,Fashion,P0155,4,₹ 321.95,10%,"₹ 1,287.80","₹ 1,159.02",Shipped,1,,Wallet
O002165,U00550,11/23/2024,Delhi,Electronics,P0022,5,"₹ 3,675.83",0%,"₹ 18,379.15","₹ 18,379.15",Delivered,6,,Wallet
O002166,U00330,7/28/2024,West Bengal,Sports,P0037,2,"₹ 1,756.92",5%,"₹ 3,513.84","₹ 3,338.15",Cancelled,,,Card
O002167,U00824,5/2/2026,West Bengal,Beauty,P0166,1,"₹ 6,620.77",15%,"₹ 6,620.77","₹ 5,627.65",Cancelled,,,COD
O002168,U00512,8/7/2025,Uttar Pradesh,Home,P0002,3,"₹ 4,670.07",10%,"₹ 14,010.21","₹ 12,609.19",Returned,2,,COD
O002169,U00175,1/14/2025,Delhi,Beauty,P0167,1,"₹ 10,513.71",0%,"₹ 10,513.71","₹ 10,513.71",Delivered,4,1,COD
O002170,U00513,3/31/2025,Haryana,Sports,P0087,4,"₹ 11,670.12",10%,"₹ 46,680.48","₹ 42,012.43",Delivered,6,,COD
O002171,U00299,8/14/2024,Haryana,Electronics,P0224,1,"₹ 1,547.72",10%,"₹ 1,547.72","₹ 1,392.95",Cancelled,,,Card
O002172,U00238,7/20/2026,Haryana,Home,P0215,5,"₹ 6,603.32",0%,"₹ 33,016.60","₹ 33,016.60",Delivered,3,,Card
O002173,U00772,3/14/2025,Rajasthan,Beauty,P0241,1,"₹ 3,580.77",5%,"₹ 3,580.77","₹ 3,401.73",Cancelled,,,COD
O002174,U00493,4/11/2026,Telangana,Electronics,P0022,5,"₹ 10,438.44",5%,"₹ 52,192.20","₹ 49,582.59",Delivered,1,2,UPI
O002175,U00126,9/21/2024,Haryana,Beauty,P0173,3,"₹ 2,742.33",20%,"₹ 8,226.99","₹ 6,581.59",Delivered,8,3,COD
O002176,U00340,9/26/2025,Uttar Pradesh,Electronics,P0004,4,"₹ 6,687.60",15%,"₹ 26,750.40","₹ 22,737.84",Delivered,8,,UPI
O002177,U00134,3/2/2025,Maharashtra,Beauty,P0107,5,"₹ 10,785.15",0%,"₹ 53,925.75","₹ 53,925.75",Returned,5,,Card
O002178,U00162,9/5/2024,Delhi,Home,P0097,4,"₹ 10,633.92",10%,"₹ 42,535.68","₹ 38,282.11",Delivered,2,2,Card
O002179,U00218,7/19/2024,Telangana,Grocery,P0224,4,"₹ 8,604.91",0%,"₹ 34,419.64","₹ 34,419.64",Delivered,7,2,COD
O002180,U00086,12/24/2024,Telangana,Electronics,P0050,2,"₹ 1,845.40",25%,"₹ 3,690.80","₹ 2,768.10",Cancelled,,,Card
O002181,U00626,3/3/2025,Uttar Pradesh,Home,P0199,5,"₹ 7,404.50",10%,"₹ 37,022.50","₹ 33,320.25",Cancelled,,,Card
O002182,U00630,4/5/2025,Karnataka,Fashion,P0202,2,₹ 145.78,20%,₹ 291.56,₹ 233.25,Cancelled,,,Wallet
O002183,U00365,10/9/2024,Maharashtra,Beauty,P0045,5,"₹ 2,170.48",5%,"₹ 10,852.40","₹ 10,309.78",Returned,7,,UPI
O002184,U00014,7/12/2025,Uttar Pradesh,Home,P0028,3,"₹ 11,879.25",15%,"₹ 35,637.75","₹ 30,292.09",Delivered,6,2,Card
O002185,U00128,10/1/2024,Rajasthan,Sports,P0025,5,"₹ 7,301.74",5%,"₹ 36,508.70","₹ 34,683.26",Returned,4,,UPI
O002186,U00407,8/10/2026,Maharashtra,Fashion,P0204,5,"₹ 10,660.34",25%,"₹ 53,301.70","₹ 39,976.27",Cancelled,,,Card
O002187,U00354,11/9/2025,Haryana,Electronics,P0143,5,"₹ 1,065.75",5%,"₹ 5,328.75","₹ 5,062.31",Delivered,3,1,UPI
O002188,U00586,5/4/2026,Uttar Pradesh,Sports,P0214,4,"₹ 11,673.14",25%,"₹ 46,692.56","₹ 35,019.42",Delivered,5,,Card
O002189,U00382,5/24/2025,Gujarat,Electronics,P0149,3,"₹ 3,203.92",5%,"₹ 9,611.76","₹ 9,131.17",Cancelled,,,UPI
O002190,U00314,8/29/2024,Tamil Nadu,Fashion,P0182,1,"₹ 10,095.87",20%,"₹ 10,095.87","₹ 8,076.70",Cancelled,,,Card
O002191,U00343,4/11/2025,Gujarat,Home,P0205,2,"₹ 10,276.02",15%,"₹ 20,552.04","₹ 17,469.23",Delivered,3,,Wallet
O002192,U00532,10/9/2025,Gujarat,Fashion,P0133,3,"₹ 1,948.47",5%,"₹ 5,845.41","₹ 5,553.14",Delivered,1,5,Wallet
O002193,U00361,7/19/2026,Tamil Nadu,electronics,P0002,1,"₹ 1,928.54",0%,"₹ 1,928.54","₹ 1,928.54",Returned,6,,UPI
O002194,U00604,12/3/2024,Rajasthan,Home,P0094,2,"₹ 9,033.62",0%,"₹ 18,067.24","₹ 18,067.24",Shipped,3,,Wallet
O002195,U00798,9/4/2024,Uttar Pradesh,Sports,P0041,1,"₹ 8,419.58",20%,"₹ 8,419.58","₹ 6,735.66",Delivered,4,4,Wallet
O002196,U00721,4/8/2026,Maharashtra,Fashion,P0029,4,"₹ 1,200.83",5%,"₹ 4,803.32","₹ 4,563.15",Shipped,2,,Wallet
O002197,U00599,1/14/2026,Uttar Pradesh,Electronics,P0012,1,"₹ 7,821.51",20%,"₹ 7,821.51","₹ 6,257.21",Delivered,1,4,Wallet
O002198,U00610,7/24/2024,Maharashtra,Grocery,P0233,2,"₹ 9,065.94",0%,"₹ 18,131.88","₹ 18,131.88",Delivered,6,,Card
O002199,U00285,1/6/2025,Tamil Nadu,Sports,P0161,1,"₹ 4,811.61",15%,"₹ 4,811.61","₹ 4,089.87",Delivered,8,4,Card
O002200,U00163,7/21/2025,Rajasthan,Home,P0134,3,"₹ 4,422.42",15%,"₹ 13,267.26","₹ 11,277.17",Delivered,6,2,Wallet
O002201,U00497,10/10/2024,Uttar Pradesh,Electronics,P0245,2,"₹ 2,388.63",5%,"₹ 4,777.26","₹ 4,538.40",Delivered,4,1,Card
O002202,U00747,2/28/2026,Delhi,Beauty,P0060,5,"₹ 4,727.14",25%,"₹ 23,635.70","₹ 17,726.78",Delivered,2,4,UPI
O002203,U00333,1/15/2026,Telangana,Grocery,P0199,1,"₹ 6,300.14",10%,"₹ 6,300.14","₹ 5,670.13",Cancelled,,,Card
O002204,U00568,3/9/2026,Gujarat,Sports,P0097,2,"₹ 10,644.77",25%,"₹ 21,289.54","₹ 15,967.16",Cancelled,,,Card
O002205,U00874,7/29/2025,Delhi,Fashion,P0093,3,"₹ 2,692.39",5%,"₹ 8,077.17","₹ 7,673.31",Returned,5,,UPI
O002206,U00029,9/2/2024,Karnataka,Beauty,P0192,2,"₹ 3,560.68",15%,"₹ 7,121.36","₹ 6,053.16",Shipped,6,,Card
O002207,U00421,3/1/2025,Tamil Nadu,Home,P0074,3,"₹ 3,747.34",15%,"₹ 11,242.02","₹ 9,555.72",Shipped,1,,Wallet
O002208,U00326,7/16/2024,Telangana,Electronics,P0089,1,"₹ 7,842.53",25%,"₹ 7,842.53","₹ 5,881.90",Returned,7,,COD
O002209,U00508,2/2/2025,Karnataka,Home,P0082,3,"₹ 1,335.81",20%,"₹ 4,007.43","₹ 3,205.94",Delivered,1,,Wallet
O002210,U00533,12/27/2024,Telangana,Home,P0166,2,"₹ 5,810.41",25%,"₹ 11,620.82","₹ 8,715.61",Cancelled,,,COD
O002211,U00344,2/9/2026,Rajasthan,Sports,P0256,3,₹ 732.47,25%,"₹ 2,197.41","₹ 1,648.06",Delivered,8,4,Wallet
O002212,U00102,12/10/2025,Karnataka,Sports,P0059,1,"₹ 5,304.25",20%,"₹ 5,304.25","₹ 4,243.40",Cancelled,,,COD
O002213,U00191,7/1/2024,Maharashtra,Home,P0057,5,"₹ 1,622.86",15%,"₹ 8,114.30","₹ 6,897.15",Delivered,2,2,UPI
O002214,U00426,6/20/2025,West Bengal,Fashion,P0126,4,"₹ 7,858.15",5%,"₹ 31,432.60","₹ 29,860.97",Delivered,2,2,UPI
O002215,U00823,5/2/2025,Gujarat,Grocery,P0014,4,"₹ 6,322.40",10%,"₹ 25,289.60","₹ 22,760.64",Delivered,8,,Wallet
O002216,U00903,9/14/2025,West Bengal,Sports,P0033,4,"₹ 5,144.91",0%,"₹ 20,579.64","₹ 20,579.64",Delivered,1,,Wallet
O002217,U00020,2/2/2025,Haryana,Electronics,P0098,5,"₹ 2,245.42",15%,"₹ 11,227.10","₹ 9,543.03",Delivered,8,5,UPI
O002218,U00916,2/7/2026,Uttar Pradesh,Home,P0079,5,"₹ 2,775.42",0%,"₹ 13,877.10","₹ 13,877.10",Shipped,1,,UPI
O002219,U00437,4/17/2025,Telangana,Grocery,P0181,2,"₹ 3,683.68",5%,"₹ 7,367.36","₹ 6,998.99",Delivered,1,,Card
O002220,U00564,12/15/2024,Telangana,Grocery,P0215,4,"₹ 8,878.74",10%,"₹ 35,514.96","₹ 31,963.46",Delivered,2,5,Card
O002221,U00113,6/10/2025,Telangana,Beauty,P0064,1,"₹ 5,295.05",5%,"₹ 5,295.05","₹ 5,030.30",Delivered,8,3,COD
O002222,U00839,4/15/2025,Haryana,Beauty,P0211,2,"₹ 8,557.08",0%,"₹ 17,114.16","₹ 17,114.16",Cancelled,,,Card
O002223,U00270,6/4/2026,Telangana,Beauty,P0095,1,"₹ 2,473.95",15%,"₹ 2,473.95","₹ 2,102.86",Delivered,7,,Card
O002224,U00285,4/9/2025,Delhi,Electronics,P0065,3,"₹ 1,695.77",20%,"₹ 5,087.31","₹ 4,069.85",Delivered,5,1,Wallet
O002225,U00803,10/10/2025,Maharashtra,Home,P0248,4,"₹ 9,824.04",15%,"₹ 39,296.16","₹ 33,401.74",Cancelled,,,Card
O002226,U00915,7/5/2024,Maharashtra,Fashion,P0109,4,"₹ 8,654.90",0%,"₹ 34,619.60","₹ 34,619.60",Shipped,4,,COD
O002227,U00793,2/4/2026,Karnataka,Grocery,P0140,1,"₹ 3,979.36",20%,"₹ 3,979.36","₹ 3,183.49",Returned,3,,Wallet
O002228,U00554,1/5/2026,Tamil Nadu,Electronics,P0011,3,"₹ 5,210.83",15%,"₹ 15,632.49","₹ 13,287.62",Returned,3,,UPI
O002229,U00484,4/22/2025,Maharashtra,Fashion,P0212,5,"₹ 4,983.61",5%,"₹ 24,918.05","₹ 23,672.15",Delivered,4,1,Wallet
O002230,U00772,3/7/2025,Gujarat,Grocery,P0095,2,"₹ 5,901.96",20%,"₹ 11,803.92","₹ 9,443.14",Shipped,8,,Card
O002231,U00119,12/2/2025,Delhi,Fashion,P0237,3,"₹ 10,532.03",25%,"₹ 31,596.09","₹ 23,697.07",Delivered,4,2,Card
O002232,U00888,3/29/2026,Uttar Pradesh,Electronics,P0227,5,"₹ 3,058.11",15%,"₹ 15,290.55","₹ 12,996.97",Returned,3,,Card
O002233,U00516,1/15/2026,Uttar Pradesh,Electronics,P0009,4,"₹ 10,542.14",25%,"₹ 42,168.56","₹ 31,626.42",Delivered,7,2,UPI
O002234,U00597,6/11/2025,Rajasthan,Grocery,P0228,2,"₹ 9,610.24",15%,"₹ 19,220.48","₹ 16,337.41",Shipped,1,,Card
O002235,U00906,4/23/2026,Telangana,Grocery,P0121,3,"₹ 1,564.62",0%,"₹ 4,693.86","₹ 4,693.86",Cancelled,,,Card
O002236,U00292,6/9/2026,Karnataka,Grocery,P0139,2,"₹ 3,022.20",25%,"₹ 6,044.40","₹ 4,533.30",Delivered,6,4,Card
O002237,U00257,5/16/2026,Uttar Pradesh,Fashion,P0147,5,"₹ 9,408.39",20%,"₹ 47,041.95","₹ 37,633.56",Delivered,4,2,Card
O002238,U00019,8/16/2026,Gujarat,Beauty,P0237,3,"₹ 8,878.11",25%,"₹ 26,634.33","₹ 19,975.75",Returned,6,,UPI
O002239,U00884,12/10/2024,Rajasthan,Beauty,P0055,3,"₹ 8,566.20",5%,"₹ 25,698.60","₹ 24,413.67",Shipped,5,,UPI
O002240,U00028,2/13/2026,Gujarat,Beauty,P0214,1,"₹ 6,559.71",5%,"₹ 6,559.71","₹ 6,231.72",Delivered,5,,UPI
O002241,U00892,1/14/2025,Rajasthan,Beauty,P0132,2,"₹ 10,753.10",25%,"₹ 21,506.20","₹ 16,129.65",Shipped,8,,Wallet
O002242,U00003,4/5/2025,Telangana,Home,P0055,4,"₹ 4,903.35",15%,"₹ 19,613.40","₹ 16,671.39",Returned,8,,Card
O002243,U00728,6/24/2026,Haryana,Home,P0032,2,"₹ 11,914.51",10%,"₹ 23,829.02","₹ 21,446.12",Cancelled,,,COD
O002244,U00511,8/22/2024,Gujarat,Home,P0078,5,"₹ 1,396.15",15%,"₹ 6,980.75","₹ 5,933.64",Shipped,4,,UPI
O002245,U00276,8/29/2025,Tamil Nadu,Grocery,P0183,3,"₹ 9,723.30",20%,"₹ 29,169.90","₹ 23,335.92",Delivered,7,1,Card
O002246,U00696,6/26/2025,Uttar Pradesh,Home,P0026,2,"₹ 11,051.39",10%,"₹ 22,102.78","₹ 19,892.50",Delivered,2,4,UPI
O002247,U00561,7/10/2025,West Bengal,Grocery,P0001,1,"₹ 4,501.30",0%,"₹ 4,501.30","₹ 4,501.30",Delivered,5,4,COD
O002248,U00810,3/7/2025,Maharashtra,Fashion,P0157,1,"₹ 9,618.59",15%,"₹ 9,618.59","₹ 8,175.80",Delivered,6,,UPI
O002249,U00647,7/28/2024,Telangana,Home,P0170,4,"₹ 6,360.11",0%,"₹ 25,440.44","₹ 25,440.44",Shipped,5,,Card
O002250,U00495,8/28/2026,Maharashtra,Fashion,P0039,4,"₹ 8,594.22",15%,"₹ 34,376.88","₹ 29,220.35",Delivered,1,4,UPI
O002251,U00065,1/28/2026,Haryana,Home,P0105,3,"₹ 3,382.55",5%,"₹ 10,147.65","₹ 9,640.27",Delivered,7,2,COD
O002252,U00639,4/9/2026,Gujarat,Home,P0173,4,"₹ 8,539.94",15%,"₹ 34,159.76","₹ 29,035.80",Returned,8,,COD
O002253,U00373,2/25/2026,Tamil Nadu,Fashion,P0238,5,"₹ 10,099.16",10%,"₹ 50,495.80","₹ 45,446.22",Cancelled,,,COD
O002254,U00925,6/13/2025,Delhi,Sports,P0206,5,"₹ 3,193.08",10%,"₹ 15,965.40","₹ 14,368.86",Returned,4,,UPI
O002255,U00668,1/4/2025,Telangana,Fashion,P0136,3,"₹ 1,497.66",5%,"₹ 4,492.98","₹ 4,268.33",Returned,7,,Card
O002256,U00110,9/26/2024,Telangana,Sports,P0088,4,"₹ 3,329.13",20%,"₹ 13,316.52","₹ 10,653.22",Delivered,6,,Wallet
O002257,U00560,10/22/2025,Telangana,Home,P0215,1,"₹ 3,248.30",5%,"₹ 3,248.30","₹ 3,085.89",Returned,4,,UPI
O002258,U00632,12/30/2025,Tamil Nadu,beauty,P0228,3,"₹ 5,973.38",10%,"₹ 17,920.14","₹ 16,128.13",Delivered,3,1,COD
O002259,U00224,2/25/2026,Gujarat,sports,P0013,1,"₹ 2,908.23",15%,"₹ 2,908.23","₹ 2,472.00",Cancelled,,,Card
O002260,U00313,5/12/2026,Delhi,Fashion,P0087,3,"₹ 9,961.48",20%,"₹ 29,884.44","₹ 23,907.55",Shipped,8,,Card
O002261,U00623,9/22/2024,Uttar Pradesh,Grocery,P0182,3,"₹ 4,558.84",15%,"₹ 13,676.52","₹ 11,625.04",Delivered,6,3,COD
O002262,U00668,9/9/2024,Rajasthan,Beauty,P0193,2,"₹ 2,425.68",0%,"₹ 4,851.36","₹ 4,851.36",Returned,1,,UPI
O002263,U00023,12/22/2025,Haryana,Electronics,P0218,2,"₹ 6,744.71",10%,"₹ 13,489.42","₹ 12,140.48",Returned,1,,Wallet
O002264,U00686,7/15/2026,Tamil Nadu,Fashion,P0078,2,"₹ 1,596.77",10%,"₹ 3,193.54","₹ 2,874.19",Returned,8,,UPI
O002265,U00052,10/9/2025,Haryana,Electronics,P0011,4,"₹ 9,773.20",0%,"₹ 39,092.80","₹ 39,092.80",Cancelled,,,Card
O002266,U00787,2/16/2026,Telangana,Grocery,P0207,1,"₹ 4,622.88",20%,"₹ 4,622.88","₹ 3,698.30",Shipped,1,,COD
O002267,U00293,10/16/2025,West Bengal,Sports,P0149,1,₹ 399.79,5%,₹ 399.79,₹ 379.80,Returned,8,,Card
O002268,U00434,5/22/2025,West Bengal,Electronics,P0077,4,"₹ 6,297.38",20%,"₹ 25,189.52","₹ 20,151.62",Delivered,1,4,UPI
O002269,U00179,4/28/2026,Delhi,Electronics,P0125,4,₹ 533.46,15%,"₹ 2,133.84","₹ 1,813.76",Delivered,6,4,Wallet
O002270,U00167,2/10/2025,Rajasthan,Grocery,P0177,5,"₹ 11,373.53",5%,"₹ 56,867.65","₹ 54,024.27",Shipped,8,,Wallet
O002271,U00082,8/7/2025,Maharashtra,Sports,P0031,5,"₹ 7,573.98",5%,"₹ 37,869.90","₹ 35,976.40",Cancelled,,,Wallet
O002272,U00546,9/14/2024,Karnataka,Electronics,P0191,2,"₹ 9,645.00",20%,"₹ 19,290.00","₹ 15,432.00",Shipped,3,,UPI
O002273,U00208,4/30/2026,Maharashtra,Fashion,P0075,2,"₹ 9,432.69",25%,"₹ 18,865.38","₹ 14,149.03",Delivered,1,4,COD
O002274,U00521,9/4/2025,Rajasthan,Beauty,P0080,3,"₹ 7,063.73",25%,"₹ 21,191.19","₹ 15,893.39",Shipped,7,,Card
O002275,U00274,2/13/2026,Delhi,Electronics,P0223,2,"₹ 5,156.72",20%,"₹ 10,313.44","₹ 8,250.75",Cancelled,,,Card
O002276,U00675,11/24/2025,Uttar Pradesh,Home,P0086,2,"₹ 7,513.92",25%,"₹ 15,027.84","₹ 11,270.88",Delivered,8,3,COD
O002277,U00496,4/24/2026,Tamil Nadu,electronics,P0194,4,"₹ 3,342.30",5%,"₹ 13,369.20","₹ 12,700.74",Delivered,7,2,COD
O002278,U00604,7/4/2025,Gujarat,Sports,P0225,2,"₹ 6,551.66",10%,"₹ 13,103.32","₹ 11,792.99",Returned,7,,UPI
O002279,U00120,6/1/2025,Delhi,Grocery,P0185,3,"₹ 1,621.28",15%,"₹ 4,863.84","₹ 4,134.26",Delivered,1,1,UPI
O002280,U00239,11/14/2025,Tamil Nadu,Sports,P0095,3,"₹ 7,308.97",5%,"₹ 21,926.91","₹ 20,830.56",Returned,6,,Wallet
O002281,U00643,9/17/2024,Maharashtra,Beauty,P0098,2,"₹ 7,874.50",10%,"₹ 15,749.00","₹ 14,174.10",Delivered,7,,Card
O002282,U00085,5/1/2025,Maharashtra,Sports,P0049,1,"₹ 1,622.30",5%,"₹ 1,622.30","₹ 1,541.18",Delivered,8,2,Card
O002283,U00116,11/5/2025,Maharashtra,Home,P0250,1,"₹ 11,325.38",15%,"₹ 11,325.38","₹ 9,626.57",Delivered,4,2,Card
O002284,U00522,4/25/2025,Tamil Nadu,Grocery,P0054,5,"₹ 4,319.08",25%,"₹ 21,595.40","₹ 16,196.55",Cancelled,,,UPI
O002285,U00108,1/23/2026,Uttar Pradesh,Electronics,P0221,4,"₹ 4,191.89",15%,"₹ 16,767.56","₹ 14,252.43",Delivered,8,1,Card
O002286,U00062,8/11/2024,Uttar Pradesh,Electronics,P0096,2,"₹ 8,903.45",25%,"₹ 17,806.90","₹ 13,355.18",Delivered,6,4,COD
O002287,U00946,10/14/2024,Gujarat,Beauty,P0174,4,"₹ 10,388.74",10%,"₹ 41,554.96","₹ 37,399.46",Returned,5,,UPI
O002288,U00225,9/26/2024,Telangana,Sports,P0095,4,"₹ 1,448.72",25%,"₹ 5,794.88","₹ 4,346.16",Delivered,2,,UPI
O002289,U00743,10/14/2025,Uttar Pradesh,Grocery,P0036,4,"₹ 11,338.95",20%,"₹ 45,355.80","₹ 36,284.64",Delivered,4,4,UPI
O002290,U00709,12/16/2025,Maharashtra,Fashion,P0176,2,"₹ 10,233.31",10%,"₹ 20,466.62","₹ 18,419.96",Shipped,6,,Wallet
O002291,U00198,11/3/2025,Telangana,Fashion,P0079,5,"₹ 2,137.13",25%,"₹ 10,685.65","₹ 8,014.24",Delivered,1,2,UPI
O002292,U00112,12/18/2024,Haryana,Home,P0197,3,"₹ 7,186.01",5%,"₹ 21,558.03","₹ 20,480.13",Returned,4,,Card
O002293,U00165,6/15/2026,Karnataka,Fashion,P0181,1,"₹ 10,440.30",5%,"₹ 10,440.30","₹ 9,918.28",Delivered,4,,Card
O002294,U00435,7/15/2024,Rajasthan,Beauty,P0181,2,"₹ 10,981.07",0%,"₹ 21,962.14","₹ 21,962.14",Delivered,6,5,Card
O002295,U00147,6/5/2025,Maharashtra,Fashion,P0063,4,"₹ 5,146.10",10%,"₹ 20,584.40","₹ 18,525.96",Delivered,1,,COD
O002296,U00857,2/18/2025,West Bengal,Home,P0042,3,"₹ 7,055.98",20%,"₹ 21,167.94","₹ 16,934.35",Delivered,6,2,UPI
O002297,U00258,4/19/2025,West Bengal,Electronics,P0169,3,"₹ 1,735.64",15%,"₹ 5,206.92","₹ 4,425.88",Returned,6,,Card
O002298,U00392,8/8/2025,Karnataka,Home,P0074,3,"₹ 11,232.55",5%,"₹ 33,697.65","₹ 32,012.77",Cancelled,,,Wallet
O002299,U00127,4/18/2025,Delhi,Sports,P0200,3,"₹ 7,226.93",10%,"₹ 21,680.79","₹ 19,512.71",Delivered,1,1,UPI
O002300,U00815,4/4/2026,Maharashtra,Grocery,P0049,5,"₹ 8,532.99",10%,"₹ 42,664.95","₹ 38,398.46",Delivered,6,2,Card
O002301,U00860,11/22/2024,Delhi,Fashion,P0199,4,₹ 802.96,10%,"₹ 3,211.84","₹ 2,890.66",Delivered,2,1,Wallet
O002302,U00505,2/28/2025,Haryana,Home,P0091,3,"₹ 2,917.45",0%,"₹ 8,752.35","₹ 8,752.35",Delivered,8,2,Wallet
O002303,U00548,9/11/2024,Tamil Nadu,Sports,P0086,2,₹ 232.99,5%,₹ 465.98,₹ 442.68,Delivered,1,,Card
O002304,U00453,1/15/2026,Telangana,Sports,P0079,4,"₹ 10,577.10",25%,"₹ 42,308.40","₹ 31,731.30",Delivered,2,1,Card
O002305,U00812,2/8/2026,Haryana,Home,P0045,3,"₹ 5,463.66",25%,"₹ 16,390.98","₹ 12,293.24",Delivered,3,4,Card
O002306,U00006,1/6/2026,Tamil Nadu,Home,P0126,5,"₹ 2,924.32",15%,"₹ 14,621.60","₹ 12,428.36",Delivered,4,5,Card
O002307,U00048,5/10/2026,Gujarat,Beauty,P0073,2,"₹ 2,492.67",20%,"₹ 4,985.34","₹ 3,988.27",Shipped,4,,Card
O002308,U00572,1/2/2025,Tamil Nadu,Electronics,P0198,5,"₹ 4,251.27",5%,"₹ 21,256.35","₹ 20,193.53",Delivered,2,2,UPI
O002309,U00079,1/3/2025,Rajasthan,Electronics,P0014,3,"₹ 3,435.51",15%,"₹ 10,306.53","₹ 8,760.55",Cancelled,,,COD
O002310,U00556,5/31/2025,Rajasthan,Grocery,P0140,3,"₹ 1,568.85",0%,"₹ 4,706.55","₹ 4,706.55",Shipped,6,,Card
O002311,U00483,11/13/2024,Rajasthan,Beauty,P0193,4,"₹ 3,479.13",0%,"₹ 13,916.52","₹ 13,916.52",Delivered,7,3,Wallet
O002312,U00159,8/19/2024,West Bengal,Electronics,P0026,5,"₹ 1,315.37",25%,"₹ 6,576.85","₹ 4,932.64",Cancelled,,,UPI
O002313,U00277,10/13/2024,Tamil Nadu,Fashion,P0102,2,"₹ 4,273.14",10%,"₹ 8,546.28","₹ 7,691.65",Delivered,5,,COD
O002314,U00085,3/20/2026,Haryana,Home,P0073,2,"₹ 7,149.60",5%,"₹ 14,299.20","₹ 13,584.24",Delivered,6,,COD
O002315,U00778,8/3/2025,Uttar Pradesh,Sports,P0024,2,"₹ 3,694.84",20%,"₹ 7,389.68","₹ 5,911.74",Delivered,1,3,UPI
O002316,U00816,11/17/2024,Uttar Pradesh,Grocery,P0188,4,"₹ 4,322.51",15%,"₹ 17,290.04","₹ 14,696.53",Delivered,5,3,UPI
O002317,U00841,4/12/2026,Tamil Nadu,Fashion,P0156,5,"₹ 6,855.53",25%,"₹ 34,277.65","₹ 25,708.24",Returned,2,,Wallet
O002318,U00374,10/11/2024,Uttar Pradesh,Grocery,P0193,1,"₹ 11,059.73",10%,"₹ 11,059.73","₹ 9,953.76",Delivered,5,2,UPI
O002319,U00927,3/7/2025,Haryana,Fashion,P0085,2,"₹ 3,031.82",25%,"₹ 6,063.64","₹ 4,547.73",Delivered,1,3,COD
O002320,U00055,8/14/2025,West Bengal,Fashion,P0258,3,"₹ 1,342.55",15%,"₹ 4,027.65","₹ 3,423.50",Delivered,6,2,Wallet
O002321,U00409,12/29/2025,West Bengal,Sports,P0075,1,"₹ 3,025.91",0%,"₹ 3,025.91","₹ 3,025.91",Cancelled,,,UPI
O002322,U00328,11/1/2025,Haryana,Grocery,P0005,3,"₹ 3,410.36",15%,"₹ 10,231.08","₹ 8,696.42",Cancelled,,,Wallet
O002323,U00170,11/16/2024,Uttar Pradesh,Sports,P0080,3,"₹ 6,498.13",15%,"₹ 19,494.39","₹ 16,570.23",Delivered,6,3,UPI
O002324,U00826,1/4/2026,Delhi,Electronics,P0057,2,"₹ 7,677.18",0%,"₹ 15,354.36","₹ 15,354.36",Cancelled,,,Wallet
O002325,U00883,5/27/2026,Rajasthan,Sports,P0050,2,"₹ 6,018.23",5%,"₹ 12,036.46","₹ 11,434.64",Cancelled,,,COD
O002326,U00950,10/31/2024,Karnataka,Fashion,P0033,3,"₹ 11,617.11",15%,"₹ 34,851.33","₹ 29,623.63",Shipped,1,,UPI
O002327,U00224,10/7/2025,Uttar Pradesh,Electronics,P0110,4,"₹ 4,633.60",10%,"₹ 18,534.40","₹ 16,680.96",Delivered,3,5,Wallet
O002328,U00558,8/13/2024,West Bengal,Beauty,P0206,1,"₹ 1,390.90",15%,"₹ 1,390.90","₹ 1,182.27",Cancelled,,,UPI
O002329,U00147,9/30/2024,Haryana,Grocery,P0141,5,"₹ 11,747.71",0%,"₹ 58,738.55","₹ 58,738.55",Delivered,3,1,Card
O002330,U00807,8/13/2024,Telangana,Beauty,P0054,5,"₹ 11,220.65",5%,"₹ 56,103.25","₹ 53,298.09",Shipped,4,,Wallet
O002331,U00880,8/1/2026,Uttar Pradesh,Beauty,P0224,5,"₹ 6,695.28",5%,"₹ 33,476.40","₹ 31,802.58",Cancelled,,,COD
O002332,U00211,5/21/2026,Tamil Nadu,Grocery,P0073,5,"₹ 1,073.94",5%,"₹ 5,369.70","₹ 5,101.21",Delivered,8,4,UPI
O002333,U00394,7/23/2024,Gujarat,Fashion,P0250,4,"₹ 3,612.42",25%,"₹ 14,449.68","₹ 10,837.26",Delivered,2,,Card
O002334,U00003,8/20/2024,Haryana,Grocery,P0141,2,"₹ 10,470.11",10%,"₹ 20,940.22","₹ 18,846.20",Returned,5,,COD
O002335,U00170,5/1/2026,Maharashtra,Home,P0111,1,"₹ 3,766.91",5%,"₹ 3,766.91","₹ 3,578.56",Cancelled,,,COD
O002336,U00370,5/24/2025,Haryana,Fashion,P0098,2,"₹ 3,139.75",10%,"₹ 6,279.50","₹ 5,651.55",Returned,2,,COD
O002337,U00115,9/5/2025,Uttar Pradesh,Sports,P0161,1,"₹ 10,434.43",10%,"₹ 10,434.43","₹ 9,390.99",Delivered,4,2,Wallet
O002338,U00433,8/3/2026,Delhi,Home,P0199,4,"₹ 1,605.82",5%,"₹ 6,423.28","₹ 6,102.12",Delivered,3,5,Card
O002339,U00061,8/4/2025,Rajasthan,Beauty,P0040,2,"₹ 9,478.01",20%,"₹ 18,956.02","₹ 15,164.82",Returned,8,,Card
O002340,U00686,6/2/2026,Karnataka,Fashion,P0209,3,"₹ 2,507.31",25%,"₹ 7,521.93","₹ 5,641.45",Cancelled,,,Card
O002341,U00166,2/22/2025,Tamil Nadu,Electronics,P0039,2,"₹ 2,321.12",10%,"₹ 4,642.24","₹ 4,178.02",Cancelled,,,UPI
O002342,U00624,12/15/2025,Delhi,Home,P0125,4,"₹ 9,055.92",15%,"₹ 36,223.68","₹ 30,790.13",Delivered,7,4,Wallet
O002343,U00462,3/15/2026,Delhi,Beauty,P0043,4,"₹ 1,721.12",20%,"₹ 6,884.48","₹ 5,507.58",Delivered,6,1,Wallet
O002344,U00694,10/3/2025,Tamil Nadu,Electronics,P0014,4,"₹ 5,984.88",20%,"₹ 23,939.52","₹ 19,151.62",Delivered,7,1,Card
O002345,U00533,8/24/2025,Karnataka,Beauty,P0253,1,"₹ 9,370.75",20%,"₹ 9,370.75","₹ 7,496.60",Cancelled,,,Card
O002346,U00320,7/12/2026,Gujarat,Grocery,P0063,5,"₹ 7,570.07",10%,"₹ 37,850.35","₹ 34,065.32",Delivered,1,4,UPI
O002347,U00174,11/23/2024,Uttar Pradesh,Beauty,P0171,4,"₹ 6,894.89",0%,"₹ 27,579.56","₹ 27,579.56",Delivered,4,2,Card
O002348,U00128,1/8/2025,Maharashtra,Electronics,P0074,1,"₹ 2,052.14",0%,"₹ 2,052.14","₹ 2,052.14",Shipped,6,,Card
O002349,U00436,3/30/2026,Gujarat,Home,P0025,5,"₹ 4,672.45",20%,"₹ 23,362.25","₹ 18,689.80",Cancelled,,,Card
O002350,U00066,1/25/2025,Tamil Nadu,Sports,P0133,3,₹ 481.93,10%,"₹ 1,445.79","₹ 1,301.21",Delivered,8,,UPI
O002351,U00357,5/23/2026,Tamil Nadu,Grocery,P0028,3,"₹ 4,251.66",10%,"₹ 12,754.98","₹ 11,479.48",Cancelled,,,Wallet
O002352,U00916,8/22/2026,Uttar Pradesh,Fashion,P0127,5,"₹ 4,208.35",15%,"₹ 21,041.75","₹ 17,885.49",Delivered,8,3,COD
O002353,U00349,11/25/2025,West Bengal,Home,P0079,3,"₹ 9,626.55",0%,"₹ 28,879.65","₹ 28,879.65",Delivered,6,1,Wallet
O002354,U00663,12/23/2024,Tamil Nadu,Grocery,P0087,4,"₹ 9,535.14",15%,"₹ 38,140.56","₹ 32,419.48",Shipped,7,,COD
O002355,U00892,8/20/2024,Delhi,Beauty,P0251,3,"₹ 3,127.23",20%,"₹ 9,381.69","₹ 7,505.35",Shipped,8,,UPI
O002356,U00505,2/24/2026,Rajasthan,Beauty,P0244,3,"₹ 5,364.92",25%,"₹ 16,094.76","₹ 12,071.07",Cancelled,,,COD
O002357,U00583,11/29/2025,Gujarat,Grocery,P0055,3,"₹ 1,982.17",5%,"₹ 5,946.51","₹ 5,649.18",Delivered,4,5,Wallet
O002358,U00148,7/27/2024,Gujarat,Sports,P0002,4,"₹ 8,191.93",5%,"₹ 32,767.72","₹ 31,129.33",Delivered,5,4,COD
O002359,U00072,5/13/2026,Delhi,Grocery,P0125,2,"₹ 11,313.22",10%,"₹ 22,626.44","₹ 20,363.80",Cancelled,,,Card
O002360,U00916,4/26/2025,Gujarat,Sports,P0196,1,"₹ 11,652.60",5%,"₹ 11,652.60","₹ 11,069.97",Returned,8,,UPI
O002361,U00620,6/7/2026,Tamil Nadu,Electronics,P0138,5,"₹ 7,121.39",20%,"₹ 35,606.95","₹ 28,485.56",Delivered,4,5,UPI
O002362,U00193,3/21/2025,West Bengal,Electronics,P0043,4,"₹ 7,693.09",15%,"₹ 30,772.36","₹ 26,156.51",Cancelled,,,UPI
O002363,U00466,3/13/2026,Tamil Nadu,Beauty,P0008,3,"₹ 4,495.36",25%,"₹ 13,486.08","₹ 10,114.56",Returned,8,,UPI
O002364,U00603,5/30/2025,Delhi,Beauty,P0183,3,"₹ 11,661.21",15%,"₹ 34,983.63","₹ 29,736.09",Delivered,3,3,Card
O002365,U00873,11/22/2024,Uttar Pradesh,Grocery,P0120,1,"₹ 8,416.63",25%,"₹ 8,416.63","₹ 6,312.47",Shipped,5,,COD
O002366,U00005,3/5/2026,Tamil Nadu,Grocery,P0043,1,"₹ 7,754.06",15%,"₹ 7,754.06","₹ 6,590.95",Returned,3,,UPI
O002367,U00515,6/6/2025,Uttar Pradesh,Fashion,P0033,3,"₹ 8,916.40",5%,"₹ 26,749.20","₹ 25,411.74",Shipped,5,,Wallet
O002368,U00766,11/23/2024,Gujarat,beauty,P0025,1,"₹ 3,178.60",25%,"₹ 3,178.60","₹ 2,383.95",Shipped,1,,UPI
O002369,U00205,7/29/2024,Karnataka,Beauty,P0095,2,₹ 776.27,0%,"₹ 1,552.54","₹ 1,552.54",Shipped,4,,COD
O002370,U00650,8/24/2025,Haryana,Sports,P0255,5,"₹ 4,798.07",10%,"₹ 23,990.35","₹ 21,591.31",Delivered,1,1,Card
O002371,U00411,10/18/2025,Gujarat,Home,P0033,1,"₹ 7,788.58",10%,"₹ 7,788.58","₹ 7,009.72",Shipped,1,,UPI
O002372,U00324,11/9/2025,Uttar Pradesh,Grocery,P0121,2,"₹ 5,591.84",20%,"₹ 11,183.68","₹ 8,946.94",Delivered,6,5,UPI
O002373,U00489,2/26/2025,Telangana,Grocery,P0005,3,₹ 128.32,5%,₹ 384.96,₹ 365.71,Delivered,8,,Card
O002374,U00948,10/9/2025,Uttar Pradesh,Electronics,P0098,1,"₹ 11,800.44",0%,"₹ 11,800.44","₹ 11,800.44",Cancelled,,,Wallet
O002375,U00249,9/19/2024,West Bengal,Fashion,P0026,4,"₹ 5,563.18",10%,"₹ 22,252.72","₹ 20,027.45",Shipped,5,,COD
O002376,U00353,10/19/2024,Gujarat,Fashion,P0095,4,"₹ 3,033.47",0%,"₹ 12,133.88","₹ 12,133.88",Returned,6,,Card
O002377,U00633,2/4/2025,Maharashtra,Beauty,P0080,2,"₹ 6,867.17",15%,"₹ 13,734.34","₹ 11,674.19",Delivered,8,1,Wallet
O002378,U00934,11/29/2024,Maharashtra,Home,P0257,4,"₹ 9,651.05",0%,"₹ 38,604.20","₹ 38,604.20",Returned,1,,Wallet
O002379,U00111,12/9/2025,West Bengal,Beauty,P0113,4,"₹ 8,652.82",5%,"₹ 34,611.28","₹ 32,880.72",Shipped,5,,COD
O002380,U00766,9/16/2025,Rajasthan,Beauty,P0001,5,"₹ 5,957.36",20%,"₹ 29,786.80","₹ 23,829.44",Returned,7,,Card
O002381,U00588,2/3/2025,Delhi,Electronics,P0233,2,"₹ 7,924.07",15%,"₹ 15,848.14","₹ 13,470.92",Cancelled,,,Wallet
O002382,U00577,4/23/2025,Telangana,Sports,P0015,5,"₹ 6,370.57",10%,"₹ 31,852.85","₹ 28,667.56",Delivered,4,5,UPI
O002383,U00521,7/24/2025,Uttar Pradesh,Beauty,P0053,5,"₹ 5,775.23",20%,"₹ 28,876.15","₹ 23,100.92",Cancelled,,,Wallet
O002384,U00813,5/16/2025,Karnataka,Grocery,P0082,5,"₹ 4,960.07",10%,"₹ 24,800.35","₹ 22,320.31",Returned,2,,Card
O002385,U00438,12/1/2025,Haryana,Beauty,P0059,2,"₹ 6,843.23",20%,"₹ 13,686.46","₹ 10,949.17",Shipped,7,,COD
O002386,U00167,6/3/2026,Haryana,Home,P0045,5,"₹ 7,469.84",25%,"₹ 37,349.20","₹ 28,011.90",Delivered,7,,Card
O002387,U00797,6/22/2026,Haryana,Grocery,P0212,1,"₹ 8,818.30",5%,"₹ 8,818.30","₹ 8,377.38",Shipped,2,,Card
O002388,U00746,6/20/2025,Delhi,Electronics,P0011,3,"₹ 6,357.43",5%,"₹ 19,072.29","₹ 18,118.68",Returned,5,,Wallet
O002389,U00626,12/6/2024,Delhi,Grocery,P0099,4,"₹ 2,023.03",20%,"₹ 8,092.12","₹ 6,473.70",Delivered,5,2,UPI
O002390,U00019,12/9/2024,Tamil Nadu,Home,P0065,1,"₹ 7,645.86",10%,"₹ 7,645.86","₹ 6,881.27",Cancelled,,,Wallet
O002391,U00874,3/14/2025,Haryana,Home,P0251,1,"₹ 10,772.63",5%,"₹ 10,772.63","₹ 10,234.00",Returned,4,,Wallet
O002392,U00588,6/9/2026,Karnataka,Grocery,P0053,4,"₹ 11,159.46",15%,"₹ 44,637.84","₹ 37,942.16",Returned,3,,Card
O002393,U00296,11/2/2024,Gujarat,Beauty,P0022,1,₹ 567.33,25%,₹ 567.33,₹ 425.50,Delivered,2,4,Card
O002394,U00499,8/9/2026,West Bengal,Electronics,P0181,3,"₹ 8,255.07",20%,"₹ 24,765.21","₹ 19,812.17",Returned,1,,Card
O002395,U00696,11/26/2024,Tamil Nadu,Home,P0102,1,"₹ 9,772.55",5%,"₹ 9,772.55","₹ 9,283.92",Delivered,1,4,COD
O002396,U00523,7/7/2025,Gujarat,Home,P0121,3,"₹ 4,994.50",15%,"₹ 14,983.50","₹ 12,735.98",Delivered,1,5,COD
O002397,U00129,1/19/2025,Tamil Nadu,Beauty,P0208,5,"₹ 5,997.37",5%,"₹ 29,986.85","₹ 28,487.51",Shipped,3,,COD
O002398,U00114,9/11/2025,West Bengal,Grocery,P0045,4,"₹ 9,949.65",5%,"₹ 39,798.60","₹ 37,808.67",Delivered,7,1,Card
O002399,U00548,11/13/2024,Karnataka,Electronics,P0014,1,"₹ 1,300.18",25%,"₹ 1,300.18",₹ 975.13,Delivered,2,2,UPI
O002400,U00645,5/10/2025,Haryana,Grocery,P0048,1,"₹ 9,263.90",15%,"₹ 9,263.90","₹ 7,874.31",Shipped,7,,Card
O002401,U00551,3/16/2026,Haryana,Electronics,P0095,5,₹ 649.39,20%,"₹ 3,246.95","₹ 2,597.56",Delivered,3,,Card
O002402,U00720,11/29/2024,Maharashtra,Fashion,P0045,1,"₹ 9,608.50",15%,"₹ 9,608.50","₹ 8,167.22",Delivered,7,,Card
O002403,U00807,2/4/2025,Delhi,Beauty,P0209,5,"₹ 5,743.51",20%,"₹ 28,717.55","₹ 22,974.04",Returned,1,,Card
O002404,U00757,2/8/2025,Tamil Nadu,Grocery,P0194,2,"₹ 5,454.14",5%,"₹ 10,908.28","₹ 10,362.87",Delivered,1,,Wallet
O002405,U00412,12/31/2025,Haryana,Sports,P0249,2,"₹ 3,225.79",15%,"₹ 6,451.58","₹ 5,483.84",Returned,5,,COD
O002406,U00444,1/11/2025,Gujarat,Home,P0035,1,"₹ 9,109.21",25%,"₹ 9,109.21","₹ 6,831.91",Cancelled,,,Card
O002407,U00534,10/10/2024,Haryana,Grocery,P0143,2,"₹ 9,416.08",10%,"₹ 18,832.16","₹ 16,948.94",Returned,1,,COD
O002408,U00681,9/18/2024,Haryana,Grocery,P0180,4,"₹ 2,551.68",20%,"₹ 10,206.72","₹ 8,165.38",Returned,7,,UPI
O002409,U00936,5/1/2026,Rajasthan,Fashion,P0253,4,"₹ 9,357.93",10%,"₹ 37,431.72","₹ 33,688.55",Shipped,1,,Card
O002410,U00773,2/22/2026,Rajasthan,Sports,P0230,2,"₹ 1,591.96",15%,"₹ 3,183.92","₹ 2,706.33",Delivered,7,3,COD
O002411,U00643,11/11/2024,Haryana,Grocery,P0013,3,"₹ 3,571.26",20%,"₹ 10,713.78","₹ 8,571.02",Shipped,4,,Wallet
O002412,U00687,12/31/2024,Karnataka,Grocery,P0176,2,"₹ 7,949.37",0%,"₹ 15,898.74","₹ 15,898.74",Delivered,6,,UPI
O002413,U00432,12/16/2024,Rajasthan,Home,P0173,3,₹ 741.07,25%,"₹ 2,223.21","₹ 1,667.41",Delivered,7,1,UPI
O002414,U00523,7/16/2024,Delhi,Fashion,P0185,2,"₹ 1,346.40",20%,"₹ 2,692.80","₹ 2,154.24",Returned,2,,COD
O002415,U00084,7/19/2025,Uttar Pradesh,Fashion,P0076,4,"₹ 4,650.92",25%,"₹ 18,603.68","₹ 13,952.76",Cancelled,,,UPI
O002416,U00230,2/7/2025,Uttar Pradesh,Sports,P0159,2,"₹ 4,945.55",15%,"₹ 9,891.10","₹ 8,407.43",Delivered,6,1,UPI
O002417,U00267,8/1/2026,Karnataka,Sports,P0254,1,"₹ 6,314.99",5%,"₹ 6,314.99","₹ 5,999.24",Delivered,6,5,COD
O002418,U00168,3/11/2026,Telangana,Grocery,P0131,3,"₹ 4,548.95",5%,"₹ 13,646.85","₹ 12,964.51",Delivered,5,,UPI
O002419,U00728,9/29/2025,West Bengal,Sports,P0157,5,"₹ 10,024.92",10%,"₹ 50,124.60","₹ 45,112.14",Cancelled,,,Card
O002420,U00725,3/17/2026,Karnataka,Grocery,P0089,1,"₹ 4,250.22",15%,"₹ 4,250.22","₹ 3,612.69",Shipped,8,,COD
O002421,U00462,8/4/2026,Haryana,Sports,P0130,3,"₹ 2,680.61",20%,"₹ 8,041.83","₹ 6,433.46",Delivered,2,5,Wallet
O002422,U00920,2/1/2025,Uttar Pradesh,Electronics,P0246,3,"₹ 10,253.28",15%,"₹ 30,759.84","₹ 26,145.86",Delivered,8,2,UPI
O002423,U00682,8/7/2026,Delhi,Beauty,P0230,2,₹ 106.94,0%,₹ 213.88,₹ 213.88,Returned,6,,COD
O002424,U00907,6/1/2025,Delhi,Electronics,P0230,5,"₹ 8,742.48",5%,"₹ 43,712.40","₹ 41,526.78",Shipped,1,,Card
O002425,U00924,10/6/2025,Delhi,Electronics,P0251,1,"₹ 5,398.43",0%,"₹ 5,398.43","₹ 5,398.43",Shipped,6,,COD
O002426,U00839,6/2/2025,Delhi,Fashion,P0149,3,"₹ 5,558.47",10%,"₹ 16,675.41","₹ 15,007.87",Shipped,2,,COD
O002427,U00715,2/16/2026,West Bengal,electronics,P0058,5,"₹ 2,266.91",5%,"₹ 11,334.55","₹ 10,767.82",Delivered,2,3,COD
O002428,U00519,6/8/2026,Maharashtra,Home,P0133,5,"₹ 2,515.74",10%,"₹ 12,578.70","₹ 11,320.83",Cancelled,,,Card
O002429,U00566,9/4/2025,Maharashtra,Home,P0100,1,"₹ 9,831.26",25%,"₹ 9,831.26","₹ 7,373.44",Delivered,4,4,Wallet
O002430,U00524,5/22/2025,Telangana,Electronics,P0252,5,"₹ 11,162.02",5%,"₹ 55,810.10","₹ 53,019.59",Delivered,1,,Card
O002431,U00447,4/10/2025,Telangana,Beauty,P0044,4,₹ 386.01,20%,"₹ 1,544.04","₹ 1,235.23",Delivered,4,1,UPI
O002432,U00544,2/1/2025,Telangana,Fashion,P0223,4,"₹ 7,536.65",5%,"₹ 30,146.60","₹ 28,639.27",Returned,6,,Wallet
O002433,U00388,11/19/2024,Delhi,Beauty,P0243,2,"₹ 2,801.28",5%,"₹ 5,602.56","₹ 5,322.43",Delivered,6,,UPI
O002434,U00288,5/15/2026,Karnataka,Grocery,P0091,2,"₹ 4,929.22",15%,"₹ 9,858.44","₹ 8,379.67",Delivered,2,3,Wallet
O002435,U00032,2/21/2026,Gujarat,Home,P0141,4,"₹ 9,361.85",5%,"₹ 37,447.40","₹ 35,575.03",Shipped,2,,COD
O002436,U00112,10/30/2024,Telangana,Fashion,P0154,1,₹ 345.86,5%,₹ 345.86,₹ 328.57,Delivered,7,1,COD
O002437,U00848,7/5/2024,Rajasthan,Electronics,P0102,5,"₹ 2,995.12",25%,"₹ 14,975.60","₹ 11,231.70",Delivered,1,3,Card
O002438,U00614,1/13/2026,Gujarat,Grocery,P0250,5,"₹ 8,148.16",5%,"₹ 40,740.80","₹ 38,703.76",Delivered,1,,UPI
O002439,U00136,4/5/2026,West Bengal,Home,P0245,1,"₹ 8,634.14",15%,"₹ 8,634.14","₹ 7,339.02",Delivered,8,3,Card
O002440,U00865,11/14/2024,Telangana,Electronics,P0021,5,"₹ 2,944.42",15%,"₹ 14,722.10","₹ 12,513.78",Delivered,6,,Wallet
O002441,U00252,4/8/2026,West Bengal,Home,P0111,1,₹ 925.18,10%,₹ 925.18,₹ 832.66,Cancelled,,,UPI
O002442,U00159,5/3/2025,Karnataka,Grocery,P0103,1,"₹ 3,530.28",20%,"₹ 3,530.28","₹ 2,824.22",Delivered,4,,Wallet
O002443,U00825,2/2/2025,Karnataka,Grocery,P0084,2,"₹ 5,931.97",0%,"₹ 11,863.94","₹ 11,863.94",Returned,3,,Card
O002444,U00850,3/6/2026,West Bengal,Beauty,P0069,3,"₹ 3,655.27",5%,"₹ 10,965.81","₹ 10,417.52",Shipped,8,,UPI
O002445,U00231,11/12/2025,Tamil Nadu,Beauty,P0194,2,"₹ 5,101.02",20%,"₹ 10,202.04","₹ 8,161.63",Returned,7,,Wallet
O002446,U00634,7/24/2025,Uttar Pradesh,Home,P0160,2,₹ 295.17,5%,₹ 590.34,₹ 560.82,Delivered,3,,COD
O002447,U00349,5/19/2025,Karnataka,Sports,P0210,1,"₹ 3,350.74",0%,"₹ 3,350.74","₹ 3,350.74",Shipped,3,,Card
O002448,U00428,1/28/2025,Karnataka,Sports,P0160,5,"₹ 5,261.31",0%,"₹ 26,306.55","₹ 26,306.55",Delivered,1,,UPI
O002449,U00735,1/10/2025,Maharashtra,Beauty,P0203,1,"₹ 10,423.99",0%,"₹ 10,423.99","₹ 10,423.99",Returned,5,,Wallet
O002450,U00403,4/23/2025,Haryana,Fashion,P0066,4,"₹ 8,930.70",20%,"₹ 35,722.80","₹ 28,578.24",Shipped,1,,COD
O002451,U00841,7/26/2025,Gujarat,Electronics,P0196,5,"₹ 4,448.78",20%,"₹ 22,243.90","₹ 17,795.12",Cancelled,,,UPI
O002452,U00825,4/23/2026,Uttar Pradesh,Sports,P0104,3,₹ 279.57,20%,₹ 838.71,₹ 670.97,Cancelled,,,Card
O002453,U00184,5/22/2026,Rajasthan,Beauty,P0216,2,"₹ 9,845.85",25%,"₹ 19,691.70","₹ 14,768.78",Shipped,6,,COD
O002454,U00766,11/16/2025,Karnataka,Home,P0048,1,"₹ 9,557.20",10%,"₹ 9,557.20","₹ 8,601.48",Shipped,5,,UPI
O002455,U00942,6/11/2025,Rajasthan,Electronics,P0247,3,"₹ 10,290.45",5%,"₹ 30,871.35","₹ 29,327.78",Delivered,7,,COD
O002456,U00668,9/24/2025,Karnataka,Home,P0120,4,"₹ 11,676.81",10%,"₹ 46,707.24","₹ 42,036.52",Delivered,5,3,Wallet
O002457,U00499,7/27/2026,Gujarat,Beauty,P0123,1,"₹ 6,069.81",15%,"₹ 6,069.81","₹ 5,159.34",Delivered,2,4,Wallet
O002458,U00298,10/28/2024,Rajasthan,Electronics,P0238,3,"₹ 4,376.75",10%,"₹ 13,130.25","₹ 11,817.23",Delivered,6,2,Card
O002459,U00523,2/8/2026,West Bengal,Beauty,P0246,3,"₹ 7,445.24",10%,"₹ 22,335.72","₹ 20,102.15",Cancelled,,,Card
O002460,U00303,7/28/2026,Haryana,Home,P0254,2,"₹ 5,658.21",20%,"₹ 11,316.42","₹ 9,053.14",Delivered,4,5,Wallet
O002461,U00383,3/4/2025,Tamil Nadu,Fashion,P0031,1,"₹ 7,856.42",5%,"₹ 7,856.42","₹ 7,463.60",Delivered,4,4,Wallet
O002462,U00626,4/28/2026,Karnataka,Electronics,P0132,4,"₹ 1,580.92",10%,"₹ 6,323.68","₹ 5,691.31",Returned,3,,COD
O002463,U00857,9/27/2024,Delhi,Grocery,P0132,4,₹ 275.82,0%,"₹ 1,103.28","₹ 1,103.28",Shipped,8,,Wallet
O002464,U00439,9/23/2025,Uttar Pradesh,Home,P0187,5,"₹ 5,009.80",0%,"₹ 25,049.00","₹ 25,049.00",Returned,2,,UPI
O002465,U00304,9/21/2024,Delhi,Electronics,P0067,5,"₹ 10,906.25",15%,"₹ 54,531.25","₹ 46,351.56",Delivered,8,1,COD
O002466,U00808,2/22/2025,Maharashtra,Beauty,P0241,2,"₹ 10,594.12",15%,"₹ 21,188.24","₹ 18,010.00",Delivered,5,,COD
O002467,U00654,7/12/2025,Delhi,Fashion,P0044,2,"₹ 5,789.93",5%,"₹ 11,579.86","₹ 11,000.87",Cancelled,,,Card
O002468,U00605,5/2/2025,Delhi,Fashion,P0107,1,"₹ 9,647.24",20%,"₹ 9,647.24","₹ 7,717.79",Returned,7,,UPI
O002469,U00724,2/8/2025,Delhi,Home,P0065,4,"₹ 9,321.28",15%,"₹ 37,285.12","₹ 31,692.35",Cancelled,,,Wallet
O002470,U00648,2/25/2026,Tamil Nadu,Fashion,P0181,2,"₹ 3,618.58",25%,"₹ 7,237.16","₹ 5,427.87",Cancelled,,,COD
O002471,U00438,8/6/2026,Tamil Nadu,Home,P0253,5,"₹ 9,620.58",0%,"₹ 48,102.90","₹ 48,102.90",Shipped,7,,COD
O002472,U00104,5/16/2026,Delhi,Fashion,P0231,5,"₹ 4,729.44",10%,"₹ 23,647.20","₹ 21,282.48",Delivered,4,,COD
O002473,U00392,8/27/2025,Uttar Pradesh,Fashion,P0198,5,"₹ 10,329.49",5%,"₹ 51,647.45","₹ 49,065.08",Delivered,4,,Card
O002474,U00485,9/4/2024,Haryana,Beauty,P0228,3,"₹ 11,094.57",20%,"₹ 33,283.71","₹ 26,626.97",Delivered,3,1,Wallet
O002475,U00722,3/11/2026,Haryana,Beauty,P0007,2,"₹ 10,480.72",5%,"₹ 20,961.44","₹ 19,913.37",Cancelled,,,COD
O002476,U00460,2/7/2026,West Bengal,Home,P0223,2,₹ 955.47,20%,"₹ 1,910.94","₹ 1,528.75",Shipped,7,,Card
O002477,U00471,1/29/2025,Rajasthan,Sports,P0178,4,"₹ 1,572.31",5%,"₹ 6,289.24","₹ 5,974.78",Delivered,2,,COD
O002478,U00082,7/11/2024,Rajasthan,Fashion,P0224,4,"₹ 1,178.58",25%,"₹ 4,714.32","₹ 3,535.74",Delivered,6,,Card
O002479,U00234,7/17/2025,Delhi,Fashion,P0073,1,"₹ 7,655.08",0%,"₹ 7,655.08","₹ 7,655.08",Shipped,4,,UPI
O002480,U00924,2/1/2026,Gujarat,Grocery,P0003,1,"₹ 2,601.06",0%,"₹ 2,601.06","₹ 2,601.06",Delivered,2,3,Card
O002481,U00213,9/23/2025,Haryana,Sports,P0078,1,"₹ 2,119.27",0%,"₹ 2,119.27","₹ 2,119.27",Delivered,2,4,UPI
O002482,U00946,11/28/2025,Haryana,Home,P0173,2,₹ 804.92,0%,"₹ 1,609.84","₹ 1,609.84",Delivered,8,,Card
O002483,U00599,12/18/2024,Tamil Nadu,Fashion,P0174,4,"₹ 2,369.59",0%,"₹ 9,478.36","₹ 9,478.36",Delivered,6,5,Card
O002484,U00300,8/18/2024,Gujarat,Home,P0021,1,"₹ 6,988.86",0%,"₹ 6,988.86","₹ 6,988.86",Shipped,4,,COD
O002485,U00493,8/13/2026,Rajasthan,Home,P0055,2,"₹ 10,218.23",10%,"₹ 20,436.46","₹ 18,392.81",Delivered,6,1,Card
O002486,U00561,4/5/2026,Haryana,Grocery,P0206,2,"₹ 3,895.99",0%,"₹ 7,791.98","₹ 7,791.98",Delivered,3,,UPI
O002487,U00478,5/14/2026,Telangana,Fashion,P0227,1,"₹ 1,613.83",15%,"₹ 1,613.83","₹ 1,371.76",Delivered,1,4,Card
O002488,U00513,4/15/2025,Delhi,Grocery,P0211,2,"₹ 10,873.96",10%,"₹ 21,747.92","₹ 19,573.13",Returned,8,,UPI
O002489,U00540,2/20/2025,West Bengal,Grocery,P0256,1,"₹ 7,207.63",0%,"₹ 7,207.63","₹ 7,207.63",Delivered,4,2,UPI
O002490,U00454,8/29/2025,Maharashtra,Electronics,P0138,3,"₹ 6,319.41",10%,"₹ 18,958.23","₹ 17,062.41",Shipped,5,,UPI
O002491,U00813,4/11/2026,West Bengal,Home,P0137,3,"₹ 7,746.57",15%,"₹ 23,239.71","₹ 19,753.75",Delivered,3,2,COD
O002492,U00449,6/27/2025,Maharashtra,Electronics,P0122,2,"₹ 6,488.17",5%,"₹ 12,976.34","₹ 12,327.52",Shipped,5,,COD
O002493,U00301,10/31/2024,West Bengal,Electronics,P0022,4,"₹ 7,548.85",5%,"₹ 30,195.40","₹ 28,685.63",Delivered,8,5,UPI
O002494,U00118,4/18/2026,Karnataka,Sports,P0254,1,₹ 629.26,15%,₹ 629.26,₹ 534.87,Delivered,8,5,UPI
O002495,U00546,1/22/2026,West Bengal,Sports,P0021,3,"₹ 8,729.26",25%,"₹ 26,187.78","₹ 19,640.83",Cancelled,,,UPI
O002496,U00795,3/5/2026,Delhi,Fashion,P0058,3,"₹ 1,157.84",25%,"₹ 3,473.52","₹ 2,605.14",Shipped,2,,COD
O002497,U00717,8/16/2025,Delhi,Home,P0109,4,"₹ 2,282.72",5%,"₹ 9,130.88","₹ 8,674.34",Shipped,7,,Wallet
O002498,U00806,12/21/2025,Haryana,Home,P0199,2,"₹ 2,694.02",25%,"₹ 5,388.04","₹ 4,041.03",Returned,6,,COD
O002499,U00404,8/6/2024,Rajasthan,Beauty,P0239,1,"₹ 9,978.84",10%,"₹ 9,978.84","₹ 8,980.96",Delivered,3,4,Wallet
O002500,U00439,7/5/2026,Rajasthan,Sports,P0178,3,"₹ 2,927.79",20%,"₹ 8,783.37","₹ 7,026.70",Cancelled,,,Wallet
O000101,U00857,7/6/2025,Rajasthan,Grocery,P0095,3,"₹ 6,047.26",25%,"₹ 18,141.78","₹ 13,606.33",Delivered,6,4,UPI
O000501,U00932,3/26/2025,Maharashtra,Electronics,P0023,4,"₹ 8,671.64",0%,"₹ 34,686.56","₹ 34,686.56",Shipped,5,,Card
O000901,U00479,7/1/2025,Telangana,Home,P0018,4,"₹ 2,568.76",25%,"₹ 10,275.04","₹ 7,706.28",Delivered,2,1,Wallet
O001601,U00260,8/15/2025,Gujarat,Electronics,P0244,1,"₹ 10,833.74",25%,"₹ 10,833.74","₹ 8,125.31",Delivered,3,5,UPI
O002201,U00497,10/10/2024,Uttar Pradesh,Electronics,P0245,2,"₹ 2,388.63",5%,"₹ 4,777.26","₹ 4,538.40",Delivered,4,1,Card
