Order_ID,Order_Date,Ship_Date,Customer_ID,Product_ID,Quantity,Unit_Price,Discount_Pct,Revenue,Cost,Profit,Order_Status,Payment_Mode,Sales_Channel
FO000001,2025-08-26,2025-08-28,FC00362,FP0005,2,936.51,0,1873.02,851.2,1021.82,Delivered,Wallet,Web
FO000002,2025-10-15,2025-10-17,FC00570,FP0098,4,8268.49,0.15,28112.87,21982.0,6130.87,Delivered,Card,Marketplace
FO000003,2026-07-28,2026-07-30,FC00718,FP0017,4,1613.62,0.2,5163.58,4091.64,1071.94,Delivered,Wallet,Web
FO000004,2025-04-05,2025-04-06,FC00276,FP0125,4,3663.38,0,14653.52,10811.36,3842.16,Delivered,UPI,Marketplace
FO000005,2024-04-03,2024-04-07,FC00202,FP0127,2,2634.4,0,5268.8,3081.02,2187.78,Delivered,Card,App
FO000006,2026-03-05,2026-03-08,FC00697,FP0048,5,5765.37,0.15,24502.82,19647.95,4854.87,Delivered,COD,Marketplace
FO000007,2025-11-17,2025-11-18,FC00128,FP0114,2,4147.68,0,8295.36,3833.64,4461.72,Delivered,Card,App
FO000008,2024-01-11,2024-01-12,FC00306,FP0011,3,4973.23,0.15,12681.74,11374.56,1307.18,Delivered,Card,App
FO000009,2024-11-23,2024-11-24,FC00435,FP0114,3,4147.68,0.2,9954.43,5750.46,4203.97,Delivered,Card,App
FO000010,2025-07-25,2025-07-28,FC00295,FP0115,5,2713.67,0.15,11533.1,10453.65,1079.45,Delivered,Card,Marketplace
FO000011,2024-08-14,2024-08-15,FC00226,FP0101,3,1034.69,0.2,2483.26,2280.39,202.87,Delivered,Wallet,App
FO000012,2024-11-02,2024-11-05,FC00139,FP0003,1,7444.42,0.1,6699.98,3849.78,2850.2,Delivered,Wallet,Marketplace
FO000013,2024-05-19,2024-05-24,FC00608,FP0081,3,6700.25,0,20100.75,9507.84,10592.91,Delivered,Card,Web
FO000014,2025-06-21,2025-06-23,FC00643,FP0030,4,7057.58,0.2,22584.26,19265.68,3318.58,Shipped,Card,Web
FO000015,2024-01-27,2024-02-01,FC00003,FP0077,1,5603.86,0.15,4763.28,2756.45,2006.83,Delivered,COD,Web
FO000016,2026-06-29,2026-07-01,FC00093,FP0029,1,8582.57,0,8582.57,6233.86,2348.71,Delivered,COD,Web
FO000017,2025-12-29,2025-12-30,FC00032,FP0019,1,3439.44,0.15,2923.52,2175.5,748.02,Shipped,UPI,Web
FO000018,2026-06-02,2026-06-05,FC00491,FP0085,5,4839.7,0.1,21778.65,12420.7,9357.95,Delivered,UPI,Marketplace
FO000019,2026-07-22,2026-07-27,FC00200,FP0076,2,2384.81,0,4769.62,2902.64,1866.98,Shipped,UPI,Marketplace
FO000020,2026-01-12,2026-01-17,FC00484,FP0078,2,2259.44,0.1,4066.99,2793.86,1273.13,Delivered,Wallet,App
FO000021,2025-05-18,2025-05-23,FC00480,FP0101,1,1034.69,0.1,931.22,760.13,171.09,Delivered,COD,Marketplace
FO000022,2025-06-11,2025-06-15,FC00419,FP0106,4,5985.79,0.1,21548.84,15440.88,6107.96,Delivered,Wallet,Web
FO000023,2026-08-24,2026-08-28,FC00768,FP0134,3,6168.72,0,18506.16,9404.19,9101.97,Delivered,Wallet,Web
FO000024,2026-08-12,2026-08-15,FC00106,FP0075,2,1589.63,0.1,2861.33,1454.42,1406.91,Delivered,Wallet,App
FO000025,2024-08-04,2024-08-08,FC00128,FP0146,2,8900.1,0.15,15130.17,11265.46,3864.71,Delivered,Card,Marketplace
FO000026,2026-05-09,2026-05-13,FC00511,FP0034,3,4479.24,0.2,10750.18,6560.49,4189.69,Delivered,COD,Marketplace
FO000027,2024-09-23,2024-09-26,FC00389,FP0109,4,6224.56,0,24898.24,15794.32,9103.92,Shipped,COD,Web
FO000028,2025-03-16,2025-03-21,FC00649,FP0083,1,588.68,0,588.68,329.48,259.2,Delivered,UPI,App
FO000029,2024-09-04,2024-09-05,FC00585,FP0148,3,2392.78,0.05,6819.42,3433.38,3386.04,Delivered,Card,App
FO000030,2025-08-01,2025-08-03,FC00752,FP0070,1,240.31,0.15,204.26,129.67,74.59,Delivered,COD,App
FO000031,2026-05-26,2026-05-28,FC00445,FP0145,4,7366.74,0.15,25046.92,18756.84,6290.08,Delivered,COD,Marketplace
FO000032,2026-06-07,2026-06-10,FC00659,FP0033,3,2599.62,0.05,7408.92,4390.38,3018.54,Delivered,Wallet,App
FO000033,2025-04-16,2025-04-21,FC00760,FP0136,2,2234.55,0.15,3798.74,3411.88,386.86,Delivered,COD,Web
FO000034,2026-02-17,2026-02-19,FC00681,FP0075,5,1589.63,0.2,6358.52,3636.05,2722.47,Delivered,UPI,Web
FO000035,2025-10-15,,FC00517,FP0006,3,2389.7,0,7169.1,3867.42,3301.68,Cancelled,UPI,Web
FO000036,2025-06-24,2025-06-25,FC00561,FP0142,5,2779.44,0.15,11812.62,7752.4,4060.22,Delivered,Wallet,Web
FO000037,2025-07-04,2025-07-05,FC00226,FP0064,5,6408.04,0,32040.2,21859.5,10180.7,Delivered,Card,Marketplace
FO000038,2025-04-28,2025-05-02,FC00112,FP0008,1,573.37,0,573.37,442.69,130.68,Delivered,Card,Marketplace
FO000039,2024-07-12,2024-07-13,FC00376,FP0038,4,2344.11,0,9376.44,6746.64,2629.8,Delivered,COD,Marketplace
FO000040,2026-08-19,2026-08-24,FC00720,FP0032,3,5585.91,0.15,14244.07,10068.66,4175.41,Delivered,UPI,App
FO000041,2025-12-20,2025-12-23,FC00653,FP0107,2,8729.85,0.2,13967.76,10634.54,3333.22,Delivered,COD,App
FO000042,2025-05-19,2025-05-22,FC00667,FP0044,3,1760.04,0.15,4488.1,2498.73,1989.37,Delivered,UPI,Marketplace
FO000043,2025-03-31,2025-04-01,FC00420,FP0028,1,1252.8,0.05,1190.16,831.78,358.38,Delivered,UPI,Marketplace
FO000044,2026-03-08,2026-03-10,FC00077,FP0078,4,2259.44,0.05,8585.87,5587.72,2998.15,Delivered,UPI,Marketplace
FO000045,2026-08-09,2026-08-11,FC00631,FP0023,1,4930.6,0.2,3944.48,2575.99,1368.49,Delivered,UPI,Web
FO000046,2025-06-01,2025-06-02,FC00625,FP0036,3,7738.34,0.1,20893.52,15600.72,5292.8,Delivered,Card,Marketplace
FO000047,2024-04-12,2024-04-13,FC00473,FP0087,5,4087.92,0.05,19417.62,10732.4,8685.22,Delivered,Card,Web
FO000048,2024-01-06,2024-01-10,FC00352,FP0074,5,7560.0,0.15,32130.0,26642.0,5488.0,Delivered,UPI,Marketplace
FO000049,2025-07-20,2025-07-25,FC00152,FP0018,3,4845.28,0,14535.84,9145.41,5390.43,Shipped,COD,Marketplace
FO000050,2024-04-14,2024-04-19,FC00630,FP0069,2,3524.08,0.2,5638.53,5112.76,525.77,Delivered,COD,Web
FO000051,2025-04-08,2025-04-10,FC00774,FP0112,5,7352.99,0.1,33088.46,21924.4,11164.06,Delivered,UPI,Web
FO000052,2025-02-05,2025-02-09,FC00618,FP0097,1,408.56,0.05,388.13,307.98,80.15,Delivered,COD,App
FO000053,2026-03-31,2026-04-05,FC00328,FP0006,1,2389.7,0.1,2150.73,1289.14,861.59,Delivered,COD,Web
FO000054,2024-05-01,2024-05-02,FC00471,FP0113,3,6018.81,0,18056.43,12541.29,5515.14,Delivered,Wallet,Marketplace
FO000055,2024-10-12,2024-10-13,FC00319,FP0141,3,8678.41,0.1,23431.71,14878.74,8552.97,Delivered,Card,App
FO000056,2024-05-28,2024-05-30,FC00244,FP0106,4,5985.79,0,23943.16,15440.88,8502.28,Delivered,Card,App
FO000057,2026-02-10,2026-02-14,FC00517,FP0107,3,8729.85,0.2,20951.64,15951.81,4999.83,Delivered,COD,Marketplace
FO000058,2025-05-06,2025-05-08,FC00059,FP0031,2,938.39,0.05,1782.94,1409.42,373.52,Delivered,UPI,App
FO000059,2026-06-12,2026-06-14,FC00458,FP0119,2,8688.16,0.15,14769.87,11689.94,3079.93,Delivered,UPI,Marketplace
FO000060,2024-07-25,2024-07-26,FC00472,FP0075,2,1589.63,0,3179.26,1454.42,1724.84,Delivered,COD,Marketplace
FO000061,2026-06-23,2026-06-28,FC00606,FP0143,4,8786.1,0.1,31629.96,26398.56,5231.4,Delivered,UPI,App
FO000062,2025-12-29,2025-12-30,FC00047,FP0114,4,4147.68,0.05,15761.18,7667.28,8093.9,Delivered,COD,Web
FO000063,2025-11-30,2025-12-01,FC00299,FP0127,3,2634.4,0.2,6322.56,4621.53,1701.03,Delivered,Wallet,Marketplace
FO000064,2024-11-18,2024-11-23,FC00696,FP0062,4,6579.03,0.2,21052.9,11902.88,9150.02,Delivered,Wallet,Marketplace
FO000065,2025-10-09,2025-10-13,FC00590,FP0066,4,6676.95,0.2,21366.24,18062.52,3303.72,Delivered,UPI,App
FO000066,2025-05-22,2025-05-26,FC00695,FP0009,2,5129.07,0.2,8206.51,5224.06,2982.45,Delivered,Wallet,Marketplace
FO000067,2025-10-10,2025-10-12,FC00613,FP0107,2,8729.85,0.1,15713.73,10634.54,5079.19,Delivered,COD,App
FO000068,2025-01-05,2025-01-06,FC00728,FP0068,1,7649.03,0.1,6884.13,5288.1,1596.03,Delivered,UPI,Web
FO000069,2024-06-01,2024-06-03,FC00029,FP0138,2,8119.99,0.15,13803.98,10004.68,3799.3,Delivered,Card,Web
FO000070,2025-09-20,2025-09-24,FC00180,FP0026,4,8378.01,0,33512.04,20924.0,12588.04,Delivered,Card,Web
FO000071,2026-08-10,2026-08-12,FC00595,FP0137,5,5774.99,0.2,23099.96,17783.15,5316.81,Delivered,Card,Web
FO000072,2024-06-05,2024-06-08,FC00327,FP0145,3,7366.74,0.1,19890.2,14067.63,5822.57,Delivered,COD,App
FO000073,2025-02-22,2025-02-25,FC00737,FP0076,5,2384.81,0.1,10731.65,7256.6,3475.05,Delivered,Wallet,Marketplace
FO000074,2025-08-25,2025-08-27,FC00533,FP0010,3,4028.79,0,12086.37,8380.11,3706.26,Delivered,Card,Marketplace
FO000075,2024-10-11,2024-10-12,FC00032,FP0072,4,8536.96,0.1,30733.06,19417.16,11315.9,Delivered,COD,App
FO000076,2026-05-22,2026-05-23,FC00112,FP0083,5,588.68,0,2943.4,1647.4,1296.0,Delivered,COD,App
FO000077,2024-07-28,2024-08-02,FC00533,FP0088,3,3685.01,0.15,9396.78,6808.47,2588.31,Delivered,UPI,Web
FO000078,2026-08-08,2026-08-10,FC00531,FP0063,5,5604.39,0,28021.95,17857.65,10164.3,Delivered,COD,App
FO000079,2024-06-23,2024-06-27,FC00725,FP0077,4,5603.86,0,22415.44,11025.8,11389.64,Delivered,UPI,App
FO000080,2024-02-18,2024-02-21,FC00775,FP0070,1,240.31,0.2,192.25,129.67,62.58,Delivered,COD,Web
FO000081,2024-02-14,2024-02-18,FC00733,FP0093,3,717.83,0.1,1938.14,1132.53,805.61,Returned,UPI,Web
FO000082,2025-11-18,2025-11-21,FC00464,FP0128,5,6621.29,0.1,29795.8,25739.1,4056.7,Delivered,COD,Marketplace
FO000083,2026-06-22,2026-06-26,FC00167,FP0020,4,7904.14,0.1,28454.9,15547.36,12907.54,Delivered,UPI,App
FO000084,2024-03-04,,FC00432,FP0048,2,5765.37,0.15,9801.13,7859.18,1941.95,Cancelled,Wallet,Web
FO000085,2026-07-13,2026-07-15,FC00200,FP0150,4,1525.45,0,6101.8,3932.12,2169.68,Delivered,UPI,Web
FO000086,2025-04-07,2025-04-11,FC00142,FP0084,5,5736.42,0,28682.1,18911.35,9770.75,Delivered,COD,Web
FO000087,2024-10-25,2024-10-30,FC00525,FP0110,5,504.22,0.15,2142.94,1924.0,218.94,Delivered,COD,Marketplace
FO000088,2026-02-17,2026-02-21,FC00740,FP0143,3,8786.1,0,26358.3,19798.92,6559.38,Shipped,COD,Marketplace
FO000089,2026-06-24,2026-06-25,FC00084,FP0105,4,7024.21,0.15,23882.31,20631.16,3251.15,Delivered,Wallet,App
FO000090,2026-05-30,2026-06-03,FC00669,FP0109,5,6224.56,0.2,24898.24,19742.9,5155.34,Delivered,COD,App
FO000091,2024-01-25,2024-01-29,FC00680,FP0002,5,6892.88,0.1,31017.96,22358.55,8659.41,Delivered,COD,App
FO000092,2025-01-27,2025-01-29,FC00199,FP0032,5,5585.91,0.1,25136.6,16781.1,8355.5,Delivered,Card,Web
FO000093,2026-06-19,2026-06-23,FC00098,FP0043,4,2276.32,0,9105.28,5621.08,3484.2,Delivered,Card,App
FO000094,2024-04-07,2024-04-10,FC00169,FP0097,1,408.56,0.05,388.13,307.98,80.15,Delivered,COD,App
FO000095,2024-12-22,2024-12-27,FC00752,FP0014,2,2335.19,0.15,3969.82,2213.82,1756.0,Delivered,Wallet,App
FO000096,2025-09-29,2025-10-03,FC00464,FP0028,5,1252.8,0,6264.0,4158.9,2105.1,Delivered,Wallet,App
FO000097,2026-06-04,2026-06-05,FC00334,FP0134,3,6168.72,0.15,15730.24,9404.19,6326.05,Delivered,Card,Web
FO000098,2024-09-22,2024-09-24,FC00449,FP0109,3,6224.56,0,18673.68,11845.74,6827.94,Delivered,Wallet,Web
FO000099,2026-02-15,2026-02-19,FC00300,FP0029,4,8582.57,0,34330.28,24935.44,9394.84,Delivered,UPI,App
FO000100,2026-04-19,2026-04-21,FC00702,FP0088,4,3685.01,0.2,11792.03,9077.96,2714.07,Delivered,COD,App
FO000101,2025-12-10,2025-12-14,FC00363,FP0072,4,8536.96,0.05,32440.45,19417.16,13023.29,Delivered,UPI,Marketplace
FO000102,2025-10-03,2025-10-05,FC00425,FP0015,4,8865.5,0.15,30142.7,26939.36,3203.34,Delivered,COD,App
FO000103,2025-03-20,2025-03-25,FC00411,FP0042,4,1367.6,0.05,5196.88,3612.64,1584.24,Delivered,COD,Marketplace
FO000104,2024-04-24,2024-04-29,FC00503,FP0135,4,3393.68,0,13574.72,6833.6,6741.12,Shipped,Wallet,App
FO000105,2024-09-10,2024-09-12,FC00075,FP0043,5,2276.32,0.2,9105.28,7026.35,2078.93,Delivered,UPI,App
FO000106,2024-04-19,2024-04-22,FC00641,FP0047,4,8632.68,0,34530.72,15713.96,18816.76,Delivered,Wallet,App
FO000107,2026-01-08,2026-01-12,FC00786,FP0001,3,210.57,0,631.71,329.4,302.31,Delivered,Wallet,Web
FO000108,2025-07-19,2025-07-23,FC00523,FP0065,3,6416.13,0.05,18285.97,9070.05,9215.92,Delivered,COD,Marketplace
FO000109,2025-03-24,2025-03-26,FC00294,FP0096,1,7777.95,0.1,7000.15,3985.65,3014.5,Delivered,UPI,App
FO000110,2025-03-12,2025-03-16,FC00494,FP0013,1,5090.72,0.2,4072.58,2711.27,1361.31,Delivered,COD,App
FO000111,2025-03-03,2025-03-05,FC00561,FP0137,2,5774.99,0.2,9239.98,7113.26,2126.72,Delivered,UPI,Marketplace
FO000112,2026-07-02,2026-07-05,FC00510,FP0132,5,8467.19,0.1,38102.36,27030.05,11072.31,Delivered,Wallet,Web
FO000113,2024-03-11,2024-03-15,FC00456,FP0036,3,7738.34,0.1,20893.52,15600.72,5292.8,Shipped,COD,App
FO000114,2026-08-02,2026-08-03,FC00775,FP0139,5,2943.02,0,14715.1,10116.75,4598.35,Delivered,Card,Marketplace
FO000115,2026-08-23,2026-08-25,FC00356,FP0050,2,3182.54,0.1,5728.57,4732.48,996.09,Delivered,Wallet,Web
FO000116,2024-09-22,2024-09-27,FC00678,FP0020,4,7904.14,0.15,26874.08,15547.36,11326.72,Delivered,Card,Web
FO000117,2024-10-02,2024-10-05,FC00216,FP0017,3,1613.62,0,4840.86,3068.73,1772.13,Delivered,Wallet,Marketplace
FO000118,2024-03-08,2024-03-09,FC00461,FP0083,5,588.68,0.15,2501.89,1647.4,854.49,Delivered,Wallet,Web
FO000119,2024-11-20,2024-11-22,FC00116,FP0127,5,2634.4,0.15,11196.2,7702.55,3493.65,Delivered,COD,Marketplace
FO000120,2026-07-01,2026-07-05,FC00292,FP0092,1,1308.85,0.1,1177.96,841.49,336.47,Delivered,Wallet,Marketplace
FO000121,2025-06-23,2025-06-25,FC00026,FP0051,5,362.42,0.15,1540.29,1127.0,413.29,Delivered,COD,Web
FO000122,2026-08-30,2026-08-31,FC00154,FP0070,4,240.31,0.05,913.18,518.68,394.5,Delivered,UPI,Marketplace
FO000123,2025-09-17,2025-09-18,FC00654,FP0041,5,4109.96,0.15,17467.33,9649.85,7817.48,Delivered,UPI,Marketplace
FO000124,2026-03-03,2026-03-06,FC00348,FP0120,3,1814.22,0,5442.66,2555.19,2887.47,Delivered,UPI,Marketplace
FO000125,2026-04-10,2026-04-14,FC00149,FP0082,1,3600.56,0,3600.56,2404.73,1195.83,Delivered,UPI,Marketplace
FO000126,2025-08-12,2025-08-16,FC00725,FP0114,2,4147.68,0.1,7465.82,3833.64,3632.18,Delivered,Wallet,App
FO000127,2025-05-19,2025-05-23,FC00186,FP0128,3,6621.29,0,19863.87,15443.46,4420.41,Delivered,COD,Marketplace
FO000128,2026-04-03,2026-04-04,FC00444,FP0074,2,7560.0,0,15120.0,10656.8,4463.2,Shipped,UPI,App
FO000129,2026-01-11,2026-01-15,FC00740,FP0036,3,7738.34,0.05,22054.27,15600.72,6453.55,Delivered,Wallet,Marketplace
FO000130,2025-02-13,2025-02-18,FC00027,FP0021,4,5809.66,0.2,18590.91,15652.48,2938.43,Delivered,Wallet,Marketplace
FO000131,2024-10-18,,FC00593,FP0037,5,1147.6,0.1,5164.2,3852.4,1311.8,Cancelled,Card,Web
FO000132,2026-03-01,2026-03-05,FC00427,FP0081,3,6700.25,0.15,17085.64,9507.84,7577.8,Delivered,COD,Marketplace
FO000133,2024-01-02,2024-01-03,FC00113,FP0121,1,4465.29,0,4465.29,2082.53,2382.76,Delivered,Wallet,App
FO000134,2025-07-17,2025-07-20,FC00032,FP0036,5,7738.34,0,38691.7,26001.2,12690.5,Delivered,Card,App
FO000135,2024-05-17,2024-05-20,FC00184,FP0004,1,2567.54,0.05,2439.16,1440.44,998.72,Delivered,Card,Web
FO000136,2025-02-26,2025-02-28,FC00707,FP0109,3,6224.56,0,18673.68,11845.74,6827.94,Delivered,COD,Web
FO000137,2024-04-29,2024-05-04,FC00017,FP0147,4,6012.15,0,24048.6,17125.04,6923.56,Delivered,UPI,Web
FO000138,2024-07-10,2024-07-12,FC00345,FP0005,5,936.51,0.05,4448.42,2128.0,2320.42,Delivered,Wallet,Marketplace
FO000139,2026-07-17,2026-07-19,FC00145,FP0106,4,5985.79,0.1,21548.84,15440.88,6107.96,Delivered,UPI,Web
FO000140,2026-03-12,2026-03-17,FC00519,FP0043,5,2276.32,0.05,10812.52,7026.35,3786.17,Delivered,UPI,App
FO000141,2024-01-20,2024-01-24,FC00438,FP0055,1,5232.43,0.05,4970.81,3680.36,1290.45,Delivered,Card,App
FO000142,2025-01-04,2025-01-06,FC00595,FP0022,3,5006.4,0.15,12766.32,10721.7,2044.62,Delivered,Card,Web
FO000143,2024-02-19,2024-02-24,FC00429,FP0039,2,2919.84,0,5839.68,2746.86,3092.82,Delivered,COD,Marketplace
FO000144,2024-06-27,2024-07-02,FC00503,FP0025,2,3658.51,0,7317.02,3494.34,3822.68,Delivered,COD,App
FO000145,2024-09-17,2024-09-20,FC00681,FP0030,5,7057.58,0,35287.9,24082.1,11205.8,Delivered,COD,App
FO000146,2025-07-13,2025-07-18,FC00097,FP0126,4,8367.43,0.15,28449.26,16770.48,11678.78,Delivered,Wallet,Web
FO000147,2025-06-11,2025-06-16,FC00629,FP0126,3,8367.43,0.2,20081.83,12577.86,7503.97,Delivered,UPI,Web
FO000148,2024-06-25,2024-06-27,FC00161,FP0135,1,3393.68,0.1,3054.31,1708.4,1345.91,Delivered,COD,Marketplace
FO000149,2024-04-10,2024-04-12,FC00699,FP0092,2,1308.85,0.15,2225.04,1682.98,542.06,Delivered,Card,App
FO000150,2026-03-26,2026-03-31,FC00569,FP0126,2,8367.43,0.05,15898.12,8385.24,7512.88,Delivered,Card,Web
FO000151,2024-10-09,2024-10-10,FC00546,FP0110,2,504.22,0,1008.44,769.6,238.84,Delivered,UPI,Web
FO000152,2024-08-11,2024-08-16,FC00094,FP0043,1,2276.32,0.15,1934.87,1405.27,529.6,Delivered,COD,Marketplace
FO000153,2026-04-28,2026-04-30,FC00017,FP0082,5,3600.56,0.1,16202.52,12023.65,4178.87,Delivered,UPI,Web
FO000154,2026-04-22,2026-04-25,FC00485,FP0082,2,3600.56,0,7201.12,4809.46,2391.66,Delivered,Wallet,App
FO000155,2025-01-15,2025-01-18,FC00374,FP0085,2,4839.7,0.1,8711.46,4968.28,3743.18,Delivered,COD,Web
FO000156,2024-01-29,2024-02-01,FC00053,FP0023,4,4930.6,0,19722.4,10303.96,9418.44,Delivered,Card,Marketplace
FO000157,2024-05-09,2024-05-11,FC00721,FP0130,5,3439.37,0,17196.85,11161.15,6035.7,Delivered,COD,Web
FO000158,2026-06-05,2026-06-09,FC00198,FP0036,4,7738.34,0.05,29405.69,20800.96,8604.73,Delivered,COD,Web
FO000159,2024-12-19,2024-12-24,FC00386,FP0121,2,4465.29,0,8930.58,4165.06,4765.52,Delivered,Card,App
FO000160,2026-08-26,2026-08-27,FC00439,FP0126,5,8367.43,0.1,37653.44,20963.1,16690.34,Delivered,COD,Web
FO000161,2025-08-23,2025-08-24,FC00159,FP0011,5,4973.23,0,24866.15,18957.6,5908.55,Delivered,COD,App
FO000162,2025-01-09,2025-01-11,FC00232,FP0027,4,2801.39,0.15,9524.73,8660.04,864.69,Delivered,Wallet,Marketplace
FO000163,2024-01-22,2024-01-24,FC00596,FP0034,4,4479.24,0,17916.96,8747.32,9169.64,Delivered,Wallet,App
FO000164,2026-04-19,2026-04-22,FC00795,FP0005,3,936.51,0.15,2388.1,1276.8,1111.3,Delivered,UPI,App
FO000165,2025-07-23,2025-07-25,FC00172,FP0111,2,2277.23,0.2,3643.57,2526.7,1116.87,Delivered,Wallet,App
FO000166,2024-11-11,,FC00022,FP0072,5,8536.96,0,42684.8,24271.45,18413.35,Cancelled,Wallet,App
FO000167,2025-09-05,2025-09-07,FC00793,FP0112,4,7352.99,0,29411.96,17539.52,11872.44,Delivered,Wallet,App
FO000168,2025-02-15,,FC00413,FP0113,2,6018.81,0.2,9630.1,8360.86,1269.24,Cancelled,Card,App
FO000169,2025-07-09,2025-07-12,FC00070,FP0056,2,2313.97,0.1,4165.15,3530.32,634.83,Returned,UPI,Web
FO000170,2024-03-01,2024-03-03,FC00337,FP0027,5,2801.39,0.15,11905.91,10825.05,1080.86,Shipped,UPI,App
FO000171,2024-11-26,2024-11-29,FC00193,FP0023,5,4930.6,0,24653.0,12879.95,11773.05,Delivered,Wallet,Web
FO000172,2024-02-03,2024-02-08,FC00434,FP0037,4,1147.6,0.05,4360.88,3081.92,1278.96,Delivered,Card,Web
FO000173,2024-08-29,2024-09-03,FC00593,FP0128,2,6621.29,0,13242.58,10295.64,2946.94,Delivered,COD,Web
FO000174,2025-10-20,2025-10-23,FC00329,FP0085,4,4839.7,0.15,16454.98,9936.56,6518.42,Delivered,Wallet,Marketplace
FO000175,2025-07-23,2025-07-28,FC00286,FP0144,3,1851.64,0.2,4443.94,3793.8,650.14,Delivered,COD,App
FO000176,2024-09-03,2024-09-06,FC00164,FP0046,5,4437.46,0,22187.3,12944.75,9242.55,Delivered,UPI,App
FO000177,2025-03-21,2025-03-25,FC00743,FP0132,3,8467.19,0,25401.57,16218.03,9183.54,Delivered,Wallet,Marketplace
FO000178,2025-06-10,2025-06-14,FC00508,FP0131,4,5348.1,0.1,19253.16,14300.2,4952.96,Delivered,COD,Marketplace
FO000179,2026-05-15,2026-05-16,FC00703,FP0002,5,6892.88,0.15,29294.74,22358.55,6936.19,Shipped,COD,Web
FO000180,2025-09-17,2025-09-20,FC00129,FP0041,4,4109.96,0.05,15617.85,7719.88,7897.97,Delivered,UPI,Web
FO000181,2024-07-19,2024-07-21,FC00479,FP0095,5,4214.31,0.05,20017.97,16243.05,3774.92,Delivered,Card,Web
FO000182,2025-02-13,2025-02-16,FC00667,FP0101,2,1034.69,0.1,1862.44,1520.26,342.18,Delivered,UPI,App
FO000183,2025-09-09,2025-09-14,FC00268,FP0123,5,8591.64,0,42958.2,28690.45,14267.75,Delivered,Card,Web
FO000184,2026-03-20,2026-03-25,FC00531,FP0095,2,4214.31,0,8428.62,6497.22,1931.4,Delivered,Card,Web
FO000185,2024-07-28,2024-07-31,FC00237,FP0063,4,5604.39,0.2,17934.05,14286.12,3647.93,Delivered,UPI,Web
FO000186,2025-08-29,2025-09-03,FC00336,FP0048,4,5765.37,0,23061.48,15718.36,7343.12,Delivered,Card,App
FO000187,2024-02-01,2024-02-02,FC00767,FP0120,2,1814.22,0,3628.44,1703.46,1924.98,Delivered,COD,App
FO000188,2025-08-22,2025-08-25,FC00486,FP0115,5,2713.67,0,13568.35,10453.65,3114.7,Delivered,Wallet,App
FO000189,2024-03-14,2024-03-19,FC00076,FP0049,5,3120.66,0.2,12482.64,10740.3,1742.34,Delivered,Wallet,Marketplace
FO000190,2025-07-27,2025-07-28,FC00310,FP0072,5,8536.96,0.1,38416.32,24271.45,14144.87,Delivered,UPI,Web
FO000191,2025-04-02,2025-04-04,FC00122,FP0132,4,8467.19,0.1,30481.88,21624.04,8857.84,Delivered,COD,Web
FO000192,2025-12-19,2025-12-20,FC00437,FP0036,4,7738.34,0.2,24762.69,20800.96,3961.73,Delivered,Wallet,Web
FO000193,2024-04-12,2024-04-15,FC00511,FP0130,4,3439.37,0.15,11693.86,8928.92,2764.94,Delivered,COD,App
FO000194,2025-06-29,2025-07-04,FC00607,FP0145,2,7366.74,0,14733.48,9378.42,5355.06,Delivered,Wallet,Web
FO000195,2024-11-04,2024-11-09,FC00665,FP0043,2,2276.32,0.2,3642.11,2810.54,831.57,Delivered,UPI,Marketplace
FO000196,2025-01-17,2025-01-21,FC00243,FP0105,2,7024.21,0.2,11238.74,10315.58,923.16,Delivered,UPI,Marketplace
FO000197,2024-06-19,,FC00783,FP0053,2,439.66,0.05,835.35,463.14,372.21,Cancelled,UPI,Web
FO000198,2025-04-01,,FC00473,FP0036,5,7738.34,0.15,32887.94,26001.2,6886.74,Cancelled,Wallet,Marketplace
FO000199,2024-07-07,2024-07-12,FC00660,FP0136,4,2234.55,0.15,7597.47,6823.76,773.71,Delivered,UPI,Marketplace
FO000200,2024-12-06,2024-12-08,FC00393,FP0075,4,1589.63,0.05,6040.59,2908.84,3131.75,Delivered,Card,Web
FO000201,2024-08-02,2024-08-04,FC00275,FP0077,1,5603.86,0.1,5043.47,2756.45,2287.02,Delivered,UPI,App
FO000202,2025-07-27,2025-07-31,FC00173,FP0028,4,1252.8,0.2,4008.96,3327.12,681.84,Delivered,UPI,App
FO000203,2026-07-03,,FC00738,FP0093,5,717.83,0.1,3230.24,1887.55,1342.69,Cancelled,Card,Marketplace
FO000204,2026-06-20,2026-06-22,FC00730,FP0066,1,6676.95,0.1,6009.26,4515.63,1493.63,Delivered,Wallet,Web
FO000205,2025-08-28,2025-08-31,FC00366,FP0002,4,6892.88,0.15,23435.79,17886.84,5548.95,Delivered,UPI,Web
FO000206,2024-12-28,2024-12-30,FC00296,FP0008,5,573.37,0.1,2580.16,2213.45,366.71,Delivered,COD,App
FO000207,2026-03-07,2026-03-12,FC00337,FP0141,1,8678.41,0.15,7376.65,4959.58,2417.07,Delivered,UPI,Marketplace
FO000208,2024-11-13,2024-11-14,FC00501,FP0018,1,4845.28,0.1,4360.75,3048.47,1312.28,Delivered,Card,App
FO000209,2025-05-18,2025-05-21,FC00615,FP0030,1,7057.58,0.2,5646.06,4816.42,829.64,Delivered,COD,Web
FO000210,2026-06-27,2026-06-30,FC00037,FP0008,1,573.37,0.15,487.36,442.69,44.67,Delivered,Card,Marketplace
FO000211,2026-03-15,2026-03-20,FC00640,FP0051,1,362.42,0.2,289.94,225.4,64.54,Delivered,COD,Web
FO000212,2024-11-07,2024-11-10,FC00244,FP0017,5,1613.62,0,8068.1,5114.55,2953.55,Delivered,Card,App
FO000213,2024-05-18,2024-05-19,FC00569,FP0080,5,5963.59,0.2,23854.36,16030.95,7823.41,Delivered,Card,App
FO000214,2025-06-22,2025-06-26,FC00064,FP0080,1,5963.59,0.05,5665.41,3206.19,2459.22,Delivered,Wallet,Web
FO000215,2024-05-31,2024-06-02,FC00531,FP0108,3,6123.84,0,18371.52,13351.56,5019.96,Shipped,UPI,App
FO000216,2025-05-03,2025-05-04,FC00244,FP0010,1,4028.79,0.1,3625.91,2793.37,832.54,Delivered,Card,Marketplace
FO000217,2026-06-17,2026-06-20,FC00540,FP0094,4,8583.13,0,34332.52,17952.4,16380.12,Returned,COD,Web
FO000218,2025-03-04,2025-03-08,FC00031,FP0033,3,2599.62,0,7798.86,4390.38,3408.48,Shipped,Card,Web
FO000219,2025-08-29,2025-08-30,FC00312,FP0030,5,7057.58,0.2,28230.32,24082.1,4148.22,Delivered,Card,Web
FO000220,2024-06-29,2024-07-02,FC00551,FP0145,1,7366.74,0.05,6998.4,4689.21,2309.19,Shipped,UPI,Marketplace
FO000221,2025-08-13,2025-08-14,FC00159,FP0018,5,4845.28,0.15,20592.44,15242.35,5350.09,Delivered,Card,App
FO000222,2025-10-16,2025-10-19,FC00137,FP0032,2,5585.91,0.05,10613.23,6712.44,3900.79,Shipped,Card,App
FO000223,2024-01-23,2024-01-26,FC00585,FP0129,3,8281.13,0.05,23601.22,15832.5,7768.72,Delivered,UPI,Web
FO000224,2024-06-21,2024-06-23,FC00398,FP0098,5,8268.49,0.05,39275.33,27477.5,11797.83,Delivered,UPI,Marketplace
FO000225,2026-05-23,,FC00716,FP0088,5,3685.01,0,18425.05,11347.45,7077.6,Cancelled,UPI,Web
FO000226,2026-06-05,2026-06-08,FC00378,FP0117,5,3955.57,0.15,16811.17,12709.1,4102.07,Delivered,Card,Marketplace
FO000227,2026-01-10,,FC00309,FP0070,2,240.31,0.05,456.59,259.34,197.25,Cancelled,Wallet,Marketplace
FO000228,2026-02-22,2026-02-23,FC00431,FP0132,3,8467.19,0.15,21591.33,16218.03,5373.3,Delivered,UPI,Marketplace
FO000229,2024-07-04,2024-07-06,FC00760,FP0054,1,3389.15,0,3389.15,1927.83,1461.32,Delivered,UPI,App
FO000230,2025-03-12,2025-03-16,FC00092,FP0005,1,936.51,0,936.51,425.6,510.91,Delivered,Card,App
FO000231,2025-11-21,2025-11-24,FC00137,FP0079,5,8401.85,0.05,39908.79,27722.1,12186.69,Delivered,Card,App
FO000232,2026-08-11,2026-08-13,FC00196,FP0036,3,7738.34,0.15,19732.77,15600.72,4132.05,Returned,Card,Web
FO000233,2024-11-07,2024-11-11,FC00592,FP0070,4,240.31,0.1,865.12,518.68,346.44,Delivered,UPI,Marketplace
FO000234,2024-11-05,2024-11-10,FC00435,FP0112,3,7352.99,0.1,19853.07,13154.64,6698.43,Delivered,Wallet,Marketplace
FO000235,2026-03-20,2026-03-24,FC00317,FP0081,2,6700.25,0.15,11390.42,6338.56,5051.86,Delivered,Wallet,App
FO000236,2025-12-16,2025-12-19,FC00721,FP0126,4,8367.43,0.2,26775.78,16770.48,10005.3,Delivered,COD,Marketplace
FO000237,2026-08-06,2026-08-11,FC00224,FP0079,5,8401.85,0,42009.25,27722.1,14287.15,Delivered,COD,Marketplace
FO000238,2024-04-01,2024-04-05,FC00543,FP0127,5,2634.4,0,13172.0,7702.55,5469.45,Delivered,Card,Web
FO000239,2024-12-25,2024-12-27,FC00772,FP0067,1,1512.27,0.2,1209.82,1008.69,201.13,Delivered,Wallet,Web
FO000240,2026-06-20,,FC00092,FP0149,5,6293.48,0,31467.4,23654.6,7812.8,Cancelled,UPI,Web
FO000241,2025-02-13,2025-02-16,FC00721,FP0125,1,3663.38,0.05,3480.21,2702.84,777.37,Shipped,UPI,Marketplace
FO000242,2026-05-21,2026-05-25,FC00092,FP0022,2,5006.4,0.15,8510.88,7147.8,1363.08,Delivered,Wallet,App
FO000243,2025-02-23,2025-02-27,FC00610,FP0073,4,3772.01,0.2,12070.43,8309.44,3760.99,Delivered,COD,App
FO000244,2025-03-07,2025-03-08,FC00201,FP0111,2,2277.23,0.15,3871.29,2526.7,1344.59,Delivered,Wallet,Web
FO000245,2026-04-13,2026-04-15,FC00148,FP0092,3,1308.85,0,3926.55,2524.47,1402.08,Delivered,Wallet,Marketplace
FO000246,2024-12-21,2024-12-25,FC00224,FP0102,3,7850.95,0.2,18842.28,16833.36,2008.92,Delivered,UPI,App
FO000247,2025-05-01,2025-05-04,FC00745,FP0019,5,3439.44,0.15,14617.62,10877.5,3740.12,Delivered,COD,Web
FO000248,2025-04-16,,FC00226,FP0080,5,5963.59,0.15,25345.26,16030.95,9314.31,Cancelled,Card,Marketplace
FO000249,2025-05-03,2025-05-08,FC00187,FP0122,3,1597.73,0.05,4553.53,3091.95,1461.58,Delivered,Card,Web
FO000250,2024-09-21,2024-09-25,FC00456,FP0060,2,1889.38,0.15,3211.95,1788.44,1423.51,Delivered,COD,Marketplace
FO000251,2026-05-13,2026-05-15,FC00004,FP0136,2,2234.55,0,4469.1,3411.88,1057.22,Delivered,Wallet,Marketplace
FO000252,2024-08-14,2024-08-15,FC00543,FP0050,3,3182.54,0.15,8115.48,7098.72,1016.76,Delivered,Card,App
FO000253,2024-04-14,2024-04-15,FC00021,FP0143,4,8786.1,0.05,33387.18,26398.56,6988.62,Delivered,Wallet,App
FO000254,2024-07-24,2024-07-25,FC00481,FP0004,3,2567.54,0.2,6162.1,4321.32,1840.78,Delivered,Wallet,App
FO000255,2026-05-13,2026-05-18,FC00225,FP0150,2,1525.45,0.2,2440.72,1966.06,474.66,Delivered,COD,App
FO000256,2026-02-14,2026-02-18,FC00334,FP0090,5,7705.8,0.1,34676.1,20783.1,13893.0,Delivered,UPI,App
FO000257,2026-08-22,2026-08-24,FC00555,FP0132,5,8467.19,0,42335.95,27030.05,15305.9,Delivered,Card,Web
FO000258,2024-09-27,2024-09-28,FC00605,FP0027,5,2801.39,0,14006.95,10825.05,3181.9,Delivered,Wallet,Marketplace
FO000259,2024-11-12,2024-11-16,FC00352,FP0022,2,5006.4,0.05,9512.16,7147.8,2364.36,Delivered,COD,Marketplace
FO000260,2025-05-08,2025-05-11,FC00642,FP0064,2,6408.04,0,12816.08,8743.8,4072.28,Delivered,Wallet,App
FO000261,2025-11-01,2025-11-02,FC00383,FP0074,4,7560.0,0,30240.0,21313.6,8926.4,Delivered,COD,Web
FO000262,2024-12-14,2024-12-17,FC00369,FP0094,3,8583.13,0,25749.39,13464.3,12285.09,Delivered,UPI,Marketplace
FO000263,2025-08-29,2025-08-31,FC00411,FP0118,4,5177.32,0,20709.28,11365.44,9343.84,Delivered,Wallet,Web
FO000264,2025-04-06,2025-04-09,FC00175,FP0048,1,5765.37,0.2,4612.3,3929.59,682.71,Delivered,UPI,Web
FO000265,2024-12-15,2024-12-16,FC00494,FP0093,5,717.83,0.05,3409.69,1887.55,1522.14,Delivered,Card,App
FO000266,2026-07-03,2026-07-04,FC00043,FP0035,4,8849.44,0,35397.76,27238.8,8158.96,Delivered,UPI,App
FO000267,2025-05-02,2025-05-06,FC00149,FP0072,1,8536.96,0.15,7256.42,4854.29,2402.13,Delivered,UPI,App
FO000268,2024-10-01,2024-10-06,FC00293,FP0122,2,1597.73,0.15,2716.14,2061.3,654.84,Delivered,COD,App
FO000269,2026-02-09,2026-02-11,FC00495,FP0063,3,5604.39,0.15,14291.19,10714.59,3576.6,Delivered,Wallet,Marketplace
FO000270,2024-02-04,2024-02-05,FC00539,FP0139,5,2943.02,0.05,13979.34,10116.75,3862.59,Delivered,Card,Marketplace
FO000271,2025-03-30,2025-03-31,FC00599,FP0059,3,6932.62,0.15,17678.18,11460.81,6217.37,Delivered,COD,App
FO000272,2024-11-20,2024-11-23,FC00520,FP0019,4,3439.44,0.15,11694.1,8702.0,2992.1,Delivered,UPI,Web
FO000273,2026-05-13,2026-05-17,FC00613,FP0026,4,8378.01,0.2,26809.63,20924.0,5885.63,Delivered,COD,Web
FO000274,2026-06-25,2026-06-30,FC00419,FP0120,5,1814.22,0,9071.1,4258.65,4812.45,Delivered,COD,Web
FO000275,2025-06-12,2025-06-15,FC00685,FP0006,5,2389.7,0,11948.5,6445.7,5502.8,Delivered,UPI,App
FO000276,2024-02-12,2024-02-13,FC00191,FP0046,5,4437.46,0.2,17749.84,12944.75,4805.09,Delivered,Wallet,Marketplace
FO000277,2025-10-14,2025-10-15,FC00264,FP0099,4,8753.38,0.1,31512.17,18534.76,12977.41,Delivered,UPI,Web
FO000278,2025-04-13,2025-04-18,FC00303,FP0099,2,8753.38,0,17506.76,9267.38,8239.38,Delivered,Wallet,Web
FO000279,2026-02-16,,FC00101,FP0020,3,7904.14,0,23712.42,11660.52,12051.9,Cancelled,COD,Marketplace
FO000280,2024-06-12,2024-06-17,FC00187,FP0101,1,1034.69,0,1034.69,760.13,274.56,Delivered,COD,App
FO000281,2025-05-04,2025-05-08,FC00176,FP0086,3,3161.12,0,9483.36,5223.78,4259.58,Delivered,Card,Marketplace
FO000282,2025-03-25,2025-03-30,FC00381,FP0007,1,8720.63,0.05,8284.6,5862.18,2422.42,Delivered,Card,Web
FO000283,2025-06-03,2025-06-07,FC00430,FP0119,5,8688.16,0.1,39096.72,29224.85,9871.87,Delivered,Wallet,Marketplace
FO000284,2025-08-14,2025-08-17,FC00611,FP0088,2,3685.01,0,7370.02,4538.98,2831.04,Delivered,Wallet,Web
FO000285,2025-07-15,2025-07-16,FC00739,FP0106,4,5985.79,0.1,21548.84,15440.88,6107.96,Delivered,Card,Marketplace
FO000286,2025-05-12,2025-05-15,FC00276,FP0098,2,8268.49,0,16536.98,10991.0,5545.98,Delivered,COD,Web
FO000287,2026-06-02,2026-06-05,FC00399,FP0083,4,588.68,0.2,1883.78,1317.92,565.86,Delivered,UPI,App
FO000288,2024-05-03,2024-05-06,FC00495,FP0115,5,2713.67,0,13568.35,10453.65,3114.7,Delivered,COD,Web
FO000289,2025-05-09,2025-05-11,FC00765,FP0087,1,4087.92,0.15,3474.73,2146.48,1328.25,Delivered,Wallet,Marketplace
FO000290,2026-01-10,2026-01-14,FC00358,FP0029,2,8582.57,0.15,14590.37,12467.72,2122.65,Delivered,UPI,Web
FO000291,2024-12-07,,FC00687,FP0028,2,1252.8,0.05,2380.32,1663.56,716.76,Cancelled,Wallet,Web
FO000292,2024-10-27,2024-11-01,FC00062,FP0047,5,8632.68,0.15,36688.89,19642.45,17046.44,Delivered,UPI,Marketplace
FO000293,2026-01-29,2026-02-03,FC00087,FP0018,3,4845.28,0.1,13082.26,9145.41,3936.85,Delivered,Card,Marketplace
FO000294,2025-03-28,2025-03-29,FC00314,FP0044,3,1760.04,0,5280.12,2498.73,2781.39,Returned,COD,App
FO000295,2024-03-31,2024-04-04,FC00057,FP0060,4,1889.38,0,7557.52,3576.88,3980.64,Returned,COD,App
FO000296,2025-01-28,2025-01-29,FC00130,FP0093,4,717.83,0,2871.32,1510.04,1361.28,Delivered,COD,Web
FO000297,2026-03-18,2026-03-21,FC00260,FP0077,3,5603.86,0.2,13449.26,8269.35,5179.91,Delivered,UPI,Web
FO000298,2025-02-04,2025-02-08,FC00072,FP0007,4,8720.63,0.2,27906.02,23448.72,4457.3,Delivered,Card,App
FO000299,2025-06-16,2025-06-20,FC00164,FP0035,2,8849.44,0.15,15044.05,13619.4,1424.65,Returned,COD,App
FO000300,2025-08-04,2025-08-08,FC00529,FP0034,2,4479.24,0.15,7614.71,4373.66,3241.05,Shipped,UPI,Marketplace
FO000301,2025-07-30,2025-08-01,FC00045,FP0140,4,2871.91,0.05,10913.26,6653.84,4259.42,Delivered,Wallet,Web
FO000302,2026-04-19,2026-04-21,FC00091,FP0067,5,1512.27,0.15,6427.15,5043.45,1383.7,Delivered,Card,App
FO000303,2026-01-23,2026-01-25,FC00789,FP0001,4,210.57,0.2,673.82,439.2,234.62,Delivered,COD,Web
FO000304,2024-02-17,2024-02-20,FC00600,FP0145,5,7366.74,0.15,31308.64,23446.05,7862.59,Shipped,COD,Marketplace
FO000305,2025-02-22,2025-02-25,FC00169,FP0016,4,2502.51,0.05,9509.54,5137.76,4371.78,Delivered,UPI,Web
FO000306,2026-08-19,2026-08-22,FC00225,FP0074,4,7560.0,0.2,24192.0,21313.6,2878.4,Delivered,Card,Web
FO000307,2024-02-01,2024-02-06,FC00250,FP0072,1,8536.96,0.2,6829.57,4854.29,1975.28,Shipped,Wallet,Marketplace
FO000308,2025-02-28,2025-03-05,FC00662,FP0019,1,3439.44,0.15,2923.52,2175.5,748.02,Delivered,UPI,Web
FO000309,2025-05-24,2025-05-25,FC00179,FP0105,5,7024.21,0,35121.05,25788.95,9332.1,Delivered,COD,Web
FO000310,2024-11-22,2024-11-27,FC00226,FP0091,2,4842.26,0.05,9200.29,7551.1,1649.19,Delivered,Card,Marketplace
FO000311,2026-06-21,2026-06-22,FC00328,FP0131,2,5348.1,0.2,8556.96,7150.1,1406.86,Delivered,Wallet,Web
FO000312,2024-04-10,2024-04-15,FC00477,FP0043,5,2276.32,0.2,9105.28,7026.35,2078.93,Delivered,UPI,Marketplace
FO000313,2024-02-10,2024-02-15,FC00551,FP0120,2,1814.22,0.15,3084.17,1703.46,1380.71,Delivered,Card,Web
FO000314,2026-08-15,2026-08-16,FC00727,FP0129,1,8281.13,0,8281.13,5277.5,3003.63,Delivered,UPI,Marketplace
FO000315,2025-10-01,2025-10-05,FC00711,FP0044,3,1760.04,0.2,4224.1,2498.73,1725.37,Shipped,Wallet,App
FO000316,2024-09-26,2024-09-30,FC00321,FP0069,2,3524.08,0.05,6695.75,5112.76,1582.99,Delivered,Card,App
FO000317,2026-04-06,2026-04-07,FC00098,FP0144,1,1851.64,0.1,1666.48,1264.6,401.88,Delivered,UPI,App
FO000318,2025-07-07,2025-07-08,FC00089,FP0149,4,6293.48,0,25173.92,18923.68,6250.24,Delivered,COD,Web
FO000319,2026-04-22,2026-04-24,FC00528,FP0132,5,8467.19,0.2,33868.76,27030.05,6838.71,Delivered,Wallet,Marketplace
FO000320,2025-07-01,2025-07-05,FC00359,FP0118,3,5177.32,0,15531.96,8524.08,7007.88,Delivered,COD,Web
FO000321,2024-01-30,,FC00694,FP0059,3,6932.62,0.1,18718.07,11460.81,7257.26,Cancelled,UPI,Marketplace
FO000322,2024-04-01,2024-04-03,FC00490,FP0128,5,6621.29,0.15,28140.48,25739.1,2401.38,Delivered,COD,App
FO000323,2025-11-06,2025-11-11,FC00012,FP0045,2,3811.34,0.1,6860.41,4421.5,2438.91,Delivered,COD,Web
FO000324,2025-12-12,2025-12-13,FC00566,FP0138,1,8119.99,0.2,6495.99,5002.34,1493.65,Delivered,UPI,App
FO000325,2024-10-19,2024-10-21,FC00755,FP0098,5,8268.49,0.15,35141.08,27477.5,7663.58,Delivered,COD,Marketplace
FO000326,2026-05-21,2026-05-25,FC00047,FP0135,5,3393.68,0.15,14423.14,8542.0,5881.14,Delivered,COD,Marketplace
FO000327,2025-04-20,2025-04-22,FC00669,FP0092,4,1308.85,0.15,4450.09,3365.96,1084.13,Delivered,COD,Marketplace
FO000328,2025-08-11,2025-08-14,FC00331,FP0026,4,8378.01,0.05,31836.44,20924.0,10912.44,Delivered,Card,Marketplace
FO000329,2026-01-19,,FC00698,FP0097,5,408.56,0.1,1838.52,1539.9,298.62,Cancelled,Wallet,Marketplace
FO000330,2024-08-26,2024-08-30,FC00523,FP0024,2,723.69,0,1447.38,810.28,637.1,Delivered,Card,Web
FO000331,2026-05-25,2026-05-26,FC00302,FP0063,3,5604.39,0,16813.17,10714.59,6098.58,Delivered,Wallet,App
FO000332,2026-08-29,2026-09-01,FC00382,FP0020,2,7904.14,0.15,13437.04,7773.68,5663.36,Delivered,COD,Web
FO000333,2025-09-12,2025-09-16,FC00569,FP0133,4,3028.5,0.1,10902.6,8346.56,2556.04,Delivered,UPI,Web
FO000334,2025-05-12,2025-05-17,FC00383,FP0123,1,8591.64,0,8591.64,5738.09,2853.55,Delivered,Card,App
FO000335,2025-12-13,2025-12-16,FC00467,FP0052,5,7579.42,0,37897.1,29512.65,8384.45,Delivered,Card,Web
FO000336,2026-01-26,2026-01-27,FC00293,FP0104,4,7540.37,0.15,25637.26,15689.72,9947.54,Delivered,Wallet,Web
FO000337,2025-03-23,2025-03-27,FC00579,FP0106,3,5985.79,0,17957.37,11580.66,6376.71,Shipped,COD,Web
FO000338,2024-03-12,2024-03-14,FC00480,FP0015,5,8865.5,0.2,35462.0,33674.2,1787.8,Delivered,Wallet,Marketplace
FO000339,2025-07-20,2025-07-23,FC00727,FP0115,2,2713.67,0,5427.34,4181.46,1245.88,Delivered,COD,Marketplace
FO000340,2026-01-24,2026-01-27,FC00600,FP0142,5,2779.44,0,13897.2,7752.4,6144.8,Shipped,COD,Web
FO000341,2026-01-05,2026-01-06,FC00478,FP0135,2,3393.68,0.05,6447.99,3416.8,3031.19,Delivered,UPI,Marketplace
FO000342,2026-06-13,2026-06-16,FC00214,FP0099,5,8753.38,0,43766.9,23168.45,20598.45,Returned,Wallet,Web
FO000343,2025-01-27,2025-01-30,FC00256,FP0122,2,1597.73,0.15,2716.14,2061.3,654.84,Delivered,UPI,App
FO000344,2024-09-22,2024-09-25,FC00331,FP0130,4,3439.37,0,13757.48,8928.92,4828.56,Delivered,Card,Marketplace
FO000345,2026-02-28,2026-03-05,FC00084,FP0145,5,7366.74,0,36833.7,23446.05,13387.65,Delivered,Wallet,App
FO000346,2025-06-03,2025-06-05,FC00038,FP0094,5,8583.13,0,42915.65,22440.5,20475.15,Delivered,Wallet,App
FO000347,2025-09-24,2025-09-25,FC00249,FP0114,5,4147.68,0,20738.4,9584.1,11154.3,Delivered,Wallet,Marketplace
FO000348,2026-07-30,2026-08-02,FC00529,FP0101,2,1034.69,0,2069.38,1520.26,549.12,Delivered,Card,Web
FO000349,2024-05-09,2024-05-10,FC00439,FP0106,4,5985.79,0.05,22746.0,15440.88,7305.12,Returned,COD,Marketplace
FO000350,2026-08-26,2026-08-29,FC00143,FP0099,2,8753.38,0.15,14880.75,9267.38,5613.37,Delivered,Wallet,Web
FO000351,2026-05-08,2026-05-09,FC00120,FP0069,3,3524.08,0,10572.24,7669.14,2903.1,Delivered,UPI,Web
FO000352,2026-08-31,,FC00233,FP0038,3,2344.11,0,7032.33,5059.98,1972.35,Cancelled,COD,App
FO000353,2024-07-01,2024-07-06,FC00346,FP0149,2,6293.48,0.05,11957.61,9461.84,2495.77,Delivered,Wallet,Web
FO000354,2026-01-21,2026-01-26,FC00608,FP0024,3,723.69,0,2171.07,1215.42,955.65,Delivered,Card,Marketplace
FO000355,2024-09-07,2024-09-10,FC00247,FP0035,5,8849.44,0,44247.2,34048.5,10198.7,Delivered,Card,Web
FO000356,2024-06-25,2024-06-26,FC00115,FP0128,4,6621.29,0.15,22512.39,20591.28,1921.11,Delivered,UPI,Web
FO000357,2024-05-13,2024-05-17,FC00501,FP0128,5,6621.29,0,33106.45,25739.1,7367.35,Delivered,UPI,Marketplace
FO000358,2025-01-31,2025-02-01,FC00294,FP0123,5,8591.64,0.15,36514.47,28690.45,7824.02,Delivered,Card,Marketplace
FO000359,2026-02-23,2026-02-25,FC00649,FP0063,1,5604.39,0.2,4483.51,3571.53,911.98,Shipped,UPI,Marketplace
FO000360,2025-08-27,2025-08-29,FC00772,FP0016,3,2502.51,0.2,6006.02,3853.32,2152.7,Delivered,UPI,Web
FO000361,2024-05-30,2024-05-31,FC00204,FP0047,3,8632.68,0.1,23308.24,11785.47,11522.77,Delivered,Wallet,Marketplace
FO000362,2026-06-01,2026-06-06,FC00643,FP0089,2,7208.67,0.2,11533.87,9857.2,1676.67,Delivered,Card,Web
FO000363,2025-10-10,2025-10-12,FC00017,FP0104,3,7540.37,0.2,18096.89,11767.29,6329.6,Delivered,Card,App
FO000364,2026-03-15,2026-03-18,FC00769,FP0076,1,2384.81,0.15,2027.09,1451.32,575.77,Delivered,COD,App
FO000365,2026-02-09,2026-02-14,FC00613,FP0143,3,8786.1,0,26358.3,19798.92,6559.38,Shipped,COD,Web
FO000366,2024-06-03,2024-06-06,FC00205,FP0148,5,2392.78,0,11963.9,5722.3,6241.6,Delivered,Wallet,Web
FO000367,2026-07-25,2026-07-30,FC00309,FP0077,5,5603.86,0.05,26618.33,13782.25,12836.08,Delivered,UPI,Web
FO000368,2026-04-15,2026-04-16,FC00356,FP0126,5,8367.43,0,41837.15,20963.1,20874.05,Delivered,Wallet,Web
FO000369,2024-08-21,2024-08-24,FC00349,FP0012,1,5731.62,0.2,4585.3,3821.21,764.09,Delivered,UPI,Marketplace
FO000370,2024-03-18,2024-03-19,FC00738,FP0015,5,8865.5,0.15,37678.38,33674.2,4004.18,Delivered,Card,Marketplace
FO000371,2025-07-12,2025-07-17,FC00648,FP0047,2,8632.68,0,17265.36,7856.98,9408.38,Delivered,Card,App
FO000372,2024-12-19,2024-12-21,FC00689,FP0038,3,2344.11,0.2,5625.86,5059.98,565.88,Delivered,UPI,App
FO000373,2026-01-09,2026-01-12,FC00442,FP0021,4,5809.66,0.1,20914.78,15652.48,5262.3,Shipped,Card,App
FO000374,2025-11-08,2025-11-10,FC00115,FP0037,3,1147.6,0,3442.8,2311.44,1131.36,Delivered,UPI,Marketplace
FO000375,2024-08-23,2024-08-24,FC00453,FP0068,4,7649.03,0,30596.12,21152.4,9443.72,Delivered,Wallet,Marketplace
FO000376,2026-03-18,2026-03-20,FC00520,FP0130,1,3439.37,0.15,2923.46,2232.23,691.23,Delivered,COD,Marketplace
FO000377,2025-04-27,2025-05-01,FC00121,FP0025,3,3658.51,0.05,10426.75,5241.51,5185.24,Delivered,COD,Web
FO000378,2026-04-17,2026-04-20,FC00034,FP0121,2,4465.29,0.1,8037.52,4165.06,3872.46,Delivered,COD,Marketplace
FO000379,2025-01-24,2025-01-25,FC00202,FP0104,5,7540.37,0.2,30161.48,19612.15,10549.33,Delivered,Card,Marketplace
FO000380,2024-09-30,2024-10-04,FC00519,FP0066,3,6676.95,0.2,16024.68,13546.89,2477.79,Delivered,Wallet,App
FO000381,2026-05-17,2026-05-21,FC00724,FP0118,2,5177.32,0.05,9836.91,5682.72,4154.19,Delivered,COD,Marketplace
FO000382,2026-04-10,2026-04-13,FC00789,FP0073,4,3772.01,0.05,14333.64,8309.44,6024.2,Delivered,COD,Web
FO000383,2025-03-04,,FC00245,FP0096,2,7777.95,0.15,13222.51,7971.3,5251.21,Cancelled,Wallet,Marketplace
FO000384,2026-04-21,2026-04-26,FC00739,FP0138,2,8119.99,0,16239.98,10004.68,6235.3,Delivered,Wallet,Marketplace
FO000385,2024-10-26,2024-10-31,FC00179,FP0141,5,8678.41,0.15,36883.24,24797.9,12085.34,Delivered,UPI,App
FO000386,2024-07-11,2024-07-13,FC00767,FP0075,3,1589.63,0.05,4530.45,2181.63,2348.82,Delivered,Wallet,Web
FO000387,2024-03-24,2024-03-26,FC00603,FP0078,3,2259.44,0,6778.32,4190.79,2587.53,Shipped,Card,Web
FO000388,2024-03-19,2024-03-24,FC00606,FP0143,4,8786.1,0.1,31629.96,26398.56,5231.4,Delivered,UPI,Web
FO000389,2026-04-16,2026-04-17,FC00179,FP0106,4,5985.79,0,23943.16,15440.88,8502.28,Delivered,Card,Marketplace
FO000390,2024-02-12,2024-02-13,FC00659,FP0099,1,8753.38,0.15,7440.37,4633.69,2806.68,Delivered,COD,Web
FO000391,2024-02-14,2024-02-16,FC00524,FP0097,1,408.56,0.15,347.28,307.98,39.3,Delivered,UPI,App
FO000392,2024-07-19,2024-07-21,FC00307,FP0144,3,1851.64,0.05,5277.17,3793.8,1483.37,Delivered,Wallet,Web
FO000393,2024-03-22,2024-03-25,FC00145,FP0079,1,8401.85,0.1,7561.67,5544.42,2017.25,Delivered,COD,Marketplace
FO000394,2025-01-28,2025-02-02,FC00500,FP0002,4,6892.88,0.1,24814.37,17886.84,6927.53,Shipped,COD,App
FO000395,2024-02-15,,FC00777,FP0093,3,717.83,0,2153.49,1132.53,1020.96,Cancelled,COD,Marketplace
FO000396,2025-09-04,2025-09-05,FC00600,FP0139,5,2943.02,0.05,13979.34,10116.75,3862.59,Delivered,UPI,App
FO000397,2024-04-20,2024-04-23,FC00202,FP0021,2,5809.66,0.15,9876.42,7826.24,2050.18,Delivered,COD,App
FO000398,2026-01-04,2026-01-09,FC00548,FP0047,4,8632.68,0.1,31077.65,15713.96,15363.69,Delivered,Card,Marketplace
FO000399,2026-02-21,2026-02-25,FC00138,FP0055,5,5232.43,0.05,24854.04,18401.8,6452.24,Delivered,Card,App
FO000400,2026-02-18,2026-02-22,FC00793,FP0100,1,2392.72,0.1,2153.45,1202.14,951.31,Delivered,Card,App
FO000401,2026-05-09,2026-05-10,FC00461,FP0115,1,2713.67,0,2713.67,2090.73,622.94,Shipped,Card,Web
FO000402,2024-04-10,2024-04-11,FC00176,FP0104,1,7540.37,0.2,6032.3,3922.43,2109.87,Shipped,Wallet,Marketplace
FO000403,2024-07-09,2024-07-10,FC00326,FP0076,4,2384.81,0,9539.24,5805.28,3733.96,Shipped,COD,App
FO000404,2025-09-14,2025-09-15,FC00461,FP0105,2,7024.21,0.1,12643.58,10315.58,2328.0,Shipped,Wallet,App
FO000405,2024-05-15,2024-05-19,FC00288,FP0059,1,6932.62,0.2,5546.1,3820.27,1725.83,Delivered,Wallet,Web
FO000406,2025-04-11,2025-04-15,FC00136,FP0015,1,8865.5,0,8865.5,6734.84,2130.66,Delivered,UPI,Marketplace
FO000407,2026-01-29,2026-01-31,FC00709,FP0047,5,8632.68,0.2,34530.72,19642.45,14888.27,Delivered,COD,App
FO000408,2026-02-16,2026-02-20,FC00049,FP0104,4,7540.37,0.1,27145.33,15689.72,11455.61,Delivered,Card,App
FO000409,2025-07-01,2025-07-06,FC00089,FP0024,2,723.69,0.2,1157.9,810.28,347.62,Delivered,Card,Marketplace
FO000410,2026-01-04,,FC00552,FP0075,4,1589.63,0.1,5722.67,2908.84,2813.83,Cancelled,Wallet,Marketplace
FO000411,2024-04-06,2024-04-08,FC00463,FP0071,2,1700.58,0.15,2890.99,2544.48,346.51,Delivered,UPI,Marketplace
FO000412,2024-05-12,2024-05-17,FC00428,FP0147,2,6012.15,0,12024.3,8562.52,3461.78,Delivered,Wallet,Web
FO000413,2026-04-02,2026-04-03,FC00689,FP0094,5,8583.13,0.1,38624.08,22440.5,16183.58,Delivered,COD,App
FO000414,2025-09-12,2025-09-17,FC00518,FP0016,3,2502.51,0.15,6381.4,3853.32,2528.08,Delivered,COD,App
FO000415,2024-06-06,,FC00217,FP0064,3,6408.04,0.2,15379.3,13115.7,2263.6,Cancelled,Wallet,Marketplace
FO000416,2025-10-30,2025-10-31,FC00157,FP0039,4,2919.84,0.15,9927.46,5493.72,4433.74,Delivered,COD,Web
FO000417,2024-05-27,2024-06-01,FC00136,FP0090,5,7705.8,0.1,34676.1,20783.1,13893.0,Delivered,UPI,Web
FO000418,2024-11-24,2024-11-29,FC00236,FP0033,5,2599.62,0,12998.1,7317.3,5680.8,Delivered,Wallet,App
FO000419,2025-10-09,,FC00727,FP0072,1,8536.96,0.15,7256.42,4854.29,2402.13,Cancelled,Card,Marketplace
FO000420,2026-03-06,2026-03-09,FC00738,FP0125,3,3663.38,0,10990.14,8108.52,2881.62,Delivered,COD,Web
FO000421,2026-04-17,2026-04-21,FC00436,FP0065,3,6416.13,0.15,16361.13,9070.05,7291.08,Delivered,Card,App
FO000422,2025-06-18,2025-06-20,FC00424,FP0035,4,8849.44,0,35397.76,27238.8,8158.96,Delivered,Wallet,App
FO000423,2024-06-07,2024-06-11,FC00670,FP0084,4,5736.42,0.05,21798.4,15129.08,6669.32,Delivered,COD,App
FO000424,2024-08-22,2024-08-27,FC00540,FP0089,2,7208.67,0,14417.34,9857.2,4560.14,Delivered,UPI,Marketplace
FO000425,2025-05-25,2025-05-26,FC00380,FP0096,3,7777.95,0.15,19833.77,11956.95,7876.82,Delivered,COD,Marketplace
FO000426,2025-12-04,2025-12-08,FC00755,FP0038,2,2344.11,0,4688.22,3373.32,1314.9,Delivered,UPI,Web
FO000427,2026-07-08,2026-07-09,FC00125,FP0123,2,8591.64,0.1,15464.95,11476.18,3988.77,Delivered,COD,Marketplace
FO000428,2024-05-24,2024-05-29,FC00297,FP0101,2,1034.69,0.2,1655.5,1520.26,135.24,Delivered,COD,Marketplace
FO000429,2025-10-03,2025-10-05,FC00375,FP0047,5,8632.68,0.15,36688.89,19642.45,17046.44,Delivered,UPI,Marketplace
FO000430,2026-02-27,2026-03-02,FC00694,FP0103,4,4863.91,0.2,15564.51,10090.12,5474.39,Delivered,UPI,Web
FO000431,2026-03-28,2026-03-29,FC00644,FP0122,5,1597.73,0.05,7589.22,5153.25,2435.97,Delivered,Card,App
FO000432,2024-09-04,2024-09-08,FC00390,FP0102,5,7850.95,0.1,35329.28,28055.6,7273.68,Delivered,UPI,Marketplace
FO000433,2025-04-02,2025-04-06,FC00309,FP0136,4,2234.55,0,8938.2,6823.76,2114.44,Delivered,Card,Marketplace
FO000434,2025-01-31,2025-02-01,FC00540,FP0136,4,2234.55,0.1,8044.38,6823.76,1220.62,Delivered,UPI,App
FO000435,2024-04-06,2024-04-07,FC00220,FP0104,1,7540.37,0.1,6786.33,3922.43,2863.9,Delivered,Card,Web
FO000436,2024-12-13,2024-12-15,FC00365,FP0019,3,3439.44,0,10318.32,6526.5,3791.82,Delivered,UPI,App
FO000437,2025-05-20,2025-05-25,FC00561,FP0059,1,6932.62,0.05,6585.99,3820.27,2765.72,Delivered,Wallet,Web
FO000438,2024-06-21,2024-06-24,FC00581,FP0009,2,5129.07,0.1,9232.33,5224.06,4008.27,Delivered,Card,Marketplace
FO000439,2025-04-18,2025-04-23,FC00174,FP0063,3,5604.39,0.05,15972.51,10714.59,5257.92,Delivered,COD,App
FO000440,2026-07-29,2026-08-02,FC00535,FP0102,5,7850.95,0.05,37292.01,28055.6,9236.41,Shipped,Wallet,Marketplace
FO000441,2024-11-29,2024-11-30,FC00001,FP0031,5,938.39,0,4691.95,3523.55,1168.4,Delivered,UPI,Marketplace
FO000442,2025-11-07,2025-11-11,FC00465,FP0052,3,7579.42,0,22738.26,17707.59,5030.67,Delivered,COD,Marketplace
FO000443,2025-06-27,2025-07-01,FC00389,FP0055,1,5232.43,0,5232.43,3680.36,1552.07,Delivered,COD,Marketplace
FO000444,2026-07-30,2026-08-01,FC00268,FP0062,2,6579.03,0.05,12500.16,5951.44,6548.72,Delivered,Card,Web
FO000445,2024-10-20,2024-10-23,FC00363,FP0140,5,2871.91,0.15,12205.62,8317.3,3888.32,Delivered,Card,Marketplace
FO000446,2026-04-02,,FC00639,FP0031,4,938.39,0,3753.56,2818.84,934.72,Cancelled,COD,Web
FO000447,2024-08-29,2024-09-03,FC00196,FP0113,4,6018.81,0.15,20463.95,16721.72,3742.23,Delivered,Card,Web
FO000448,2024-06-26,2024-06-30,FC00207,FP0113,2,6018.81,0.1,10833.86,8360.86,2473.0,Delivered,Wallet,App
FO000449,2024-06-14,2024-06-18,FC00747,FP0046,4,4437.46,0,17749.84,10355.8,7394.04,Delivered,UPI,App
FO000450,2026-02-23,2026-02-25,FC00680,FP0007,1,8720.63,0.15,7412.54,5862.18,1550.36,Delivered,UPI,Web
FO000451,2026-01-14,2026-01-15,FC00580,FP0105,1,7024.21,0.2,5619.37,5157.79,461.58,Delivered,Wallet,Marketplace
FO000452,2024-07-13,2024-07-17,FC00737,FP0121,1,4465.29,0.15,3795.5,2082.53,1712.97,Delivered,UPI,Web
FO000453,2026-02-26,2026-02-28,FC00663,FP0011,1,4973.23,0.15,4227.25,3791.52,435.73,Delivered,UPI,Web
FO000454,2024-06-15,2024-06-17,FC00328,FP0115,2,2713.67,0,5427.34,4181.46,1245.88,Delivered,UPI,Marketplace
FO000455,2024-10-07,2024-10-12,FC00024,FP0101,5,1034.69,0.2,4138.76,3800.65,338.11,Delivered,Card,Web
FO000456,2024-02-22,2024-02-27,FC00525,FP0084,3,5736.42,0.05,16348.8,11346.81,5001.99,Delivered,COD,App
FO000457,2026-04-01,2026-04-06,FC00187,FP0027,3,2801.39,0.1,7563.75,6495.03,1068.72,Delivered,Wallet,Web
FO000458,2026-07-28,2026-08-01,FC00677,FP0010,5,4028.79,0,20143.95,13966.85,6177.1,Shipped,Card,Marketplace
FO000459,2024-09-15,2024-09-17,FC00785,FP0079,3,8401.85,0.05,23945.27,16633.26,7312.01,Delivered,Wallet,Marketplace
FO000460,2025-05-07,2025-05-08,FC00121,FP0067,3,1512.27,0,4536.81,3026.07,1510.74,Delivered,COD,Web
FO000461,2024-06-04,2024-06-06,FC00718,FP0042,1,1367.6,0,1367.6,903.16,464.44,Delivered,COD,Marketplace
FO000462,2024-01-03,2024-01-05,FC00643,FP0104,1,7540.37,0,7540.37,3922.43,3617.94,Delivered,Wallet,App
FO000463,2025-11-20,2025-11-22,FC00092,FP0009,4,5129.07,0,20516.28,10448.12,10068.16,Delivered,Card,Marketplace
FO000464,2025-04-15,2025-04-20,FC00041,FP0139,2,2943.02,0.2,4708.83,4046.7,662.13,Shipped,COD,Marketplace
FO000465,2025-08-10,2025-08-12,FC00722,FP0045,4,3811.34,0.2,12196.29,8843.0,3353.29,Delivered,Wallet,Web
FO000466,2024-10-16,2024-10-17,FC00483,FP0104,2,7540.37,0.1,13572.67,7844.86,5727.81,Shipped,Wallet,App
FO000467,2026-04-13,,FC00627,FP0144,1,1851.64,0.2,1481.31,1264.6,216.71,Cancelled,UPI,App
FO000468,2024-07-09,2024-07-14,FC00711,FP0071,3,1700.58,0.15,4336.48,3816.72,519.76,Delivered,COD,Marketplace
FO000469,2026-03-25,2026-03-29,FC00347,FP0012,5,5731.62,0.1,25792.29,19106.05,6686.24,Delivered,Wallet,App
FO000470,2026-04-30,2026-05-02,FC00179,FP0146,2,8900.1,0,17800.2,11265.46,6534.74,Shipped,Card,Marketplace
FO000471,2026-04-04,2026-04-07,FC00579,FP0052,3,7579.42,0.1,20464.43,17707.59,2756.84,Delivered,Wallet,Web
FO000472,2026-08-03,2026-08-06,FC00443,FP0008,5,573.37,0,2866.85,2213.45,653.4,Delivered,Card,Web
FO000473,2024-01-15,2024-01-19,FC00633,FP0036,2,7738.34,0.1,13929.01,10400.48,3528.53,Delivered,Wallet,App
FO000474,2024-01-08,2024-01-10,FC00030,FP0137,4,5774.99,0.1,20789.96,14226.52,6563.44,Delivered,Wallet,App
FO000475,2025-09-11,2025-09-15,FC00395,FP0120,3,1814.22,0,5442.66,2555.19,2887.47,Delivered,COD,Marketplace
FO000476,2026-08-29,2026-09-03,FC00052,FP0133,3,3028.5,0.05,8631.23,6259.92,2371.31,Delivered,UPI,Web
FO000477,2026-03-26,2026-03-27,FC00314,FP0009,3,5129.07,0,15387.21,7836.09,7551.12,Delivered,Card,Marketplace
FO000478,2026-03-02,2026-03-03,FC00305,FP0069,3,3524.08,0.05,10043.63,7669.14,2374.49,Delivered,COD,App
FO000479,2025-01-16,2025-01-19,FC00488,FP0067,1,1512.27,0.1,1361.04,1008.69,352.35,Delivered,Wallet,Marketplace
FO000480,2025-11-10,2025-11-15,FC00338,FP0018,1,4845.28,0.15,4118.49,3048.47,1070.02,Returned,Card,Marketplace
FO000481,2026-02-21,2026-02-23,FC00126,FP0128,5,6621.29,0.1,29795.8,25739.1,4056.7,Delivered,Card,Marketplace
FO000482,2024-12-25,2024-12-27,FC00636,FP0075,4,1589.63,0,6358.52,2908.84,3449.68,Delivered,Wallet,App
FO000483,2025-11-05,2025-11-08,FC00237,FP0092,5,1308.85,0.2,5235.4,4207.45,1027.95,Delivered,Wallet,App
FO000484,2024-03-05,2024-03-10,FC00260,FP0001,1,210.57,0,210.57,109.8,100.77,Delivered,Wallet,App
FO000485,2024-07-08,2024-07-09,FC00731,FP0140,3,2871.91,0,8615.73,4990.38,3625.35,Delivered,UPI,App
FO000486,2026-08-06,2026-08-09,FC00289,FP0047,4,8632.68,0.05,32804.18,15713.96,17090.22,Delivered,Wallet,App
FO000487,2025-06-09,2025-06-14,FC00750,FP0063,1,5604.39,0,5604.39,3571.53,2032.86,Delivered,Wallet,Web
FO000488,2025-07-17,2025-07-20,FC00004,FP0135,5,3393.68,0,16968.4,8542.0,8426.4,Delivered,UPI,Marketplace
FO000489,2024-11-13,2024-11-18,FC00213,FP0143,2,8786.1,0.1,15814.98,13199.28,2615.7,Delivered,COD,Marketplace
FO000490,2024-12-27,2024-12-29,FC00136,FP0087,2,4087.92,0.1,7358.26,4292.96,3065.3,Delivered,Card,App
FO000491,2024-01-08,2024-01-09,FC00174,FP0009,4,5129.07,0.15,17438.84,10448.12,6990.72,Delivered,UPI,App
FO000492,2024-03-27,2024-04-01,FC00645,FP0137,5,5774.99,0.1,25987.45,17783.15,8204.3,Delivered,UPI,App
FO000493,2025-01-13,2025-01-15,FC00136,FP0084,3,5736.42,0.1,15488.33,11346.81,4141.52,Delivered,Wallet,App
FO000494,2026-04-17,2026-04-20,FC00311,FP0075,5,1589.63,0.05,7550.74,3636.05,3914.69,Delivered,Card,Marketplace
FO000495,2025-10-20,2025-10-25,FC00515,FP0045,4,3811.34,0.1,13720.82,8843.0,4877.82,Returned,Wallet,Web
FO000496,2025-07-08,2025-07-13,FC00685,FP0105,4,7024.21,0,28096.84,20631.16,7465.68,Delivered,UPI,Web
FO000497,2026-07-29,,FC00057,FP0077,5,5603.86,0.2,22415.44,13782.25,8633.19,Cancelled,UPI,Marketplace
FO000498,2025-02-28,2025-03-02,FC00263,FP0034,3,4479.24,0.2,10750.18,6560.49,4189.69,Delivered,Wallet,Web
FO000499,2024-10-30,2024-11-01,FC00062,FP0146,5,8900.1,0,44500.5,28163.65,16336.85,Delivered,Card,Marketplace
FO000500,2024-08-29,2024-09-03,FC00113,FP0055,2,5232.43,0.2,8371.89,7360.72,1011.17,Delivered,Wallet,Web
FO000501,2026-01-10,2026-01-12,FC00167,FP0088,4,3685.01,0.2,11792.03,9077.96,2714.07,Shipped,UPI,Web
FO000502,2025-03-05,2025-03-08,FC00746,FP0149,5,6293.48,0.1,28320.66,23654.6,4666.06,Delivered,Wallet,App
FO000503,2025-06-29,2025-06-30,FC00762,FP0037,3,1147.6,0.1,3098.52,2311.44,787.08,Delivered,UPI,Web
FO000504,2024-03-29,2024-04-03,FC00638,FP0001,1,210.57,0,210.57,109.8,100.77,Delivered,Wallet,App
FO000505,2024-04-12,2024-04-17,FC00783,FP0025,3,3658.51,0,10975.53,5241.51,5734.02,Delivered,Card,Web
FO000506,2025-04-19,2025-04-20,FC00278,FP0094,5,8583.13,0.1,38624.08,22440.5,16183.58,Delivered,Wallet,Web
FO000507,2024-01-12,2024-01-15,FC00258,FP0093,4,717.83,0.15,2440.62,1510.04,930.58,Delivered,Card,App
FO000508,2026-08-29,2026-09-03,FC00012,FP0033,2,2599.62,0.1,4679.32,2926.92,1752.4,Delivered,COD,App
FO000509,2024-03-12,2024-03-15,FC00489,FP0068,2,7649.03,0.05,14533.16,10576.2,3956.96,Delivered,UPI,Marketplace
FO000510,2025-02-06,2025-02-11,FC00522,FP0039,4,2919.84,0.2,9343.49,5493.72,3849.77,Delivered,Wallet,Web
FO000511,2024-03-12,2024-03-17,FC00475,FP0116,5,7401.76,0,37008.8,25044.75,11964.05,Shipped,COD,Web
FO000512,2025-03-29,2025-04-03,FC00322,FP0133,5,3028.5,0,15142.5,10433.2,4709.3,Delivered,COD,App
FO000513,2026-03-25,2026-03-27,FC00327,FP0038,5,2344.11,0.1,10548.5,8433.3,2115.2,Delivered,UPI,Web
FO000514,2024-08-22,2024-08-24,FC00190,FP0033,1,2599.62,0.2,2079.7,1463.46,616.24,Shipped,Card,App
FO000515,2024-01-12,2024-01-15,FC00549,FP0114,4,4147.68,0,16590.72,7667.28,8923.44,Delivered,UPI,Marketplace
FO000516,2025-08-29,2025-09-03,FC00689,FP0024,3,723.69,0.15,1845.41,1215.42,629.99,Shipped,COD,App
FO000517,2025-07-06,,FC00067,FP0055,3,5232.43,0.2,12557.83,11041.08,1516.75,Cancelled,Card,Web
FO000518,2026-03-18,,FC00085,FP0125,2,3663.38,0,7326.76,5405.68,1921.08,Cancelled,Wallet,Marketplace
FO000519,2025-10-15,2025-10-19,FC00584,FP0007,5,8720.63,0.15,37062.68,29310.9,7751.78,Delivered,Card,Marketplace
FO000520,2024-02-18,2024-02-22,FC00721,FP0143,2,8786.1,0,17572.2,13199.28,4372.92,Delivered,COD,Marketplace
FO000521,2024-02-15,2024-02-19,FC00537,FP0061,2,3489.93,0.05,6630.87,3864.54,2766.33,Delivered,Card,Marketplace
FO000522,2024-12-21,2024-12-23,FC00318,FP0118,1,5177.32,0.15,4400.72,2841.36,1559.36,Delivered,COD,Marketplace
FO000523,2024-08-09,2024-08-13,FC00343,FP0098,5,8268.49,0.15,35141.08,27477.5,7663.58,Delivered,UPI,App
FO000524,2025-09-11,2025-09-16,FC00497,FP0143,3,8786.1,0.2,21086.64,19798.92,1287.72,Delivered,COD,Web
FO000525,2024-10-02,,FC00600,FP0048,3,5765.37,0.15,14701.69,11788.77,2912.92,Cancelled,UPI,Marketplace
FO000526,2026-04-01,2026-04-06,FC00023,FP0060,3,1889.38,0,5668.14,2682.66,2985.48,Delivered,Card,Web
FO000527,2026-06-25,2026-06-28,FC00401,FP0096,3,7777.95,0.15,19833.77,11956.95,7876.82,Delivered,Card,Web
FO000528,2024-03-30,2024-04-04,FC00285,FP0002,1,6892.88,0,6892.88,4471.71,2421.17,Delivered,Card,Web
FO000529,2025-06-23,2025-06-27,FC00641,FP0043,5,2276.32,0,11381.6,7026.35,4355.25,Delivered,COD,Marketplace
FO000530,2024-05-30,2024-06-01,FC00241,FP0062,1,6579.03,0.1,5921.13,2975.72,2945.41,Shipped,Wallet,Marketplace
FO000531,2024-10-25,2024-10-29,FC00206,FP0046,4,4437.46,0.15,15087.36,10355.8,4731.56,Delivered,UPI,Marketplace
FO000532,2025-07-25,2025-07-29,FC00572,FP0014,1,2335.19,0,2335.19,1106.91,1228.28,Shipped,Card,App
FO000533,2025-04-02,2025-04-07,FC00300,FP0149,4,6293.48,0.2,20139.14,18923.68,1215.46,Delivered,Wallet,Marketplace
FO000534,2024-03-09,2024-03-12,FC00545,FP0044,4,1760.04,0,7040.16,3331.64,3708.52,Delivered,UPI,Marketplace
FO000535,2025-09-16,2025-09-18,FC00006,FP0117,5,3955.57,0.15,16811.17,12709.1,4102.07,Delivered,Wallet,Web
FO000536,2025-11-12,2025-11-13,FC00172,FP0077,4,5603.86,0,22415.44,11025.8,11389.64,Delivered,UPI,Web
FO000537,2026-08-18,2026-08-22,FC00682,FP0133,3,3028.5,0.05,8631.23,6259.92,2371.31,Delivered,Wallet,Marketplace
FO000538,2026-06-22,2026-06-25,FC00687,FP0136,1,2234.55,0.2,1787.64,1705.94,81.7,Delivered,UPI,Marketplace
FO000539,2024-11-09,2024-11-12,FC00799,FP0065,4,6416.13,0.1,23098.07,12093.4,11004.67,Delivered,Wallet,App
FO000540,2024-02-02,2024-02-06,FC00464,FP0013,3,5090.72,0.1,13744.94,8133.81,5611.13,Delivered,Wallet,Marketplace
FO000541,2025-01-18,2025-01-21,FC00770,FP0066,4,6676.95,0,26707.8,18062.52,8645.28,Shipped,Wallet,Web
FO000542,2026-04-21,2026-04-23,FC00411,FP0117,2,3955.57,0,7911.14,5083.64,2827.5,Delivered,UPI,App
FO000543,2026-01-03,2026-01-07,FC00209,FP0075,3,1589.63,0.05,4530.45,2181.63,2348.82,Delivered,UPI,App
FO000544,2026-05-05,2026-05-06,FC00693,FP0119,4,8688.16,0,34752.64,23379.88,11372.76,Delivered,Wallet,App
FO000545,2024-11-04,,FC00484,FP0072,1,8536.96,0.05,8110.11,4854.29,3255.82,Cancelled,Wallet,Marketplace
FO000546,2026-06-03,2026-06-04,FC00641,FP0085,2,4839.7,0,9679.4,4968.28,4711.12,Delivered,UPI,App
FO000547,2026-07-03,2026-07-05,FC00220,FP0124,5,4028.63,0,20143.15,12513.65,7629.5,Delivered,Wallet,Web
FO000548,2026-05-29,2026-06-02,FC00483,FP0086,1,3161.12,0,3161.12,1741.26,1419.86,Delivered,Card,App
FO000549,2025-03-24,2025-03-26,FC00214,FP0094,4,8583.13,0.2,27466.02,17952.4,9513.62,Delivered,UPI,Marketplace
FO000550,2024-08-27,2024-09-01,FC00331,FP0093,1,717.83,0,717.83,377.51,340.32,Delivered,COD,Marketplace
FO000551,2025-07-03,2025-07-06,FC00772,FP0146,1,8900.1,0.15,7565.09,5632.73,1932.36,Delivered,COD,Marketplace
FO000552,2025-03-01,2025-03-05,FC00347,FP0056,2,2313.97,0,4627.94,3530.32,1097.62,Returned,Wallet,App
FO000553,2025-08-19,2025-08-22,FC00626,FP0063,5,5604.39,0.05,26620.85,17857.65,8763.2,Shipped,Card,Web
FO000554,2025-01-17,2025-01-22,FC00753,FP0094,4,8583.13,0.15,29182.64,17952.4,11230.24,Delivered,UPI,App
FO000555,2025-05-26,2025-05-28,FC00684,FP0146,4,8900.1,0.2,28480.32,22530.92,5949.4,Returned,Card,App
FO000556,2025-07-29,2025-07-31,FC00425,FP0071,5,1700.58,0,8502.9,6361.2,2141.7,Delivered,UPI,Marketplace
FO000557,2025-03-28,2025-04-01,FC00514,FP0030,5,7057.58,0,35287.9,24082.1,11205.8,Shipped,UPI,App
FO000558,2026-08-02,2026-08-05,FC00197,FP0053,4,439.66,0.05,1670.71,926.28,744.43,Delivered,COD,Marketplace
FO000559,2026-05-01,2026-05-05,FC00712,FP0042,4,1367.6,0.05,5196.88,3612.64,1584.24,Delivered,UPI,App
FO000560,2024-02-04,2024-02-05,FC00140,FP0150,3,1525.45,0,4576.35,2949.09,1627.26,Returned,COD,Web
FO000561,2024-06-13,2024-06-15,FC00403,FP0087,4,4087.92,0.2,13081.34,8585.92,4495.42,Delivered,UPI,App
FO000562,2025-11-01,2025-11-06,FC00065,FP0066,2,6676.95,0,13353.9,9031.26,4322.64,Delivered,Card,Web
FO000563,2026-08-23,,FC00408,FP0103,2,4863.91,0.05,9241.43,5045.06,4196.37,Cancelled,COD,App
FO000564,2024-01-30,2024-02-04,FC00088,FP0110,4,504.22,0.15,1714.35,1539.2,175.15,Delivered,UPI,App
FO000565,2024-05-31,2024-06-04,FC00420,FP0150,5,1525.45,0.1,6864.53,4915.15,1949.38,Delivered,Wallet,Web
FO000566,2024-11-17,2024-11-22,FC00706,FP0041,2,4109.96,0,8219.92,3859.94,4359.98,Delivered,Wallet,Marketplace
FO000567,2025-02-26,2025-03-01,FC00699,FP0108,4,6123.84,0,24495.36,17802.08,6693.28,Delivered,Card,Marketplace
FO000568,2024-07-30,2024-08-02,FC00286,FP0050,5,3182.54,0,15912.7,11831.2,4081.5,Delivered,Wallet,App
FO000569,2026-05-29,2026-06-03,FC00450,FP0144,1,1851.64,0.1,1666.48,1264.6,401.88,Delivered,Card,Marketplace
FO000570,2025-07-11,2025-07-16,FC00007,FP0102,3,7850.95,0.2,18842.28,16833.36,2008.92,Delivered,UPI,Marketplace
FO000571,2024-06-28,2024-07-02,FC00227,FP0058,1,7791.14,0.2,6232.91,4809.46,1423.45,Delivered,Card,App
FO000572,2026-02-03,2026-02-07,FC00260,FP0041,2,4109.96,0,8219.92,3859.94,4359.98,Delivered,COD,Marketplace
FO000573,2024-07-18,2024-07-23,FC00069,FP0033,2,2599.62,0,5199.24,2926.92,2272.32,Delivered,Wallet,Web
FO000574,2025-03-05,2025-03-08,FC00122,FP0045,1,3811.34,0.15,3239.64,2210.75,1028.89,Delivered,Wallet,Marketplace
FO000575,2024-02-05,2024-02-09,FC00607,FP0003,4,7444.42,0.1,26799.91,15399.12,11400.79,Delivered,COD,Web
FO000576,2025-11-05,2025-11-08,FC00574,FP0027,2,2801.39,0.2,4482.22,4330.02,152.2,Delivered,Card,App
FO000577,2025-12-03,2025-12-07,FC00726,FP0138,4,8119.99,0.2,25983.97,20009.36,5974.61,Delivered,UPI,Web
FO000578,2024-03-11,2024-03-12,FC00055,FP0053,3,439.66,0,1318.98,694.71,624.27,Delivered,Wallet,Marketplace
FO000579,2024-06-12,2024-06-14,FC00452,FP0001,1,210.57,0.2,168.46,109.8,58.66,Delivered,Card,App
FO000580,2025-05-22,2025-05-27,FC00557,FP0066,1,6676.95,0.15,5675.41,4515.63,1159.78,Shipped,Card,App
FO000581,2026-03-19,,FC00413,FP0133,3,3028.5,0.05,8631.23,6259.92,2371.31,Cancelled,COD,Web
FO000582,2026-07-30,2026-07-31,FC00605,FP0137,3,5774.99,0,17324.97,10669.89,6655.08,Delivered,COD,App
FO000583,2024-08-12,2024-08-13,FC00668,FP0143,4,8786.1,0.1,31629.96,26398.56,5231.4,Delivered,COD,App
FO000584,2026-04-29,2026-05-03,FC00684,FP0136,1,2234.55,0.2,1787.64,1705.94,81.7,Delivered,Card,Marketplace
FO000585,2024-08-27,2024-08-28,FC00727,FP0034,2,4479.24,0.2,7166.78,4373.66,2793.12,Delivered,COD,Marketplace
FO000586,2025-04-16,2025-04-17,FC00099,FP0139,2,2943.02,0,5886.04,4046.7,1839.34,Delivered,UPI,Marketplace
FO000587,2025-02-21,2025-02-25,FC00557,FP0093,2,717.83,0.05,1363.88,755.02,608.86,Delivered,COD,App
FO000588,2024-06-08,2024-06-12,FC00261,FP0147,1,6012.15,0.05,5711.54,4281.26,1430.28,Delivered,Card,Web
FO000589,2026-07-09,2026-07-11,FC00522,FP0104,2,7540.37,0.1,13572.67,7844.86,5727.81,Delivered,COD,Marketplace
FO000590,2024-04-23,,FC00622,FP0022,1,5006.4,0.15,4255.44,3573.9,681.54,Cancelled,COD,Web
FO000591,2025-05-29,2025-05-30,FC00344,FP0081,1,6700.25,0.2,5360.2,3169.28,2190.92,Delivered,Wallet,Web
FO000592,2025-06-05,2025-06-10,FC00651,FP0056,5,2313.97,0.15,9834.37,8825.8,1008.57,Delivered,UPI,Web
FO000593,2026-05-03,2026-05-06,FC00424,FP0147,3,6012.15,0.2,14429.16,12843.78,1585.38,Delivered,Card,Web
FO000594,2024-04-12,2024-04-16,FC00559,FP0121,2,4465.29,0.1,8037.52,4165.06,3872.46,Delivered,COD,App
FO000595,2025-11-14,2025-11-15,FC00537,FP0044,3,1760.04,0,5280.12,2498.73,2781.39,Delivered,UPI,App
FO000596,2025-01-25,2025-01-30,FC00146,FP0026,5,8378.01,0.2,33512.04,26155.0,7357.04,Delivered,Wallet,App
FO000597,2024-03-23,,FC00308,FP0113,3,6018.81,0,18056.43,12541.29,5515.14,Cancelled,COD,App
FO000598,2024-12-31,2025-01-04,FC00309,FP0024,3,723.69,0.2,1736.86,1215.42,521.44,Delivered,Card,Web
FO000599,2025-07-15,2025-07-16,FC00319,FP0112,4,7352.99,0,29411.96,17539.52,11872.44,Delivered,UPI,Web
FO000600,2026-01-31,2026-02-03,FC00691,FP0014,1,2335.19,0.2,1868.15,1106.91,761.24,Shipped,UPI,Web
FO000601,2024-11-15,2024-11-18,FC00096,FP0005,2,936.51,0.15,1592.07,851.2,740.87,Shipped,UPI,App
FO000602,2026-01-22,2026-01-27,FC00309,FP0131,2,5348.1,0.1,9626.58,7150.1,2476.48,Returned,Wallet,Marketplace
FO000603,2024-04-20,2024-04-22,FC00215,FP0054,1,3389.15,0.1,3050.24,1927.83,1122.41,Delivered,Wallet,Marketplace
FO000604,2025-04-17,2025-04-20,FC00485,FP0054,1,3389.15,0,3389.15,1927.83,1461.32,Delivered,UPI,App
FO000605,2024-11-06,2024-11-10,FC00219,FP0076,2,2384.81,0.05,4531.14,2902.64,1628.5,Delivered,COD,Marketplace
FO000606,2024-06-12,2024-06-13,FC00475,FP0143,2,8786.1,0,17572.2,13199.28,4372.92,Delivered,COD,Marketplace
FO000607,2024-07-29,2024-08-03,FC00469,FP0011,4,4973.23,0.15,16908.98,15166.08,1742.9,Delivered,UPI,App
FO000608,2026-07-12,2026-07-15,FC00044,FP0093,5,717.83,0.05,3409.69,1887.55,1522.14,Delivered,UPI,Marketplace
FO000609,2024-05-09,2024-05-13,FC00420,FP0144,1,1851.64,0.15,1573.89,1264.6,309.29,Delivered,COD,App
FO000610,2025-03-21,2025-03-26,FC00484,FP0133,5,3028.5,0.1,13628.25,10433.2,3195.05,Delivered,UPI,App
FO000611,2024-03-19,2024-03-20,FC00359,FP0052,1,7579.42,0.1,6821.48,5902.53,918.95,Returned,UPI,Marketplace
FO000612,2024-02-12,2024-02-15,FC00263,FP0102,2,7850.95,0.1,14131.71,11222.24,2909.47,Delivered,Card,App
FO000613,2024-04-23,2024-04-25,FC00144,FP0121,4,4465.29,0.2,14288.93,8330.12,5958.81,Delivered,Wallet,Web
FO000614,2026-05-01,2026-05-05,FC00086,FP0019,3,3439.44,0.05,9802.4,6526.5,3275.9,Delivered,UPI,Web
FO000615,2024-04-22,2024-04-27,FC00794,FP0097,1,408.56,0.2,326.85,307.98,18.87,Delivered,Wallet,Marketplace
FO000616,2024-11-28,2024-11-30,FC00297,FP0116,4,7401.76,0.15,25165.98,20035.8,5130.18,Delivered,Wallet,App
FO000617,2024-11-06,2024-11-10,FC00568,FP0041,3,4109.96,0.05,11713.39,5789.91,5923.48,Delivered,COD,App
FO000618,2025-07-31,2025-08-03,FC00362,FP0138,2,8119.99,0.15,13803.98,10004.68,3799.3,Delivered,UPI,Web
FO000619,2025-03-18,2025-03-23,FC00423,FP0080,5,5963.59,0.05,28327.05,16030.95,12296.1,Delivered,Card,App
FO000620,2024-11-22,2024-11-24,FC00742,FP0129,1,8281.13,0.15,7038.96,5277.5,1761.46,Delivered,Wallet,Web
FO000621,2025-01-24,2025-01-27,FC00393,FP0117,5,3955.57,0,19777.85,12709.1,7068.75,Delivered,Card,Marketplace
FO000622,2026-05-04,2026-05-09,FC00264,FP0125,3,3663.38,0,10990.14,8108.52,2881.62,Delivered,Wallet,Marketplace
FO000623,2024-12-29,2025-01-03,FC00440,FP0008,5,573.37,0,2866.85,2213.45,653.4,Delivered,UPI,App
FO000624,2024-03-21,2024-03-22,FC00598,FP0038,3,2344.11,0.2,5625.86,5059.98,565.88,Delivered,UPI,Web
FO000625,2024-04-26,2024-04-28,FC00069,FP0021,1,5809.66,0.1,5228.69,3913.12,1315.57,Delivered,Card,Web
FO000626,2024-01-30,,FC00383,FP0112,3,7352.99,0.15,18750.12,13154.64,5595.48,Cancelled,Card,App
FO000627,2025-02-23,2025-02-28,FC00318,FP0122,1,1597.73,0.2,1278.18,1030.65,247.53,Delivered,UPI,Marketplace
FO000628,2025-11-25,2025-11-28,FC00416,FP0132,1,8467.19,0.05,8043.83,5406.01,2637.82,Delivered,COD,Marketplace
FO000629,2026-06-04,2026-06-08,FC00341,FP0001,5,210.57,0,1052.85,549.0,503.85,Delivered,Card,App
FO000630,2025-05-24,2025-05-26,FC00785,FP0141,2,8678.41,0,17356.82,9919.16,7437.66,Delivered,Card,App
FO000631,2025-03-30,2025-04-02,FC00621,FP0115,1,2713.67,0.05,2577.99,2090.73,487.26,Shipped,UPI,Marketplace
FO000632,2025-10-24,2025-10-28,FC00074,FP0098,5,8268.49,0.05,39275.33,27477.5,11797.83,Delivered,Wallet,Marketplace
FO000633,2025-05-16,2025-05-19,FC00441,FP0090,3,7705.8,0,23117.4,12469.86,10647.54,Delivered,Card,Marketplace
FO000634,2025-01-29,2025-01-31,FC00230,FP0134,2,6168.72,0,12337.44,6269.46,6067.98,Shipped,Card,Web
FO000635,2024-07-18,2024-07-22,FC00313,FP0062,5,6579.03,0.1,29605.64,14878.6,14727.04,Shipped,UPI,Marketplace
FO000636,2024-06-16,2024-06-17,FC00207,FP0068,5,7649.03,0,38245.15,26440.5,11804.65,Delivered,UPI,App
FO000637,2025-04-13,2025-04-18,FC00557,FP0074,5,7560.0,0.1,34020.0,26642.0,7378.0,Shipped,UPI,App
FO000638,2025-01-03,2025-01-07,FC00365,FP0105,3,7024.21,0.2,16858.1,15473.37,1384.73,Delivered,Wallet,Web
FO000639,2025-02-19,2025-02-24,FC00264,FP0034,5,4479.24,0.15,19036.77,10934.15,8102.62,Delivered,Card,Web
FO000640,2026-06-02,2026-06-07,FC00139,FP0068,4,7649.03,0.1,27536.51,21152.4,6384.11,Delivered,Wallet,Web
FO000641,2025-04-02,2025-04-07,FC00573,FP0064,4,6408.04,0,25632.16,17487.6,8144.56,Delivered,Wallet,Marketplace
FO000642,2025-08-16,2025-08-18,FC00408,FP0095,2,4214.31,0,8428.62,6497.22,1931.4,Delivered,Card,Marketplace
FO000643,2024-09-21,2024-09-24,FC00048,FP0001,2,210.57,0.2,336.91,219.6,117.31,Delivered,COD,Marketplace
FO000644,2025-08-04,2025-08-08,FC00090,FP0086,3,3161.12,0.15,8060.86,5223.78,2837.08,Delivered,Wallet,App
FO000645,2024-04-11,2024-04-12,FC00351,FP0106,2,5985.79,0,11971.58,7720.44,4251.14,Delivered,Card,Web
FO000646,2024-09-08,2024-09-09,FC00494,FP0117,1,3955.57,0.15,3362.23,2541.82,820.41,Delivered,UPI,App
FO000647,2026-05-21,2026-05-25,FC00195,FP0029,1,8582.57,0,8582.57,6233.86,2348.71,Shipped,Wallet,Web
FO000648,2026-08-26,2026-08-29,FC00159,FP0119,4,8688.16,0,34752.64,23379.88,11372.76,Delivered,COD,Web
FO000649,2025-07-22,2025-07-23,FC00549,FP0111,2,2277.23,0,4554.46,2526.7,2027.76,Delivered,UPI,App
FO000650,2026-05-30,2026-06-02,FC00358,FP0111,2,2277.23,0.05,4326.74,2526.7,1800.04,Delivered,COD,App
FO000651,2024-10-27,2024-10-31,FC00599,FP0118,5,5177.32,0.2,20709.28,14206.8,6502.48,Delivered,UPI,App
FO000652,2025-03-01,2025-03-03,FC00595,FP0056,1,2313.97,0,2313.97,1765.16,548.81,Delivered,Card,Web
FO000653,2024-07-11,2024-07-14,FC00599,FP0065,4,6416.13,0,25664.52,12093.4,13571.12,Delivered,Wallet,Web
FO000654,2026-06-06,2026-06-07,FC00421,FP0092,5,1308.85,0.2,5235.4,4207.45,1027.95,Delivered,COD,Marketplace
FO000655,2025-11-22,2025-11-24,FC00005,FP0103,5,4863.91,0.05,23103.57,12612.65,10490.92,Delivered,UPI,Web
FO000656,2025-04-12,2025-04-13,FC00478,FP0094,1,8583.13,0,8583.13,4488.1,4095.03,Delivered,UPI,Web
FO000657,2024-10-11,,FC00387,FP0033,2,2599.62,0,5199.24,2926.92,2272.32,Cancelled,Card,Web
FO000658,2025-08-14,2025-08-15,FC00523,FP0010,4,4028.79,0,16115.16,11173.48,4941.68,Delivered,UPI,Marketplace
FO000659,2026-02-22,2026-02-25,FC00668,FP0070,3,240.31,0.15,612.79,389.01,223.78,Delivered,UPI,Web
FO000660,2026-06-27,2026-07-02,FC00448,FP0037,1,1147.6,0.1,1032.84,770.48,262.36,Delivered,COD,Web
FO000661,2025-03-29,2025-03-31,FC00377,FP0039,4,2919.84,0.2,9343.49,5493.72,3849.77,Delivered,UPI,Web
FO000662,2025-12-31,2026-01-04,FC00455,FP0021,5,5809.66,0,29048.3,19565.6,9482.7,Delivered,UPI,Marketplace
FO000663,2024-07-26,2024-07-27,FC00148,FP0021,3,5809.66,0.1,15686.08,11739.36,3946.72,Delivered,COD,App
FO000664,2025-03-25,2025-03-28,FC00573,FP0023,1,4930.6,0.1,4437.54,2575.99,1861.55,Delivered,COD,App
FO000665,2026-05-06,2026-05-07,FC00307,FP0049,1,3120.66,0.2,2496.53,2148.06,348.47,Delivered,COD,App
FO000666,2025-03-04,2025-03-09,FC00200,FP0134,4,6168.72,0.05,23441.14,12538.92,10902.22,Shipped,Wallet,Marketplace
FO000667,2025-08-30,2025-09-03,FC00619,FP0045,4,3811.34,0.1,13720.82,8843.0,4877.82,Delivered,Wallet,Web
FO000668,2024-10-25,2024-10-28,FC00785,FP0036,4,7738.34,0,30953.36,20800.96,10152.4,Delivered,Card,App
FO000669,2025-02-15,2025-02-17,FC00025,FP0020,4,7904.14,0.1,28454.9,15547.36,12907.54,Delivered,UPI,Marketplace
FO000670,2025-02-23,2025-02-25,FC00665,FP0114,2,4147.68,0,8295.36,3833.64,4461.72,Delivered,COD,Web
FO000671,2025-07-02,2025-07-05,FC00037,FP0055,2,5232.43,0.1,9418.37,7360.72,2057.65,Delivered,Wallet,Web
FO000672,2025-03-30,2025-04-04,FC00222,FP0008,1,573.37,0.15,487.36,442.69,44.67,Shipped,Card,Marketplace
FO000673,2025-12-24,2025-12-25,FC00627,FP0019,5,3439.44,0.1,15477.48,10877.5,4599.98,Delivered,Wallet,Web
FO000674,2026-07-13,2026-07-16,FC00092,FP0134,4,6168.72,0,24674.88,12538.92,12135.96,Shipped,COD,Marketplace
FO000675,2026-02-08,2026-02-11,FC00132,FP0040,4,1044.51,0.15,3551.33,2021.84,1529.49,Delivered,Card,Web
FO000676,2026-03-20,2026-03-22,FC00604,FP0119,2,8688.16,0.1,15638.69,11689.94,3948.75,Delivered,COD,App
FO000677,2026-08-06,2026-08-11,FC00776,FP0103,2,4863.91,0,9727.82,5045.06,4682.76,Delivered,UPI,Marketplace
FO000678,2024-10-30,2024-11-04,FC00530,FP0150,5,1525.45,0.1,6864.53,4915.15,1949.38,Delivered,UPI,Web
FO000679,2025-06-15,2025-06-19,FC00017,FP0035,1,8849.44,0.15,7522.02,6809.7,712.32,Delivered,Card,App
FO000680,2025-08-09,2025-08-13,FC00296,FP0037,2,1147.6,0.15,1950.92,1540.96,409.96,Delivered,UPI,App
FO000681,2026-04-05,2026-04-08,FC00059,FP0146,3,8900.1,0,26700.3,16898.19,9802.11,Delivered,Wallet,Marketplace
FO000682,2026-02-14,2026-02-16,FC00544,FP0111,2,2277.23,0,4554.46,2526.7,2027.76,Delivered,UPI,App
FO000683,2024-02-04,2024-02-09,FC00271,FP0081,2,6700.25,0,13400.5,6338.56,7061.94,Delivered,Card,Web
FO000684,2025-07-21,2025-07-24,FC00038,FP0075,3,1589.63,0,4768.89,2181.63,2587.26,Delivered,COD,App
FO000685,2026-04-08,2026-04-13,FC00257,FP0106,2,5985.79,0,11971.58,7720.44,4251.14,Delivered,Wallet,App
FO000686,2024-02-28,2024-02-29,FC00635,FP0021,1,5809.66,0.05,5519.18,3913.12,1606.06,Delivered,Wallet,Web
FO000687,2025-08-28,2025-09-02,FC00654,FP0018,2,4845.28,0.05,9206.03,6096.94,3109.09,Delivered,UPI,Marketplace
FO000688,2024-01-09,2024-01-14,FC00091,FP0019,5,3439.44,0.05,16337.34,10877.5,5459.84,Delivered,Wallet,App
FO000689,2024-07-10,2024-07-12,FC00397,FP0034,2,4479.24,0.2,7166.78,4373.66,2793.12,Delivered,COD,Marketplace
FO000690,2024-04-05,2024-04-09,FC00176,FP0009,2,5129.07,0,10258.14,5224.06,5034.08,Delivered,Card,App
FO000691,2024-07-02,2024-07-06,FC00135,FP0085,4,4839.7,0.2,15487.04,9936.56,5550.48,Delivered,COD,Marketplace
FO000692,2024-02-28,2024-03-04,FC00463,FP0042,5,1367.6,0.05,6496.1,4515.8,1980.3,Delivered,COD,Web
FO000693,2024-05-01,2024-05-03,FC00588,FP0131,5,5348.1,0,26740.5,17875.25,8865.25,Shipped,Wallet,Web
FO000694,2025-10-25,2025-10-30,FC00187,FP0052,1,7579.42,0.2,6063.54,5902.53,161.01,Delivered,Wallet,Web
FO000695,2024-08-02,2024-08-07,FC00745,FP0081,5,6700.25,0.15,28476.06,15846.4,12629.66,Delivered,Wallet,Marketplace
FO000696,2025-10-08,2025-10-11,FC00004,FP0076,1,2384.81,0.15,2027.09,1451.32,575.77,Delivered,Wallet,App
FO000697,2024-01-16,2024-01-19,FC00138,FP0040,3,1044.51,0,3133.53,1516.38,1617.15,Delivered,UPI,Web
FO000698,2024-02-15,2024-02-19,FC00727,FP0063,1,5604.39,0.2,4483.51,3571.53,911.98,Delivered,Card,App
FO000699,2026-04-05,2026-04-10,FC00704,FP0059,5,6932.62,0,34663.1,19101.35,15561.75,Delivered,COD,App
FO000700,2025-07-25,2025-07-29,FC00515,FP0036,5,7738.34,0,38691.7,26001.2,12690.5,Delivered,Card,Marketplace
FO000701,2025-03-17,2025-03-20,FC00307,FP0095,1,4214.31,0,4214.31,3248.61,965.7,Delivered,UPI,App
FO000702,2026-04-09,2026-04-14,FC00578,FP0063,2,5604.39,0.1,10087.9,7143.06,2944.84,Delivered,Wallet,App
FO000703,2025-05-17,2025-05-20,FC00076,FP0011,5,4973.23,0.05,23622.84,18957.6,4665.24,Delivered,Card,Marketplace
FO000704,2024-09-17,2024-09-21,FC00249,FP0053,4,439.66,0.05,1670.71,926.28,744.43,Delivered,Card,Web
FO000705,2026-07-16,2026-07-19,FC00663,FP0002,5,6892.88,0,34464.4,22358.55,12105.85,Delivered,Wallet,Marketplace
FO000706,2025-04-02,2025-04-06,FC00586,FP0061,4,3489.93,0.15,11865.76,7729.08,4136.68,Delivered,Wallet,Marketplace
FO000707,2026-03-22,2026-03-27,FC00778,FP0029,4,8582.57,0.15,29180.74,24935.44,4245.3,Delivered,COD,Marketplace
FO000708,2026-04-14,2026-04-19,FC00382,FP0072,4,8536.96,0.2,27318.27,19417.16,7901.11,Delivered,COD,App
FO000709,2026-08-11,2026-08-16,FC00355,FP0044,3,1760.04,0.1,4752.11,2498.73,2253.38,Delivered,Card,App
FO000710,2025-07-24,2025-07-25,FC00079,FP0041,4,4109.96,0,16439.84,7719.88,8719.96,Shipped,UPI,Web
FO000711,2024-02-13,2024-02-15,FC00302,FP0107,2,8729.85,0,17459.7,10634.54,6825.16,Delivered,Card,App
FO000712,2024-07-06,2024-07-10,FC00722,FP0045,1,3811.34,0,3811.34,2210.75,1600.59,Delivered,UPI,App
FO000713,2024-01-10,,FC00558,FP0056,5,2313.97,0,11569.85,8825.8,2744.05,Cancelled,COD,Web
FO000714,2025-01-16,2025-01-18,FC00144,FP0081,1,6700.25,0,6700.25,3169.28,3530.97,Delivered,UPI,Marketplace
FO000715,2025-02-09,2025-02-14,FC00453,FP0110,1,504.22,0.1,453.8,384.8,69.0,Delivered,Card,App
FO000716,2024-04-13,2024-04-14,FC00221,FP0131,5,5348.1,0.1,24066.45,17875.25,6191.2,Delivered,Card,Marketplace
FO000717,2026-08-04,2026-08-09,FC00675,FP0026,4,8378.01,0,33512.04,20924.0,12588.04,Delivered,UPI,Marketplace
FO000718,2025-04-28,2025-05-03,FC00226,FP0006,2,2389.7,0,4779.4,2578.28,2201.12,Delivered,COD,App
FO000719,2024-09-11,2024-09-15,FC00386,FP0102,1,7850.95,0.15,6673.31,5611.12,1062.19,Delivered,Card,App
FO000720,2026-05-02,2026-05-05,FC00019,FP0109,4,6224.56,0,24898.24,15794.32,9103.92,Delivered,Card,Marketplace
FO000721,2024-07-29,2024-07-30,FC00587,FP0120,3,1814.22,0.15,4626.26,2555.19,2071.07,Delivered,COD,Web
FO000722,2026-06-06,2026-06-11,FC00189,FP0112,2,7352.99,0.2,11764.78,8769.76,2995.02,Delivered,Wallet,Web
FO000723,2025-08-06,2025-08-11,FC00793,FP0062,5,6579.03,0,32895.15,14878.6,18016.55,Delivered,Wallet,Web
FO000724,2024-05-30,2024-06-02,FC00776,FP0040,1,1044.51,0.1,940.06,505.46,434.6,Delivered,Card,Web
FO000725,2025-05-22,2025-05-27,FC00407,FP0106,2,5985.79,0,11971.58,7720.44,4251.14,Delivered,Card,Web
FO000726,2025-04-22,2025-04-26,FC00600,FP0023,3,4930.6,0.2,11833.44,7727.97,4105.47,Delivered,Wallet,Web
FO000727,2025-03-18,2025-03-23,FC00684,FP0122,2,1597.73,0.05,3035.69,2061.3,974.39,Delivered,UPI,Web
FO000728,2024-10-23,2024-10-28,FC00532,FP0023,2,4930.6,0,9861.2,5151.98,4709.22,Delivered,Card,Web
FO000729,2025-12-17,2025-12-20,FC00381,FP0034,3,4479.24,0,13437.72,6560.49,6877.23,Delivered,Card,App
FO000730,2026-07-30,2026-08-04,FC00728,FP0076,3,2384.81,0.1,6438.99,4353.96,2085.03,Delivered,Card,App
FO000731,2024-05-08,2024-05-10,FC00480,FP0032,3,5585.91,0,16757.73,10068.66,6689.07,Delivered,Card,Web
FO000732,2024-12-11,2024-12-16,FC00644,FP0071,4,1700.58,0,6802.32,5088.96,1713.36,Delivered,Wallet,App
FO000733,2024-07-03,2024-07-08,FC00750,FP0100,3,2392.72,0.1,6460.34,3606.42,2853.92,Delivered,UPI,Marketplace
FO000734,2026-06-12,2026-06-16,FC00080,FP0019,5,3439.44,0.05,16337.34,10877.5,5459.84,Delivered,UPI,Marketplace
FO000735,2024-10-04,2024-10-08,FC00477,FP0007,4,8720.63,0.1,31394.27,23448.72,7945.55,Delivered,COD,Web
FO000736,2025-12-31,,FC00767,FP0026,4,8378.01,0,33512.04,20924.0,12588.04,Cancelled,UPI,App
FO000737,2024-04-16,2024-04-19,FC00350,FP0029,2,8582.57,0.1,15448.63,12467.72,2980.91,Delivered,Card,Marketplace
FO000738,2026-06-06,2026-06-11,FC00575,FP0119,1,8688.16,0.1,7819.34,5844.97,1974.37,Delivered,Wallet,App
FO000739,2024-01-04,2024-01-08,FC00581,FP0043,3,2276.32,0.2,5463.17,4215.81,1247.36,Delivered,Card,Web
FO000740,2025-03-12,2025-03-16,FC00508,FP0059,4,6932.62,0,27730.48,15281.08,12449.4,Delivered,COD,Web
FO000741,2026-01-24,2026-01-29,FC00676,FP0105,1,7024.21,0.15,5970.58,5157.79,812.79,Delivered,UPI,Web
FO000742,2025-09-16,2025-09-18,FC00773,FP0109,1,6224.56,0,6224.56,3948.58,2275.98,Delivered,UPI,App
FO000743,2025-05-07,2025-05-08,FC00644,FP0017,3,1613.62,0.05,4598.82,3068.73,1530.09,Delivered,UPI,Web
FO000744,2025-10-15,2025-10-20,FC00025,FP0033,3,2599.62,0.2,6239.09,4390.38,1848.71,Delivered,Wallet,Web
FO000745,2024-12-21,2024-12-25,FC00421,FP0148,4,2392.78,0.1,8614.01,4577.84,4036.17,Delivered,Wallet,App
FO000746,2025-10-23,2025-10-26,FC00721,FP0141,5,8678.41,0.2,34713.64,24797.9,9915.74,Delivered,Card,App
FO000747,2024-01-11,2024-01-14,FC00320,FP0078,2,2259.44,0,4518.88,2793.86,1725.02,Delivered,Card,App
FO000748,2025-04-19,2025-04-22,FC00179,FP0011,2,4973.23,0.05,9449.14,7583.04,1866.1,Delivered,Card,Web
FO000749,2026-02-15,2026-02-16,FC00273,FP0064,5,6408.04,0.05,30438.19,21859.5,8578.69,Delivered,COD,App
FO000750,2026-02-05,2026-02-08,FC00113,FP0030,4,7057.58,0.05,26818.8,19265.68,7553.12,Delivered,UPI,Web
FO000751,2025-04-17,2025-04-19,FC00485,FP0015,2,8865.5,0.1,15957.9,13469.68,2488.22,Delivered,UPI,Web
FO000752,2025-04-29,2025-04-30,FC00564,FP0009,5,5129.07,0.05,24363.08,13060.15,11302.93,Delivered,UPI,Web
FO000753,2025-01-14,2025-01-17,FC00291,FP0106,1,5985.79,0,5985.79,3860.22,2125.57,Delivered,UPI,App
FO000754,2026-06-13,2026-06-18,FC00494,FP0007,3,8720.63,0,26161.89,17586.54,8575.35,Shipped,UPI,Web
FO000755,2025-01-06,2025-01-11,FC00155,FP0127,4,2634.4,0.1,9483.84,6162.04,3321.8,Shipped,UPI,Marketplace
FO000756,2025-11-02,2025-11-07,FC00196,FP0130,3,3439.37,0.15,8770.39,6696.69,2073.7,Delivered,COD,Marketplace
FO000757,2025-11-22,2025-11-26,FC00035,FP0108,5,6123.84,0.15,26026.32,22252.6,3773.72,Delivered,COD,Marketplace
FO000758,2026-06-25,2026-06-28,FC00743,FP0107,1,8729.85,0,8729.85,5317.27,3412.58,Delivered,UPI,Marketplace
FO000759,2025-10-18,2025-10-21,FC00785,FP0069,4,3524.08,0.05,13391.5,10225.52,3165.98,Delivered,UPI,Web
FO000760,2024-12-09,2024-12-11,FC00451,FP0068,1,7649.03,0,7649.03,5288.1,2360.93,Delivered,UPI,Web
FO000761,2024-11-23,2024-11-27,FC00656,FP0091,4,4842.26,0.2,15495.23,15102.2,393.03,Delivered,Wallet,Marketplace
FO000762,2024-02-15,2024-02-18,FC00322,FP0066,4,6676.95,0.2,21366.24,18062.52,3303.72,Delivered,Wallet,App
FO000763,2024-05-25,2024-05-26,FC00759,FP0024,3,723.69,0.1,1953.96,1215.42,738.54,Delivered,COD,Marketplace
FO000764,2024-03-04,2024-03-05,FC00125,FP0120,5,1814.22,0,9071.1,4258.65,4812.45,Delivered,COD,Marketplace
FO000765,2024-04-30,,FC00663,FP0020,1,7904.14,0.1,7113.73,3886.84,3226.89,Cancelled,UPI,Web
FO000766,2024-07-08,2024-07-13,FC00067,FP0097,2,408.56,0,817.12,615.96,201.16,Delivered,Card,Web
FO000767,2024-10-29,2024-11-02,FC00596,FP0057,2,2898.29,0.05,5506.75,4147.1,1359.65,Delivered,Card,App
FO000768,2026-04-15,2026-04-17,FC00759,FP0035,1,8849.44,0.05,8406.97,6809.7,1597.27,Delivered,UPI,Marketplace
FO000769,2025-07-24,2025-07-25,FC00582,FP0074,4,7560.0,0.2,24192.0,21313.6,2878.4,Delivered,Card,Marketplace
FO000770,2025-07-30,2025-08-03,FC00326,FP0101,3,1034.69,0.05,2948.87,2280.39,668.48,Delivered,Wallet,App
FO000771,2026-03-25,2026-03-26,FC00404,FP0030,1,7057.58,0,7057.58,4816.42,2241.16,Delivered,UPI,Web
FO000772,2025-10-24,2025-10-26,FC00709,FP0142,5,2779.44,0,13897.2,7752.4,6144.8,Delivered,COD,Web
FO000773,2025-09-08,2025-09-09,FC00131,FP0110,3,504.22,0.15,1285.76,1154.4,131.36,Delivered,Card,App
FO000774,2025-11-27,2025-11-28,FC00131,FP0075,4,1589.63,0.15,5404.74,2908.84,2495.9,Delivered,Card,App
FO000775,2024-03-04,,FC00412,FP0105,5,7024.21,0.05,33365.0,25788.95,7576.05,Cancelled,COD,Web
FO000776,2024-05-16,2024-05-21,FC00762,FP0095,1,4214.31,0.1,3792.88,3248.61,544.27,Delivered,Wallet,App
FO000777,2025-07-27,2025-07-31,FC00172,FP0005,1,936.51,0.2,749.21,425.6,323.61,Delivered,Wallet,App
FO000778,2025-07-22,2025-07-26,FC00131,FP0019,3,3439.44,0,10318.32,6526.5,3791.82,Delivered,COD,Marketplace
FO000779,2025-07-08,2025-07-10,FC00324,FP0101,3,1034.69,0.05,2948.87,2280.39,668.48,Delivered,Wallet,Web
FO000780,2024-02-07,2024-02-10,FC00193,FP0086,5,3161.12,0,15805.6,8706.3,7099.3,Shipped,UPI,App
FO000781,2025-11-16,2025-11-20,FC00495,FP0130,3,3439.37,0.1,9286.3,6696.69,2589.61,Delivered,Card,App
FO000782,2025-05-14,2025-05-16,FC00284,FP0093,4,717.83,0.1,2584.19,1510.04,1074.15,Delivered,UPI,Marketplace
FO000783,2025-07-26,2025-07-29,FC00066,FP0038,5,2344.11,0,11720.55,8433.3,3287.25,Delivered,COD,App
FO000784,2025-02-08,,FC00618,FP0137,5,5774.99,0.05,27431.2,17783.15,9648.05,Cancelled,COD,Web
FO000785,2026-02-25,2026-03-01,FC00299,FP0113,4,6018.81,0,24075.24,16721.72,7353.52,Delivered,Wallet,Web
FO000786,2025-01-01,2025-01-05,FC00463,FP0041,1,4109.96,0.15,3493.47,1929.97,1563.5,Delivered,UPI,App
FO000787,2025-04-14,2025-04-15,FC00195,FP0044,3,1760.04,0.1,4752.11,2498.73,2253.38,Delivered,UPI,Web
FO000788,2025-03-18,2025-03-23,FC00561,FP0122,3,1597.73,0.05,4553.53,3091.95,1461.58,Shipped,COD,Marketplace
FO000789,2025-05-03,2025-05-06,FC00209,FP0036,3,7738.34,0.05,22054.27,15600.72,6453.55,Shipped,COD,Web
FO000790,2024-04-24,2024-04-26,FC00521,FP0062,5,6579.03,0,32895.15,14878.6,18016.55,Delivered,Wallet,Marketplace
FO000791,2026-04-17,2026-04-22,FC00140,FP0131,5,5348.1,0.2,21392.4,17875.25,3517.15,Delivered,Wallet,Web
FO000792,2024-02-02,2024-02-07,FC00735,FP0009,5,5129.07,0.2,20516.28,13060.15,7456.13,Delivered,Card,App
FO000793,2024-01-01,2024-01-06,FC00112,FP0129,5,8281.13,0,41405.65,26387.5,15018.15,Delivered,UPI,Marketplace
FO000794,2026-08-20,2026-08-21,FC00267,FP0092,1,1308.85,0.2,1047.08,841.49,205.59,Delivered,Wallet,Marketplace
FO000795,2026-05-08,2026-05-12,FC00167,FP0110,3,504.22,0.15,1285.76,1154.4,131.36,Shipped,UPI,Marketplace
FO000796,2024-08-20,2024-08-23,FC00726,FP0016,5,2502.51,0.2,10010.04,6422.2,3587.84,Delivered,Card,Marketplace
FO000797,2025-06-24,2025-06-27,FC00269,FP0046,4,4437.46,0.2,14199.87,10355.8,3844.07,Delivered,Card,Web
FO000798,2024-10-12,2024-10-15,FC00086,FP0116,4,7401.76,0.2,23685.63,20035.8,3649.83,Delivered,Card,App
FO000799,2025-08-11,2025-08-16,FC00211,FP0113,5,6018.81,0,30094.05,20902.15,9191.9,Delivered,Wallet,Marketplace
FO000800,2025-02-17,2025-02-22,FC00739,FP0052,5,7579.42,0.1,34107.39,29512.65,4594.74,Delivered,Card,Web
FO000801,2024-06-18,2024-06-22,FC00438,FP0071,1,1700.58,0.05,1615.55,1272.24,343.31,Delivered,Wallet,App
FO000802,2026-05-05,2026-05-10,FC00210,FP0085,2,4839.7,0.2,7743.52,4968.28,2775.24,Delivered,Card,Marketplace
FO000803,2025-02-09,2025-02-12,FC00279,FP0069,5,3524.08,0,17620.4,12781.9,4838.5,Delivered,Card,Web
FO000804,2025-01-27,2025-01-28,FC00014,FP0139,5,2943.02,0.05,13979.34,10116.75,3862.59,Delivered,Wallet,Marketplace
FO000805,2025-06-08,2025-06-09,FC00361,FP0060,3,1889.38,0,5668.14,2682.66,2985.48,Delivered,Wallet,Web
FO000806,2025-01-13,2025-01-17,FC00527,FP0116,4,7401.76,0,29607.04,20035.8,9571.24,Delivered,Wallet,App
FO000807,2024-03-07,2024-03-10,FC00725,FP0053,2,439.66,0.15,747.42,463.14,284.28,Delivered,Card,Marketplace
FO000808,2024-02-25,2024-02-28,FC00339,FP0122,5,1597.73,0.05,7589.22,5153.25,2435.97,Delivered,Card,App
FO000809,2024-03-06,,FC00247,FP0099,5,8753.38,0,43766.9,23168.45,20598.45,Cancelled,Wallet,Web
FO000810,2025-09-20,2025-09-22,FC00247,FP0084,4,5736.42,0.2,18356.54,15129.08,3227.46,Delivered,UPI,Web
FO000811,2025-12-02,2025-12-04,FC00522,FP0101,5,1034.69,0.15,4397.43,3800.65,596.78,Delivered,COD,Marketplace
FO000812,2025-03-30,2025-03-31,FC00363,FP0068,5,7649.03,0.15,32508.38,26440.5,6067.88,Delivered,COD,App
FO000813,2024-11-30,2024-12-05,FC00243,FP0129,3,8281.13,0.15,21116.88,15832.5,5284.38,Delivered,Card,App
FO000814,2025-06-05,,FC00549,FP0138,4,8119.99,0.15,27607.97,20009.36,7598.61,Cancelled,Wallet,App
FO000815,2025-11-15,2025-11-19,FC00329,FP0070,4,240.31,0.15,817.05,518.68,298.37,Delivered,COD,Marketplace
FO000816,2024-08-29,2024-08-30,FC00797,FP0095,3,4214.31,0.05,12010.78,9745.83,2264.95,Delivered,Card,App
FO000817,2024-06-16,2024-06-20,FC00132,FP0058,1,7791.14,0.05,7401.58,4809.46,2592.12,Returned,UPI,App
FO000818,2024-09-27,2024-10-02,FC00237,FP0019,4,3439.44,0.05,13069.87,8702.0,4367.87,Returned,Wallet,Marketplace
FO000819,2025-03-03,2025-03-08,FC00190,FP0014,5,2335.19,0.15,9924.56,5534.55,4390.01,Delivered,UPI,Marketplace
FO000820,2024-02-04,2024-02-07,FC00040,FP0133,3,3028.5,0.2,7268.4,6259.92,1008.48,Delivered,COD,Marketplace
FO000821,2024-09-07,,FC00020,FP0013,1,5090.72,0,5090.72,2711.27,2379.45,Cancelled,Card,App
FO000822,2025-12-09,2025-12-12,FC00550,FP0042,5,1367.6,0.15,5812.3,4515.8,1296.5,Delivered,COD,Web
FO000823,2025-04-25,2025-04-26,FC00504,FP0080,4,5963.59,0.15,20276.21,12824.76,7451.45,Delivered,COD,Marketplace
FO000824,2024-11-09,2024-11-12,FC00350,FP0060,3,1889.38,0.2,4534.51,2682.66,1851.85,Delivered,Card,Marketplace
FO000825,2025-12-23,2025-12-24,FC00557,FP0024,4,723.69,0.05,2750.02,1620.56,1129.46,Delivered,UPI,App
FO000826,2025-02-12,2025-02-15,FC00644,FP0065,5,6416.13,0.2,25664.52,15116.75,10547.77,Delivered,COD,Web
FO000827,2026-01-31,2026-02-01,FC00403,FP0068,5,7649.03,0.1,34420.64,26440.5,7980.14,Delivered,Wallet,Marketplace
FO000828,2026-07-15,2026-07-17,FC00350,FP0109,2,6224.56,0.15,10581.75,7897.16,2684.59,Delivered,Wallet,Web
FO000829,2026-02-10,2026-02-14,FC00574,FP0065,1,6416.13,0,6416.13,3023.35,3392.78,Delivered,Card,Web
FO000830,2026-07-27,2026-07-29,FC00639,FP0141,3,8678.41,0.15,22129.95,14878.74,7251.21,Delivered,Card,Marketplace
FO000831,2026-07-12,2026-07-13,FC00018,FP0090,2,7705.8,0.15,13099.86,8313.24,4786.62,Delivered,UPI,Web
FO000832,2025-11-05,2025-11-07,FC00441,FP0025,4,3658.51,0.2,11707.23,6988.68,4718.55,Delivered,Wallet,Marketplace
FO000833,2025-01-10,2025-01-13,FC00647,FP0094,1,8583.13,0.2,6866.5,4488.1,2378.4,Delivered,Wallet,Web
FO000834,2024-02-25,2024-03-01,FC00199,FP0013,2,5090.72,0.1,9163.3,5422.54,3740.76,Delivered,Wallet,App
FO000835,2024-02-02,2024-02-06,FC00586,FP0102,2,7850.95,0.2,12561.52,11222.24,1339.28,Returned,Card,Marketplace
FO000836,2025-12-09,2025-12-10,FC00001,FP0105,2,7024.21,0,14048.42,10315.58,3732.84,Delivered,UPI,Marketplace
FO000837,2025-11-24,,FC00052,FP0135,5,3393.68,0,16968.4,8542.0,8426.4,Cancelled,UPI,App
FO000838,2024-06-19,2024-06-24,FC00090,FP0126,4,8367.43,0.1,30122.75,16770.48,13352.27,Delivered,UPI,Web
FO000839,2026-08-04,2026-08-08,FC00257,FP0076,5,2384.81,0,11924.05,7256.6,4667.45,Shipped,Wallet,Marketplace
FO000840,2024-02-10,2024-02-13,FC00479,FP0016,3,2502.51,0.15,6381.4,3853.32,2528.08,Delivered,COD,Web
FO000841,2025-11-13,2025-11-17,FC00318,FP0121,5,4465.29,0.05,21210.13,10412.65,10797.48,Delivered,Card,Web
FO000842,2024-07-18,2024-07-22,FC00383,FP0026,5,8378.01,0.2,33512.04,26155.0,7357.04,Delivered,Card,Web
FO000843,2024-07-20,2024-07-25,FC00781,FP0108,1,6123.84,0.2,4899.07,4450.52,448.55,Delivered,Wallet,App
FO000844,2024-01-24,2024-01-28,FC00358,FP0110,3,504.22,0.2,1210.13,1154.4,55.73,Delivered,Wallet,Web
FO000845,2024-02-21,,FC00397,FP0060,1,1889.38,0.1,1700.44,894.22,806.22,Cancelled,COD,Web
FO000846,2025-07-06,2025-07-11,FC00119,FP0094,2,8583.13,0.2,13733.01,8976.2,4756.81,Shipped,COD,Marketplace
FO000847,2024-07-02,2024-07-05,FC00303,FP0070,5,240.31,0.1,1081.39,648.35,433.04,Delivered,COD,Marketplace
FO000848,2025-02-02,2025-02-04,FC00073,FP0105,5,7024.21,0.2,28096.84,25788.95,2307.89,Shipped,COD,Web
FO000849,2026-05-07,2026-05-10,FC00557,FP0040,4,1044.51,0.2,3342.43,2021.84,1320.59,Delivered,Card,App
FO000850,2025-11-02,2025-11-07,FC00152,FP0100,3,2392.72,0.2,5742.53,3606.42,2136.11,Delivered,COD,Web
FO000851,2025-05-14,2025-05-18,FC00525,FP0078,1,2259.44,0,2259.44,1396.93,862.51,Delivered,UPI,Web
FO000852,2025-03-15,2025-03-16,FC00799,FP0017,3,1613.62,0.05,4598.82,3068.73,1530.09,Delivered,Wallet,App
FO000853,2024-08-15,2024-08-20,FC00178,FP0114,3,4147.68,0,12443.04,5750.46,6692.58,Delivered,COD,Marketplace
FO000854,2024-09-08,2024-09-11,FC00608,FP0087,3,4087.92,0.1,11037.38,6439.44,4597.94,Delivered,UPI,Web
FO000855,2024-08-24,2024-08-29,FC00678,FP0056,1,2313.97,0.15,1966.87,1765.16,201.71,Delivered,Wallet,Marketplace
FO000856,2025-06-12,2025-06-15,FC00238,FP0108,4,6123.84,0,24495.36,17802.08,6693.28,Delivered,COD,Web
FO000857,2025-10-26,2025-10-30,FC00005,FP0109,5,6224.56,0,31122.8,19742.9,11379.9,Delivered,Card,Web
FO000858,2024-07-08,2024-07-11,FC00628,FP0090,5,7705.8,0.1,34676.1,20783.1,13893.0,Delivered,Card,Web
FO000859,2024-10-01,2024-10-04,FC00582,FP0038,2,2344.11,0.05,4453.81,3373.32,1080.49,Delivered,COD,Marketplace
FO000860,2024-01-23,,FC00231,FP0019,2,3439.44,0,6878.88,4351.0,2527.88,Cancelled,COD,Web
FO000861,2025-11-26,2025-11-27,FC00180,FP0057,1,2898.29,0.2,2318.63,2073.55,245.08,Delivered,UPI,App
FO000862,2024-10-07,2024-10-11,FC00781,FP0115,5,2713.67,0,13568.35,10453.65,3114.7,Delivered,UPI,Web
FO000863,2024-01-07,2024-01-08,FC00651,FP0147,2,6012.15,0,12024.3,8562.52,3461.78,Delivered,COD,Marketplace
FO000864,2024-06-10,2024-06-12,FC00402,FP0133,1,3028.5,0.05,2877.07,2086.64,790.43,Delivered,UPI,Marketplace
FO000865,2025-08-16,2025-08-20,FC00589,FP0092,3,1308.85,0,3926.55,2524.47,1402.08,Shipped,COD,Marketplace
FO000866,2026-01-11,2026-01-15,FC00570,FP0103,5,4863.91,0,24319.55,12612.65,11706.9,Delivered,Card,App
FO000867,2025-06-21,2025-06-26,FC00509,FP0058,3,7791.14,0.1,21036.08,14428.38,6607.7,Delivered,UPI,App
FO000868,2024-06-16,2024-06-20,FC00315,FP0065,3,6416.13,0.05,18285.97,9070.05,9215.92,Delivered,COD,Marketplace
FO000869,2025-01-30,2025-02-04,FC00090,FP0141,2,8678.41,0,17356.82,9919.16,7437.66,Delivered,UPI,Web
FO000870,2026-04-26,,FC00625,FP0143,3,8786.1,0.2,21086.64,19798.92,1287.72,Cancelled,Card,Web
FO000871,2024-09-01,2024-09-05,FC00657,FP0111,4,2277.23,0.15,7742.58,5053.4,2689.18,Delivered,COD,App
FO000872,2026-07-28,2026-08-02,FC00725,FP0046,5,4437.46,0.05,21077.93,12944.75,8133.18,Delivered,Wallet,Web
FO000873,2026-02-12,2026-02-14,FC00601,FP0133,1,3028.5,0,3028.5,2086.64,941.86,Delivered,Card,Web
FO000874,2026-03-28,2026-03-29,FC00020,FP0029,1,8582.57,0,8582.57,6233.86,2348.71,Delivered,COD,App
FO000875,2025-06-30,2025-07-04,FC00651,FP0001,3,210.57,0.1,568.54,329.4,239.14,Delivered,UPI,Marketplace
FO000876,2024-04-19,2024-04-24,FC00317,FP0125,5,3663.38,0.15,15569.37,13514.2,2055.17,Delivered,Wallet,Marketplace
FO000877,2024-07-11,2024-07-15,FC00007,FP0148,4,2392.78,0.2,7656.9,4577.84,3079.06,Delivered,COD,App
FO000878,2025-02-06,2025-02-08,FC00683,FP0020,1,7904.14,0.05,7508.93,3886.84,3622.09,Delivered,Wallet,Web
FO000879,2026-03-03,2026-03-04,FC00658,FP0001,2,210.57,0.05,400.08,219.6,180.48,Delivered,COD,Web
FO000880,2024-07-25,2024-07-30,FC00179,FP0013,2,5090.72,0,10181.44,5422.54,4758.9,Delivered,UPI,App
FO000881,2024-10-11,2024-10-12,FC00368,FP0105,3,7024.21,0,21072.63,15473.37,5599.26,Delivered,Wallet,Marketplace
FO000882,2026-01-14,2026-01-17,FC00346,FP0043,4,2276.32,0.05,8650.02,5621.08,3028.94,Delivered,COD,Web
FO000883,2025-05-24,2025-05-29,FC00161,FP0056,2,2313.97,0.2,3702.35,3530.32,172.03,Delivered,Card,Web
FO000884,2025-06-29,2025-07-02,FC00399,FP0047,5,8632.68,0.05,41005.23,19642.45,21362.78,Delivered,COD,Web
FO000885,2025-02-18,2025-02-23,FC00346,FP0093,1,717.83,0.15,610.16,377.51,232.65,Delivered,UPI,Web
FO000886,2025-08-04,2025-08-08,FC00212,FP0066,5,6676.95,0,33384.75,22578.15,10806.6,Delivered,UPI,App
FO000887,2025-02-06,2025-02-11,FC00696,FP0117,3,3955.57,0,11866.71,7625.46,4241.25,Delivered,UPI,Marketplace
FO000888,2024-04-07,2024-04-08,FC00700,FP0123,2,8591.64,0.1,15464.95,11476.18,3988.77,Delivered,Card,Web
FO000889,2025-03-21,2025-03-26,FC00537,FP0060,1,1889.38,0,1889.38,894.22,995.16,Delivered,Card,Web
FO000890,2026-05-19,,FC00456,FP0105,2,7024.21,0.05,13346.0,10315.58,3030.42,Cancelled,Card,Web
FO000891,2024-07-22,2024-07-27,FC00032,FP0065,5,6416.13,0,32080.65,15116.75,16963.9,Delivered,Wallet,App
FO000892,2025-03-21,2025-03-25,FC00249,FP0098,3,8268.49,0.15,21084.65,16486.5,4598.15,Delivered,Wallet,Web
FO000893,2025-08-04,2025-08-07,FC00261,FP0111,2,2277.23,0,4554.46,2526.7,2027.76,Delivered,Card,App
FO000894,2026-04-01,2026-04-02,FC00058,FP0122,2,1597.73,0.1,2875.91,2061.3,814.61,Delivered,UPI,App
FO000895,2024-04-21,2024-04-25,FC00322,FP0012,2,5731.62,0.2,9170.59,7642.42,1528.17,Delivered,Card,App
FO000896,2026-03-31,2026-04-02,FC00248,FP0085,2,4839.7,0.05,9195.43,4968.28,4227.15,Delivered,UPI,Marketplace
FO000897,2024-12-19,2024-12-24,FC00468,FP0132,3,8467.19,0.05,24131.49,16218.03,7913.46,Delivered,Wallet,Marketplace
FO000898,2025-06-24,2025-06-27,FC00303,FP0045,2,3811.34,0,7622.68,4421.5,3201.18,Shipped,Card,Marketplace
FO000899,2024-07-20,2024-07-24,FC00047,FP0047,4,8632.68,0.15,29351.11,15713.96,13637.15,Delivered,UPI,App
FO000900,2026-07-13,2026-07-16,FC00409,FP0112,1,7352.99,0.05,6985.34,4384.88,2600.46,Delivered,Card,App
FO000901,2026-01-03,2026-01-05,FC00509,FP0101,5,1034.69,0.2,4138.76,3800.65,338.11,Delivered,UPI,Web
FO000902,2024-02-20,2024-02-25,FC00705,FP0020,2,7904.14,0.15,13437.04,7773.68,5663.36,Shipped,UPI,Web
FO000903,2025-03-02,2025-03-03,FC00184,FP0109,3,6224.56,0.15,15872.63,11845.74,4026.89,Delivered,Card,Marketplace
FO000904,2025-07-06,2025-07-08,FC00751,FP0061,4,3489.93,0,13959.72,7729.08,6230.64,Delivered,UPI,App
FO000905,2025-03-11,2025-03-12,FC00675,FP0138,1,8119.99,0.2,6495.99,5002.34,1493.65,Shipped,UPI,Web
FO000906,2025-04-23,2025-04-27,FC00691,FP0019,5,3439.44,0,17197.2,10877.5,6319.7,Delivered,Wallet,Marketplace
FO000907,2024-02-24,2024-02-26,FC00178,FP0113,3,6018.81,0,18056.43,12541.29,5515.14,Delivered,COD,Marketplace
FO000908,2024-02-20,2024-02-23,FC00562,FP0079,5,8401.85,0.2,33607.4,27722.1,5885.3,Delivered,COD,Marketplace
FO000909,2025-02-27,2025-03-04,FC00580,FP0005,3,936.51,0.15,2388.1,1276.8,1111.3,Delivered,Wallet,App
FO000910,2025-01-04,2025-01-07,FC00263,FP0099,2,8753.38,0,17506.76,9267.38,8239.38,Delivered,COD,Web
FO000911,2024-04-17,2024-04-18,FC00550,FP0139,4,2943.02,0,11772.08,8093.4,3678.68,Delivered,COD,Marketplace
FO000912,2025-03-25,2025-03-29,FC00687,FP0145,4,7366.74,0.15,25046.92,18756.84,6290.08,Delivered,COD,Web
FO000913,2024-06-12,2024-06-14,FC00515,FP0121,5,4465.29,0.2,17861.16,10412.65,7448.51,Delivered,Wallet,Marketplace
FO000914,2024-11-25,2024-11-29,FC00335,FP0058,1,7791.14,0.15,6622.47,4809.46,1813.01,Delivered,Card,Web
FO000915,2024-09-12,2024-09-14,FC00091,FP0126,5,8367.43,0.15,35561.58,20963.1,14598.48,Delivered,UPI,Web
FO000916,2026-06-13,2026-06-17,FC00752,FP0019,4,3439.44,0.15,11694.1,8702.0,2992.1,Delivered,Wallet,App
FO000917,2024-11-29,2024-12-04,FC00070,FP0082,3,3600.56,0.1,9721.51,7214.19,2507.32,Delivered,UPI,Web
FO000918,2024-08-12,2024-08-17,FC00285,FP0062,4,6579.03,0.2,21052.9,11902.88,9150.02,Delivered,Wallet,Web
FO000919,2024-03-10,2024-03-14,FC00715,FP0105,4,7024.21,0.2,22477.47,20631.16,1846.31,Delivered,Card,Marketplace
FO000920,2024-07-09,2024-07-13,FC00438,FP0089,4,7208.67,0,28834.68,19714.4,9120.28,Delivered,Wallet,App
FO000921,2025-02-19,2025-02-24,FC00512,FP0036,1,7738.34,0.2,6190.67,5200.24,990.43,Delivered,Card,Marketplace
FO000922,2024-08-30,2024-09-01,FC00282,FP0134,3,6168.72,0.1,16655.54,9404.19,7251.35,Delivered,Wallet,Marketplace
FO000923,2025-07-31,2025-08-01,FC00142,FP0056,4,2313.97,0.15,7867.5,7060.64,806.86,Delivered,Wallet,Marketplace
FO000924,2026-07-19,2026-07-20,FC00115,FP0039,4,2919.84,0.15,9927.46,5493.72,4433.74,Delivered,Card,Marketplace
FO000925,2025-06-11,2025-06-13,FC00250,FP0103,2,4863.91,0.05,9241.43,5045.06,4196.37,Delivered,UPI,Marketplace
FO000926,2025-02-09,2025-02-13,FC00039,FP0016,1,2502.51,0.15,2127.13,1284.44,842.69,Delivered,Wallet,Web
FO000927,2025-07-05,2025-07-10,FC00115,FP0011,5,4973.23,0,24866.15,18957.6,5908.55,Delivered,Wallet,Marketplace
FO000928,2024-04-22,2024-04-24,FC00068,FP0043,4,2276.32,0,9105.28,5621.08,3484.2,Delivered,Card,App
FO000929,2025-12-20,,FC00017,FP0087,1,4087.92,0,4087.92,2146.48,1941.44,Cancelled,Wallet,Marketplace
FO000930,2024-05-27,,FC00623,FP0106,4,5985.79,0.1,21548.84,15440.88,6107.96,Cancelled,Card,Web
FO000931,2025-10-13,2025-10-14,FC00431,FP0059,5,6932.62,0,34663.1,19101.35,15561.75,Shipped,COD,Marketplace
FO000932,2024-05-20,2024-05-21,FC00208,FP0042,1,1367.6,0.15,1162.46,903.16,259.3,Delivered,COD,Web
FO000933,2026-03-02,2026-03-04,FC00046,FP0149,4,6293.48,0.1,22656.53,18923.68,3732.85,Delivered,Wallet,App
FO000934,2025-04-21,2025-04-22,FC00784,FP0001,4,210.57,0,842.28,439.2,403.08,Delivered,UPI,Marketplace
FO000935,2024-06-14,2024-06-18,FC00756,FP0029,3,8582.57,0.05,24460.32,18701.58,5758.74,Delivered,UPI,Web
FO000936,2024-08-05,2024-08-08,FC00582,FP0082,3,3600.56,0.05,10261.6,7214.19,3047.41,Delivered,Card,Web
FO000937,2025-04-26,2025-05-01,FC00453,FP0040,3,1044.51,0.2,2506.82,1516.38,990.44,Delivered,COD,App
FO000938,2024-11-27,,FC00706,FP0130,4,3439.37,0,13757.48,8928.92,4828.56,Cancelled,Wallet,Web
FO000939,2024-03-22,2024-03-24,FC00686,FP0082,4,3600.56,0,14402.24,9618.92,4783.32,Delivered,Card,App
FO000940,2026-07-28,2026-07-30,FC00471,FP0134,2,6168.72,0,12337.44,6269.46,6067.98,Delivered,COD,Web
FO000941,2026-01-06,2026-01-07,FC00250,FP0064,2,6408.04,0.05,12175.28,8743.8,3431.48,Shipped,Card,Marketplace
FO000942,2026-02-03,2026-02-04,FC00309,FP0084,5,5736.42,0.2,22945.68,18911.35,4034.33,Delivered,Card,Marketplace
FO000943,2025-05-26,2025-05-31,FC00499,FP0055,1,5232.43,0,5232.43,3680.36,1552.07,Delivered,Wallet,App
FO000944,2024-05-14,2024-05-18,FC00384,FP0108,2,6123.84,0.05,11635.3,8901.04,2734.26,Delivered,UPI,App
FO000945,2024-01-14,2024-01-17,FC00335,FP0003,4,7444.42,0.1,26799.91,15399.12,11400.79,Delivered,Wallet,App
FO000946,2025-12-18,2025-12-23,FC00602,FP0001,5,210.57,0.1,947.56,549.0,398.56,Returned,COD,Web
FO000947,2024-08-03,2024-08-08,FC00743,FP0089,1,7208.67,0.05,6848.24,4928.6,1919.64,Shipped,Wallet,App
FO000948,2024-03-01,2024-03-04,FC00677,FP0118,4,5177.32,0.1,18638.35,11365.44,7272.91,Delivered,UPI,Web
FO000949,2024-03-01,2024-03-03,FC00730,FP0017,2,1613.62,0,3227.24,2045.82,1181.42,Delivered,Card,App
FO000950,2024-11-18,2024-11-22,FC00654,FP0132,4,8467.19,0.1,30481.88,21624.04,8857.84,Delivered,UPI,App
FO000951,2026-07-24,2026-07-28,FC00351,FP0024,3,723.69,0.05,2062.52,1215.42,847.1,Shipped,Card,Web
FO000952,2024-02-27,2024-02-29,FC00240,FP0006,4,2389.7,0.1,8602.92,5156.56,3446.36,Delivered,UPI,Marketplace
FO000953,2024-05-13,2024-05-17,FC00151,FP0090,1,7705.8,0.2,6164.64,4156.62,2008.02,Delivered,UPI,Marketplace
FO000954,2024-10-05,2024-10-09,FC00371,FP0042,1,1367.6,0.15,1162.46,903.16,259.3,Delivered,COD,App
FO000955,2025-12-19,2025-12-21,FC00417,FP0138,2,8119.99,0,16239.98,10004.68,6235.3,Delivered,Card,Web
FO000956,2025-01-02,2025-01-07,FC00148,FP0122,5,1597.73,0.2,6390.92,5153.25,1237.67,Delivered,Wallet,Marketplace
FO000957,2025-10-23,2025-10-24,FC00500,FP0095,1,4214.31,0,4214.31,3248.61,965.7,Delivered,Card,Web
FO000958,2024-09-29,2024-10-04,FC00212,FP0115,4,2713.67,0,10854.68,8362.92,2491.76,Delivered,COD,Web
FO000959,2024-07-21,2024-07-26,FC00556,FP0062,3,6579.03,0.2,15789.67,8927.16,6862.51,Delivered,Card,App
FO000960,2025-07-12,2025-07-16,FC00305,FP0014,3,2335.19,0.1,6305.01,3320.73,2984.28,Delivered,Card,App
FO000961,2024-03-28,2024-03-29,FC00648,FP0036,2,7738.34,0,15476.68,10400.48,5076.2,Shipped,COD,App
FO000962,2024-10-15,2024-10-17,FC00200,FP0109,5,6224.56,0,31122.8,19742.9,11379.9,Delivered,COD,Marketplace
FO000963,2025-11-29,2025-12-03,FC00739,FP0042,1,1367.6,0.05,1299.22,903.16,396.06,Delivered,UPI,Marketplace
FO000964,2025-02-09,2025-02-12,FC00474,FP0131,5,5348.1,0,26740.5,17875.25,8865.25,Delivered,Card,Marketplace
FO000965,2024-11-05,2024-11-10,FC00541,FP0007,4,8720.63,0.1,31394.27,23448.72,7945.55,Delivered,Wallet,App
FO000966,2026-08-12,2026-08-13,FC00650,FP0079,3,8401.85,0.15,21424.72,16633.26,4791.46,Delivered,UPI,Marketplace
FO000967,2025-05-03,2025-05-04,FC00190,FP0112,1,7352.99,0,7352.99,4384.88,2968.11,Delivered,COD,Marketplace
FO000968,2026-05-13,,FC00148,FP0131,1,5348.1,0,5348.1,3575.05,1773.05,Cancelled,COD,Web
FO000969,2024-10-09,2024-10-14,FC00050,FP0056,1,2313.97,0,2313.97,1765.16,548.81,Delivered,UPI,Marketplace
FO000970,2025-09-08,2025-09-11,FC00506,FP0074,3,7560.0,0.15,19278.0,15985.2,3292.8,Delivered,Card,Marketplace
FO000971,2025-12-04,2025-12-08,FC00536,FP0023,4,4930.6,0.15,16764.04,10303.96,6460.08,Delivered,Wallet,Web
FO000972,2024-10-07,2024-10-08,FC00324,FP0083,3,588.68,0,1766.04,988.44,777.6,Delivered,Wallet,Marketplace
FO000973,2026-02-06,2026-02-11,FC00453,FP0133,5,3028.5,0,15142.5,10433.2,4709.3,Delivered,Wallet,App
FO000974,2024-01-28,2024-01-30,FC00782,FP0072,5,8536.96,0.05,40550.56,24271.45,16279.11,Delivered,UPI,Marketplace
FO000975,2025-04-06,2025-04-09,FC00660,FP0031,2,938.39,0.1,1689.1,1409.42,279.68,Delivered,COD,App
FO000976,2025-08-13,2025-08-18,FC00526,FP0019,4,3439.44,0.2,11006.21,8702.0,2304.21,Returned,COD,Web
FO000977,2025-04-22,,FC00389,FP0146,2,8900.1,0.1,16020.18,11265.46,4754.72,Cancelled,UPI,Web
FO000978,2026-01-26,2026-01-29,FC00104,FP0090,1,7705.8,0.15,6549.93,4156.62,2393.31,Delivered,UPI,App
FO000979,2024-05-16,2024-05-20,FC00373,FP0085,3,4839.7,0,14519.1,7452.42,7066.68,Shipped,Wallet,Web
FO000980,2024-08-25,2024-08-27,FC00113,FP0049,3,3120.66,0.15,7957.68,6444.18,1513.5,Delivered,UPI,App
FO000981,2026-06-28,2026-06-29,FC00500,FP0028,3,1252.8,0.1,3382.56,2495.34,887.22,Delivered,COD,App
FO000982,2025-07-23,2025-07-25,FC00632,FP0118,4,5177.32,0.05,19673.82,11365.44,8308.38,Returned,UPI,App
FO000983,2025-11-16,2025-11-21,FC00434,FP0102,2,7850.95,0,15701.9,11222.24,4479.66,Delivered,UPI,Web
FO000984,2025-04-06,2025-04-09,FC00141,FP0019,4,3439.44,0.1,12381.98,8702.0,3679.98,Delivered,UPI,Marketplace
FO000985,2025-03-11,2025-03-15,FC00129,FP0130,4,3439.37,0.15,11693.86,8928.92,2764.94,Delivered,COD,App
FO000986,2024-04-06,2024-04-09,FC00631,FP0090,3,7705.8,0,23117.4,12469.86,10647.54,Delivered,UPI,App
FO000987,2024-01-26,2024-01-29,FC00735,FP0098,3,8268.49,0.1,22324.92,16486.5,5838.42,Delivered,COD,App
FO000988,2024-04-14,2024-04-16,FC00076,FP0126,2,8367.43,0.05,15898.12,8385.24,7512.88,Delivered,UPI,Web
FO000989,2024-07-04,2024-07-08,FC00665,FP0052,1,7579.42,0.1,6821.48,5902.53,918.95,Delivered,COD,Web
FO000990,2024-10-25,2024-10-28,FC00207,FP0137,1,5774.99,0.2,4619.99,3556.63,1063.36,Delivered,UPI,Marketplace
FO000991,2024-08-27,,FC00244,FP0127,4,2634.4,0,10537.6,6162.04,4375.56,Cancelled,UPI,App
FO000992,2024-01-11,2024-01-14,FC00279,FP0008,3,573.37,0.05,1634.1,1328.07,306.03,Delivered,COD,Marketplace
FO000993,2024-02-03,2024-02-05,FC00190,FP0101,2,1034.69,0,2069.38,1520.26,549.12,Delivered,UPI,App
FO000994,2025-01-08,2025-01-12,FC00096,FP0062,4,6579.03,0.1,23684.51,11902.88,11781.63,Delivered,UPI,Marketplace
FO000995,2024-02-09,2024-02-11,FC00310,FP0146,3,8900.1,0.15,22695.26,16898.19,5797.07,Delivered,COD,Marketplace
FO000996,2026-03-16,2026-03-20,FC00136,FP0068,3,7649.03,0.1,20652.38,15864.3,4788.08,Delivered,Card,App
FO000997,2024-06-15,2024-06-18,FC00794,FP0054,3,3389.15,0,10167.45,5783.49,4383.96,Delivered,Card,Web
FO000998,2025-12-28,2025-12-29,FC00309,FP0126,1,8367.43,0,8367.43,4192.62,4174.81,Delivered,Wallet,Web
FO000999,2024-11-19,2024-11-23,FC00202,FP0022,5,5006.4,0.2,20025.6,17869.5,2156.1,Delivered,UPI,Web
FO001000,2026-01-17,,FC00635,FP0047,3,8632.68,0.05,24603.14,11785.47,12817.67,Cancelled,Card,Marketplace
FO001001,2026-06-14,2026-06-15,FC00177,FP0109,5,6224.56,0,31122.8,19742.9,11379.9,Delivered,UPI,Web
FO001002,2025-07-08,2025-07-11,FC00063,FP0091,1,4842.26,0.05,4600.15,3775.55,824.6,Delivered,UPI,App
FO001003,2024-12-29,2025-01-03,FC00384,FP0016,4,2502.51,0,10010.04,5137.76,4872.28,Delivered,Card,App
FO001004,2024-10-14,2024-10-19,FC00532,FP0053,5,439.66,0.2,1758.64,1157.85,600.79,Delivered,UPI,App
FO001005,2025-12-10,2025-12-14,FC00165,FP0106,4,5985.79,0.1,21548.84,15440.88,6107.96,Shipped,UPI,Web
FO001006,2026-04-05,2026-04-10,FC00014,FP0001,2,210.57,0.15,357.97,219.6,138.37,Delivered,Wallet,Web
FO001007,2026-02-21,2026-02-22,FC00025,FP0006,1,2389.7,0.1,2150.73,1289.14,861.59,Delivered,Card,Marketplace
FO001008,2026-08-23,2026-08-25,FC00592,FP0107,5,8729.85,0.15,37101.86,26586.35,10515.51,Delivered,Card,Web
FO001009,2026-06-02,2026-06-03,FC00132,FP0132,5,8467.19,0.05,40219.15,27030.05,13189.1,Delivered,Wallet,Marketplace
FO001010,2025-11-07,2025-11-12,FC00581,FP0110,3,504.22,0.15,1285.76,1154.4,131.36,Delivered,Card,App
FO001011,2024-02-10,2024-02-11,FC00774,FP0068,1,7649.03,0,7649.03,5288.1,2360.93,Delivered,UPI,Web
FO001012,2025-11-11,2025-11-16,FC00617,FP0098,4,8268.49,0.05,31420.26,21982.0,9438.26,Delivered,Card,Web
FO001013,2025-02-18,2025-02-21,FC00565,FP0012,3,5731.62,0,17194.86,11463.63,5731.23,Delivered,UPI,Web
FO001014,2026-05-07,,FC00550,FP0059,2,6932.62,0,13865.24,7640.54,6224.7,Cancelled,Card,App
FO001015,2025-12-07,2025-12-11,FC00040,FP0059,5,6932.62,0.1,31196.79,19101.35,12095.44,Delivered,Wallet,Web
FO001016,2026-07-10,2026-07-12,FC00074,FP0150,3,1525.45,0.15,3889.9,2949.09,940.81,Delivered,UPI,Marketplace
FO001017,2024-09-14,2024-09-17,FC00682,FP0033,2,2599.62,0,5199.24,2926.92,2272.32,Delivered,COD,Marketplace
FO001018,2025-03-30,2025-04-02,FC00024,FP0049,2,3120.66,0,6241.32,4296.12,1945.2,Delivered,UPI,Marketplace
FO001019,2025-07-13,2025-07-17,FC00324,FP0109,4,6224.56,0,24898.24,15794.32,9103.92,Delivered,UPI,Marketplace
FO001020,2024-06-12,2024-06-16,FC00361,FP0031,1,938.39,0,938.39,704.71,233.68,Delivered,UPI,App
FO001021,2025-01-20,2025-01-22,FC00288,FP0041,3,4109.96,0,12329.88,5789.91,6539.97,Delivered,Wallet,App
FO001022,2024-07-14,2024-07-18,FC00769,FP0048,4,5765.37,0,23061.48,15718.36,7343.12,Delivered,COD,App
FO001023,2024-05-31,2024-06-01,FC00664,FP0092,3,1308.85,0,3926.55,2524.47,1402.08,Returned,Card,Web
FO001024,2025-05-31,2025-06-01,FC00546,FP0146,4,8900.1,0.1,32040.36,22530.92,9509.44,Delivered,Card,Web
FO001025,2025-11-25,2025-11-27,FC00430,FP0022,5,5006.4,0.1,22528.8,17869.5,4659.3,Delivered,Card,Web
FO001026,2026-04-13,2026-04-17,FC00398,FP0127,5,2634.4,0.2,10537.6,7702.55,2835.05,Delivered,Wallet,Marketplace
FO001027,2025-06-11,2025-06-15,FC00205,FP0109,2,6224.56,0,12449.12,7897.16,4551.96,Delivered,COD,Web
FO001028,2025-10-23,2025-10-24,FC00245,FP0018,2,4845.28,0,9690.56,6096.94,3593.62,Delivered,UPI,App
FO001029,2025-09-21,2025-09-24,FC00034,FP0137,5,5774.99,0.1,25987.45,17783.15,8204.3,Delivered,Card,App
FO001030,2024-07-03,2024-07-04,FC00080,FP0141,2,8678.41,0.2,13885.46,9919.16,3966.3,Delivered,Card,Marketplace
FO001031,2025-08-26,2025-08-30,FC00188,FP0040,2,1044.51,0.15,1775.67,1010.92,764.75,Delivered,UPI,Web
FO001032,2025-01-02,2025-01-06,FC00608,FP0080,2,5963.59,0,11927.18,6412.38,5514.8,Shipped,UPI,Marketplace
FO001033,2025-09-13,2025-09-14,FC00422,FP0014,4,2335.19,0,9340.76,4427.64,4913.12,Delivered,UPI,App
FO001034,2024-10-13,2024-10-17,FC00463,FP0024,3,723.69,0.05,2062.52,1215.42,847.1,Delivered,Wallet,App
FO001035,2025-03-29,2025-04-03,FC00235,FP0088,5,3685.01,0,18425.05,11347.45,7077.6,Delivered,Wallet,Marketplace
FO001036,2026-02-16,2026-02-17,FC00770,FP0105,1,7024.21,0.2,5619.37,5157.79,461.58,Returned,Card,Web
FO001037,2025-11-14,2025-11-18,FC00410,FP0002,3,6892.88,0.2,16542.91,13415.13,3127.78,Delivered,Wallet,App
FO001038,2024-01-31,2024-02-04,FC00526,FP0063,4,5604.39,0.1,20175.8,14286.12,5889.68,Delivered,UPI,App
FO001039,2026-07-09,2026-07-14,FC00379,FP0026,2,8378.01,0.2,13404.82,10462.0,2942.82,Delivered,Wallet,Web
FO001040,2024-07-25,2024-07-29,FC00774,FP0072,5,8536.96,0,42684.8,24271.45,18413.35,Delivered,Card,Web
FO001041,2026-02-20,2026-02-21,FC00327,FP0076,2,2384.81,0.15,4054.18,2902.64,1151.54,Delivered,UPI,Marketplace
FO001042,2024-08-12,2024-08-17,FC00338,FP0054,1,3389.15,0,3389.15,1927.83,1461.32,Delivered,UPI,Web
FO001043,2025-08-29,2025-08-30,FC00315,FP0089,5,7208.67,0,36043.35,24643.0,11400.35,Delivered,Wallet,Web
FO001044,2026-07-19,2026-07-21,FC00242,FP0081,4,6700.25,0.15,22780.85,12677.12,10103.73,Delivered,Wallet,App
FO001045,2026-08-26,2026-08-29,FC00463,FP0145,2,7366.74,0,14733.48,9378.42,5355.06,Delivered,Card,App
FO001046,2026-04-30,2026-05-03,FC00767,FP0079,5,8401.85,0.2,33607.4,27722.1,5885.3,Delivered,COD,App
FO001047,2025-09-29,2025-10-01,FC00352,FP0140,1,2871.91,0.05,2728.31,1663.46,1064.85,Delivered,Wallet,Marketplace
FO001048,2024-10-20,2024-10-24,FC00464,FP0080,5,5963.59,0,29817.95,16030.95,13787.0,Delivered,COD,Marketplace
FO001049,2024-05-23,2024-05-27,FC00438,FP0033,3,2599.62,0,7798.86,4390.38,3408.48,Delivered,Wallet,Marketplace
FO001050,2024-11-03,2024-11-05,FC00325,FP0150,1,1525.45,0.15,1296.63,983.03,313.6,Delivered,Wallet,Web
FO001051,2025-07-14,2025-07-18,FC00469,FP0138,3,8119.99,0.2,19487.98,15007.02,4480.96,Delivered,Card,Marketplace
FO001052,2026-06-22,2026-06-23,FC00772,FP0043,4,2276.32,0.2,7284.22,5621.08,1663.14,Delivered,UPI,Marketplace
FO001053,2024-02-27,2024-03-02,FC00156,FP0139,3,2943.02,0.05,8387.61,6070.05,2317.56,Delivered,UPI,Web
FO001054,2024-02-25,2024-02-27,FC00248,FP0093,2,717.83,0.15,1220.31,755.02,465.29,Delivered,UPI,App
FO001055,2026-03-01,2026-03-04,FC00534,FP0084,1,5736.42,0.1,5162.78,3782.27,1380.51,Delivered,UPI,Web
FO001056,2026-05-19,2026-05-21,FC00333,FP0065,5,6416.13,0,32080.65,15116.75,16963.9,Delivered,UPI,Marketplace
FO001057,2026-01-15,2026-01-20,FC00524,FP0006,3,2389.7,0,7169.1,3867.42,3301.68,Returned,Wallet,Web
FO001058,2025-04-22,2025-04-23,FC00547,FP0043,5,2276.32,0.15,9674.36,7026.35,2648.01,Returned,Wallet,Web
FO001059,2025-08-06,2025-08-11,FC00763,FP0070,5,240.31,0,1201.55,648.35,553.2,Delivered,Wallet,Web
FO001060,2025-02-23,2025-02-26,FC00328,FP0133,4,3028.5,0.05,11508.3,8346.56,3161.74,Delivered,COD,Web
FO001061,2025-11-10,2025-11-11,FC00498,FP0140,5,2871.91,0.2,11487.64,8317.3,3170.34,Delivered,COD,Web
FO001062,2026-01-11,2026-01-13,FC00729,FP0010,5,4028.79,0.2,16115.16,13966.85,2148.31,Delivered,Card,Marketplace
FO001063,2025-09-06,2025-09-11,FC00742,FP0049,3,3120.66,0.15,7957.68,6444.18,1513.5,Delivered,UPI,Marketplace
FO001064,2024-06-17,2024-06-21,FC00419,FP0149,4,6293.48,0,25173.92,18923.68,6250.24,Returned,UPI,Web
FO001065,2024-05-24,2024-05-27,FC00493,FP0037,1,1147.6,0.05,1090.22,770.48,319.74,Delivered,COD,App
FO001066,2024-11-24,2024-11-27,FC00297,FP0127,1,2634.4,0,2634.4,1540.51,1093.89,Delivered,UPI,Marketplace
FO001067,2024-08-25,2024-08-30,FC00153,FP0065,3,6416.13,0,19248.39,9070.05,10178.34,Delivered,UPI,Web
FO001068,2024-04-04,2024-04-07,FC00670,FP0017,5,1613.62,0,8068.1,5114.55,2953.55,Delivered,Card,App
FO001069,2024-07-17,2024-07-20,FC00767,FP0059,2,6932.62,0.05,13171.98,7640.54,5531.44,Delivered,UPI,Marketplace
FO001070,2025-11-09,2025-11-14,FC00179,FP0011,3,4973.23,0.1,13427.72,11374.56,2053.16,Delivered,Wallet,Marketplace
FO001071,2026-08-04,,FC00158,FP0128,1,6621.29,0,6621.29,5147.82,1473.47,Cancelled,Wallet,App
FO001072,2026-08-14,2026-08-18,FC00225,FP0105,4,7024.21,0.05,26692.0,20631.16,6060.84,Delivered,UPI,Marketplace
FO001073,2025-09-19,2025-09-21,FC00527,FP0081,1,6700.25,0.1,6030.23,3169.28,2860.95,Delivered,Wallet,Marketplace
FO001074,2026-05-08,2026-05-12,FC00671,FP0137,3,5774.99,0.05,16458.72,10669.89,5788.83,Delivered,COD,Web
FO001075,2024-04-28,2024-04-29,FC00466,FP0077,2,5603.86,0.05,10647.33,5512.9,5134.43,Delivered,Wallet,Web
FO001076,2024-06-09,2024-06-14,FC00324,FP0070,5,240.31,0.1,1081.39,648.35,433.04,Delivered,UPI,Web
FO001077,2024-04-20,2024-04-24,FC00105,FP0121,5,4465.29,0.05,21210.13,10412.65,10797.48,Delivered,COD,Web
FO001078,2025-01-16,2025-01-20,FC00422,FP0049,5,3120.66,0.2,12482.64,10740.3,1742.34,Returned,Card,App
FO001079,2024-04-03,2024-04-04,FC00474,FP0024,5,723.69,0.15,3075.68,2025.7,1049.98,Delivered,Card,App
FO001080,2025-06-07,2025-06-08,FC00308,FP0039,1,2919.84,0.15,2481.86,1373.43,1108.43,Delivered,UPI,Marketplace
FO001081,2024-08-05,2024-08-09,FC00489,FP0136,5,2234.55,0,11172.75,8529.7,2643.05,Delivered,COD,Marketplace
FO001082,2024-05-24,2024-05-27,FC00519,FP0089,1,7208.67,0.2,5766.94,4928.6,838.34,Delivered,Card,Marketplace
FO001083,2024-10-20,2024-10-23,FC00784,FP0028,3,1252.8,0,3758.4,2495.34,1263.06,Delivered,UPI,Marketplace
FO001084,2024-03-14,,FC00100,FP0080,1,5963.59,0.05,5665.41,3206.19,2459.22,Cancelled,Wallet,App
FO001085,2024-01-05,2024-01-07,FC00170,FP0106,3,5985.79,0,17957.37,11580.66,6376.71,Delivered,Card,Marketplace
FO001086,2026-08-13,2026-08-14,FC00382,FP0126,2,8367.43,0.15,14224.63,8385.24,5839.39,Delivered,COD,Web
FO001087,2024-04-08,2024-04-12,FC00684,FP0059,2,6932.62,0.15,11785.45,7640.54,4144.91,Delivered,Wallet,Marketplace
FO001088,2025-04-06,2025-04-07,FC00106,FP0022,4,5006.4,0.15,17021.76,14295.6,2726.16,Shipped,Card,App
FO001089,2024-09-05,2024-09-10,FC00567,FP0040,3,1044.51,0,3133.53,1516.38,1617.15,Delivered,UPI,Marketplace
FO001090,2026-06-09,2026-06-10,FC00020,FP0120,3,1814.22,0.05,5170.53,2555.19,2615.34,Shipped,UPI,App
FO001091,2024-01-15,2024-01-18,FC00407,FP0100,1,2392.72,0.05,2273.08,1202.14,1070.94,Delivered,UPI,App
FO001092,2025-12-29,2025-12-31,FC00379,FP0064,4,6408.04,0,25632.16,17487.6,8144.56,Delivered,UPI,App
FO001093,2026-07-07,2026-07-12,FC00394,FP0035,1,8849.44,0.1,7964.5,6809.7,1154.8,Delivered,COD,App
FO001094,2026-02-12,2026-02-17,FC00685,FP0085,2,4839.7,0.05,9195.43,4968.28,4227.15,Delivered,Card,Marketplace
FO001095,2025-07-12,2025-07-17,FC00396,FP0033,1,2599.62,0,2599.62,1463.46,1136.16,Delivered,UPI,Marketplace
FO001096,2026-02-17,2026-02-19,FC00132,FP0061,3,3489.93,0,10469.79,5796.81,4672.98,Delivered,Wallet,App
FO001097,2026-07-28,,FC00455,FP0057,2,2898.29,0.15,4927.09,4147.1,779.99,Cancelled,Wallet,App
FO001098,2024-04-19,2024-04-21,FC00035,FP0121,4,4465.29,0,17861.16,8330.12,9531.04,Delivered,COD,Web
FO001099,2026-03-21,2026-03-23,FC00122,FP0076,5,2384.81,0.2,9539.24,7256.6,2282.64,Delivered,COD,Marketplace
FO001100,2024-02-18,2024-02-23,FC00232,FP0107,3,8729.85,0.2,20951.64,15951.81,4999.83,Delivered,COD,Marketplace
FO001101,2024-12-14,2024-12-19,FC00007,FP0104,2,7540.37,0.05,14326.7,7844.86,6481.84,Delivered,Card,Web
FO001102,2024-11-11,2024-11-12,FC00744,FP0039,4,2919.84,0,11679.36,5493.72,6185.64,Delivered,Card,Marketplace
FO001103,2025-09-19,2025-09-20,FC00347,FP0054,4,3389.15,0,13556.6,7711.32,5845.28,Delivered,UPI,Web
FO001104,2024-05-12,2024-05-17,FC00344,FP0144,1,1851.64,0,1851.64,1264.6,587.04,Returned,Wallet,Marketplace
FO001105,2025-01-26,,FC00262,FP0060,5,1889.38,0,9446.9,4471.1,4975.8,Cancelled,Wallet,Web
FO001106,2024-10-12,,FC00018,FP0014,5,2335.19,0.15,9924.56,5534.55,4390.01,Cancelled,COD,Marketplace
FO001107,2026-07-10,2026-07-11,FC00098,FP0091,2,4842.26,0.15,8231.84,7551.1,680.74,Delivered,UPI,Web
FO001108,2024-09-24,2024-09-26,FC00724,FP0060,4,1889.38,0.2,6046.02,3576.88,2469.14,Delivered,Wallet,App
FO001109,2025-06-27,2025-07-02,FC00334,FP0001,5,210.57,0,1052.85,549.0,503.85,Delivered,UPI,Web
FO001110,2026-03-07,2026-03-12,FC00168,FP0090,5,7705.8,0,38529.0,20783.1,17745.9,Delivered,UPI,Marketplace
FO001111,2024-09-13,2024-09-18,FC00657,FP0022,4,5006.4,0.2,16020.48,14295.6,1724.88,Delivered,Card,Web
FO001112,2025-09-11,2025-09-14,FC00774,FP0032,1,5585.91,0.2,4468.73,3356.22,1112.51,Delivered,Card,Web
FO001113,2026-05-22,2026-05-27,FC00469,FP0041,3,4109.96,0.2,9863.9,5789.91,4073.99,Delivered,UPI,App
FO001114,2025-12-07,2025-12-10,FC00346,FP0061,5,3489.93,0.2,13959.72,9661.35,4298.37,Delivered,UPI,App
FO001115,2026-04-16,2026-04-21,FC00569,FP0083,1,588.68,0.05,559.25,329.48,229.77,Delivered,Wallet,App
FO001116,2025-11-04,2025-11-06,FC00600,FP0018,3,4845.28,0,14535.84,9145.41,5390.43,Delivered,Wallet,Web
FO001117,2026-03-17,2026-03-19,FC00225,FP0018,1,4845.28,0.2,3876.22,3048.47,827.75,Delivered,UPI,Marketplace
FO001118,2026-04-22,2026-04-26,FC00299,FP0026,4,8378.01,0.2,26809.63,20924.0,5885.63,Delivered,COD,Marketplace
FO001119,2024-06-28,2024-07-03,FC00430,FP0029,1,8582.57,0.05,8153.44,6233.86,1919.58,Delivered,COD,Web
FO001120,2025-05-04,2025-05-05,FC00735,FP0050,2,3182.54,0.2,5092.06,4732.48,359.58,Delivered,Wallet,App
FO001121,2026-02-08,2026-02-12,FC00387,FP0111,1,2277.23,0,2277.23,1263.35,1013.88,Delivered,Wallet,Marketplace
FO001122,2024-12-24,2024-12-28,FC00247,FP0070,1,240.31,0.15,204.26,129.67,74.59,Delivered,Wallet,Marketplace
FO001123,2025-03-20,2025-03-22,FC00172,FP0049,3,3120.66,0.1,8425.78,6444.18,1981.6,Delivered,Card,Web
FO001124,2026-07-25,2026-07-26,FC00036,FP0106,5,5985.79,0.1,26936.06,19301.1,7634.96,Shipped,UPI,App
FO001125,2025-07-04,2025-07-08,FC00518,FP0094,5,8583.13,0,42915.65,22440.5,20475.15,Delivered,UPI,Marketplace
FO001126,2025-04-02,2025-04-07,FC00049,FP0101,2,1034.69,0.1,1862.44,1520.26,342.18,Shipped,UPI,Marketplace
FO001127,2024-09-22,2024-09-23,FC00714,FP0132,5,8467.19,0.15,35985.56,27030.05,8955.51,Delivered,Card,App
FO001128,2025-09-04,2025-09-08,FC00437,FP0051,4,362.42,0.2,1159.74,901.6,258.14,Delivered,Card,Web
FO001129,2024-10-01,2024-10-03,FC00136,FP0091,1,4842.26,0.2,3873.81,3775.55,98.26,Shipped,COD,App
FO001130,2024-04-09,2024-04-13,FC00379,FP0057,3,2898.29,0.15,7390.64,6220.65,1169.99,Returned,COD,App
FO001131,2024-08-28,2024-09-02,FC00036,FP0002,1,6892.88,0,6892.88,4471.71,2421.17,Delivered,Card,Web
FO001132,2024-11-18,2024-11-21,FC00756,FP0118,3,5177.32,0.2,12425.57,8524.08,3901.49,Shipped,Wallet,App
FO001133,2025-06-04,2025-06-06,FC00135,FP0122,3,1597.73,0.15,4074.21,3091.95,982.26,Returned,UPI,App
FO001134,2026-08-05,2026-08-07,FC00397,FP0077,1,5603.86,0.05,5323.67,2756.45,2567.22,Delivered,Card,App
FO001135,2024-08-26,2024-08-30,FC00783,FP0049,1,3120.66,0,3120.66,2148.06,972.6,Delivered,UPI,Web
FO001136,2024-05-04,2024-05-05,FC00481,FP0043,4,2276.32,0,9105.28,5621.08,3484.2,Delivered,UPI,Web
FO001137,2026-05-09,2026-05-10,FC00534,FP0002,3,6892.88,0,20678.64,13415.13,7263.51,Delivered,Card,Web
FO001138,2026-03-28,2026-04-02,FC00063,FP0132,5,8467.19,0.2,33868.76,27030.05,6838.71,Delivered,Wallet,App
FO001139,2024-12-28,2024-12-29,FC00028,FP0091,3,4842.26,0.1,13074.1,11326.65,1747.45,Delivered,Wallet,Marketplace
FO001140,2025-09-24,2025-09-27,FC00381,FP0101,2,1034.69,0.15,1758.97,1520.26,238.71,Delivered,Card,App
FO001141,2025-05-14,2025-05-15,FC00495,FP0053,4,439.66,0.05,1670.71,926.28,744.43,Delivered,Wallet,Marketplace
FO001142,2026-05-17,2026-05-21,FC00305,FP0020,4,7904.14,0.05,30035.73,15547.36,14488.37,Returned,Wallet,App
FO001143,2025-02-23,2025-02-28,FC00154,FP0041,1,4109.96,0,4109.96,1929.97,2179.99,Delivered,UPI,Marketplace
FO001144,2024-05-06,2024-05-07,FC00702,FP0030,5,7057.58,0.2,28230.32,24082.1,4148.22,Delivered,Card,Web
FO001145,2024-12-18,2024-12-21,FC00346,FP0015,2,8865.5,0.15,15071.35,13469.68,1601.67,Delivered,UPI,Web
FO001146,2026-03-07,2026-03-10,FC00587,FP0017,4,1613.62,0.05,6131.76,4091.64,2040.12,Delivered,Wallet,Marketplace
FO001147,2025-04-23,2025-04-26,FC00310,FP0057,1,2898.29,0.2,2318.63,2073.55,245.08,Delivered,COD,App
FO001148,2026-01-23,2026-01-27,FC00720,FP0105,3,7024.21,0.2,16858.1,15473.37,1384.73,Shipped,UPI,Web
FO001149,2024-11-14,2024-11-17,FC00048,FP0061,4,3489.93,0.05,13261.73,7729.08,5532.65,Returned,UPI,App
FO001150,2024-10-19,2024-10-23,FC00446,FP0037,4,1147.6,0.2,3672.32,3081.92,590.4,Delivered,COD,Web
FO001151,2025-11-14,2025-11-19,FC00617,FP0030,2,7057.58,0.15,11997.89,9632.84,2365.05,Delivered,UPI,Marketplace
FO001152,2026-04-21,2026-04-25,FC00199,FP0135,2,3393.68,0,6787.36,3416.8,3370.56,Delivered,COD,Marketplace
FO001153,2024-01-03,2024-01-08,FC00680,FP0065,4,6416.13,0,25664.52,12093.4,13571.12,Delivered,COD,Web
FO001154,2024-09-04,2024-09-07,FC00309,FP0048,1,5765.37,0.1,5188.83,3929.59,1259.24,Delivered,COD,Marketplace
FO001155,2024-12-16,2024-12-21,FC00764,FP0074,1,7560.0,0,7560.0,5328.4,2231.6,Delivered,Card,App
FO001156,2024-01-14,2024-01-17,FC00703,FP0018,5,4845.28,0.15,20592.44,15242.35,5350.09,Delivered,Card,App
FO001157,2024-01-25,2024-01-27,FC00330,FP0005,1,936.51,0.2,749.21,425.6,323.61,Delivered,UPI,Marketplace
FO001158,2024-12-20,2024-12-23,FC00245,FP0089,4,7208.67,0,28834.68,19714.4,9120.28,Delivered,Wallet,Marketplace
FO001159,2025-02-21,2025-02-23,FC00298,FP0102,5,7850.95,0.05,37292.01,28055.6,9236.41,Delivered,COD,App
FO001160,2024-05-28,2024-06-01,FC00426,FP0120,3,1814.22,0.05,5170.53,2555.19,2615.34,Shipped,Wallet,Marketplace
FO001161,2026-02-15,2026-02-20,FC00119,FP0028,2,1252.8,0.15,2129.76,1663.56,466.2,Delivered,Wallet,App
FO001162,2026-08-25,2026-08-29,FC00770,FP0010,5,4028.79,0.05,19136.75,13966.85,5169.9,Delivered,UPI,Web
FO001163,2024-01-08,2024-01-09,FC00584,FP0074,5,7560.0,0.05,35910.0,26642.0,9268.0,Delivered,COD,Marketplace
FO001164,2024-09-22,2024-09-24,FC00440,FP0018,2,4845.28,0,9690.56,6096.94,3593.62,Delivered,UPI,App
FO001165,2024-12-15,2024-12-18,FC00657,FP0044,4,1760.04,0.1,6336.14,3331.64,3004.5,Delivered,Card,Marketplace
FO001166,2025-02-17,2025-02-18,FC00337,FP0040,5,1044.51,0.15,4439.17,2527.3,1911.87,Delivered,Wallet,Marketplace
FO001167,2025-04-08,2025-04-13,FC00788,FP0141,3,8678.41,0.05,24733.47,14878.74,9854.73,Delivered,Wallet,App
FO001168,2026-06-20,2026-06-23,FC00050,FP0083,2,588.68,0,1177.36,658.96,518.4,Delivered,Wallet,Marketplace
FO001169,2026-06-20,2026-06-24,FC00455,FP0012,3,5731.62,0.05,16335.12,11463.63,4871.49,Delivered,Wallet,Web
FO001170,2025-04-16,2025-04-18,FC00280,FP0103,3,4863.91,0.1,13132.56,7567.59,5564.97,Delivered,Wallet,App
FO001171,2024-08-17,2024-08-21,FC00218,FP0049,3,3120.66,0.05,8893.88,6444.18,2449.7,Delivered,Wallet,Web
FO001172,2026-02-22,2026-02-25,FC00709,FP0063,1,5604.39,0,5604.39,3571.53,2032.86,Delivered,Wallet,Web
FO001173,2024-02-22,2024-02-23,FC00105,FP0054,3,3389.15,0.2,8133.96,5783.49,2350.47,Delivered,Wallet,Marketplace
FO001174,2026-07-28,2026-08-02,FC00206,FP0149,1,6293.48,0.15,5349.46,4730.92,618.54,Delivered,UPI,Marketplace
FO001175,2024-01-27,2024-02-01,FC00029,FP0036,4,7738.34,0,30953.36,20800.96,10152.4,Delivered,COD,Web
FO001176,2024-03-20,2024-03-21,FC00149,FP0031,5,938.39,0.1,4222.76,3523.55,699.21,Delivered,UPI,App
FO001177,2025-07-06,2025-07-07,FC00378,FP0107,1,8729.85,0.15,7420.37,5317.27,2103.1,Delivered,Wallet,App
FO001178,2026-03-19,2026-03-23,FC00704,FP0107,4,8729.85,0.05,33173.43,21269.08,11904.35,Delivered,Wallet,Marketplace
FO001179,2024-10-24,2024-10-27,FC00640,FP0150,2,1525.45,0.2,2440.72,1966.06,474.66,Shipped,Wallet,Marketplace
FO001180,2025-08-30,2025-09-04,FC00427,FP0123,5,8591.64,0.05,40810.29,28690.45,12119.84,Delivered,Card,Web
FO001181,2024-11-22,2024-11-25,FC00171,FP0084,3,5736.42,0.1,15488.33,11346.81,4141.52,Shipped,UPI,Marketplace
FO001182,2025-06-13,2025-06-18,FC00411,FP0028,5,1252.8,0,6264.0,4158.9,2105.1,Delivered,Wallet,Marketplace
FO001183,2024-04-21,2024-04-22,FC00759,FP0126,5,8367.43,0,41837.15,20963.1,20874.05,Delivered,UPI,Web
FO001184,2025-10-28,2025-11-02,FC00029,FP0110,3,504.22,0,1512.66,1154.4,358.26,Delivered,Wallet,App
FO001185,2025-09-17,2025-09-18,FC00059,FP0094,5,8583.13,0.1,38624.08,22440.5,16183.58,Delivered,UPI,Marketplace
FO001186,2024-09-24,2024-09-28,FC00583,FP0099,1,8753.38,0,8753.38,4633.69,4119.69,Delivered,Card,Marketplace
FO001187,2024-01-29,2024-01-30,FC00126,FP0003,2,7444.42,0.15,12655.51,7699.56,4955.95,Delivered,UPI,Marketplace
FO001188,2024-06-11,2024-06-13,FC00693,FP0026,4,8378.01,0,33512.04,20924.0,12588.04,Shipped,COD,App
FO001189,2024-10-03,,FC00195,FP0044,4,1760.04,0,7040.16,3331.64,3708.52,Cancelled,Card,Marketplace
FO001190,2024-02-22,2024-02-26,FC00384,FP0100,4,2392.72,0,9570.88,4808.56,4762.32,Delivered,COD,App
FO001191,2024-07-19,2024-07-22,FC00015,FP0019,1,3439.44,0,3439.44,2175.5,1263.94,Delivered,COD,Web
FO001192,2026-02-16,2026-02-21,FC00355,FP0022,1,5006.4,0.05,4756.08,3573.9,1182.18,Shipped,UPI,Web
FO001193,2025-08-13,2025-08-15,FC00132,FP0121,2,4465.29,0,8930.58,4165.06,4765.52,Delivered,COD,App
FO001194,2024-01-22,2024-01-27,FC00785,FP0051,1,362.42,0,362.42,225.4,137.02,Delivered,Card,Marketplace
FO001195,2024-04-12,2024-04-17,FC00647,FP0137,1,5774.99,0.15,4908.74,3556.63,1352.11,Shipped,Wallet,Web
FO001196,2025-08-24,2025-08-25,FC00569,FP0140,5,2871.91,0.15,12205.62,8317.3,3888.32,Delivered,COD,App
FO001197,2026-03-19,2026-03-23,FC00587,FP0047,3,8632.68,0.15,22013.33,11785.47,10227.86,Delivered,UPI,Marketplace
FO001198,2025-01-22,2025-01-26,FC00489,FP0020,5,7904.14,0,39520.7,19434.2,20086.5,Delivered,UPI,Web
FO001199,2025-05-28,2025-06-01,FC00329,FP0027,2,2801.39,0.05,5322.64,4330.02,992.62,Delivered,Card,Web
FO001200,2025-12-11,2025-12-15,FC00719,FP0150,1,1525.45,0.2,1220.36,983.03,237.33,Delivered,Card,Marketplace
FO001201,2024-06-30,2024-07-01,FC00339,FP0110,1,504.22,0.15,428.59,384.8,43.79,Shipped,UPI,Web
FO001202,2025-02-24,2025-03-01,FC00074,FP0131,4,5348.1,0.15,18183.54,14300.2,3883.34,Returned,Card,App
FO001203,2026-01-25,2026-01-28,FC00421,FP0037,3,1147.6,0,3442.8,2311.44,1131.36,Delivered,UPI,Marketplace
FO001204,2025-11-23,2025-11-24,FC00765,FP0105,1,7024.21,0,7024.21,5157.79,1866.42,Delivered,Card,Marketplace
FO001205,2024-10-28,2024-11-01,FC00535,FP0148,4,2392.78,0.05,9092.56,4577.84,4514.72,Delivered,COD,App
FO001206,2025-05-18,2025-05-21,FC00246,FP0028,1,1252.8,0.2,1002.24,831.78,170.46,Delivered,Card,Marketplace
FO001207,2024-12-27,2024-12-28,FC00532,FP0140,3,2871.91,0,8615.73,4990.38,3625.35,Delivered,UPI,App
FO001208,2025-07-17,2025-07-21,FC00214,FP0057,4,2898.29,0.05,11013.5,8294.2,2719.3,Delivered,UPI,App
FO001209,2025-02-16,2025-02-20,FC00288,FP0059,5,6932.62,0.2,27730.48,19101.35,8629.13,Delivered,Wallet,Web
FO001210,2024-07-30,2024-08-01,FC00422,FP0015,1,8865.5,0,8865.5,6734.84,2130.66,Delivered,Wallet,Web
FO001211,2026-04-07,2026-04-08,FC00568,FP0011,5,4973.23,0,24866.15,18957.6,5908.55,Delivered,Wallet,App
FO001212,2024-03-06,2024-03-08,FC00773,FP0093,1,717.83,0.15,610.16,377.51,232.65,Returned,Card,Marketplace
FO001213,2025-07-19,2025-07-24,FC00300,FP0007,1,8720.63,0,8720.63,5862.18,2858.45,Delivered,Card,App
FO001214,2025-07-13,2025-07-18,FC00454,FP0020,1,7904.14,0.1,7113.73,3886.84,3226.89,Delivered,Card,Marketplace
FO001215,2026-04-30,2026-05-04,FC00027,FP0022,2,5006.4,0.1,9011.52,7147.8,1863.72,Delivered,UPI,App
FO001216,2024-02-19,2024-02-24,FC00283,FP0063,3,5604.39,0,16813.17,10714.59,6098.58,Shipped,Wallet,Web
FO001217,2024-11-20,2024-11-21,FC00469,FP0096,3,7777.95,0,23333.85,11956.95,11376.9,Returned,Card,App
FO001218,2025-10-26,2025-10-31,FC00358,FP0049,1,3120.66,0.05,2964.63,2148.06,816.57,Delivered,UPI,Web
FO001219,2026-03-24,2026-03-27,FC00109,FP0061,4,3489.93,0,13959.72,7729.08,6230.64,Delivered,Card,Marketplace
FO001220,2025-10-21,2025-10-22,FC00798,FP0075,5,1589.63,0.1,7153.34,3636.05,3517.29,Delivered,UPI,Marketplace
FO001221,2024-05-10,,FC00677,FP0120,3,1814.22,0.05,5170.53,2555.19,2615.34,Cancelled,Wallet,Marketplace
FO001222,2024-01-13,2024-01-14,FC00015,FP0077,5,5603.86,0.05,26618.33,13782.25,12836.08,Delivered,UPI,App
FO001223,2024-07-09,2024-07-13,FC00053,FP0100,5,2392.72,0,11963.6,6010.7,5952.9,Delivered,COD,Web
FO001224,2026-07-27,2026-07-30,FC00282,FP0113,3,6018.81,0,18056.43,12541.29,5515.14,Shipped,UPI,App
FO001225,2025-02-22,2025-02-25,FC00120,FP0113,3,6018.81,0.05,17153.61,12541.29,4612.32,Delivered,Wallet,Marketplace
FO001226,2025-02-10,2025-02-11,FC00160,FP0027,5,2801.39,0.2,11205.56,10825.05,380.51,Delivered,COD,Web
FO001227,2025-02-22,2025-02-24,FC00661,FP0028,4,1252.8,0.1,4510.08,3327.12,1182.96,Delivered,Card,Web
FO001228,2025-07-18,2025-07-22,FC00123,FP0093,5,717.83,0.05,3409.69,1887.55,1522.14,Delivered,COD,App
FO001229,2025-05-07,2025-05-10,FC00416,FP0077,3,5603.86,0,16811.58,8269.35,8542.23,Delivered,Wallet,App
FO001230,2025-08-16,2025-08-21,FC00457,FP0120,2,1814.22,0.05,3447.02,1703.46,1743.56,Delivered,Card,App
FO001231,2025-01-03,2025-01-06,FC00240,FP0076,5,2384.81,0.15,10135.44,7256.6,2878.84,Delivered,COD,Web
FO001232,2024-05-13,2024-05-17,FC00662,FP0100,4,2392.72,0.05,9092.34,4808.56,4283.78,Delivered,Wallet,Web
FO001233,2026-06-30,2026-07-01,FC00783,FP0145,5,7366.74,0,36833.7,23446.05,13387.65,Delivered,UPI,Marketplace
FO001234,2024-10-08,2024-10-09,FC00323,FP0021,5,5809.66,0.1,26143.47,19565.6,6577.87,Delivered,Wallet,App
FO001235,2026-04-07,,FC00587,FP0125,4,3663.38,0,14653.52,10811.36,3842.16,Cancelled,Card,App
FO001236,2024-11-13,2024-11-14,FC00244,FP0043,5,2276.32,0.05,10812.52,7026.35,3786.17,Delivered,UPI,Web
FO001237,2024-07-27,2024-07-29,FC00452,FP0129,4,8281.13,0.1,29812.07,21110.0,8702.07,Delivered,Card,App
FO001238,2024-10-10,2024-10-13,FC00320,FP0034,4,4479.24,0.15,15229.42,8747.32,6482.1,Delivered,UPI,Marketplace
FO001239,2024-08-14,2024-08-17,FC00532,FP0067,5,1512.27,0.15,6427.15,5043.45,1383.7,Delivered,COD,Marketplace
FO001240,2026-05-05,2026-05-10,FC00595,FP0119,5,8688.16,0,43440.8,29224.85,14215.95,Delivered,Wallet,Marketplace
FO001241,2025-01-31,2025-02-05,FC00220,FP0087,4,4087.92,0.2,13081.34,8585.92,4495.42,Delivered,UPI,App
FO001242,2025-10-12,2025-10-17,FC00459,FP0031,5,938.39,0,4691.95,3523.55,1168.4,Delivered,COD,App
FO001243,2026-06-15,2026-06-17,FC00798,FP0131,2,5348.1,0.15,9091.77,7150.1,1941.67,Delivered,UPI,Marketplace
FO001244,2024-09-22,2024-09-25,FC00166,FP0122,1,1597.73,0.2,1278.18,1030.65,247.53,Delivered,Wallet,Marketplace
FO001245,2024-11-20,2024-11-22,FC00613,FP0125,4,3663.38,0.1,13188.17,10811.36,2376.81,Delivered,Card,Marketplace
FO001246,2025-04-27,2025-05-01,FC00371,FP0125,1,3663.38,0.05,3480.21,2702.84,777.37,Delivered,COD,Web
FO001247,2024-11-02,2024-11-05,FC00535,FP0107,3,8729.85,0.05,24880.07,15951.81,8928.26,Delivered,Wallet,Web
FO001248,2024-10-13,2024-10-18,FC00196,FP0014,2,2335.19,0.05,4436.86,2213.82,2223.04,Delivered,Card,Web
FO001249,2024-02-07,2024-02-12,FC00059,FP0044,5,1760.04,0.2,7040.16,4164.55,2875.61,Delivered,UPI,Marketplace
FO001250,2025-07-17,2025-07-19,FC00246,FP0008,4,573.37,0.1,2064.13,1770.76,293.37,Delivered,UPI,Web
FO001251,2025-01-28,2025-01-30,FC00725,FP0065,2,6416.13,0.15,10907.42,6046.7,4860.72,Returned,Wallet,Marketplace
FO001252,2026-05-05,2026-05-10,FC00664,FP0017,4,1613.62,0.1,5809.03,4091.64,1717.39,Delivered,COD,Marketplace
FO001253,2024-03-06,2024-03-07,FC00161,FP0092,5,1308.85,0.05,6217.04,4207.45,2009.59,Delivered,Card,Marketplace
FO001254,2025-01-22,2025-01-24,FC00031,FP0106,1,5985.79,0.1,5387.21,3860.22,1526.99,Delivered,COD,Marketplace
FO001255,2024-01-24,2024-01-25,FC00625,FP0146,3,8900.1,0.05,25365.28,16898.19,8467.09,Delivered,COD,Web
FO001256,2024-05-23,2024-05-24,FC00623,FP0017,4,1613.62,0.2,5163.58,4091.64,1071.94,Delivered,COD,Web
FO001257,2024-08-04,2024-08-05,FC00492,FP0090,4,7705.8,0.2,24658.56,16626.48,8032.08,Delivered,COD,App
FO001258,2024-02-09,2024-02-10,FC00645,FP0032,3,5585.91,0,16757.73,10068.66,6689.07,Delivered,COD,App
FO001259,2024-12-21,2024-12-22,FC00402,FP0130,3,3439.37,0.15,8770.39,6696.69,2073.7,Delivered,UPI,Marketplace
FO001260,2026-04-07,2026-04-09,FC00570,FP0039,4,2919.84,0.05,11095.39,5493.72,5601.67,Delivered,Wallet,Web
FO001261,2024-09-21,2024-09-24,FC00169,FP0015,3,8865.5,0.1,23936.85,20204.52,3732.33,Delivered,UPI,Web
FO001262,2025-11-16,2025-11-19,FC00228,FP0140,5,2871.91,0,14359.55,8317.3,6042.25,Delivered,COD,App
FO001263,2024-02-05,2024-02-06,FC00434,FP0011,2,4973.23,0.2,7957.17,7583.04,374.13,Shipped,UPI,App
FO001264,2024-04-16,2024-04-17,FC00455,FP0033,1,2599.62,0.2,2079.7,1463.46,616.24,Delivered,UPI,App
FO001265,2025-02-17,2025-02-18,FC00214,FP0115,3,2713.67,0.2,6512.81,6272.19,240.62,Delivered,COD,Marketplace
FO001266,2024-08-21,2024-08-25,FC00060,FP0116,3,7401.76,0,22205.28,15026.85,7178.43,Delivered,UPI,App
FO001267,2025-05-02,2025-05-04,FC00243,FP0040,2,1044.51,0,2089.02,1010.92,1078.1,Delivered,UPI,Web
FO001268,2026-08-29,2026-09-03,FC00245,FP0006,3,2389.7,0.15,6093.73,3867.42,2226.31,Delivered,Card,Web
FO001269,2025-10-12,2025-10-15,FC00758,FP0033,4,2599.62,0.15,8838.71,5853.84,2984.87,Delivered,COD,Marketplace
FO001270,2024-06-16,2024-06-18,FC00149,FP0145,5,7366.74,0.2,29466.96,23446.05,6020.91,Delivered,COD,App
FO001271,2026-01-23,2026-01-25,FC00568,FP0089,3,7208.67,0.1,19463.41,14785.8,4677.61,Delivered,UPI,Marketplace
FO001272,2024-11-21,2024-11-24,FC00057,FP0048,5,5765.37,0.1,25944.17,19647.95,6296.22,Delivered,COD,App
FO001273,2026-08-01,2026-08-02,FC00486,FP0064,2,6408.04,0,12816.08,8743.8,4072.28,Delivered,UPI,Web
FO001274,2026-07-21,2026-07-22,FC00768,FP0034,3,4479.24,0,13437.72,6560.49,6877.23,Returned,Wallet,App
FO001275,2024-02-15,2024-02-16,FC00538,FP0083,4,588.68,0.05,2236.98,1317.92,919.06,Delivered,Card,Web
FO001276,2024-11-07,2024-11-10,FC00670,FP0012,5,5731.62,0.1,25792.29,19106.05,6686.24,Shipped,UPI,Marketplace
FO001277,2024-06-17,2024-06-21,FC00640,FP0107,4,8729.85,0.05,33173.43,21269.08,11904.35,Delivered,Card,Web
FO001278,2024-12-30,,FC00167,FP0115,4,2713.67,0.2,8683.74,8362.92,320.82,Cancelled,COD,Web
FO001279,2026-05-04,2026-05-07,FC00058,FP0060,1,1889.38,0.15,1605.97,894.22,711.75,Delivered,UPI,Marketplace
FO001280,2024-01-15,2024-01-17,FC00721,FP0124,4,4028.63,0.1,14503.07,10010.92,4492.15,Delivered,COD,Marketplace
FO001281,2026-01-29,2026-01-31,FC00473,FP0042,5,1367.6,0.2,5470.4,4515.8,954.6,Delivered,UPI,App
FO001282,2026-07-18,2026-07-19,FC00731,FP0083,2,588.68,0,1177.36,658.96,518.4,Delivered,UPI,Web
FO001283,2024-10-14,2024-10-17,FC00057,FP0044,1,1760.04,0.15,1496.03,832.91,663.12,Delivered,Wallet,Marketplace
FO001284,2025-03-22,2025-03-25,FC00155,FP0140,4,2871.91,0.1,10338.88,6653.84,3685.04,Delivered,Wallet,Web
FO001285,2024-03-26,2024-03-28,FC00174,FP0082,4,3600.56,0.2,11521.79,9618.92,1902.87,Delivered,Wallet,Web
FO001286,2024-12-11,2024-12-16,FC00477,FP0141,4,8678.41,0.2,27770.91,19838.32,7932.59,Delivered,Card,Web
FO001287,2024-04-20,2024-04-23,FC00682,FP0039,1,2919.84,0,2919.84,1373.43,1546.41,Delivered,COD,App
FO001288,2024-01-25,2024-01-29,FC00393,FP0037,1,1147.6,0.1,1032.84,770.48,262.36,Delivered,UPI,Web
FO001289,2024-10-29,2024-10-31,FC00149,FP0021,1,5809.66,0,5809.66,3913.12,1896.54,Delivered,Wallet,App
FO001290,2025-02-08,2025-02-09,FC00074,FP0092,1,1308.85,0.05,1243.41,841.49,401.92,Shipped,UPI,Web
FO001291,2025-12-10,2025-12-11,FC00094,FP0037,5,1147.6,0.15,4877.3,3852.4,1024.9,Delivered,UPI,App
FO001292,2024-08-26,2024-08-31,FC00027,FP0062,3,6579.03,0.05,18750.24,8927.16,9823.08,Delivered,COD,Web
FO001293,2025-07-02,,FC00367,FP0102,4,7850.95,0,31403.8,22444.48,8959.32,Cancelled,UPI,Marketplace
FO001294,2025-08-12,2025-08-15,FC00531,FP0079,4,8401.85,0.2,26885.92,22177.68,4708.24,Shipped,Wallet,Marketplace
FO001295,2024-12-16,2024-12-19,FC00312,FP0092,2,1308.85,0.1,2355.93,1682.98,672.95,Delivered,UPI,Web
FO001296,2024-08-07,2024-08-10,FC00725,FP0015,1,8865.5,0.2,7092.4,6734.84,357.56,Delivered,UPI,Web
FO001297,2025-06-21,2025-06-23,FC00406,FP0074,1,7560.0,0,7560.0,5328.4,2231.6,Delivered,Card,Web
FO001298,2026-04-14,2026-04-19,FC00465,FP0039,2,2919.84,0.1,5255.71,2746.86,2508.85,Delivered,UPI,Marketplace
FO001299,2026-03-20,2026-03-22,FC00323,FP0066,2,6676.95,0,13353.9,9031.26,4322.64,Delivered,Card,Marketplace
FO001300,2024-10-30,2024-11-01,FC00602,FP0067,5,1512.27,0.2,6049.08,5043.45,1005.63,Delivered,COD,App
FO001301,2025-10-09,2025-10-10,FC00543,FP0028,1,1252.8,0.05,1190.16,831.78,358.38,Delivered,Wallet,Web
FO001302,2024-06-14,2024-06-18,FC00269,FP0067,1,1512.27,0.1,1361.04,1008.69,352.35,Delivered,Wallet,App
FO001303,2025-01-07,2025-01-11,FC00636,FP0149,3,6293.48,0,18880.44,14192.76,4687.68,Shipped,COD,Marketplace
FO001304,2024-07-23,2024-07-24,FC00050,FP0098,4,8268.49,0,33073.96,21982.0,11091.96,Delivered,UPI,Web
FO001305,2025-04-07,2025-04-12,FC00464,FP0026,5,8378.01,0.1,37701.05,26155.0,11546.05,Delivered,Card,Web
FO001306,2024-04-09,2024-04-12,FC00612,FP0095,1,4214.31,0,4214.31,3248.61,965.7,Delivered,COD,Marketplace
FO001307,2024-10-21,2024-10-26,FC00599,FP0087,5,4087.92,0,20439.6,10732.4,9707.2,Delivered,Wallet,Marketplace
FO001308,2024-09-26,2024-09-28,FC00654,FP0110,5,504.22,0.2,2016.88,1924.0,92.88,Delivered,COD,App
FO001309,2024-03-13,2024-03-14,FC00260,FP0014,5,2335.19,0.1,10508.36,5534.55,4973.81,Delivered,Card,Web
FO001310,2024-11-05,2024-11-10,FC00485,FP0040,4,1044.51,0.05,3969.14,2021.84,1947.3,Shipped,Wallet,Web
FO001311,2025-12-18,2025-12-22,FC00415,FP0083,2,588.68,0.1,1059.62,658.96,400.66,Shipped,UPI,Web
FO001312,2025-07-19,2025-07-23,FC00384,FP0144,1,1851.64,0.1,1666.48,1264.6,401.88,Shipped,UPI,App
FO001313,2025-02-22,2025-02-23,FC00429,FP0023,3,4930.6,0.2,11833.44,7727.97,4105.47,Delivered,COD,Marketplace
FO001314,2024-03-30,2024-04-04,FC00659,FP0017,3,1613.62,0.05,4598.82,3068.73,1530.09,Shipped,UPI,Marketplace
FO001315,2025-01-07,2025-01-09,FC00515,FP0056,5,2313.97,0.05,10991.36,8825.8,2165.56,Shipped,UPI,Marketplace
FO001316,2025-09-10,2025-09-14,FC00065,FP0040,3,1044.51,0.05,2976.85,1516.38,1460.47,Delivered,COD,Marketplace
FO001317,2026-01-25,2026-01-27,FC00547,FP0124,3,4028.63,0,12085.89,7508.19,4577.7,Delivered,Wallet,App
FO001318,2025-08-31,2025-09-02,FC00361,FP0070,5,240.31,0.05,1141.47,648.35,493.12,Delivered,Card,Marketplace
FO001319,2026-01-27,2026-01-29,FC00611,FP0116,3,7401.76,0.05,21095.02,15026.85,6068.17,Delivered,Wallet,App
FO001320,2024-05-28,,FC00154,FP0093,3,717.83,0.2,1722.79,1132.53,590.26,Cancelled,Wallet,Web
FO001321,2024-05-28,2024-05-30,FC00702,FP0096,1,7777.95,0.1,7000.15,3985.65,3014.5,Delivered,Card,Web
FO001322,2025-04-27,2025-04-30,FC00555,FP0013,4,5090.72,0,20362.88,10845.08,9517.8,Delivered,UPI,App
FO001323,2025-07-18,2025-07-21,FC00353,FP0015,3,8865.5,0.1,23936.85,20204.52,3732.33,Delivered,Wallet,Web
FO001324,2025-09-01,2025-09-02,FC00307,FP0134,1,6168.72,0.15,5243.41,3134.73,2108.68,Delivered,Wallet,Marketplace
FO001325,2024-04-14,2024-04-19,FC00672,FP0133,4,3028.5,0.05,11508.3,8346.56,3161.74,Delivered,UPI,App
FO001326,2025-09-30,2025-10-02,FC00568,FP0030,3,7057.58,0,21172.74,14449.26,6723.48,Delivered,COD,Marketplace
FO001327,2025-09-20,2025-09-21,FC00704,FP0032,1,5585.91,0.05,5306.61,3356.22,1950.39,Delivered,Wallet,App
FO001328,2026-02-14,2026-02-16,FC00208,FP0116,2,7401.76,0,14803.52,10017.9,4785.62,Delivered,Card,App
FO001329,2025-10-11,2025-10-12,FC00640,FP0144,4,1851.64,0.2,5925.25,5058.4,866.85,Delivered,Wallet,Web
FO001330,2026-01-04,2026-01-06,FC00074,FP0067,5,1512.27,0,7561.35,5043.45,2517.9,Delivered,UPI,Marketplace
FO001331,2025-07-08,2025-07-09,FC00062,FP0150,5,1525.45,0,7627.25,4915.15,2712.1,Delivered,UPI,Web
FO001332,2026-05-09,2026-05-12,FC00581,FP0083,3,588.68,0.2,1412.83,988.44,424.39,Delivered,UPI,Marketplace
FO001333,2024-05-17,2024-05-19,FC00262,FP0004,2,2567.54,0.15,4364.82,2880.88,1483.94,Delivered,COD,App
FO001334,2026-06-03,2026-06-08,FC00214,FP0052,1,7579.42,0.1,6821.48,5902.53,918.95,Delivered,Card,Marketplace
FO001335,2024-04-12,2024-04-16,FC00061,FP0065,5,6416.13,0,32080.65,15116.75,16963.9,Delivered,UPI,Marketplace
FO001336,2024-08-20,2024-08-24,FC00636,FP0078,3,2259.44,0,6778.32,4190.79,2587.53,Delivered,COD,Web
FO001337,2025-10-02,2025-10-03,FC00686,FP0057,2,2898.29,0,5796.58,4147.1,1649.48,Shipped,UPI,App
FO001338,2026-03-06,2026-03-10,FC00285,FP0073,2,3772.01,0,7544.02,4154.72,3389.3,Delivered,UPI,Web
FO001339,2026-01-14,2026-01-16,FC00208,FP0084,1,5736.42,0,5736.42,3782.27,1954.15,Delivered,Card,Web
FO001340,2025-01-28,2025-02-02,FC00638,FP0124,1,4028.63,0.05,3827.2,2502.73,1324.47,Delivered,UPI,App
FO001341,2024-04-22,2024-04-23,FC00104,FP0035,1,8849.44,0,8849.44,6809.7,2039.74,Delivered,Card,Web
FO001342,2025-10-09,2025-10-11,FC00783,FP0128,3,6621.29,0.2,15891.1,15443.46,447.64,Delivered,COD,Marketplace
FO001343,2024-09-09,2024-09-13,FC00197,FP0133,2,3028.5,0.2,4845.6,4173.28,672.32,Delivered,COD,Marketplace
FO001344,2024-01-21,2024-01-25,FC00214,FP0015,3,8865.5,0,26596.5,20204.52,6391.98,Delivered,UPI,Web
FO001345,2026-07-10,2026-07-14,FC00248,FP0065,3,6416.13,0,19248.39,9070.05,10178.34,Delivered,UPI,Marketplace
FO001346,2025-10-08,2025-10-09,FC00158,FP0038,5,2344.11,0.15,9962.47,8433.3,1529.17,Delivered,Card,App
FO001347,2026-05-29,2026-05-30,FC00567,FP0029,1,8582.57,0,8582.57,6233.86,2348.71,Delivered,UPI,Web
FO001348,2024-02-06,2024-02-11,FC00788,FP0120,5,1814.22,0.05,8617.55,4258.65,4358.9,Delivered,Card,Web
FO001349,2024-11-12,,FC00492,FP0005,3,936.51,0.1,2528.58,1276.8,1251.78,Cancelled,Card,Web
FO001350,2025-08-16,2025-08-18,FC00567,FP0117,5,3955.57,0.15,16811.17,12709.1,4102.07,Delivered,COD,App
FO001351,2026-02-07,2026-02-09,FC00150,FP0120,3,1814.22,0,5442.66,2555.19,2887.47,Delivered,Wallet,App
FO001352,2024-06-19,2024-06-23,FC00089,FP0128,4,6621.29,0.05,25160.9,20591.28,4569.62,Delivered,COD,Web
FO001353,2024-01-10,2024-01-11,FC00545,FP0114,2,4147.68,0.2,6636.29,3833.64,2802.65,Delivered,Wallet,App
FO001354,2026-04-29,2026-04-30,FC00028,FP0001,2,210.57,0,421.14,219.6,201.54,Delivered,UPI,Marketplace
FO001355,2024-07-02,2024-07-05,FC00212,FP0039,4,2919.84,0.1,10511.42,5493.72,5017.7,Delivered,UPI,Marketplace
FO001356,2026-06-18,2026-06-22,FC00462,FP0007,4,8720.63,0,34882.52,23448.72,11433.8,Delivered,UPI,Marketplace
FO001357,2025-06-07,2025-06-10,FC00314,FP0092,4,1308.85,0,5235.4,3365.96,1869.44,Delivered,Card,Web
FO001358,2025-04-28,2025-05-01,FC00383,FP0054,2,3389.15,0.15,5761.56,3855.66,1905.9,Delivered,UPI,Marketplace
FO001359,2024-01-07,2024-01-08,FC00286,FP0120,3,1814.22,0,5442.66,2555.19,2887.47,Delivered,Card,Marketplace
FO001360,2026-02-07,2026-02-10,FC00548,FP0122,2,1597.73,0.15,2716.14,2061.3,654.84,Shipped,COD,App
FO001361,2025-09-27,2025-10-02,FC00520,FP0130,5,3439.37,0.2,13757.48,11161.15,2596.33,Delivered,Wallet,Marketplace
FO001362,2025-09-12,2025-09-17,FC00026,FP0130,2,3439.37,0,6878.74,4464.46,2414.28,Delivered,UPI,Web
FO001363,2026-03-15,2026-03-16,FC00576,FP0093,2,717.83,0,1435.66,755.02,680.64,Delivered,Card,Marketplace
FO001364,2025-07-03,2025-07-08,FC00594,FP0091,4,4842.26,0,19369.04,15102.2,4266.84,Delivered,Card,App
FO001365,2024-03-01,2024-03-02,FC00465,FP0103,3,4863.91,0.05,13862.14,7567.59,6294.55,Delivered,UPI,App
FO001366,2026-01-02,2026-01-04,FC00313,FP0096,3,7777.95,0,23333.85,11956.95,11376.9,Delivered,COD,Web
FO001367,2024-10-19,2024-10-24,FC00237,FP0039,3,2919.84,0,8759.52,4120.29,4639.23,Delivered,Wallet,Marketplace
FO001368,2024-06-22,2024-06-27,FC00425,FP0101,5,1034.69,0.15,4397.43,3800.65,596.78,Delivered,Wallet,Marketplace
FO001369,2024-09-26,2024-10-01,FC00541,FP0111,3,2277.23,0.05,6490.11,3790.05,2700.06,Delivered,Wallet,App
FO001370,2026-06-13,2026-06-15,FC00462,FP0124,4,4028.63,0.2,12891.62,10010.92,2880.7,Delivered,Wallet,Marketplace
FO001371,2024-10-15,2024-10-19,FC00202,FP0030,2,7057.58,0.05,13409.4,9632.84,3776.56,Shipped,Card,Web
FO001372,2026-06-20,2026-06-23,FC00640,FP0131,5,5348.1,0.1,24066.45,17875.25,6191.2,Delivered,COD,App
FO001373,2024-05-15,2024-05-18,FC00787,FP0130,5,3439.37,0,17196.85,11161.15,6035.7,Delivered,Card,Marketplace
FO001374,2025-06-06,2025-06-08,FC00762,FP0057,5,2898.29,0,14491.45,10367.75,4123.7,Returned,Wallet,App
FO001375,2025-11-23,2025-11-25,FC00411,FP0132,4,8467.19,0,33868.76,21624.04,12244.72,Delivered,Card,App
FO001376,2025-10-19,2025-10-21,FC00484,FP0095,2,4214.31,0.1,7585.76,6497.22,1088.54,Delivered,Card,Marketplace
FO001377,2025-04-17,2025-04-18,FC00584,FP0026,5,8378.01,0,41890.05,26155.0,15735.05,Delivered,Card,App
FO001378,2025-04-11,2025-04-15,FC00592,FP0076,3,2384.81,0,7154.43,4353.96,2800.47,Delivered,UPI,Web
FO001379,2025-05-31,2025-06-03,FC00572,FP0034,4,4479.24,0.15,15229.42,8747.32,6482.1,Delivered,Card,Marketplace
FO001380,2026-02-16,2026-02-18,FC00147,FP0105,5,7024.21,0.2,28096.84,25788.95,2307.89,Delivered,COD,App
FO001381,2025-04-08,,FC00433,FP0059,5,6932.62,0.05,32929.94,19101.35,13828.59,Cancelled,Card,Web
FO001382,2025-04-17,2025-04-19,FC00598,FP0036,1,7738.34,0.2,6190.67,5200.24,990.43,Delivered,COD,Web
FO001383,2026-01-30,2026-02-04,FC00081,FP0076,3,2384.81,0.1,6438.99,4353.96,2085.03,Delivered,Wallet,Web
FO001384,2024-06-09,,FC00131,FP0027,4,2801.39,0,11205.56,8660.04,2545.52,Cancelled,Wallet,App
FO001385,2026-02-03,2026-02-04,FC00150,FP0011,5,4973.23,0,24866.15,18957.6,5908.55,Delivered,Card,Marketplace
FO001386,2024-05-20,2024-05-25,FC00541,FP0135,4,3393.68,0.15,11538.51,6833.6,4704.91,Delivered,COD,Marketplace
FO001387,2024-11-15,2024-11-18,FC00731,FP0095,1,4214.31,0,4214.31,3248.61,965.7,Delivered,Wallet,App
FO001388,2026-03-21,2026-03-26,FC00307,FP0089,3,7208.67,0.05,20544.71,14785.8,5758.91,Delivered,Wallet,Marketplace
FO001389,2024-04-04,2024-04-05,FC00622,FP0044,5,1760.04,0.2,7040.16,4164.55,2875.61,Delivered,COD,Web
FO001390,2025-05-19,2025-05-20,FC00398,FP0113,2,6018.81,0.05,11435.74,8360.86,3074.88,Returned,UPI,Web
FO001391,2024-10-03,2024-10-05,FC00228,FP0044,3,1760.04,0,5280.12,2498.73,2781.39,Delivered,Card,Web
FO001392,2026-04-19,2026-04-20,FC00751,FP0082,4,3600.56,0,14402.24,9618.92,4783.32,Delivered,Wallet,Marketplace
FO001393,2025-10-18,2025-10-19,FC00155,FP0060,4,1889.38,0.05,7179.64,3576.88,3602.76,Delivered,COD,App
FO001394,2025-12-28,2026-01-02,FC00586,FP0112,4,7352.99,0.15,25000.17,17539.52,7460.65,Delivered,Card,Marketplace
FO001395,2025-04-29,2025-04-30,FC00412,FP0075,2,1589.63,0.15,2702.37,1454.42,1247.95,Shipped,Card,App
FO001396,2025-12-29,2026-01-03,FC00432,FP0040,3,1044.51,0.2,2506.82,1516.38,990.44,Delivered,UPI,App
FO001397,2024-03-15,2024-03-17,FC00703,FP0067,5,1512.27,0.1,6805.22,5043.45,1761.77,Delivered,Card,App
FO001398,2024-02-13,2024-02-18,FC00229,FP0063,4,5604.39,0.05,21296.68,14286.12,7010.56,Delivered,COD,App
FO001399,2024-11-16,2024-11-19,FC00632,FP0137,3,5774.99,0.2,13859.98,10669.89,3190.09,Delivered,COD,Web
FO001400,2026-03-22,,FC00221,FP0104,2,7540.37,0.15,12818.63,7844.86,4973.77,Cancelled,Card,Marketplace
FO001401,2025-05-05,2025-05-09,FC00626,FP0015,4,8865.5,0,35462.0,26939.36,8522.64,Delivered,Wallet,Marketplace
FO001402,2025-05-12,2025-05-16,FC00200,FP0081,2,6700.25,0.2,10720.4,6338.56,4381.84,Delivered,UPI,Marketplace
FO001403,2026-02-14,2026-02-19,FC00049,FP0013,2,5090.72,0.2,8145.15,5422.54,2722.61,Delivered,UPI,Web
FO001404,2025-11-19,2025-11-24,FC00763,FP0039,2,2919.84,0,5839.68,2746.86,3092.82,Delivered,UPI,App
FO001405,2024-10-22,2024-10-25,FC00094,FP0051,2,362.42,0.05,688.6,450.8,237.8,Delivered,Card,Web
FO001406,2025-10-20,2025-10-23,FC00159,FP0003,1,7444.42,0.1,6699.98,3849.78,2850.2,Shipped,Wallet,Marketplace
FO001407,2025-08-26,2025-08-31,FC00322,FP0113,2,6018.81,0.05,11435.74,8360.86,3074.88,Delivered,UPI,Marketplace
FO001408,2024-07-01,2024-07-03,FC00491,FP0082,5,3600.56,0.1,16202.52,12023.65,4178.87,Delivered,UPI,App
FO001409,2025-04-23,2025-04-28,FC00165,FP0083,2,588.68,0,1177.36,658.96,518.4,Delivered,COD,App
FO001410,2026-01-04,2026-01-08,FC00162,FP0099,1,8753.38,0.05,8315.71,4633.69,3682.02,Delivered,Card,Marketplace
FO001411,2026-05-20,2026-05-24,FC00726,FP0009,4,5129.07,0.2,16413.02,10448.12,5964.9,Returned,Wallet,Marketplace
FO001412,2024-04-29,2024-05-03,FC00098,FP0010,5,4028.79,0.05,19136.75,13966.85,5169.9,Delivered,UPI,App
FO001413,2025-05-10,2025-05-14,FC00675,FP0055,4,5232.43,0,20929.72,14721.44,6208.28,Delivered,Card,Marketplace
FO001414,2026-04-28,2026-04-30,FC00320,FP0036,2,7738.34,0,15476.68,10400.48,5076.2,Delivered,COD,Web
FO001415,2024-01-11,2024-01-13,FC00154,FP0145,4,7366.74,0.05,27993.61,18756.84,9236.77,Delivered,COD,Marketplace
FO001416,2024-08-05,2024-08-07,FC00729,FP0023,2,4930.6,0.2,7888.96,5151.98,2736.98,Delivered,Card,Web
FO001417,2025-09-09,2025-09-14,FC00184,FP0002,5,6892.88,0.15,29294.74,22358.55,6936.19,Delivered,COD,Marketplace
FO001418,2024-02-26,2024-02-27,FC00291,FP0062,4,6579.03,0,26316.12,11902.88,14413.24,Delivered,Wallet,App
FO001419,2024-03-02,2024-03-04,FC00319,FP0064,3,6408.04,0.2,15379.3,13115.7,2263.6,Shipped,UPI,Web
FO001420,2026-03-06,2026-03-07,FC00706,FP0027,5,2801.39,0.2,11205.56,10825.05,380.51,Delivered,UPI,Marketplace
FO001421,2024-05-16,,FC00446,FP0122,1,1597.73,0,1597.73,1030.65,567.08,Cancelled,Card,Web
FO001422,2024-09-09,2024-09-12,FC00201,FP0118,5,5177.32,0.05,24592.27,14206.8,10385.47,Delivered,COD,Web
FO001423,2024-07-27,2024-07-29,FC00731,FP0022,4,5006.4,0.05,19024.32,14295.6,4728.72,Delivered,COD,Marketplace
FO001424,2025-03-11,2025-03-15,FC00656,FP0014,3,2335.19,0.2,5604.46,3320.73,2283.73,Delivered,Wallet,Marketplace
FO001425,2024-12-01,2024-12-02,FC00771,FP0027,2,2801.39,0.15,4762.36,4330.02,432.34,Shipped,COD,Web
FO001426,2024-10-22,2024-10-24,FC00058,FP0083,2,588.68,0.2,941.89,658.96,282.93,Delivered,COD,App
FO001427,2025-07-12,2025-07-14,FC00039,FP0021,5,5809.66,0.1,26143.47,19565.6,6577.87,Delivered,Wallet,Web
FO001428,2024-05-23,2024-05-25,FC00537,FP0059,5,6932.62,0.1,31196.79,19101.35,12095.44,Delivered,Wallet,Web
FO001429,2024-07-14,2024-07-17,FC00666,FP0140,3,2871.91,0.15,7323.37,4990.38,2332.99,Delivered,Card,Web
FO001430,2024-11-10,2024-11-12,FC00244,FP0016,2,2502.51,0.2,4004.02,2568.88,1435.14,Delivered,UPI,Web
FO001431,2025-09-16,2025-09-17,FC00106,FP0060,5,1889.38,0.1,8502.21,4471.1,4031.11,Delivered,Card,App
FO001432,2025-11-05,2025-11-07,FC00262,FP0020,3,7904.14,0.2,18969.94,11660.52,7309.42,Delivered,Card,App
FO001433,2025-08-13,2025-08-17,FC00485,FP0103,1,4863.91,0,4863.91,2522.53,2341.38,Delivered,Card,Web
FO001434,2025-07-14,2025-07-16,FC00588,FP0057,4,2898.29,0.15,9854.19,8294.2,1559.99,Delivered,COD,Web
FO001435,2025-12-25,2025-12-28,FC00678,FP0119,2,8688.16,0,17376.32,11689.94,5686.38,Delivered,COD,Web
FO001436,2024-07-12,2024-07-13,FC00616,FP0064,1,6408.04,0.15,5446.83,4371.9,1074.93,Delivered,Wallet,App
FO001437,2024-12-03,2024-12-07,FC00058,FP0016,1,2502.51,0.15,2127.13,1284.44,842.69,Delivered,Wallet,Web
FO001438,2026-07-23,2026-07-24,FC00260,FP0131,1,5348.1,0.1,4813.29,3575.05,1238.24,Delivered,UPI,Web
FO001439,2024-12-14,2024-12-17,FC00421,FP0100,3,2392.72,0.2,5742.53,3606.42,2136.11,Delivered,UPI,Web
FO001440,2024-06-29,2024-07-03,FC00119,FP0064,5,6408.04,0.1,28836.18,21859.5,6976.68,Shipped,Wallet,Web
FO001441,2024-09-02,2024-09-06,FC00163,FP0059,1,6932.62,0.15,5892.73,3820.27,2072.46,Delivered,UPI,Marketplace
FO001442,2025-01-31,2025-02-02,FC00487,FP0097,1,408.56,0.2,326.85,307.98,18.87,Delivered,COD,App
FO001443,2026-04-25,2026-04-27,FC00771,FP0058,5,7791.14,0,38955.7,24047.3,14908.4,Delivered,Wallet,Web
FO001444,2025-03-12,2025-03-14,FC00403,FP0098,4,8268.49,0.1,29766.56,21982.0,7784.56,Delivered,COD,App
FO001445,2025-04-05,2025-04-06,FC00716,FP0087,2,4087.92,0.15,6949.46,4292.96,2656.5,Delivered,COD,Web
FO001446,2026-05-06,2026-05-10,FC00358,FP0001,5,210.57,0.15,894.92,549.0,345.92,Delivered,Wallet,App
FO001447,2024-07-15,2024-07-18,FC00781,FP0081,4,6700.25,0,26801.0,12677.12,14123.88,Delivered,Card,Web
FO001448,2026-03-17,2026-03-20,FC00358,FP0027,3,2801.39,0,8404.17,6495.03,1909.14,Delivered,COD,Marketplace
FO001449,2025-09-19,2025-09-24,FC00249,FP0073,3,3772.01,0.2,9052.82,6232.08,2820.74,Delivered,Card,Web
FO001450,2024-02-22,2024-02-24,FC00423,FP0054,4,3389.15,0,13556.6,7711.32,5845.28,Delivered,Card,App
FO001451,2025-09-01,2025-09-02,FC00190,FP0111,4,2277.23,0,9108.92,5053.4,4055.52,Delivered,UPI,App
FO001452,2024-06-06,2024-06-10,FC00333,FP0064,4,6408.04,0.2,20505.73,17487.6,3018.13,Delivered,COD,App
FO001453,2025-01-18,2025-01-20,FC00612,FP0128,1,6621.29,0.2,5297.03,5147.82,149.21,Delivered,COD,Marketplace
FO001454,2025-09-11,2025-09-12,FC00367,FP0010,3,4028.79,0.05,11482.05,8380.11,3101.94,Shipped,Wallet,App
FO001455,2026-05-10,2026-05-11,FC00021,FP0143,2,8786.1,0.15,14936.37,13199.28,1737.09,Delivered,COD,Web
FO001456,2025-11-01,2025-11-02,FC00776,FP0006,2,2389.7,0.1,4301.46,2578.28,1723.18,Delivered,COD,Marketplace
FO001457,2026-02-23,2026-02-27,FC00332,FP0028,5,1252.8,0.15,5324.4,4158.9,1165.5,Shipped,Wallet,Marketplace
FO001458,2025-03-17,,FC00374,FP0130,2,3439.37,0.05,6534.8,4464.46,2070.34,Cancelled,UPI,Marketplace
FO001459,2026-05-12,2026-05-16,FC00293,FP0138,1,8119.99,0.2,6495.99,5002.34,1493.65,Delivered,Card,Web
FO001460,2026-03-13,2026-03-16,FC00349,FP0139,2,2943.02,0,5886.04,4046.7,1839.34,Delivered,COD,Web
FO001461,2024-09-24,2024-09-26,FC00751,FP0033,5,2599.62,0,12998.1,7317.3,5680.8,Returned,Card,Marketplace
FO001462,2024-07-02,2024-07-05,FC00585,FP0024,3,723.69,0.1,1953.96,1215.42,738.54,Delivered,Card,App
FO001463,2025-04-20,2025-04-22,FC00286,FP0086,4,3161.12,0.1,11380.03,6965.04,4414.99,Delivered,COD,App
FO001464,2024-09-26,2024-09-29,FC00293,FP0068,5,7649.03,0,38245.15,26440.5,11804.65,Delivered,Wallet,App
FO001465,2024-12-18,2024-12-23,FC00653,FP0090,5,7705.8,0.15,32749.65,20783.1,11966.55,Delivered,UPI,App
FO001466,2026-06-09,2026-06-14,FC00402,FP0036,5,7738.34,0.1,34822.53,26001.2,8821.33,Delivered,UPI,App
FO001467,2024-05-29,2024-06-02,FC00726,FP0075,2,1589.63,0.05,3020.3,1454.42,1565.88,Delivered,COD,Marketplace
FO001468,2025-11-22,2025-11-24,FC00520,FP0144,2,1851.64,0.05,3518.12,2529.2,988.92,Delivered,UPI,Web
FO001469,2026-03-26,2026-03-31,FC00037,FP0097,3,408.56,0,1225.68,923.94,301.74,Delivered,COD,Web
FO001470,2024-11-22,2024-11-26,FC00627,FP0128,2,6621.29,0,13242.58,10295.64,2946.94,Delivered,COD,Web
FO001471,2025-12-24,2025-12-25,FC00652,FP0085,3,4839.7,0,14519.1,7452.42,7066.68,Delivered,Card,Marketplace
FO001472,2025-03-21,2025-03-26,FC00131,FP0053,5,439.66,0.15,1868.56,1157.85,710.71,Delivered,COD,Web
FO001473,2025-01-10,2025-01-13,FC00059,FP0119,1,8688.16,0.05,8253.75,5844.97,2408.78,Delivered,COD,Marketplace
FO001474,2024-08-20,2024-08-21,FC00209,FP0106,4,5985.79,0.1,21548.84,15440.88,6107.96,Delivered,Card,Web
FO001475,2024-01-21,2024-01-23,FC00247,FP0032,1,5585.91,0,5585.91,3356.22,2229.69,Delivered,Card,Web
FO001476,2024-03-16,2024-03-21,FC00157,FP0008,4,573.37,0.1,2064.13,1770.76,293.37,Returned,COD,Marketplace
FO001477,2024-11-25,2024-11-30,FC00454,FP0003,2,7444.42,0,14888.84,7699.56,7189.28,Delivered,UPI,Web
FO001478,2026-01-17,2026-01-22,FC00112,FP0080,4,5963.59,0.05,22661.64,12824.76,9836.88,Delivered,COD,App
FO001479,2025-03-27,2025-03-28,FC00461,FP0059,5,6932.62,0,34663.1,19101.35,15561.75,Delivered,Card,App
FO001480,2024-02-23,2024-02-24,FC00089,FP0144,5,1851.64,0.1,8332.38,6323.0,2009.38,Delivered,COD,App
FO001481,2025-05-27,,FC00166,FP0048,1,5765.37,0.1,5188.83,3929.59,1259.24,Cancelled,UPI,Web
FO001482,2026-08-17,2026-08-19,FC00586,FP0058,4,7791.14,0,31164.56,19237.84,11926.72,Shipped,Wallet,App
FO001483,2024-03-09,2024-03-14,FC00396,FP0075,2,1589.63,0.05,3020.3,1454.42,1565.88,Delivered,UPI,App
FO001484,2026-07-15,2026-07-17,FC00450,FP0094,4,8583.13,0.05,32615.89,17952.4,14663.49,Delivered,Wallet,Marketplace
FO001485,2025-11-22,2025-11-23,FC00678,FP0102,2,7850.95,0,15701.9,11222.24,4479.66,Delivered,Card,Web
FO001486,2025-07-15,2025-07-18,FC00753,FP0055,1,5232.43,0.15,4447.57,3680.36,767.21,Delivered,Wallet,Web
FO001487,2024-12-14,2024-12-16,FC00503,FP0001,2,210.57,0,421.14,219.6,201.54,Shipped,Card,Web
FO001488,2025-02-13,2025-02-15,FC00385,FP0053,5,439.66,0.1,1978.47,1157.85,820.62,Delivered,COD,App
FO001489,2024-11-10,2024-11-13,FC00427,FP0024,4,723.69,0,2894.76,1620.56,1274.2,Delivered,Card,Marketplace
FO001490,2025-08-29,2025-08-30,FC00618,FP0117,1,3955.57,0.15,3362.23,2541.82,820.41,Delivered,Card,Marketplace
FO001491,2024-06-27,2024-07-02,FC00354,FP0004,2,2567.54,0.05,4878.33,2880.88,1997.45,Delivered,Wallet,Web
FO001492,2025-11-22,2025-11-24,FC00142,FP0022,2,5006.4,0.05,9512.16,7147.8,2364.36,Delivered,UPI,Web
FO001493,2024-06-02,2024-06-05,FC00531,FP0143,2,8786.1,0.1,15814.98,13199.28,2615.7,Delivered,UPI,Marketplace
FO001494,2025-10-29,2025-11-01,FC00520,FP0149,5,6293.48,0.1,28320.66,23654.6,4666.06,Delivered,COD,Web
FO001495,2024-07-20,2024-07-24,FC00610,FP0036,1,7738.34,0.05,7351.42,5200.24,2151.18,Delivered,UPI,Marketplace
FO001496,2025-07-25,,FC00118,FP0068,5,7649.03,0.15,32508.38,26440.5,6067.88,Cancelled,Wallet,Web
FO001497,2024-04-07,2024-04-08,FC00584,FP0023,2,4930.6,0.15,8382.02,5151.98,3230.04,Delivered,COD,App
FO001498,2026-07-06,2026-07-08,FC00679,FP0025,4,3658.51,0.1,13170.64,6988.68,6181.96,Shipped,COD,Web
FO001499,2025-05-23,2025-05-28,FC00688,FP0127,2,2634.4,0.1,4741.92,3081.02,1660.9,Delivered,UPI,Marketplace
FO001500,2025-12-17,2025-12-19,FC00629,FP0037,3,1147.6,0.2,2754.24,2311.44,442.8,Delivered,UPI,App
FO001501,2026-07-28,2026-07-31,FC00396,FP0067,4,1512.27,0.1,5444.17,4034.76,1409.41,Delivered,Wallet,App
FO001502,2024-06-28,2024-06-29,FC00397,FP0008,1,573.37,0,573.37,442.69,130.68,Delivered,COD,Web
FO001503,2024-02-22,2024-02-27,FC00059,FP0009,5,5129.07,0.15,21798.55,13060.15,8738.4,Returned,COD,Web
FO001504,2024-06-04,2024-06-07,FC00642,FP0077,4,5603.86,0.05,21294.67,11025.8,10268.87,Shipped,Card,App
FO001505,2025-06-01,2025-06-03,FC00354,FP0053,5,439.66,0.15,1868.56,1157.85,710.71,Delivered,Card,Marketplace
FO001506,2025-04-09,2025-04-12,FC00573,FP0122,5,1597.73,0.1,7189.78,5153.25,2036.53,Delivered,UPI,App
FO001507,2024-01-26,2024-01-27,FC00315,FP0131,1,5348.1,0.1,4813.29,3575.05,1238.24,Delivered,Wallet,Marketplace
FO001508,2025-12-10,2025-12-14,FC00510,FP0148,5,2392.78,0.2,9571.12,5722.3,3848.82,Delivered,COD,App
FO001509,2025-12-01,2025-12-06,FC00157,FP0057,4,2898.29,0,11593.16,8294.2,3298.96,Delivered,UPI,Web
FO001510,2026-08-23,2026-08-27,FC00660,FP0075,4,1589.63,0.15,5404.74,2908.84,2495.9,Delivered,Wallet,App
FO001511,2025-06-26,2025-06-30,FC00609,FP0039,1,2919.84,0,2919.84,1373.43,1546.41,Delivered,COD,App
FO001512,2025-08-17,2025-08-19,FC00729,FP0007,4,8720.63,0.05,33138.39,23448.72,9689.67,Delivered,COD,Web
FO001513,2025-01-29,2025-02-03,FC00645,FP0084,5,5736.42,0,28682.1,18911.35,9770.75,Delivered,Card,App
FO001514,2026-03-26,2026-03-29,FC00599,FP0102,1,7850.95,0,7850.95,5611.12,2239.83,Delivered,Card,Web
FO001515,2026-05-25,2026-05-28,FC00682,FP0007,3,8720.63,0.1,23545.7,17586.54,5959.16,Delivered,COD,Marketplace
FO001516,2024-02-16,2024-02-19,FC00430,FP0087,5,4087.92,0.15,17373.66,10732.4,6641.26,Delivered,Card,Marketplace
FO001517,2026-04-23,2026-04-26,FC00581,FP0083,4,588.68,0.15,2001.51,1317.92,683.59,Delivered,Card,Marketplace
FO001518,2026-04-12,2026-04-15,FC00009,FP0014,4,2335.19,0.2,7472.61,4427.64,3044.97,Delivered,Card,App
FO001519,2024-11-27,,FC00267,FP0101,5,1034.69,0.15,4397.43,3800.65,596.78,Cancelled,COD,Web
FO001520,2025-12-20,2025-12-25,FC00035,FP0094,1,8583.13,0.2,6866.5,4488.1,2378.4,Delivered,UPI,Web
FO001521,2025-01-23,2025-01-28,FC00185,FP0073,2,3772.01,0,7544.02,4154.72,3389.3,Delivered,COD,Marketplace
FO001522,2024-07-02,2024-07-04,FC00125,FP0144,2,1851.64,0,3703.28,2529.2,1174.08,Delivered,COD,App
FO001523,2024-10-08,2024-10-11,FC00477,FP0120,5,1814.22,0.2,7256.88,4258.65,2998.23,Delivered,UPI,App
FO001524,2024-01-25,2024-01-30,FC00170,FP0149,4,6293.48,0.2,20139.14,18923.68,1215.46,Delivered,Card,App
FO001525,2025-01-30,2025-01-31,FC00266,FP0123,5,8591.64,0,42958.2,28690.45,14267.75,Delivered,Wallet,Web
FO001526,2026-01-03,,FC00420,FP0150,3,1525.45,0.15,3889.9,2949.09,940.81,Cancelled,UPI,Web
FO001527,2025-04-17,2025-04-18,FC00590,FP0135,3,3393.68,0.2,8144.83,5125.2,3019.63,Delivered,UPI,App
FO001528,2026-03-01,2026-03-05,FC00798,FP0029,3,8582.57,0,25747.71,18701.58,7046.13,Delivered,Wallet,App
FO001529,2025-01-03,2025-01-04,FC00607,FP0091,5,4842.26,0.2,19369.04,18877.75,491.29,Delivered,Card,App
FO001530,2026-03-24,2026-03-26,FC00166,FP0120,1,1814.22,0,1814.22,851.73,962.49,Delivered,Card,Web
FO001531,2024-03-13,2024-03-16,FC00777,FP0059,3,6932.62,0.05,19757.97,11460.81,8297.16,Delivered,COD,Marketplace
FO001532,2026-06-11,2026-06-14,FC00286,FP0137,1,5774.99,0.2,4619.99,3556.63,1063.36,Delivered,Card,Web
FO001533,2025-07-21,,FC00319,FP0026,5,8378.01,0.2,33512.04,26155.0,7357.04,Cancelled,UPI,Marketplace
FO001534,2024-07-16,2024-07-17,FC00231,FP0013,1,5090.72,0.1,4581.65,2711.27,1870.38,Delivered,Card,Web
FO001535,2024-03-18,2024-03-20,FC00456,FP0001,1,210.57,0,210.57,109.8,100.77,Delivered,UPI,App
FO001536,2025-04-05,2025-04-07,FC00629,FP0073,3,3772.01,0.2,9052.82,6232.08,2820.74,Delivered,UPI,Web
FO001537,2024-08-26,2024-08-28,FC00105,FP0008,1,573.37,0.1,516.03,442.69,73.34,Delivered,Card,Web
FO001538,2025-02-09,2025-02-12,FC00082,FP0120,4,1814.22,0.1,6531.19,3406.92,3124.27,Delivered,COD,App
FO001539,2025-05-15,2025-05-17,FC00218,FP0119,3,8688.16,0,26064.48,17534.91,8529.57,Returned,Wallet,Marketplace
FO001540,2025-04-03,,FC00378,FP0142,1,2779.44,0.05,2640.47,1550.48,1089.99,Cancelled,COD,Web
FO001541,2026-08-23,2026-08-27,FC00673,FP0127,5,2634.4,0,13172.0,7702.55,5469.45,Delivered,Wallet,App
FO001542,2024-02-11,2024-02-14,FC00593,FP0011,1,4973.23,0,4973.23,3791.52,1181.71,Delivered,COD,App
FO001543,2025-12-06,2025-12-08,FC00166,FP0150,1,1525.45,0.1,1372.9,983.03,389.87,Delivered,UPI,Marketplace
FO001544,2025-05-28,2025-05-29,FC00737,FP0086,4,3161.12,0,12644.48,6965.04,5679.44,Delivered,Card,Marketplace
FO001545,2025-11-23,2025-11-28,FC00146,FP0118,5,5177.32,0.2,20709.28,14206.8,6502.48,Delivered,UPI,App
FO001546,2026-04-06,2026-04-08,FC00350,FP0143,4,8786.1,0,35144.4,26398.56,8745.84,Delivered,COD,Web
FO001547,2024-03-29,2024-04-01,FC00438,FP0015,2,8865.5,0.05,16844.45,13469.68,3374.77,Delivered,UPI,Marketplace
FO001548,2025-06-12,2025-06-16,FC00651,FP0047,4,8632.68,0,34530.72,15713.96,18816.76,Delivered,COD,Web
FO001549,2025-11-11,2025-11-13,FC00405,FP0113,3,6018.81,0.1,16250.79,12541.29,3709.5,Delivered,UPI,Web
FO001550,2024-12-11,2024-12-14,FC00003,FP0028,4,1252.8,0.1,4510.08,3327.12,1182.96,Delivered,Card,App
FO001551,2025-02-22,2025-02-27,FC00583,FP0038,4,2344.11,0,9376.44,6746.64,2629.8,Delivered,COD,Marketplace
FO001552,2025-09-30,,FC00345,FP0009,5,5129.07,0,25645.35,13060.15,12585.2,Cancelled,COD,App
FO001553,2025-04-03,2025-04-05,FC00074,FP0058,1,7791.14,0.15,6622.47,4809.46,1813.01,Delivered,COD,Marketplace
FO001554,2025-07-28,2025-08-01,FC00248,FP0051,1,362.42,0.15,308.06,225.4,82.66,Delivered,COD,Web
FO001555,2024-02-22,2024-02-25,FC00755,FP0129,1,8281.13,0.2,6624.9,5277.5,1347.4,Delivered,COD,Web
FO001556,2025-06-30,2025-07-03,FC00449,FP0125,3,3663.38,0.1,9891.13,8108.52,1782.61,Shipped,UPI,Marketplace
FO001557,2026-03-12,2026-03-14,FC00531,FP0113,3,6018.81,0,18056.43,12541.29,5515.14,Delivered,Card,App
FO001558,2024-04-26,,FC00766,FP0092,3,1308.85,0,3926.55,2524.47,1402.08,Cancelled,UPI,Marketplace
FO001559,2026-05-18,2026-05-23,FC00416,FP0136,3,2234.55,0,6703.65,5117.82,1585.83,Delivered,UPI,Web
FO001560,2026-08-25,2026-08-30,FC00342,FP0055,2,5232.43,0.1,9418.37,7360.72,2057.65,Delivered,Wallet,Marketplace
FO001561,2024-07-09,2024-07-14,FC00168,FP0093,5,717.83,0.1,3230.24,1887.55,1342.69,Delivered,COD,Web
FO001562,2024-01-06,2024-01-07,FC00255,FP0126,4,8367.43,0.05,31796.23,16770.48,15025.75,Delivered,COD,App
FO001563,2025-12-30,2026-01-03,FC00162,FP0007,1,8720.63,0,8720.63,5862.18,2858.45,Delivered,UPI,Marketplace
FO001564,2024-06-27,2024-06-29,FC00383,FP0131,5,5348.1,0.1,24066.45,17875.25,6191.2,Delivered,COD,Web
FO001565,2025-03-15,2025-03-17,FC00745,FP0071,5,1700.58,0.1,7652.61,6361.2,1291.41,Delivered,Wallet,Marketplace
FO001566,2025-12-02,2025-12-07,FC00739,FP0038,4,2344.11,0.15,7969.97,6746.64,1223.33,Delivered,COD,App
FO001567,2026-01-16,2026-01-17,FC00664,FP0033,1,2599.62,0.1,2339.66,1463.46,876.2,Delivered,Wallet,App
FO001568,2026-06-28,2026-07-03,FC00638,FP0024,3,723.69,0.05,2062.52,1215.42,847.1,Delivered,COD,Web
FO001569,2024-04-29,2024-05-02,FC00169,FP0132,4,8467.19,0.2,27095.01,21624.04,5470.97,Delivered,Card,App
FO001570,2026-06-01,2026-06-04,FC00296,FP0095,1,4214.31,0.2,3371.45,3248.61,122.84,Delivered,Card,App
FO001571,2026-06-08,2026-06-12,FC00416,FP0138,2,8119.99,0.15,13803.98,10004.68,3799.3,Delivered,Wallet,App
FO001572,2026-08-25,2026-08-27,FC00696,FP0090,1,7705.8,0,7705.8,4156.62,3549.18,Delivered,Wallet,Marketplace
FO001573,2026-05-05,2026-05-10,FC00049,FP0026,2,8378.01,0.2,13404.82,10462.0,2942.82,Delivered,COD,Marketplace
FO001574,2025-12-21,2025-12-22,FC00720,FP0142,1,2779.44,0.05,2640.47,1550.48,1089.99,Delivered,COD,Marketplace
FO001575,2025-11-21,2025-11-23,FC00760,FP0010,2,4028.79,0.2,6446.06,5586.74,859.32,Shipped,COD,App
FO001576,2024-01-23,2024-01-28,FC00062,FP0058,2,7791.14,0.2,12465.82,9618.92,2846.9,Delivered,Card,Web
FO001577,2024-10-03,2024-10-04,FC00668,FP0077,5,5603.86,0.15,23816.4,13782.25,10034.15,Delivered,UPI,Web
FO001578,2024-12-25,,FC00287,FP0123,1,8591.64,0,8591.64,5738.09,2853.55,Cancelled,COD,Marketplace
FO001579,2024-02-16,2024-02-17,FC00448,FP0031,2,938.39,0,1876.78,1409.42,467.36,Delivered,Wallet,Marketplace
FO001580,2026-02-08,2026-02-11,FC00331,FP0046,4,4437.46,0,17749.84,10355.8,7394.04,Delivered,Card,App
FO001581,2024-09-28,2024-10-03,FC00641,FP0043,2,2276.32,0.15,3869.74,2810.54,1059.2,Delivered,Card,Web
FO001582,2025-05-17,2025-05-21,FC00363,FP0006,4,2389.7,0.15,8124.98,5156.56,2968.42,Delivered,Card,App
FO001583,2025-03-18,2025-03-19,FC00036,FP0050,3,3182.54,0,9547.62,7098.72,2448.9,Shipped,Wallet,App
FO001584,2025-06-09,2025-06-11,FC00194,FP0138,3,8119.99,0,24359.97,15007.02,9352.95,Delivered,UPI,App
FO001585,2025-07-06,2025-07-08,FC00060,FP0061,2,3489.93,0.05,6630.87,3864.54,2766.33,Delivered,Wallet,Marketplace
FO001586,2025-01-01,2025-01-04,FC00146,FP0022,3,5006.4,0.05,14268.24,10721.7,3546.54,Delivered,COD,Web
FO001587,2024-06-02,2024-06-04,FC00782,FP0065,4,6416.13,0,25664.52,12093.4,13571.12,Shipped,UPI,App
FO001588,2025-01-06,2025-01-11,FC00328,FP0147,3,6012.15,0.15,15330.98,12843.78,2487.2,Delivered,UPI,Web
FO001589,2024-08-31,2024-09-03,FC00095,FP0143,3,8786.1,0.05,25040.39,19798.92,5241.47,Shipped,Wallet,App
FO001590,2025-03-25,2025-03-27,FC00683,FP0126,2,8367.43,0,16734.86,8385.24,8349.62,Delivered,Card,Web
FO001591,2024-03-12,2024-03-16,FC00204,FP0138,2,8119.99,0.05,15427.98,10004.68,5423.3,Delivered,COD,Marketplace
FO001592,2025-04-30,2025-05-05,FC00314,FP0135,3,3393.68,0.2,8144.83,5125.2,3019.63,Delivered,Wallet,Web
FO001593,2024-09-11,2024-09-12,FC00474,FP0066,1,6676.95,0.1,6009.26,4515.63,1493.63,Returned,Wallet,Web
FO001594,2025-10-22,2025-10-27,FC00015,FP0006,5,2389.7,0.05,11351.07,6445.7,4905.37,Delivered,Wallet,Web
FO001595,2025-06-09,2025-06-11,FC00023,FP0109,2,6224.56,0.2,9959.3,7897.16,2062.14,Delivered,Wallet,App
FO001596,2025-11-11,2025-11-12,FC00778,FP0100,3,2392.72,0.15,6101.44,3606.42,2495.02,Delivered,COD,App
FO001597,2026-05-07,2026-05-12,FC00018,FP0059,2,6932.62,0,13865.24,7640.54,6224.7,Delivered,COD,Web
FO001598,2024-12-10,2024-12-14,FC00169,FP0116,5,7401.76,0,37008.8,25044.75,11964.05,Delivered,Card,Marketplace
FO001599,2024-11-06,2024-11-08,FC00043,FP0099,4,8753.38,0.1,31512.17,18534.76,12977.41,Delivered,Card,App
FO001600,2024-02-17,2024-02-21,FC00601,FP0109,3,6224.56,0,18673.68,11845.74,6827.94,Delivered,Wallet,App
FO001601,2024-03-03,2024-03-06,FC00350,FP0025,1,3658.51,0.1,3292.66,1747.17,1545.49,Delivered,Card,Web
FO001602,2024-11-08,2024-11-12,FC00049,FP0003,3,7444.42,0,22333.26,11549.34,10783.92,Delivered,Card,Marketplace
FO001603,2025-02-21,2025-02-23,FC00542,FP0087,5,4087.92,0.1,18395.64,10732.4,7663.24,Delivered,UPI,Web
FO001604,2025-09-05,2025-09-09,FC00688,FP0114,3,4147.68,0.05,11820.89,5750.46,6070.43,Delivered,COD,App
FO001605,2024-02-06,2024-02-10,FC00035,FP0143,2,8786.1,0,17572.2,13199.28,4372.92,Delivered,COD,Web
FO001606,2024-05-10,2024-05-11,FC00290,FP0132,5,8467.19,0.05,40219.15,27030.05,13189.1,Delivered,Wallet,App
FO001607,2024-05-03,2024-05-06,FC00098,FP0040,2,1044.51,0.15,1775.67,1010.92,764.75,Delivered,Wallet,App
FO001608,2025-07-09,2025-07-13,FC00501,FP0140,1,2871.91,0.05,2728.31,1663.46,1064.85,Delivered,UPI,Web
FO001609,2026-06-16,2026-06-20,FC00021,FP0139,2,2943.02,0.15,5003.13,4046.7,956.43,Delivered,Wallet,App
FO001610,2025-06-10,2025-06-11,FC00086,FP0096,5,7777.95,0.15,33056.29,19928.25,13128.04,Delivered,Card,Marketplace
FO001611,2025-11-21,2025-11-24,FC00074,FP0040,5,1044.51,0.05,4961.42,2527.3,2434.12,Delivered,COD,App
FO001612,2025-11-21,2025-11-25,FC00206,FP0057,2,2898.29,0.15,4927.09,4147.1,779.99,Delivered,COD,App
FO001613,2026-03-13,2026-03-15,FC00042,FP0052,3,7579.42,0.05,21601.35,17707.59,3893.76,Delivered,Wallet,Web
FO001614,2024-08-13,2024-08-14,FC00115,FP0041,3,4109.96,0,12329.88,5789.91,6539.97,Delivered,Wallet,Marketplace
FO001615,2024-02-06,2024-02-09,FC00367,FP0036,3,7738.34,0,23215.02,15600.72,7614.3,Shipped,COD,Web
FO001616,2024-04-02,2024-04-06,FC00373,FP0113,1,6018.81,0,6018.81,4180.43,1838.38,Delivered,Wallet,App
FO001617,2024-09-23,2024-09-25,FC00342,FP0105,3,7024.21,0.05,20019.0,15473.37,4545.63,Delivered,Wallet,App
FO001618,2024-12-31,2025-01-04,FC00790,FP0125,2,3663.38,0.15,6227.75,5405.68,822.07,Delivered,Card,Marketplace
FO001619,2025-09-26,2025-09-28,FC00405,FP0029,1,8582.57,0,8582.57,6233.86,2348.71,Delivered,COD,App
FO001620,2024-06-14,2024-06-16,FC00727,FP0099,3,8753.38,0.2,21008.11,13901.07,7107.04,Delivered,UPI,App
FO001621,2024-01-19,2024-01-21,FC00520,FP0027,5,2801.39,0,14006.95,10825.05,3181.9,Delivered,Card,App
FO001622,2025-06-02,2025-06-07,FC00702,FP0089,3,7208.67,0,21626.01,14785.8,6840.21,Delivered,Wallet,App
FO001623,2024-01-13,2024-01-15,FC00528,FP0056,1,2313.97,0.15,1966.87,1765.16,201.71,Delivered,UPI,Marketplace
FO001624,2025-07-18,2025-07-23,FC00012,FP0077,1,5603.86,0.05,5323.67,2756.45,2567.22,Delivered,UPI,Web
FO001625,2024-07-14,2024-07-16,FC00218,FP0125,3,3663.38,0.2,8792.11,8108.52,683.59,Shipped,UPI,Marketplace
FO001626,2024-04-03,2024-04-08,FC00389,FP0146,3,8900.1,0.1,24030.27,16898.19,7132.08,Delivered,Card,Web
FO001627,2024-02-25,2024-02-29,FC00688,FP0017,4,1613.62,0.05,6131.76,4091.64,2040.12,Delivered,UPI,Web
FO001628,2026-04-30,2026-05-04,FC00645,FP0050,2,3182.54,0.15,5410.32,4732.48,677.84,Delivered,UPI,App
FO001629,2024-12-20,2024-12-22,FC00256,FP0032,4,5585.91,0.15,18992.09,13424.88,5567.21,Delivered,COD,App
FO001630,2025-08-16,,FC00032,FP0146,2,8900.1,0.05,16910.19,11265.46,5644.73,Cancelled,Wallet,App
FO001631,2025-09-03,2025-09-04,FC00667,FP0146,2,8900.1,0.05,16910.19,11265.46,5644.73,Delivered,Card,App
FO001632,2024-08-10,2024-08-14,FC00055,FP0035,5,8849.44,0.05,42034.84,34048.5,7986.34,Delivered,COD,Web
FO001633,2025-11-14,2025-11-15,FC00259,FP0062,3,6579.03,0.1,17763.38,8927.16,8836.22,Delivered,Card,Marketplace
FO001634,2024-02-26,2024-02-27,FC00187,FP0112,2,7352.99,0.1,13235.38,8769.76,4465.62,Delivered,Card,App
FO001635,2024-04-27,2024-04-30,FC00715,FP0096,4,7777.95,0.15,26445.03,15942.6,10502.43,Delivered,UPI,Web
FO001636,2026-03-12,2026-03-17,FC00226,FP0026,2,8378.01,0.15,14242.62,10462.0,3780.62,Delivered,Wallet,Marketplace
FO001637,2024-02-07,2024-02-10,FC00261,FP0065,2,6416.13,0.05,12190.65,6046.7,6143.95,Delivered,Wallet,App
FO001638,2026-07-19,2026-07-24,FC00621,FP0147,2,6012.15,0.15,10220.65,8562.52,1658.13,Delivered,Card,Web
FO001639,2024-08-11,2024-08-13,FC00072,FP0135,2,3393.68,0.2,5429.89,3416.8,2013.09,Delivered,UPI,Marketplace
FO001640,2025-10-03,2025-10-05,FC00562,FP0005,4,936.51,0.2,2996.83,1702.4,1294.43,Delivered,COD,Marketplace
FO001641,2025-03-11,2025-03-15,FC00339,FP0044,2,1760.04,0.2,2816.06,1665.82,1150.24,Delivered,Card,App
FO001642,2024-02-28,2024-03-01,FC00150,FP0024,5,723.69,0.1,3256.61,2025.7,1230.91,Delivered,COD,Marketplace
FO001643,2026-06-21,2026-06-24,FC00781,FP0090,5,7705.8,0,38529.0,20783.1,17745.9,Delivered,Card,Web
FO001644,2026-08-30,,FC00227,FP0080,1,5963.59,0.15,5069.05,3206.19,1862.86,Cancelled,Card,Marketplace
FO001645,2026-07-06,2026-07-09,FC00668,FP0087,2,4087.92,0,8175.84,4292.96,3882.88,Delivered,Wallet,App
FO001646,2024-12-02,2024-12-04,FC00194,FP0075,2,1589.63,0,3179.26,1454.42,1724.84,Delivered,COD,App
FO001647,2025-08-15,2025-08-17,FC00778,FP0102,5,7850.95,0,39254.75,28055.6,11199.15,Delivered,UPI,Web
FO001648,2024-06-27,2024-07-02,FC00683,FP0105,1,7024.21,0.05,6673.0,5157.79,1515.21,Delivered,Card,Web
FO001649,2025-06-12,2025-06-15,FC00375,FP0021,2,5809.66,0,11619.32,7826.24,3793.08,Delivered,Wallet,Web
FO001650,2026-02-03,2026-02-07,FC00689,FP0078,5,2259.44,0,11297.2,6984.65,4312.55,Shipped,COD,Marketplace
FO001651,2024-12-08,2024-12-12,FC00137,FP0094,3,8583.13,0.2,20599.51,13464.3,7135.21,Delivered,Wallet,Marketplace
FO001652,2026-03-29,2026-03-31,FC00573,FP0038,1,2344.11,0.15,1992.49,1686.66,305.83,Returned,Card,Marketplace
FO001653,2025-10-31,,FC00248,FP0046,4,4437.46,0,17749.84,10355.8,7394.04,Cancelled,Card,Marketplace
FO001654,2025-12-26,2025-12-29,FC00424,FP0018,4,4845.28,0.05,18412.06,12193.88,6218.18,Returned,COD,Marketplace
FO001655,2025-04-12,2025-04-17,FC00369,FP0020,2,7904.14,0,15808.28,7773.68,8034.6,Delivered,COD,Web
FO001656,2025-12-29,2025-12-31,FC00419,FP0073,4,3772.01,0.2,12070.43,8309.44,3760.99,Delivered,UPI,Web
FO001657,2024-04-21,2024-04-22,FC00252,FP0033,4,2599.62,0,10398.48,5853.84,4544.64,Delivered,Card,Web
FO001658,2025-01-09,2025-01-11,FC00659,FP0146,4,8900.1,0,35600.4,22530.92,13069.48,Delivered,COD,Marketplace
FO001659,2026-06-09,2026-06-12,FC00637,FP0051,1,362.42,0.15,308.06,225.4,82.66,Delivered,UPI,App
FO001660,2024-01-06,2024-01-09,FC00032,FP0138,3,8119.99,0,24359.97,15007.02,9352.95,Delivered,UPI,App
FO001661,2024-09-18,2024-09-21,FC00074,FP0087,3,4087.92,0,12263.76,6439.44,5824.32,Shipped,COD,Web
FO001662,2025-08-01,2025-08-04,FC00229,FP0009,4,5129.07,0,20516.28,10448.12,10068.16,Delivered,Card,App
FO001663,2024-06-25,2024-06-28,FC00269,FP0137,5,5774.99,0.05,27431.2,17783.15,9648.05,Delivered,Wallet,Web
FO001664,2025-03-24,2025-03-26,FC00356,FP0139,4,2943.02,0.1,10594.87,8093.4,2501.47,Shipped,Wallet,Web
FO001665,2024-10-29,2024-11-01,FC00593,FP0102,3,7850.95,0,23552.85,16833.36,6719.49,Delivered,UPI,Web
FO001666,2026-01-05,2026-01-09,FC00780,FP0051,2,362.42,0,724.84,450.8,274.04,Delivered,COD,Marketplace
FO001667,2024-12-31,2025-01-02,FC00030,FP0146,1,8900.1,0.15,7565.09,5632.73,1932.36,Delivered,Wallet,Web
FO001668,2026-05-28,2026-06-02,FC00293,FP0067,1,1512.27,0.15,1285.43,1008.69,276.74,Shipped,Card,Web
FO001669,2026-07-29,2026-08-02,FC00597,FP0087,2,4087.92,0,8175.84,4292.96,3882.88,Delivered,Card,Web
FO001670,2024-04-25,2024-04-27,FC00538,FP0116,3,7401.76,0.2,17764.22,15026.85,2737.37,Delivered,Card,Web
FO001671,2025-04-02,2025-04-04,FC00434,FP0022,3,5006.4,0.2,12015.36,10721.7,1293.66,Delivered,UPI,Web
FO001672,2026-01-23,2026-01-26,FC00740,FP0015,2,8865.5,0.15,15071.35,13469.68,1601.67,Delivered,Card,Web
FO001673,2024-11-10,2024-11-15,FC00561,FP0107,4,8729.85,0.05,33173.43,21269.08,11904.35,Delivered,Card,App
FO001674,2024-01-20,2024-01-23,FC00348,FP0099,2,8753.38,0,17506.76,9267.38,8239.38,Delivered,COD,App
FO001675,2024-01-29,2024-02-02,FC00239,FP0034,3,4479.24,0.2,10750.18,6560.49,4189.69,Delivered,COD,Marketplace
FO001676,2025-08-17,2025-08-21,FC00299,FP0027,1,2801.39,0,2801.39,2165.01,636.38,Returned,COD,App
FO001677,2026-03-16,2026-03-19,FC00618,FP0020,2,7904.14,0.05,15017.87,7773.68,7244.19,Delivered,UPI,App
FO001678,2024-03-04,2024-03-05,FC00400,FP0088,2,3685.01,0.15,6264.52,4538.98,1725.54,Delivered,Card,Marketplace
FO001679,2025-03-30,2025-04-02,FC00771,FP0019,5,3439.44,0.1,15477.48,10877.5,4599.98,Delivered,COD,Web
FO001680,2024-08-31,2024-09-05,FC00574,FP0091,4,4842.26,0.05,18400.59,15102.2,3298.39,Delivered,Card,Marketplace
FO001681,2025-10-02,2025-10-05,FC00378,FP0042,1,1367.6,0,1367.6,903.16,464.44,Delivered,Wallet,Web
FO001682,2024-04-03,2024-04-08,FC00353,FP0106,3,5985.79,0,17957.37,11580.66,6376.71,Delivered,UPI,App
FO001683,2025-08-20,2025-08-23,FC00447,FP0097,2,408.56,0,817.12,615.96,201.16,Delivered,Card,Marketplace
FO001684,2026-08-20,2026-08-21,FC00552,FP0122,5,1597.73,0.15,6790.35,5153.25,1637.1,Delivered,COD,App
FO001685,2026-04-23,2026-04-27,FC00509,FP0033,1,2599.62,0,2599.62,1463.46,1136.16,Shipped,UPI,Web
FO001686,2024-11-03,2024-11-07,FC00673,FP0091,1,4842.26,0.05,4600.15,3775.55,824.6,Shipped,UPI,App
FO001687,2025-08-29,2025-08-31,FC00544,FP0136,2,2234.55,0.15,3798.74,3411.88,386.86,Delivered,Wallet,App
FO001688,2025-09-23,,FC00344,FP0022,3,5006.4,0.05,14268.24,10721.7,3546.54,Cancelled,Wallet,Web
FO001689,2025-12-16,2025-12-17,FC00054,FP0093,3,717.83,0,2153.49,1132.53,1020.96,Delivered,COD,Web
FO001690,2025-09-30,2025-10-05,FC00196,FP0149,5,6293.48,0.2,25173.92,23654.6,1519.32,Delivered,Wallet,Marketplace
FO001691,2025-10-02,2025-10-07,FC00267,FP0085,1,4839.7,0.15,4113.74,2484.14,1629.6,Delivered,Card,Web
FO001692,2025-12-17,2025-12-22,FC00021,FP0042,3,1367.6,0,4102.8,2709.48,1393.32,Delivered,UPI,Marketplace
FO001693,2024-11-05,2024-11-08,FC00436,FP0112,1,7352.99,0.2,5882.39,4384.88,1497.51,Delivered,UPI,App
FO001694,2026-03-20,2026-03-22,FC00091,FP0021,5,5809.66,0,29048.3,19565.6,9482.7,Delivered,COD,Marketplace
FO001695,2025-10-21,2025-10-24,FC00264,FP0093,5,717.83,0,3589.15,1887.55,1701.6,Delivered,COD,Web
FO001696,2026-04-01,2026-04-05,FC00249,FP0103,2,4863.91,0.1,8755.04,5045.06,3709.98,Delivered,Wallet,Marketplace
FO001697,2024-04-15,,FC00653,FP0109,5,6224.56,0,31122.8,19742.9,11379.9,Cancelled,UPI,Marketplace
FO001698,2025-10-13,2025-10-18,FC00002,FP0042,5,1367.6,0.15,5812.3,4515.8,1296.5,Delivered,COD,Web
FO001699,2025-10-05,2025-10-10,FC00087,FP0120,1,1814.22,0,1814.22,851.73,962.49,Delivered,Wallet,Marketplace
FO001700,2025-04-20,2025-04-24,FC00436,FP0123,3,8591.64,0,25774.92,17214.27,8560.65,Shipped,Card,Web
FO001701,2025-08-21,2025-08-26,FC00317,FP0100,2,2392.72,0.05,4546.17,2404.28,2141.89,Delivered,COD,Web
FO001702,2024-11-22,2024-11-23,FC00459,FP0120,2,1814.22,0,3628.44,1703.46,1924.98,Delivered,COD,App
FO001703,2024-05-24,2024-05-26,FC00680,FP0071,1,1700.58,0,1700.58,1272.24,428.34,Delivered,UPI,Web
FO001704,2026-01-10,2026-01-15,FC00477,FP0049,4,3120.66,0.2,9986.11,8592.24,1393.87,Delivered,UPI,App
FO001705,2025-06-18,2025-06-20,FC00542,FP0066,5,6676.95,0,33384.75,22578.15,10806.6,Delivered,Wallet,Web
FO001706,2024-02-11,2024-02-16,FC00528,FP0083,1,588.68,0.1,529.81,329.48,200.33,Delivered,Wallet,Web
FO001707,2024-04-30,2024-05-04,FC00777,FP0105,4,7024.21,0.15,23882.31,20631.16,3251.15,Delivered,COD,App
FO001708,2025-06-14,2025-06-17,FC00613,FP0109,4,6224.56,0.1,22408.42,15794.32,6614.1,Delivered,Card,Web
FO001709,2024-11-20,2024-11-21,FC00424,FP0083,4,588.68,0,2354.72,1317.92,1036.8,Delivered,COD,Marketplace
FO001710,2024-08-17,2024-08-19,FC00448,FP0043,1,2276.32,0.05,2162.5,1405.27,757.23,Delivered,COD,Web
FO001711,2026-01-25,2026-01-29,FC00636,FP0122,1,1597.73,0,1597.73,1030.65,567.08,Delivered,COD,Web
FO001712,2025-01-02,2025-01-03,FC00060,FP0067,2,1512.27,0,3024.54,2017.38,1007.16,Delivered,Card,Marketplace
FO001713,2025-02-22,2025-02-26,FC00654,FP0137,5,5774.99,0.15,24543.71,17783.15,6760.56,Delivered,Card,Web
FO001714,2024-06-07,2024-06-08,FC00622,FP0149,1,6293.48,0,6293.48,4730.92,1562.56,Delivered,Wallet,App
FO001715,2024-07-21,2024-07-22,FC00670,FP0096,3,7777.95,0,23333.85,11956.95,11376.9,Delivered,COD,Web
FO001716,2026-05-21,2026-05-25,FC00064,FP0026,3,8378.01,0,25134.03,15693.0,9441.03,Delivered,UPI,App
FO001717,2024-03-13,2024-03-15,FC00388,FP0009,1,5129.07,0.05,4872.62,2612.03,2260.59,Delivered,COD,App
FO001718,2024-05-29,2024-05-31,FC00024,FP0004,2,2567.54,0,5135.08,2880.88,2254.2,Delivered,UPI,Marketplace
FO001719,2025-10-06,2025-10-07,FC00632,FP0126,4,8367.43,0.1,30122.75,16770.48,13352.27,Delivered,Wallet,Marketplace
FO001720,2024-05-25,2024-05-26,FC00648,FP0026,3,8378.01,0,25134.03,15693.0,9441.03,Delivered,Card,App
FO001721,2025-04-16,2025-04-21,FC00597,FP0046,2,4437.46,0.15,7543.68,5177.9,2365.78,Delivered,COD,Marketplace
FO001722,2025-12-09,2025-12-10,FC00622,FP0069,5,3524.08,0.2,14096.32,12781.9,1314.42,Delivered,UPI,Marketplace
FO001723,2025-09-19,2025-09-20,FC00134,FP0005,2,936.51,0.2,1498.42,851.2,647.22,Delivered,Wallet,Marketplace
FO001724,2025-09-29,2025-10-02,FC00173,FP0071,2,1700.58,0.05,3231.1,2544.48,686.62,Delivered,Wallet,Marketplace
FO001725,2024-07-18,2024-07-19,FC00789,FP0037,1,1147.6,0,1147.6,770.48,377.12,Delivered,Card,Marketplace
FO001726,2026-06-23,2026-06-25,FC00367,FP0107,2,8729.85,0.1,15713.73,10634.54,5079.19,Delivered,COD,Web
FO001727,2024-07-14,2024-07-18,FC00347,FP0104,2,7540.37,0.05,14326.7,7844.86,6481.84,Delivered,UPI,Web
FO001728,2024-09-10,2024-09-12,FC00466,FP0149,4,6293.48,0.15,21397.83,18923.68,2474.15,Delivered,UPI,Marketplace
FO001729,2026-01-19,2026-01-21,FC00435,FP0105,3,7024.21,0.15,17911.74,15473.37,2438.37,Delivered,UPI,App
FO001730,2024-01-31,2024-02-04,FC00013,FP0041,2,4109.96,0,8219.92,3859.94,4359.98,Delivered,COD,App
FO001731,2025-10-03,2025-10-07,FC00121,FP0023,4,4930.6,0.15,16764.04,10303.96,6460.08,Delivered,UPI,Marketplace
FO001732,2026-05-15,2026-05-16,FC00051,FP0048,2,5765.37,0,11530.74,7859.18,3671.56,Delivered,COD,Web
FO001733,2025-04-03,2025-04-05,FC00559,FP0034,1,4479.24,0.1,4031.32,2186.83,1844.49,Delivered,COD,Marketplace
FO001734,2026-03-30,2026-04-04,FC00191,FP0062,1,6579.03,0.2,5263.22,2975.72,2287.5,Delivered,UPI,Marketplace
FO001735,2025-10-27,2025-10-31,FC00196,FP0030,3,7057.58,0,21172.74,14449.26,6723.48,Delivered,UPI,Marketplace
FO001736,2025-09-29,2025-10-03,FC00248,FP0063,1,5604.39,0.05,5324.17,3571.53,1752.64,Shipped,COD,Web
FO001737,2024-12-24,2024-12-25,FC00223,FP0047,5,8632.68,0,43163.4,19642.45,23520.95,Delivered,Card,App
FO001738,2024-11-12,2024-11-15,FC00794,FP0026,4,8378.01,0.15,28485.23,20924.0,7561.23,Delivered,Card,Marketplace
FO001739,2024-03-19,2024-03-22,FC00045,FP0137,2,5774.99,0.2,9239.98,7113.26,2126.72,Delivered,COD,App
FO001740,2024-07-23,2024-07-26,FC00523,FP0079,3,8401.85,0.2,20164.44,16633.26,3531.18,Returned,Card,Marketplace
FO001741,2025-06-11,2025-06-12,FC00381,FP0089,1,7208.67,0.05,6848.24,4928.6,1919.64,Delivered,Card,Marketplace
FO001742,2024-04-24,2024-04-28,FC00786,FP0119,1,8688.16,0.15,7384.94,5844.97,1539.97,Delivered,UPI,Web
FO001743,2026-05-12,2026-05-16,FC00620,FP0032,4,5585.91,0.05,21226.46,13424.88,7801.58,Delivered,UPI,Marketplace
FO001744,2025-01-03,2025-01-04,FC00516,FP0078,3,2259.44,0.15,5761.57,4190.79,1570.78,Delivered,COD,App
FO001745,2024-10-02,2024-10-03,FC00076,FP0071,1,1700.58,0.2,1360.46,1272.24,88.22,Delivered,UPI,Web
FO001746,2026-05-15,2026-05-20,FC00682,FP0115,1,2713.67,0.1,2442.3,2090.73,351.57,Delivered,Wallet,App
FO001747,2024-08-08,2024-08-11,FC00013,FP0032,2,5585.91,0.05,10613.23,6712.44,3900.79,Delivered,COD,Marketplace
FO001748,2024-04-06,2024-04-09,FC00784,FP0143,3,8786.1,0.05,25040.39,19798.92,5241.47,Delivered,Wallet,Marketplace
FO001749,2026-08-04,2026-08-07,FC00057,FP0008,5,573.37,0.15,2436.82,2213.45,223.37,Delivered,UPI,Web
FO001750,2025-08-19,,FC00142,FP0016,5,2502.51,0.2,10010.04,6422.2,3587.84,Cancelled,COD,App
FO001751,2025-05-16,2025-05-18,FC00061,FP0113,3,6018.81,0,18056.43,12541.29,5515.14,Delivered,Card,Marketplace
FO001752,2025-09-30,2025-10-05,FC00377,FP0112,1,7352.99,0.05,6985.34,4384.88,2600.46,Delivered,UPI,App
FO001753,2026-04-24,2026-04-27,FC00427,FP0051,4,362.42,0.1,1304.71,901.6,403.11,Delivered,Card,Web
FO001754,2024-06-20,2024-06-23,FC00624,FP0069,5,3524.08,0.05,16739.38,12781.9,3957.48,Delivered,Wallet,Marketplace
FO001755,2025-01-17,2025-01-20,FC00677,FP0103,4,4863.91,0,19455.64,10090.12,9365.52,Shipped,Wallet,App
FO001756,2025-07-14,2025-07-18,FC00143,FP0041,2,4109.96,0,8219.92,3859.94,4359.98,Returned,Card,Web
FO001757,2026-02-17,2026-02-22,FC00317,FP0113,3,6018.81,0,18056.43,12541.29,5515.14,Delivered,Card,App
FO001758,2026-08-28,2026-08-30,FC00364,FP0086,5,3161.12,0.1,14225.04,8706.3,5518.74,Delivered,Wallet,App
FO001759,2025-08-09,2025-08-10,FC00088,FP0007,3,8720.63,0.15,22237.61,17586.54,4651.07,Delivered,UPI,App
FO001760,2026-05-28,2026-05-29,FC00111,FP0123,1,8591.64,0,8591.64,5738.09,2853.55,Delivered,UPI,Marketplace
FO001761,2025-11-13,2025-11-17,FC00639,FP0055,3,5232.43,0.15,13342.7,11041.08,2301.62,Delivered,COD,App
FO001762,2026-01-27,2026-01-28,FC00326,FP0028,5,1252.8,0.15,5324.4,4158.9,1165.5,Delivered,Card,App
FO001763,2024-06-23,2024-06-28,FC00496,FP0024,1,723.69,0.15,615.14,405.14,210.0,Delivered,UPI,App
FO001764,2025-06-04,2025-06-05,FC00369,FP0038,5,2344.11,0.2,9376.44,8433.3,943.14,Delivered,COD,App
FO001765,2025-01-28,2025-02-01,FC00711,FP0014,1,2335.19,0.05,2218.43,1106.91,1111.52,Delivered,Card,Web
FO001766,2025-09-14,2025-09-16,FC00177,FP0110,2,504.22,0,1008.44,769.6,238.84,Delivered,UPI,App
FO001767,2025-10-19,2025-10-23,FC00269,FP0053,2,439.66,0.2,703.46,463.14,240.32,Delivered,COD,Web
FO001768,2024-12-30,2024-12-31,FC00642,FP0132,2,8467.19,0,16934.38,10812.02,6122.36,Shipped,COD,Marketplace
FO001769,2025-10-13,2025-10-17,FC00454,FP0054,4,3389.15,0,13556.6,7711.32,5845.28,Delivered,Card,Marketplace
FO001770,2024-05-11,2024-05-13,FC00182,FP0006,4,2389.7,0.15,8124.98,5156.56,2968.42,Delivered,UPI,Marketplace
FO001771,2025-02-07,2025-02-09,FC00111,FP0070,5,240.31,0.1,1081.39,648.35,433.04,Delivered,UPI,Web
FO001772,2025-10-24,2025-10-28,FC00642,FP0055,5,5232.43,0.05,24854.04,18401.8,6452.24,Delivered,COD,App
FO001773,2024-02-10,2024-02-14,FC00529,FP0014,5,2335.19,0.1,10508.36,5534.55,4973.81,Delivered,UPI,App
FO001774,2025-10-23,2025-10-25,FC00366,FP0023,5,4930.6,0.2,19722.4,12879.95,6842.45,Delivered,UPI,Web
FO001775,2025-02-03,,FC00054,FP0140,1,2871.91,0.2,2297.53,1663.46,634.07,Cancelled,Card,Web
FO001776,2025-06-14,2025-06-16,FC00366,FP0121,2,4465.29,0.1,8037.52,4165.06,3872.46,Delivered,COD,Marketplace
FO001777,2025-05-17,2025-05-22,FC00429,FP0086,3,3161.12,0.15,8060.86,5223.78,2837.08,Delivered,Wallet,Web
FO001778,2025-10-07,2025-10-11,FC00777,FP0112,1,7352.99,0.15,6250.04,4384.88,1865.16,Delivered,Wallet,App
FO001779,2025-02-03,2025-02-05,FC00060,FP0049,5,3120.66,0.2,12482.64,10740.3,1742.34,Delivered,Card,Web
FO001780,2024-05-02,2024-05-06,FC00446,FP0124,5,4028.63,0,20143.15,12513.65,7629.5,Delivered,COD,Marketplace
FO001781,2026-07-12,,FC00532,FP0016,3,2502.51,0.1,6756.78,3853.32,2903.46,Cancelled,Card,Web
FO001782,2024-08-02,2024-08-06,FC00397,FP0106,3,5985.79,0.2,14365.9,11580.66,2785.24,Delivered,UPI,Web
FO001783,2025-08-01,2025-08-06,FC00520,FP0048,2,5765.37,0,11530.74,7859.18,3671.56,Delivered,UPI,App
FO001784,2025-06-20,2025-06-24,FC00520,FP0094,4,8583.13,0.15,29182.64,17952.4,11230.24,Delivered,Wallet,Marketplace
FO001785,2024-08-10,2024-08-15,FC00702,FP0010,1,4028.79,0.15,3424.47,2793.37,631.1,Delivered,COD,App
FO001786,2025-08-01,2025-08-04,FC00723,FP0142,2,2779.44,0,5558.88,3100.96,2457.92,Delivered,Card,Marketplace
FO001787,2025-11-01,2025-11-06,FC00798,FP0032,4,5585.91,0,22343.64,13424.88,8918.76,Delivered,COD,Marketplace
FO001788,2024-03-07,2024-03-08,FC00593,FP0074,1,7560.0,0.15,6426.0,5328.4,1097.6,Delivered,UPI,App
FO001789,2025-02-19,2025-02-22,FC00368,FP0123,3,8591.64,0.1,23197.43,17214.27,5983.16,Delivered,UPI,Marketplace
FO001790,2026-07-27,2026-07-29,FC00531,FP0079,5,8401.85,0.1,37808.33,27722.1,10086.23,Shipped,Wallet,Web
FO001791,2024-06-04,2024-06-09,FC00060,FP0027,3,2801.39,0.2,6723.34,6495.03,228.31,Delivered,Card,Web
FO001792,2025-03-15,2025-03-17,FC00253,FP0066,1,6676.95,0.1,6009.26,4515.63,1493.63,Shipped,UPI,Web
FO001793,2024-06-17,2024-06-22,FC00029,FP0059,1,6932.62,0.15,5892.73,3820.27,2072.46,Delivered,COD,Marketplace
FO001794,2025-02-27,2025-03-01,FC00103,FP0134,1,6168.72,0.15,5243.41,3134.73,2108.68,Delivered,Card,Marketplace
FO001795,2024-12-29,2024-12-30,FC00576,FP0029,3,8582.57,0,25747.71,18701.58,7046.13,Delivered,Wallet,App
FO001796,2025-06-18,2025-06-23,FC00748,FP0048,4,5765.37,0.05,21908.41,15718.36,6190.05,Delivered,Card,Marketplace
FO001797,2024-07-04,2024-07-08,FC00018,FP0049,3,3120.66,0,9361.98,6444.18,2917.8,Delivered,Wallet,Web
FO001798,2025-11-05,2025-11-07,FC00057,FP0125,3,3663.38,0.15,9341.62,8108.52,1233.1,Delivered,Card,Marketplace
FO001799,2026-06-18,2026-06-20,FC00013,FP0101,5,1034.69,0.2,4138.76,3800.65,338.11,Delivered,Card,Web
FO001800,2025-12-28,2025-12-30,FC00291,FP0135,3,3393.68,0.1,9162.94,5125.2,4037.74,Delivered,UPI,Marketplace
FO001801,2025-03-27,2025-04-01,FC00533,FP0082,4,3600.56,0.05,13682.13,9618.92,4063.21,Delivered,Card,App
FO001802,2024-11-19,2024-11-20,FC00381,FP0063,2,5604.39,0.15,9527.46,7143.06,2384.4,Delivered,UPI,Web
FO001803,2025-02-02,2025-02-07,FC00569,FP0079,4,8401.85,0.05,31927.03,22177.68,9749.35,Delivered,UPI,App
FO001804,2024-08-02,,FC00343,FP0044,1,1760.04,0.15,1496.03,832.91,663.12,Cancelled,Card,Marketplace
FO001805,2025-05-13,2025-05-16,FC00763,FP0124,1,4028.63,0.15,3424.34,2502.73,921.61,Delivered,Card,App
FO001806,2026-07-31,2026-08-04,FC00497,FP0114,5,4147.68,0.1,18664.56,9584.1,9080.46,Delivered,UPI,Web
FO001807,2026-03-13,2026-03-18,FC00572,FP0067,4,1512.27,0.05,5746.63,4034.76,1711.87,Delivered,COD,App
FO001808,2025-02-14,,FC00024,FP0045,2,3811.34,0,7622.68,4421.5,3201.18,Cancelled,Card,Marketplace
FO001809,2025-06-12,2025-06-14,FC00313,FP0045,3,3811.34,0,11434.02,6632.25,4801.77,Shipped,COD,Web
FO001810,2025-08-09,2025-08-12,FC00311,FP0080,4,5963.59,0.05,22661.64,12824.76,9836.88,Delivered,UPI,Web
FO001811,2024-03-06,2024-03-10,FC00605,FP0050,3,3182.54,0.15,8115.48,7098.72,1016.76,Delivered,Card,App
FO001812,2025-05-15,2025-05-19,FC00055,FP0136,4,2234.55,0.15,7597.47,6823.76,773.71,Delivered,COD,App
FO001813,2025-01-06,2025-01-07,FC00241,FP0122,3,1597.73,0,4793.19,3091.95,1701.24,Delivered,COD,Web
FO001814,2024-09-05,2024-09-09,FC00160,FP0021,3,5809.66,0.05,16557.53,11739.36,4818.17,Delivered,Wallet,App
FO001815,2024-06-18,2024-06-20,FC00789,FP0082,2,3600.56,0.1,6481.01,4809.46,1671.55,Delivered,UPI,Marketplace
FO001816,2026-04-03,2026-04-08,FC00757,FP0138,1,8119.99,0,8119.99,5002.34,3117.65,Delivered,COD,Web
FO001817,2026-07-11,2026-07-15,FC00229,FP0037,5,1147.6,0,5738.0,3852.4,1885.6,Delivered,Wallet,Marketplace
FO001818,2024-05-13,2024-05-16,FC00482,FP0001,3,210.57,0.15,536.95,329.4,207.55,Delivered,UPI,App
FO001819,2024-04-14,2024-04-18,FC00501,FP0077,2,5603.86,0.05,10647.33,5512.9,5134.43,Delivered,COD,Web
FO001820,2024-02-02,2024-02-03,FC00510,FP0108,3,6123.84,0.1,16534.37,13351.56,3182.81,Delivered,Wallet,Web
FO001821,2025-08-21,2025-08-24,FC00321,FP0092,5,1308.85,0.05,6217.04,4207.45,2009.59,Delivered,COD,Marketplace
FO001822,2024-11-06,2024-11-09,FC00386,FP0130,2,3439.37,0.1,6190.87,4464.46,1726.41,Delivered,COD,App
FO001823,2024-10-28,2024-10-31,FC00326,FP0077,1,5603.86,0.15,4763.28,2756.45,2006.83,Delivered,UPI,Web
FO001824,2024-09-05,2024-09-08,FC00495,FP0073,2,3772.01,0.1,6789.62,4154.72,2634.9,Delivered,Card,Web
FO001825,2025-09-11,2025-09-16,FC00003,FP0086,4,3161.12,0.2,10115.58,6965.04,3150.54,Delivered,Card,App
FO001826,2025-11-08,2025-11-10,FC00697,FP0139,5,2943.02,0,14715.1,10116.75,4598.35,Delivered,UPI,Web
FO001827,2024-05-31,,FC00707,FP0090,3,7705.8,0,23117.4,12469.86,10647.54,Cancelled,COD,Web
FO001828,2024-01-13,,FC00329,FP0027,1,2801.39,0.05,2661.32,2165.01,496.31,Cancelled,Wallet,App
FO001829,2024-07-05,2024-07-10,FC00711,FP0076,2,2384.81,0,4769.62,2902.64,1866.98,Delivered,UPI,Web
FO001830,2025-09-16,2025-09-17,FC00592,FP0084,2,5736.42,0.15,9751.91,7564.54,2187.37,Delivered,Card,Marketplace
FO001831,2024-11-15,2024-11-18,FC00427,FP0068,5,7649.03,0.2,30596.12,26440.5,4155.62,Delivered,UPI,App
FO001832,2025-04-02,2025-04-05,FC00453,FP0098,5,8268.49,0.2,33073.96,27477.5,5596.46,Delivered,UPI,Marketplace
FO001833,2025-09-20,2025-09-25,FC00136,FP0090,5,7705.8,0.2,30823.2,20783.1,10040.1,Delivered,Card,App
FO001834,2025-11-17,2025-11-21,FC00681,FP0020,1,7904.14,0,7904.14,3886.84,4017.3,Delivered,COD,Marketplace
FO001835,2025-10-07,2025-10-09,FC00268,FP0103,3,4863.91,0.2,11673.38,7567.59,4105.79,Delivered,Card,App
FO001836,2025-02-23,2025-02-26,FC00750,FP0097,2,408.56,0.1,735.41,615.96,119.45,Delivered,COD,Marketplace
FO001837,2025-12-27,2026-01-01,FC00169,FP0109,4,6224.56,0.15,21163.5,15794.32,5369.18,Shipped,COD,Marketplace
FO001838,2025-07-13,2025-07-14,FC00033,FP0020,2,7904.14,0.2,12646.62,7773.68,4872.94,Delivered,UPI,App
FO001839,2026-06-08,2026-06-13,FC00575,FP0100,2,2392.72,0.1,4306.9,2404.28,1902.62,Delivered,Card,Web
FO001840,2025-01-12,2025-01-17,FC00376,FP0139,2,2943.02,0,5886.04,4046.7,1839.34,Shipped,UPI,App
FO001841,2025-02-01,2025-02-05,FC00411,FP0123,4,8591.64,0,34366.56,22952.36,11414.2,Delivered,UPI,App
FO001842,2025-05-22,2025-05-27,FC00112,FP0075,2,1589.63,0.05,3020.3,1454.42,1565.88,Delivered,UPI,App
FO001843,2024-11-18,2024-11-22,FC00635,FP0102,5,7850.95,0.05,37292.01,28055.6,9236.41,Delivered,Card,App
FO001844,2024-09-22,2024-09-24,FC00503,FP0109,5,6224.56,0.15,26454.38,19742.9,6711.48,Delivered,COD,Web
FO001845,2025-10-25,2025-10-30,FC00560,FP0118,1,5177.32,0,5177.32,2841.36,2335.96,Delivered,Card,App
FO001846,2026-01-07,2026-01-08,FC00504,FP0042,5,1367.6,0.05,6496.1,4515.8,1980.3,Delivered,Wallet,Marketplace
FO001847,2024-07-20,2024-07-21,FC00184,FP0030,3,7057.58,0.15,17996.83,14449.26,3547.57,Delivered,UPI,Web
FO001848,2025-05-22,2025-05-27,FC00319,FP0124,1,4028.63,0.2,3222.9,2502.73,720.17,Delivered,UPI,Web
FO001849,2026-06-29,2026-07-01,FC00166,FP0085,2,4839.7,0,9679.4,4968.28,4711.12,Delivered,Card,Web
FO001850,2025-09-01,2025-09-03,FC00439,FP0012,1,5731.62,0.15,4871.88,3821.21,1050.67,Delivered,COD,Web
FO001851,2025-11-28,2025-12-02,FC00386,FP0149,3,6293.48,0.05,17936.42,14192.76,3743.66,Shipped,COD,Web
FO001852,2026-06-15,2026-06-16,FC00635,FP0104,1,7540.37,0.2,6032.3,3922.43,2109.87,Delivered,COD,Web
FO001853,2025-11-06,2025-11-09,FC00413,FP0080,3,5963.59,0.1,16101.69,9618.57,6483.12,Delivered,Card,Marketplace
FO001854,2025-10-26,2025-10-31,FC00472,FP0106,4,5985.79,0.2,19154.53,15440.88,3713.65,Delivered,Wallet,App
FO001855,2025-06-27,2025-06-29,FC00722,FP0106,1,5985.79,0.15,5087.92,3860.22,1227.7,Delivered,COD,App
FO001856,2025-10-02,2025-10-07,FC00776,FP0053,1,439.66,0,439.66,231.57,208.09,Delivered,Wallet,Web
FO001857,2026-04-01,2026-04-05,FC00797,FP0044,3,1760.04,0.1,4752.11,2498.73,2253.38,Shipped,Card,App
FO001858,2024-12-02,,FC00099,FP0054,5,3389.15,0.05,16098.46,9639.15,6459.31,Cancelled,Card,Web
FO001859,2025-04-06,,FC00346,FP0024,5,723.69,0.05,3437.53,2025.7,1411.83,Cancelled,UPI,App
FO001860,2024-03-18,2024-03-19,FC00263,FP0115,3,2713.67,0.15,6919.86,6272.19,647.67,Delivered,Wallet,Web
FO001861,2026-07-04,2026-07-06,FC00211,FP0106,3,5985.79,0,17957.37,11580.66,6376.71,Delivered,Wallet,Marketplace
FO001862,2025-08-05,2025-08-09,FC00544,FP0056,1,2313.97,0.05,2198.27,1765.16,433.11,Delivered,Wallet,App
FO001863,2024-08-03,2024-08-08,FC00770,FP0001,5,210.57,0,1052.85,549.0,503.85,Delivered,COD,Marketplace
FO001864,2025-01-26,2025-01-28,FC00725,FP0015,3,8865.5,0.15,22607.02,20204.52,2402.5,Delivered,UPI,App
FO001865,2024-06-07,2024-06-08,FC00627,FP0011,4,4973.23,0,19892.92,15166.08,4726.84,Shipped,UPI,Marketplace
FO001866,2024-05-06,2024-05-11,FC00665,FP0006,2,2389.7,0.1,4301.46,2578.28,1723.18,Delivered,Wallet,App
FO001867,2024-08-07,2024-08-08,FC00369,FP0044,4,1760.04,0.2,5632.13,3331.64,2300.49,Delivered,Card,Marketplace
FO001868,2025-03-12,2025-03-14,FC00707,FP0027,3,2801.39,0.05,7983.96,6495.03,1488.93,Delivered,UPI,Web
FO001869,2026-07-24,2026-07-25,FC00197,FP0031,5,938.39,0,4691.95,3523.55,1168.4,Delivered,Wallet,Web
FO001870,2025-02-16,2025-02-18,FC00121,FP0122,3,1597.73,0,4793.19,3091.95,1701.24,Delivered,Card,Marketplace
FO001871,2025-06-22,2025-06-23,FC00146,FP0089,5,7208.67,0.15,30636.85,24643.0,5993.85,Delivered,Wallet,Web
FO001872,2025-02-23,2025-02-24,FC00778,FP0007,5,8720.63,0.1,39242.83,29310.9,9931.93,Delivered,COD,App
FO001873,2024-08-04,2024-08-08,FC00198,FP0018,2,4845.28,0.2,7752.45,6096.94,1655.51,Delivered,Card,Web
FO001874,2025-03-23,2025-03-24,FC00461,FP0011,4,4973.23,0.05,18898.27,15166.08,3732.19,Delivered,Card,Marketplace
FO001875,2026-01-22,2026-01-25,FC00096,FP0043,3,2276.32,0,6828.96,4215.81,2613.15,Delivered,UPI,App
FO001876,2024-07-19,2024-07-20,FC00773,FP0039,5,2919.84,0.2,11679.36,6867.15,4812.21,Delivered,UPI,Web
FO001877,2026-01-02,2026-01-05,FC00011,FP0102,2,7850.95,0.2,12561.52,11222.24,1339.28,Delivered,COD,Web
FO001878,2025-07-12,2025-07-14,FC00212,FP0121,5,4465.29,0.2,17861.16,10412.65,7448.51,Delivered,Card,App
FO001879,2024-06-08,2024-06-10,FC00547,FP0080,2,5963.59,0.2,9541.74,6412.38,3129.36,Delivered,Wallet,Web
FO001880,2026-02-14,2026-02-17,FC00561,FP0146,5,8900.1,0,44500.5,28163.65,16336.85,Returned,UPI,Web
FO001881,2024-08-28,2024-09-02,FC00454,FP0013,1,5090.72,0,5090.72,2711.27,2379.45,Shipped,Wallet,Marketplace
FO001882,2025-06-09,2025-06-14,FC00508,FP0018,2,4845.28,0.2,7752.45,6096.94,1655.51,Delivered,COD,Marketplace
FO001883,2024-07-06,2024-07-10,FC00491,FP0113,4,6018.81,0.15,20463.95,16721.72,3742.23,Delivered,UPI,Marketplace
FO001884,2024-01-29,2024-02-03,FC00311,FP0042,4,1367.6,0.1,4923.36,3612.64,1310.72,Delivered,COD,Marketplace
FO001885,2026-08-06,2026-08-10,FC00650,FP0024,5,723.69,0.15,3075.68,2025.7,1049.98,Shipped,Card,Web
FO001886,2025-01-19,2025-01-20,FC00576,FP0039,5,2919.84,0.15,12409.32,6867.15,5542.17,Delivered,COD,App
FO001887,2025-08-30,2025-09-01,FC00183,FP0089,1,7208.67,0.15,6127.37,4928.6,1198.77,Delivered,Card,Marketplace
FO001888,2026-01-29,2026-01-30,FC00406,FP0006,3,2389.7,0,7169.1,3867.42,3301.68,Delivered,COD,Marketplace
FO001889,2024-06-17,2024-06-19,FC00174,FP0105,4,7024.21,0,28096.84,20631.16,7465.68,Delivered,UPI,Web
FO001890,2026-02-07,2026-02-12,FC00288,FP0009,1,5129.07,0.05,4872.62,2612.03,2260.59,Delivered,UPI,Marketplace
FO001891,2025-02-10,2025-02-13,FC00418,FP0002,4,6892.88,0.1,24814.37,17886.84,6927.53,Delivered,COD,Web
FO001892,2026-06-21,,FC00539,FP0059,3,6932.62,0,20797.86,11460.81,9337.05,Cancelled,Wallet,Web
FO001893,2024-10-15,2024-10-17,FC00504,FP0110,4,504.22,0.2,1613.5,1539.2,74.3,Delivered,COD,Marketplace
FO001894,2024-05-28,2024-06-01,FC00233,FP0084,3,5736.42,0,17209.26,11346.81,5862.45,Delivered,COD,Web
FO001895,2025-10-31,2025-11-03,FC00741,FP0117,2,3955.57,0.05,7515.58,5083.64,2431.94,Delivered,Wallet,Marketplace
FO001896,2026-01-24,2026-01-28,FC00666,FP0008,4,573.37,0,2293.48,1770.76,522.72,Delivered,Wallet,Web
FO001897,2026-05-02,2026-05-03,FC00109,FP0002,5,6892.88,0.1,31017.96,22358.55,8659.41,Delivered,Wallet,App
FO001898,2026-04-12,2026-04-13,FC00166,FP0005,1,936.51,0,936.51,425.6,510.91,Delivered,UPI,Marketplace
FO001899,2026-01-25,2026-01-29,FC00209,FP0036,3,7738.34,0.15,19732.77,15600.72,4132.05,Shipped,COD,Web
FO001900,2026-03-10,2026-03-12,FC00782,FP0076,3,2384.81,0.1,6438.99,4353.96,2085.03,Delivered,COD,Marketplace
FO001901,2024-07-01,2024-07-05,FC00012,FP0050,3,3182.54,0.2,7638.1,7098.72,539.38,Delivered,Card,Web
FO001902,2024-05-22,2024-05-25,FC00254,FP0127,3,2634.4,0.15,6717.72,4621.53,2096.19,Delivered,COD,Marketplace
FO001903,2024-01-30,2024-02-03,FC00717,FP0085,5,4839.7,0.2,19358.8,12420.7,6938.1,Delivered,COD,Web
FO001904,2025-02-18,2025-02-21,FC00461,FP0089,4,7208.67,0.2,23067.74,19714.4,3353.34,Delivered,COD,Web
FO001905,2025-07-27,2025-07-28,FC00575,FP0104,2,7540.37,0.1,13572.67,7844.86,5727.81,Delivered,Card,Web
FO001906,2025-01-04,2025-01-06,FC00267,FP0048,3,5765.37,0.15,14701.69,11788.77,2912.92,Delivered,Card,Web
FO001907,2026-03-02,2026-03-06,FC00037,FP0079,5,8401.85,0.2,33607.4,27722.1,5885.3,Delivered,UPI,Marketplace
FO001908,2024-12-19,2024-12-22,FC00369,FP0112,4,7352.99,0.1,26470.76,17539.52,8931.24,Delivered,Wallet,Marketplace
FO001909,2025-01-21,2025-01-24,FC00713,FP0041,3,4109.96,0.2,9863.9,5789.91,4073.99,Delivered,COD,Marketplace
FO001910,2024-03-20,2024-03-24,FC00227,FP0107,1,8729.85,0.2,6983.88,5317.27,1666.61,Delivered,UPI,Marketplace
FO001911,2024-02-20,2024-02-21,FC00186,FP0101,5,1034.69,0.05,4914.78,3800.65,1114.13,Delivered,UPI,App
FO001912,2025-08-18,2025-08-20,FC00798,FP0023,4,4930.6,0.15,16764.04,10303.96,6460.08,Delivered,COD,Marketplace
FO001913,2025-04-03,2025-04-08,FC00103,FP0137,3,5774.99,0.1,15592.47,10669.89,4922.58,Delivered,UPI,App
FO001914,2026-03-27,2026-04-01,FC00028,FP0065,4,6416.13,0.05,24381.29,12093.4,12287.89,Delivered,Wallet,Marketplace
FO001915,2026-06-04,2026-06-05,FC00772,FP0098,4,8268.49,0.2,26459.17,21982.0,4477.17,Delivered,Card,Marketplace
FO001916,2024-01-31,2024-02-01,FC00273,FP0021,5,5809.66,0.1,26143.47,19565.6,6577.87,Delivered,COD,App
FO001917,2025-05-13,2025-05-18,FC00173,FP0143,5,8786.1,0.15,37340.92,32998.2,4342.72,Shipped,Card,App
FO001918,2024-07-02,2024-07-05,FC00265,FP0013,5,5090.72,0.2,20362.88,13556.35,6806.53,Delivered,Wallet,App
FO001919,2026-02-11,2026-02-15,FC00424,FP0037,2,1147.6,0.15,1950.92,1540.96,409.96,Delivered,Wallet,Web
FO001920,2025-06-12,2025-06-13,FC00183,FP0010,3,4028.79,0.15,10273.41,8380.11,1893.3,Delivered,Wallet,Marketplace
FO001921,2025-04-09,2025-04-12,FC00642,FP0079,2,8401.85,0,16803.7,11088.84,5714.86,Delivered,UPI,App
FO001922,2024-05-08,2024-05-10,FC00001,FP0102,2,7850.95,0.2,12561.52,11222.24,1339.28,Delivered,COD,Marketplace
FO001923,2026-04-22,2026-04-24,FC00418,FP0105,1,7024.21,0.05,6673.0,5157.79,1515.21,Delivered,Card,Marketplace
FO001924,2025-02-14,2025-02-16,FC00081,FP0098,2,8268.49,0.2,13229.58,10991.0,2238.58,Delivered,Wallet,Web
FO001925,2026-04-12,2026-04-13,FC00042,FP0086,4,3161.12,0,12644.48,6965.04,5679.44,Delivered,Wallet,Web
FO001926,2025-07-04,2025-07-06,FC00209,FP0150,4,1525.45,0,6101.8,3932.12,2169.68,Delivered,Wallet,App
FO001927,2025-10-29,2025-10-30,FC00673,FP0135,2,3393.68,0.2,5429.89,3416.8,2013.09,Delivered,COD,Web
FO001928,2024-01-21,2024-01-22,FC00604,FP0120,4,1814.22,0.05,6894.04,3406.92,3487.12,Delivered,COD,Web
FO001929,2024-01-16,2024-01-19,FC00100,FP0138,3,8119.99,0,24359.97,15007.02,9352.95,Delivered,Card,Marketplace
FO001930,2025-04-10,2025-04-11,FC00129,FP0137,2,5774.99,0.15,9817.48,7113.26,2704.22,Delivered,Card,App
FO001931,2026-01-22,2026-01-25,FC00545,FP0100,4,2392.72,0,9570.88,4808.56,4762.32,Returned,Card,Marketplace
FO001932,2025-09-26,2025-09-28,FC00121,FP0062,2,6579.03,0,13158.06,5951.44,7206.62,Delivered,Wallet,Web
FO001933,2025-01-19,2025-01-23,FC00479,FP0031,3,938.39,0.15,2392.89,2114.13,278.76,Delivered,Card,Web
FO001934,2025-11-22,,FC00771,FP0004,3,2567.54,0.1,6932.36,4321.32,2611.04,Cancelled,UPI,App
FO001935,2026-07-14,2026-07-18,FC00683,FP0043,2,2276.32,0.05,4325.01,2810.54,1514.47,Delivered,COD,Web
FO001936,2026-05-31,2026-06-03,FC00532,FP0123,3,8591.64,0.1,23197.43,17214.27,5983.16,Delivered,Wallet,App
FO001937,2024-12-28,2025-01-01,FC00721,FP0132,5,8467.19,0.2,33868.76,27030.05,6838.71,Delivered,UPI,Marketplace
FO001938,2025-07-05,2025-07-09,FC00061,FP0098,1,8268.49,0.2,6614.79,5495.5,1119.29,Delivered,Card,Web
FO001939,2024-11-30,2024-12-01,FC00181,FP0007,5,8720.63,0,43603.15,29310.9,14292.25,Delivered,UPI,Web
FO001940,2024-09-07,2024-09-08,FC00667,FP0049,1,3120.66,0.15,2652.56,2148.06,504.5,Delivered,Wallet,Web
FO001941,2025-05-08,2025-05-10,FC00423,FP0142,1,2779.44,0.05,2640.47,1550.48,1089.99,Delivered,Card,Marketplace
FO001942,2025-04-19,2025-04-21,FC00128,FP0059,5,6932.62,0,34663.1,19101.35,15561.75,Delivered,Card,Marketplace
FO001943,2025-11-04,2025-11-07,FC00797,FP0003,4,7444.42,0.05,28288.8,15399.12,12889.68,Returned,COD,App
FO001944,2024-11-13,2024-11-14,FC00597,FP0064,2,6408.04,0,12816.08,8743.8,4072.28,Delivered,Wallet,App
FO001945,2024-12-06,2024-12-09,FC00611,FP0025,4,3658.51,0.05,13902.34,6988.68,6913.66,Delivered,UPI,Marketplace
FO001946,2026-01-09,2026-01-10,FC00556,FP0116,5,7401.76,0.05,35158.36,25044.75,10113.61,Delivered,Wallet,Marketplace
FO001947,2026-04-08,2026-04-11,FC00743,FP0141,3,8678.41,0,26035.23,14878.74,11156.49,Delivered,Card,Web
FO001948,2025-01-27,,FC00462,FP0122,4,1597.73,0.2,5112.74,4122.6,990.14,Cancelled,Card,Web
FO001949,2026-01-22,2026-01-26,FC00632,FP0017,5,1613.62,0.1,7261.29,5114.55,2146.74,Delivered,COD,Marketplace
FO001950,2026-06-06,2026-06-07,FC00520,FP0089,2,7208.67,0.2,11533.87,9857.2,1676.67,Delivered,COD,Marketplace
FO001951,2025-07-18,2025-07-23,FC00292,FP0032,2,5585.91,0.15,9496.05,6712.44,2783.61,Delivered,COD,Marketplace
FO001952,2026-03-15,2026-03-20,FC00272,FP0121,3,4465.29,0,13395.87,6247.59,7148.28,Shipped,Card,App
FO001953,2024-09-14,2024-09-19,FC00637,FP0091,1,4842.26,0.2,3873.81,3775.55,98.26,Delivered,COD,Marketplace
FO001954,2024-08-10,2024-08-13,FC00426,FP0064,5,6408.04,0.1,28836.18,21859.5,6976.68,Returned,Card,App
FO001955,2025-09-29,2025-10-04,FC00786,FP0068,5,7649.03,0.15,32508.38,26440.5,6067.88,Delivered,UPI,Web
FO001956,2024-12-16,2024-12-20,FC00119,FP0143,5,8786.1,0,43930.5,32998.2,10932.3,Delivered,COD,App
FO001957,2024-08-02,2024-08-03,FC00018,FP0089,1,7208.67,0.05,6848.24,4928.6,1919.64,Delivered,Card,Marketplace
FO001958,2024-02-11,2024-02-12,FC00409,FP0011,5,4973.23,0,24866.15,18957.6,5908.55,Delivered,Wallet,Marketplace
FO001959,2024-02-19,2024-02-20,FC00310,FP0112,5,7352.99,0.05,34926.7,21924.4,13002.3,Delivered,Card,Web
FO001960,2026-04-03,2026-04-07,FC00471,FP0095,2,4214.31,0.1,7585.76,6497.22,1088.54,Delivered,UPI,App
FO001961,2025-10-02,2025-10-03,FC00775,FP0088,1,3685.01,0.05,3500.76,2269.49,1231.27,Delivered,Wallet,App
FO001962,2024-09-14,2024-09-19,FC00354,FP0063,3,5604.39,0.1,15131.85,10714.59,4417.26,Delivered,Card,App
FO001963,2025-05-23,2025-05-26,FC00350,FP0043,1,2276.32,0.1,2048.69,1405.27,643.42,Shipped,Card,Web
FO001964,2024-12-25,2024-12-30,FC00313,FP0084,5,5736.42,0,28682.1,18911.35,9770.75,Delivered,COD,Web
FO001965,2026-02-21,2026-02-25,FC00450,FP0143,1,8786.1,0.1,7907.49,6599.64,1307.85,Delivered,UPI,Marketplace
FO001966,2025-09-24,,FC00546,FP0125,1,3663.38,0.15,3113.87,2702.84,411.03,Cancelled,UPI,App
FO001967,2024-08-29,2024-08-30,FC00484,FP0036,3,7738.34,0.15,19732.77,15600.72,4132.05,Delivered,Card,App
FO001968,2024-06-16,2024-06-18,FC00127,FP0133,1,3028.5,0.2,2422.8,2086.64,336.16,Delivered,Wallet,App
FO001969,2025-06-07,2025-06-08,FC00523,FP0009,2,5129.07,0.05,9745.23,5224.06,4521.17,Returned,Card,Marketplace
FO001970,2024-10-14,2024-10-15,FC00709,FP0103,2,4863.91,0,9727.82,5045.06,4682.76,Delivered,COD,App
FO001971,2025-07-12,2025-07-16,FC00237,FP0048,4,5765.37,0.1,20755.33,15718.36,5036.97,Returned,Card,Marketplace
FO001972,2025-09-19,,FC00638,FP0121,1,4465.29,0,4465.29,2082.53,2382.76,Cancelled,UPI,Marketplace
FO001973,2026-01-22,2026-01-27,FC00509,FP0114,5,4147.68,0.2,16590.72,9584.1,7006.62,Delivered,Wallet,Marketplace
FO001974,2026-05-09,2026-05-12,FC00758,FP0046,1,4437.46,0.2,3549.97,2588.95,961.02,Delivered,COD,App
FO001975,2026-02-16,2026-02-17,FC00111,FP0044,2,1760.04,0.05,3344.08,1665.82,1678.26,Delivered,COD,Marketplace
FO001976,2024-01-26,2024-01-27,FC00589,FP0107,3,8729.85,0.15,22261.12,15951.81,6309.31,Delivered,Wallet,Web
FO001977,2024-02-11,2024-02-15,FC00708,FP0094,1,8583.13,0.1,7724.82,4488.1,3236.72,Delivered,UPI,Marketplace
FO001978,2025-09-09,2025-09-13,FC00362,FP0029,3,8582.57,0.05,24460.32,18701.58,5758.74,Delivered,COD,App
FO001979,2024-08-26,2024-08-28,FC00430,FP0106,1,5985.79,0.1,5387.21,3860.22,1526.99,Delivered,COD,Marketplace
FO001980,2024-02-04,2024-02-09,FC00782,FP0041,1,4109.96,0.15,3493.47,1929.97,1563.5,Delivered,Card,Marketplace
FO001981,2024-02-02,2024-02-04,FC00213,FP0019,5,3439.44,0,17197.2,10877.5,6319.7,Delivered,COD,Marketplace
FO001982,2026-04-05,2026-04-10,FC00055,FP0104,4,7540.37,0,30161.48,15689.72,14471.76,Delivered,UPI,Marketplace
FO001983,2024-10-08,2024-10-09,FC00726,FP0092,5,1308.85,0.2,5235.4,4207.45,1027.95,Delivered,COD,Web
FO001984,2026-02-12,,FC00032,FP0126,3,8367.43,0.2,20081.83,12577.86,7503.97,Cancelled,COD,Web
FO001985,2025-05-23,2025-05-24,FC00775,FP0134,2,6168.72,0,12337.44,6269.46,6067.98,Delivered,UPI,Web
FO001986,2025-04-13,2025-04-17,FC00578,FP0059,4,6932.62,0,27730.48,15281.08,12449.4,Delivered,UPI,App
FO001987,2024-05-29,,FC00483,FP0031,4,938.39,0.2,3002.85,2818.84,184.01,Cancelled,COD,Marketplace
FO001988,2025-07-01,2025-07-06,FC00071,FP0137,5,5774.99,0,28874.95,17783.15,11091.8,Delivered,UPI,Marketplace
FO001989,2025-08-24,2025-08-25,FC00521,FP0133,4,3028.5,0.2,9691.2,8346.56,1344.64,Returned,Card,Web
FO001990,2025-09-29,2025-10-01,FC00650,FP0055,5,5232.43,0.15,22237.83,18401.8,3836.03,Delivered,Wallet,Web
FO001991,2025-11-12,2025-11-17,FC00019,FP0012,2,5731.62,0.2,9170.59,7642.42,1528.17,Delivered,Card,Marketplace
FO001992,2024-12-03,,FC00621,FP0122,5,1597.73,0.1,7189.78,5153.25,2036.53,Cancelled,UPI,Web
FO001993,2026-02-09,2026-02-10,FC00652,FP0078,4,2259.44,0,9037.76,5587.72,3450.04,Delivered,COD,Web
FO001994,2025-02-12,2025-02-14,FC00647,FP0140,5,2871.91,0.2,11487.64,8317.3,3170.34,Delivered,Wallet,Marketplace
FO001995,2024-04-22,2024-04-27,FC00026,FP0060,4,1889.38,0.1,6801.77,3576.88,3224.89,Delivered,Card,Marketplace
FO001996,2024-02-07,2024-02-11,FC00361,FP0026,1,8378.01,0.05,7959.11,5231.0,2728.11,Delivered,Card,Marketplace
FO001997,2026-04-29,2026-05-01,FC00272,FP0045,2,3811.34,0.05,7241.55,4421.5,2820.05,Shipped,Wallet,App
FO001998,2025-07-22,,FC00066,FP0125,3,3663.38,0.2,8792.11,8108.52,683.59,Cancelled,Card,Marketplace
FO001999,2025-09-18,2025-09-21,FC00259,FP0044,1,1760.04,0.15,1496.03,832.91,663.12,Delivered,Wallet,Web
FO002000,2024-08-14,2024-08-18,FC00171,FP0031,5,938.39,0.1,4222.76,3523.55,699.21,Delivered,COD,Web
FO002001,2025-10-19,2025-10-22,FC00213,FP0064,2,6408.04,0.2,10252.86,8743.8,1509.06,Delivered,Wallet,App
FO002002,2024-07-29,2024-07-30,FC00393,FP0093,3,717.83,0.15,1830.47,1132.53,697.94,Delivered,Card,App
FO002003,2025-01-29,2025-02-01,FC00439,FP0073,3,3772.01,0.15,9618.63,6232.08,3386.55,Delivered,COD,Web
FO002004,2024-04-04,2024-04-05,FC00149,FP0021,5,5809.66,0,29048.3,19565.6,9482.7,Delivered,COD,App
FO002005,2026-03-01,2026-03-02,FC00159,FP0042,3,1367.6,0,4102.8,2709.48,1393.32,Delivered,Wallet,Marketplace
FO002006,2025-05-04,2025-05-09,FC00757,FP0019,2,3439.44,0.1,6190.99,4351.0,1839.99,Delivered,Card,Marketplace
FO002007,2024-09-04,2024-09-08,FC00186,FP0016,5,2502.51,0.05,11886.92,6422.2,5464.72,Delivered,UPI,App
FO002008,2025-08-07,2025-08-12,FC00104,FP0078,3,2259.44,0.15,5761.57,4190.79,1570.78,Delivered,COD,Web
FO002009,2026-06-13,2026-06-16,FC00679,FP0093,1,717.83,0,717.83,377.51,340.32,Delivered,Wallet,Web
FO002010,2025-02-25,2025-03-01,FC00302,FP0080,2,5963.59,0.2,9541.74,6412.38,3129.36,Delivered,Card,Marketplace
FO002011,2024-10-23,2024-10-27,FC00724,FP0089,1,7208.67,0.05,6848.24,4928.6,1919.64,Delivered,UPI,Web
FO002012,2024-02-17,2024-02-20,FC00526,FP0129,3,8281.13,0.05,23601.22,15832.5,7768.72,Delivered,COD,Marketplace
FO002013,2025-04-04,2025-04-08,FC00614,FP0029,3,8582.57,0.1,23172.94,18701.58,4471.36,Shipped,Card,App
FO002014,2025-05-11,2025-05-13,FC00166,FP0110,5,504.22,0.05,2395.05,1924.0,471.05,Delivered,Card,Marketplace
FO002015,2025-06-07,2025-06-11,FC00347,FP0129,2,8281.13,0.1,14906.03,10555.0,4351.03,Delivered,COD,Marketplace
FO002016,2026-02-28,2026-03-05,FC00676,FP0137,4,5774.99,0.2,18479.97,14226.52,4253.45,Delivered,COD,Marketplace
FO002017,2024-03-28,2024-03-31,FC00239,FP0108,5,6123.84,0.15,26026.32,22252.6,3773.72,Delivered,COD,Web
FO002018,2024-02-19,2024-02-23,FC00063,FP0060,3,1889.38,0.15,4817.92,2682.66,2135.26,Delivered,Wallet,App
FO002019,2024-10-22,2024-10-23,FC00701,FP0099,5,8753.38,0.05,41578.55,23168.45,18410.1,Delivered,Card,Web
FO002020,2026-07-19,2026-07-24,FC00137,FP0113,1,6018.81,0,6018.81,4180.43,1838.38,Delivered,COD,Web
FO002021,2025-08-13,,FC00739,FP0096,4,7777.95,0.15,26445.03,15942.6,10502.43,Cancelled,Card,Marketplace
FO002022,2025-08-03,2025-08-08,FC00424,FP0029,2,8582.57,0.1,15448.63,12467.72,2980.91,Delivered,UPI,App
FO002023,2025-01-09,2025-01-14,FC00015,FP0045,4,3811.34,0.05,14483.09,8843.0,5640.09,Delivered,Wallet,Web
FO002024,2026-02-23,2026-02-24,FC00713,FP0118,4,5177.32,0,20709.28,11365.44,9343.84,Delivered,COD,Web
FO002025,2024-02-14,2024-02-19,FC00197,FP0031,1,938.39,0.05,891.47,704.71,186.76,Delivered,Card,App
FO002026,2024-05-19,2024-05-21,FC00531,FP0044,4,1760.04,0.15,5984.14,3331.64,2652.5,Delivered,COD,Marketplace
FO002027,2025-07-03,2025-07-06,FC00789,FP0088,5,3685.01,0.05,17503.8,11347.45,6156.35,Delivered,UPI,Marketplace
FO002028,2026-02-19,2026-02-22,FC00122,FP0134,1,6168.72,0,6168.72,3134.73,3033.99,Delivered,Card,Marketplace
FO002029,2026-05-11,2026-05-16,FC00678,FP0128,3,6621.29,0,19863.87,15443.46,4420.41,Delivered,UPI,Marketplace
FO002030,2024-07-03,2024-07-04,FC00543,FP0014,1,2335.19,0.15,1984.91,1106.91,878.0,Delivered,COD,Marketplace
FO002031,2025-10-03,2025-10-06,FC00152,FP0045,3,3811.34,0,11434.02,6632.25,4801.77,Delivered,COD,Web
FO002032,2025-10-14,2025-10-19,FC00712,FP0008,1,573.37,0.1,516.03,442.69,73.34,Delivered,Card,Web
FO002033,2026-05-09,2026-05-13,FC00617,FP0059,1,6932.62,0,6932.62,3820.27,3112.35,Shipped,COD,Marketplace
FO002034,2026-06-13,2026-06-15,FC00462,FP0124,2,4028.63,0.2,6445.81,5005.46,1440.35,Delivered,Wallet,Web
FO002035,2025-07-12,2025-07-15,FC00734,FP0095,1,4214.31,0.05,4003.59,3248.61,754.98,Returned,COD,App
FO002036,2024-04-01,2024-04-05,FC00238,FP0020,3,7904.14,0,23712.42,11660.52,12051.9,Delivered,Wallet,Marketplace
FO002037,2025-12-24,2025-12-27,FC00473,FP0014,4,2335.19,0.05,8873.72,4427.64,4446.08,Shipped,Card,Web
FO002038,2025-01-07,2025-01-12,FC00772,FP0080,2,5963.59,0.1,10734.46,6412.38,4322.08,Delivered,Wallet,Marketplace
FO002039,2025-03-31,2025-04-05,FC00457,FP0076,3,2384.81,0.1,6438.99,4353.96,2085.03,Delivered,Card,Marketplace
FO002040,2025-05-03,2025-05-08,FC00795,FP0034,2,4479.24,0.05,8510.56,4373.66,4136.9,Delivered,COD,App
FO002041,2024-09-20,2024-09-21,FC00055,FP0093,1,717.83,0,717.83,377.51,340.32,Delivered,Card,Marketplace
FO002042,2025-11-25,2025-11-29,FC00489,FP0071,3,1700.58,0.15,4336.48,3816.72,519.76,Delivered,Card,Marketplace
FO002043,2025-06-16,2025-06-19,FC00178,FP0100,4,2392.72,0.2,7656.7,4808.56,2848.14,Delivered,Card,Web
FO002044,2024-09-03,2024-09-07,FC00230,FP0145,4,7366.74,0,29466.96,18756.84,10710.12,Delivered,Wallet,Web
FO002045,2024-10-11,2024-10-16,FC00605,FP0110,4,504.22,0,2016.88,1539.2,477.68,Delivered,COD,Marketplace
FO002046,2025-11-04,2025-11-06,FC00119,FP0148,3,2392.78,0.2,5742.67,3433.38,2309.29,Returned,Wallet,App
FO002047,2025-11-26,2025-11-28,FC00012,FP0130,3,3439.37,0.15,8770.39,6696.69,2073.7,Shipped,UPI,Marketplace
FO002048,2026-07-12,2026-07-14,FC00356,FP0054,4,3389.15,0.2,10845.28,7711.32,3133.96,Delivered,Wallet,App
FO002049,2026-06-08,2026-06-12,FC00491,FP0062,1,6579.03,0.1,5921.13,2975.72,2945.41,Delivered,Wallet,App
FO002050,2026-01-04,2026-01-05,FC00002,FP0140,1,2871.91,0,2871.91,1663.46,1208.45,Delivered,COD,App
FO002051,2024-07-04,2024-07-05,FC00421,FP0122,1,1597.73,0.1,1437.96,1030.65,407.31,Delivered,COD,Web
FO002052,2024-06-11,2024-06-15,FC00794,FP0011,3,4973.23,0.2,11935.75,11374.56,561.19,Delivered,Wallet,App
FO002053,2024-11-24,2024-11-28,FC00246,FP0079,3,8401.85,0.15,21424.72,16633.26,4791.46,Delivered,Wallet,App
FO002054,2024-08-30,2024-09-04,FC00504,FP0007,5,8720.63,0,43603.15,29310.9,14292.25,Shipped,Card,App
FO002055,2026-04-21,2026-04-24,FC00366,FP0054,5,3389.15,0,16945.75,9639.15,7306.6,Delivered,UPI,App
FO002056,2025-05-30,2025-06-01,FC00630,FP0083,1,588.68,0.05,559.25,329.48,229.77,Delivered,Wallet,App
FO002057,2026-06-16,,FC00618,FP0111,1,2277.23,0.2,1821.78,1263.35,558.43,Cancelled,UPI,App
FO002058,2026-05-09,2026-05-10,FC00392,FP0108,3,6123.84,0.2,14697.22,13351.56,1345.66,Delivered,COD,Web
FO002059,2025-05-11,2025-05-16,FC00227,FP0084,2,5736.42,0.1,10325.56,7564.54,2761.02,Shipped,COD,Marketplace
FO002060,2024-12-14,2024-12-16,FC00659,FP0083,4,588.68,0.05,2236.98,1317.92,919.06,Delivered,Card,Marketplace
FO002061,2024-11-20,2024-11-24,FC00511,FP0108,4,6123.84,0.2,19596.29,17802.08,1794.21,Delivered,UPI,Marketplace
FO002062,2026-05-27,2026-05-29,FC00198,FP0007,5,8720.63,0.15,37062.68,29310.9,7751.78,Shipped,UPI,App
FO002063,2026-04-04,2026-04-08,FC00480,FP0057,3,2898.29,0.15,7390.64,6220.65,1169.99,Delivered,Card,Web
FO002064,2025-08-12,2025-08-17,FC00294,FP0016,5,2502.51,0.05,11886.92,6422.2,5464.72,Delivered,UPI,App
FO002065,2025-06-29,2025-06-30,FC00586,FP0029,5,8582.57,0.1,38621.57,31169.3,7452.27,Delivered,Card,App
FO002066,2024-10-29,2024-10-30,FC00433,FP0125,1,3663.38,0.05,3480.21,2702.84,777.37,Delivered,UPI,Web
FO002067,2024-07-26,2024-07-29,FC00064,FP0083,5,588.68,0.1,2649.06,1647.4,1001.66,Delivered,COD,Marketplace
FO002068,2026-05-15,2026-05-18,FC00689,FP0077,1,5603.86,0.1,5043.47,2756.45,2287.02,Delivered,COD,App
FO002069,2024-02-23,2024-02-27,FC00094,FP0118,1,5177.32,0.1,4659.59,2841.36,1818.23,Delivered,Wallet,Marketplace
FO002070,2026-04-25,2026-04-29,FC00250,FP0142,4,2779.44,0.2,8894.21,6201.92,2692.29,Returned,COD,Marketplace
FO002071,2024-05-21,2024-05-24,FC00779,FP0046,3,4437.46,0,13312.38,7766.85,5545.53,Shipped,COD,Marketplace
FO002072,2026-01-31,2026-02-03,FC00255,FP0014,3,2335.19,0,7005.57,3320.73,3684.84,Delivered,COD,Marketplace
FO002073,2025-04-01,2025-04-04,FC00395,FP0079,2,8401.85,0.05,15963.51,11088.84,4874.67,Delivered,Card,Web
FO002074,2024-10-21,,FC00532,FP0018,3,4845.28,0.2,11628.67,9145.41,2483.26,Cancelled,Card,Marketplace
FO002075,2025-02-26,2025-03-02,FC00176,FP0100,1,2392.72,0.1,2153.45,1202.14,951.31,Delivered,Card,Marketplace
FO002076,2024-03-11,2024-03-15,FC00669,FP0150,1,1525.45,0,1525.45,983.03,542.42,Returned,COD,Web
FO002077,2026-07-08,2026-07-10,FC00047,FP0018,1,4845.28,0,4845.28,3048.47,1796.81,Delivered,Card,Marketplace
FO002078,2025-05-27,2025-05-30,FC00535,FP0007,1,8720.63,0.2,6976.5,5862.18,1114.32,Delivered,Card,App
FO002079,2025-11-03,2025-11-08,FC00315,FP0110,2,504.22,0.2,806.75,769.6,37.15,Shipped,Card,Marketplace
FO002080,2025-01-21,2025-01-22,FC00107,FP0098,4,8268.49,0.15,28112.87,21982.0,6130.87,Delivered,COD,Marketplace
FO002081,2024-08-06,2024-08-10,FC00208,FP0062,4,6579.03,0.1,23684.51,11902.88,11781.63,Delivered,Card,App
FO002082,2025-05-20,2025-05-23,FC00709,FP0024,3,723.69,0.1,1953.96,1215.42,738.54,Delivered,Wallet,App
FO002083,2024-11-07,2024-11-09,FC00735,FP0106,5,5985.79,0.05,28432.5,19301.1,9131.4,Delivered,Card,Web
FO002084,2024-04-07,2024-04-10,FC00207,FP0150,4,1525.45,0.15,5186.53,3932.12,1254.41,Delivered,Card,App
FO002085,2024-12-27,2024-12-30,FC00584,FP0030,5,7057.58,0,35287.9,24082.1,11205.8,Shipped,Card,App
FO002086,2024-03-20,2024-03-24,FC00264,FP0057,5,2898.29,0.15,12317.73,10367.75,1949.98,Delivered,Card,Marketplace
FO002087,2024-09-15,2024-09-20,FC00570,FP0048,1,5765.37,0.05,5477.1,3929.59,1547.51,Delivered,UPI,App
FO002088,2024-01-05,2024-01-07,FC00475,FP0053,3,439.66,0,1318.98,694.71,624.27,Delivered,COD,Marketplace
FO002089,2024-06-27,,FC00655,FP0063,4,5604.39,0,22417.56,14286.12,8131.44,Cancelled,Card,Marketplace
FO002090,2025-04-05,2025-04-06,FC00555,FP0134,1,6168.72,0.15,5243.41,3134.73,2108.68,Shipped,Wallet,App
FO002091,2025-09-05,,FC00569,FP0132,4,8467.19,0,33868.76,21624.04,12244.72,Cancelled,Wallet,Marketplace
FO002092,2025-09-27,,FC00292,FP0083,3,588.68,0,1766.04,988.44,777.6,Cancelled,Card,App
FO002093,2025-05-19,2025-05-22,FC00007,FP0048,4,5765.37,0.1,20755.33,15718.36,5036.97,Delivered,COD,Web
FO002094,2025-04-16,2025-04-18,FC00156,FP0088,2,3685.01,0,7370.02,4538.98,2831.04,Delivered,Card,Web
FO002095,2025-01-08,2025-01-09,FC00192,FP0002,1,6892.88,0.05,6548.24,4471.71,2076.53,Shipped,Wallet,Marketplace
FO002096,2025-03-23,2025-03-27,FC00470,FP0132,3,8467.19,0.05,24131.49,16218.03,7913.46,Delivered,Wallet,Marketplace
FO002097,2025-08-24,2025-08-28,FC00740,FP0097,1,408.56,0.1,367.7,307.98,59.72,Delivered,COD,Marketplace
FO002098,2024-04-23,2024-04-25,FC00101,FP0115,1,2713.67,0.2,2170.94,2090.73,80.21,Returned,Card,Web
FO002099,2026-05-02,2026-05-04,FC00262,FP0147,4,6012.15,0.1,21643.74,17125.04,4518.7,Shipped,Wallet,Web
FO002100,2024-09-23,2024-09-25,FC00229,FP0122,3,1597.73,0,4793.19,3091.95,1701.24,Delivered,Card,Marketplace
FO002101,2024-05-31,2024-06-02,FC00362,FP0021,4,5809.66,0,23238.64,15652.48,7586.16,Delivered,COD,Marketplace
FO002102,2024-11-27,2024-12-01,FC00078,FP0103,2,4863.91,0.2,7782.26,5045.06,2737.2,Delivered,Wallet,Marketplace
FO002103,2026-06-23,2026-06-25,FC00118,FP0041,3,4109.96,0,12329.88,5789.91,6539.97,Delivered,COD,Web
FO002104,2024-05-24,2024-05-26,FC00349,FP0087,1,4087.92,0.1,3679.13,2146.48,1532.65,Returned,COD,Marketplace
FO002105,2026-01-04,2026-01-05,FC00412,FP0006,2,2389.7,0.05,4540.43,2578.28,1962.15,Delivered,UPI,App
FO002106,2026-02-22,,FC00544,FP0136,1,2234.55,0.15,1899.37,1705.94,193.43,Cancelled,UPI,Web
FO002107,2025-04-21,2025-04-23,FC00249,FP0116,2,7401.76,0.15,12582.99,10017.9,2565.09,Shipped,UPI,App
FO002108,2024-01-11,2024-01-16,FC00540,FP0066,2,6676.95,0.2,10683.12,9031.26,1651.86,Delivered,Wallet,App
FO002109,2025-08-14,2025-08-17,FC00050,FP0099,4,8753.38,0,35013.52,18534.76,16478.76,Delivered,UPI,Web
FO002110,2024-10-01,2024-10-04,FC00150,FP0094,2,8583.13,0,17166.26,8976.2,8190.06,Delivered,COD,App
FO002111,2026-08-29,2026-09-01,FC00531,FP0024,5,723.69,0.1,3256.61,2025.7,1230.91,Delivered,COD,App
FO002112,2024-03-12,2024-03-14,FC00189,FP0071,4,1700.58,0.05,6462.2,5088.96,1373.24,Delivered,Card,Marketplace
FO002113,2024-01-09,2024-01-10,FC00061,FP0013,3,5090.72,0,15272.16,8133.81,7138.35,Shipped,COD,Web
FO002114,2024-10-13,2024-10-15,FC00052,FP0049,1,3120.66,0,3120.66,2148.06,972.6,Delivered,Wallet,Marketplace
FO002115,2024-01-12,2024-01-14,FC00250,FP0119,3,8688.16,0,26064.48,17534.91,8529.57,Delivered,COD,App
FO002116,2024-04-09,2024-04-13,FC00651,FP0117,1,3955.57,0.1,3560.01,2541.82,1018.19,Delivered,COD,Web
FO002117,2024-03-19,2024-03-20,FC00224,FP0069,1,3524.08,0.15,2995.47,2556.38,439.09,Delivered,Card,Web
FO002118,2024-05-11,2024-05-16,FC00277,FP0049,3,3120.66,0.1,8425.78,6444.18,1981.6,Shipped,COD,Web
FO002119,2024-04-20,2024-04-25,FC00709,FP0145,3,7366.74,0.2,17680.18,14067.63,3612.55,Delivered,Card,Marketplace
FO002120,2025-02-15,2025-02-16,FC00439,FP0051,1,362.42,0.15,308.06,225.4,82.66,Shipped,Wallet,App
FO002121,2025-06-09,2025-06-13,FC00037,FP0113,5,6018.81,0,30094.05,20902.15,9191.9,Delivered,Wallet,App
FO002122,2026-03-21,2026-03-25,FC00549,FP0125,3,3663.38,0,10990.14,8108.52,2881.62,Delivered,Card,Marketplace
FO002123,2026-06-05,2026-06-07,FC00014,FP0132,1,8467.19,0,8467.19,5406.01,3061.18,Returned,Wallet,Web
FO002124,2026-01-21,2026-01-22,FC00015,FP0138,2,8119.99,0,16239.98,10004.68,6235.3,Returned,COD,Marketplace
FO002125,2024-09-26,2024-09-30,FC00441,FP0027,2,2801.39,0.15,4762.36,4330.02,432.34,Delivered,UPI,App
FO002126,2026-06-02,2026-06-07,FC00571,FP0065,1,6416.13,0.1,5774.52,3023.35,2751.17,Delivered,UPI,Web
FO002127,2025-01-06,2025-01-07,FC00382,FP0073,1,3772.01,0.05,3583.41,2077.36,1506.05,Delivered,UPI,App
FO002128,2025-02-16,2025-02-17,FC00596,FP0050,2,3182.54,0.1,5728.57,4732.48,996.09,Delivered,COD,App
FO002129,2024-09-14,2024-09-15,FC00200,FP0140,1,2871.91,0.05,2728.31,1663.46,1064.85,Shipped,Wallet,Marketplace
FO002130,2024-02-20,2024-02-22,FC00398,FP0013,5,5090.72,0.15,21635.56,13556.35,8079.21,Shipped,Wallet,Web
FO002131,2025-09-29,2025-10-01,FC00662,FP0102,4,7850.95,0,31403.8,22444.48,8959.32,Returned,UPI,App
FO002132,2024-05-02,2024-05-05,FC00758,FP0042,3,1367.6,0,4102.8,2709.48,1393.32,Delivered,COD,Web
FO002133,2024-09-12,2024-09-14,FC00518,FP0136,3,2234.55,0.15,5698.1,5117.82,580.28,Delivered,Wallet,Web
FO002134,2024-01-07,2024-01-08,FC00268,FP0059,3,6932.62,0.15,17678.18,11460.81,6217.37,Returned,COD,Web
FO002135,2025-05-13,2025-05-15,FC00285,FP0023,4,4930.6,0,19722.4,10303.96,9418.44,Delivered,COD,Web
FO002136,2026-01-18,2026-01-23,FC00226,FP0121,5,4465.29,0,22326.45,10412.65,11913.8,Delivered,Card,Marketplace
FO002137,2026-05-27,2026-05-31,FC00336,FP0119,1,8688.16,0,8688.16,5844.97,2843.19,Delivered,UPI,Web
FO002138,2025-04-05,2025-04-08,FC00522,FP0130,2,3439.37,0,6878.74,4464.46,2414.28,Delivered,UPI,App
FO002139,2026-04-12,2026-04-16,FC00005,FP0079,5,8401.85,0.05,39908.79,27722.1,12186.69,Delivered,COD,Marketplace
FO002140,2024-02-27,2024-03-03,FC00075,FP0037,2,1147.6,0.15,1950.92,1540.96,409.96,Delivered,Card,Web
FO002141,2026-04-06,2026-04-11,FC00741,FP0039,4,2919.84,0.2,9343.49,5493.72,3849.77,Delivered,Card,Marketplace
FO002142,2025-12-28,2026-01-02,FC00019,FP0007,1,8720.63,0.05,8284.6,5862.18,2422.42,Delivered,Card,App
FO002143,2025-10-30,2025-11-02,FC00425,FP0071,5,1700.58,0,8502.9,6361.2,2141.7,Delivered,COD,Web
FO002144,2025-02-09,2025-02-13,FC00769,FP0140,2,2871.91,0.15,4882.25,3326.92,1555.33,Delivered,Card,Marketplace
FO002145,2025-09-11,,FC00501,FP0070,3,240.31,0.15,612.79,389.01,223.78,Cancelled,Wallet,Web
FO002146,2024-01-19,2024-01-22,FC00265,FP0057,5,2898.29,0.15,12317.73,10367.75,1949.98,Delivered,UPI,Marketplace
FO002147,2025-06-01,2025-06-02,FC00439,FP0141,4,8678.41,0,34713.64,19838.32,14875.32,Delivered,COD,Marketplace
FO002148,2026-03-15,2026-03-19,FC00564,FP0008,5,573.37,0,2866.85,2213.45,653.4,Delivered,UPI,App
FO002149,2025-02-19,2025-02-24,FC00139,FP0079,2,8401.85,0.2,13442.96,11088.84,2354.12,Delivered,Wallet,Web
FO002150,2026-01-26,2026-01-28,FC00344,FP0043,1,2276.32,0.15,1934.87,1405.27,529.6,Delivered,COD,App
FO002151,2024-03-30,2024-04-02,FC00509,FP0004,2,2567.54,0.15,4364.82,2880.88,1483.94,Delivered,Wallet,Web
FO002152,2026-04-29,2026-05-04,FC00488,FP0105,2,7024.21,0.2,11238.74,10315.58,923.16,Delivered,UPI,App
FO002153,2025-10-08,2025-10-11,FC00722,FP0108,3,6123.84,0,18371.52,13351.56,5019.96,Delivered,UPI,Marketplace
FO002154,2025-03-18,2025-03-21,FC00520,FP0139,5,2943.02,0.05,13979.34,10116.75,3862.59,Delivered,UPI,App
FO002155,2026-02-13,2026-02-14,FC00132,FP0115,4,2713.67,0.15,9226.48,8362.92,863.56,Delivered,Card,Marketplace
FO002156,2026-06-25,2026-06-27,FC00592,FP0146,5,8900.1,0,44500.5,28163.65,16336.85,Shipped,Card,Marketplace
FO002157,2026-06-03,2026-06-06,FC00141,FP0061,5,3489.93,0.05,16577.17,9661.35,6915.82,Delivered,UPI,App
FO002158,2024-11-27,2024-12-01,FC00150,FP0017,3,1613.62,0.05,4598.82,3068.73,1530.09,Delivered,Card,App
FO002159,2026-01-22,2026-01-27,FC00474,FP0099,3,8753.38,0.05,24947.13,13901.07,11046.06,Delivered,COD,Marketplace
FO002160,2024-08-05,2024-08-08,FC00709,FP0017,4,1613.62,0.2,5163.58,4091.64,1071.94,Delivered,UPI,Marketplace
FO002161,2024-07-09,2024-07-13,FC00664,FP0122,5,1597.73,0,7988.65,5153.25,2835.4,Delivered,COD,Web
FO002162,2026-01-26,2026-01-29,FC00619,FP0124,2,4028.63,0.15,6848.67,5005.46,1843.21,Delivered,UPI,Marketplace
FO002163,2025-05-15,2025-05-16,FC00614,FP0049,3,3120.66,0,9361.98,6444.18,2917.8,Delivered,Card,Marketplace
FO002164,2024-12-07,2024-12-08,FC00087,FP0061,5,3489.93,0.2,13959.72,9661.35,4298.37,Delivered,Card,Web
FO002165,2025-09-05,2025-09-07,FC00204,FP0058,5,7791.14,0.05,37007.92,24047.3,12960.62,Delivered,UPI,Marketplace
FO002166,2024-07-21,2024-07-24,FC00653,FP0123,3,8591.64,0.2,20619.94,17214.27,3405.67,Shipped,Wallet,Marketplace
FO002167,2024-10-05,,FC00368,FP0081,1,6700.25,0.1,6030.23,3169.28,2860.95,Cancelled,COD,Marketplace
FO002168,2024-10-22,2024-10-24,FC00319,FP0029,1,8582.57,0,8582.57,6233.86,2348.71,Delivered,Card,App
FO002169,2024-07-17,2024-07-19,FC00789,FP0135,2,3393.68,0,6787.36,3416.8,3370.56,Delivered,Card,Web
FO002170,2024-09-05,2024-09-08,FC00452,FP0080,2,5963.59,0.1,10734.46,6412.38,4322.08,Delivered,COD,Marketplace
FO002171,2026-02-12,2026-02-16,FC00494,FP0139,3,2943.02,0.15,7504.7,6070.05,1434.65,Shipped,Card,Marketplace
FO002172,2024-05-10,2024-05-14,FC00797,FP0013,2,5090.72,0.05,9672.37,5422.54,4249.83,Delivered,Card,Web
FO002173,2025-04-17,2025-04-19,FC00270,FP0056,2,2313.97,0.05,4396.54,3530.32,866.22,Shipped,Wallet,Marketplace
FO002174,2025-12-31,2026-01-02,FC00273,FP0098,1,8268.49,0.2,6614.79,5495.5,1119.29,Delivered,Card,App
FO002175,2026-04-19,2026-04-20,FC00180,FP0011,2,4973.23,0.2,7957.17,7583.04,374.13,Delivered,Wallet,App
FO002176,2024-06-24,2024-06-27,FC00545,FP0139,5,2943.02,0.15,12507.83,10116.75,2391.08,Shipped,COD,App
FO002177,2026-04-01,2026-04-02,FC00412,FP0123,4,8591.64,0.1,30929.9,22952.36,7977.54,Delivered,UPI,Web
FO002178,2025-12-10,2025-12-12,FC00572,FP0042,3,1367.6,0.2,3282.24,2709.48,572.76,Delivered,COD,Marketplace
FO002179,2025-09-03,2025-09-07,FC00062,FP0145,2,7366.74,0,14733.48,9378.42,5355.06,Delivered,UPI,Marketplace
FO002180,2024-06-07,,FC00162,FP0046,3,4437.46,0.05,12646.76,7766.85,4879.91,Cancelled,UPI,Web
FO002181,2025-11-23,2025-11-24,FC00275,FP0098,4,8268.49,0.15,28112.87,21982.0,6130.87,Delivered,Card,Marketplace
FO002182,2025-04-30,2025-05-02,FC00750,FP0066,4,6676.95,0.05,25372.41,18062.52,7309.89,Delivered,Card,App
FO002183,2026-01-03,,FC00037,FP0044,3,1760.04,0.1,4752.11,2498.73,2253.38,Cancelled,Card,Web
FO002184,2025-01-18,2025-01-19,FC00536,FP0023,4,4930.6,0,19722.4,10303.96,9418.44,Delivered,UPI,Marketplace
FO002185,2025-08-01,2025-08-06,FC00228,FP0107,1,8729.85,0.1,7856.87,5317.27,2539.6,Returned,Wallet,Web
FO002186,2026-05-28,2026-06-02,FC00450,FP0042,1,1367.6,0.05,1299.22,903.16,396.06,Delivered,Wallet,App
FO002187,2025-10-27,2025-11-01,FC00374,FP0028,5,1252.8,0,6264.0,4158.9,2105.1,Delivered,UPI,App
FO002188,2024-02-23,2024-02-24,FC00428,FP0132,2,8467.19,0,16934.38,10812.02,6122.36,Delivered,UPI,Web
FO002189,2024-07-28,2024-08-01,FC00163,FP0063,1,5604.39,0.15,4763.73,3571.53,1192.2,Delivered,Wallet,App
FO002190,2024-05-27,2024-05-28,FC00350,FP0091,2,4842.26,0.1,8716.07,7551.1,1164.97,Delivered,COD,Web
FO002191,2026-04-28,2026-05-03,FC00164,FP0108,4,6123.84,0,24495.36,17802.08,6693.28,Delivered,Wallet,Web
FO002192,2024-01-03,2024-01-08,FC00337,FP0086,3,3161.12,0.1,8535.02,5223.78,3311.24,Delivered,Card,App
FO002193,2025-04-29,2025-05-01,FC00491,FP0071,4,1700.58,0,6802.32,5088.96,1713.36,Shipped,Card,App
FO002194,2026-07-07,,FC00616,FP0033,3,2599.62,0.2,6239.09,4390.38,1848.71,Cancelled,COD,App
FO002195,2026-03-30,2026-04-02,FC00652,FP0144,2,1851.64,0,3703.28,2529.2,1174.08,Delivered,Wallet,Web
FO002196,2024-06-29,2024-07-03,FC00476,FP0050,2,3182.54,0.15,5410.32,4732.48,677.84,Delivered,UPI,App
FO002197,2024-07-20,2024-07-25,FC00213,FP0047,3,8632.68,0.1,23308.24,11785.47,11522.77,Delivered,COD,Web
FO002198,2026-07-23,2026-07-25,FC00441,FP0070,4,240.31,0.2,768.99,518.68,250.31,Delivered,Card,App
FO002199,2024-06-09,2024-06-11,FC00035,FP0135,5,3393.68,0.15,14423.14,8542.0,5881.14,Delivered,COD,Marketplace
FO002200,2025-09-02,2025-09-07,FC00710,FP0074,1,7560.0,0,7560.0,5328.4,2231.6,Delivered,COD,Marketplace
FO002201,2026-08-15,2026-08-20,FC00080,FP0041,4,4109.96,0,16439.84,7719.88,8719.96,Delivered,COD,Marketplace
FO002202,2024-03-01,2024-03-04,FC00025,FP0051,3,362.42,0.05,1032.9,676.2,356.7,Delivered,UPI,Web
FO002203,2025-11-01,2025-11-03,FC00277,FP0018,2,4845.28,0.2,7752.45,6096.94,1655.51,Delivered,COD,App
FO002204,2025-04-09,2025-04-12,FC00249,FP0090,4,7705.8,0.05,29282.04,16626.48,12655.56,Returned,COD,Web
FO002205,2024-08-02,,FC00144,FP0063,2,5604.39,0,11208.78,7143.06,4065.72,Cancelled,UPI,Web
FO002206,2025-02-24,2025-02-28,FC00763,FP0011,1,4973.23,0,4973.23,3791.52,1181.71,Delivered,Card,Web
FO002207,2026-02-10,2026-02-14,FC00407,FP0039,3,2919.84,0.2,7007.62,4120.29,2887.33,Delivered,COD,Marketplace
FO002208,2025-12-08,2025-12-12,FC00751,FP0119,3,8688.16,0.2,20851.58,17534.91,3316.67,Delivered,UPI,Marketplace
FO002209,2026-03-03,,FC00114,FP0104,2,7540.37,0.1,13572.67,7844.86,5727.81,Cancelled,COD,Web
FO002210,2025-10-16,,FC00504,FP0062,5,6579.03,0.2,26316.12,14878.6,11437.52,Cancelled,COD,Marketplace
FO002211,2025-01-17,2025-01-21,FC00475,FP0001,4,210.57,0,842.28,439.2,403.08,Delivered,COD,Web
FO002212,2026-03-17,2026-03-22,FC00249,FP0117,4,3955.57,0.15,13448.94,10167.28,3281.66,Delivered,UPI,Web
FO002213,2026-04-24,2026-04-28,FC00655,FP0118,1,5177.32,0,5177.32,2841.36,2335.96,Delivered,COD,App
FO002214,2025-06-01,2025-06-03,FC00728,FP0044,3,1760.04,0.15,4488.1,2498.73,1989.37,Returned,UPI,App
FO002215,2026-01-20,2026-01-21,FC00699,FP0032,2,5585.91,0,11171.82,6712.44,4459.38,Delivered,Card,App
FO002216,2024-11-01,2024-11-02,FC00140,FP0040,3,1044.51,0,3133.53,1516.38,1617.15,Delivered,Wallet,App
FO002217,2024-04-28,2024-05-03,FC00755,FP0102,4,7850.95,0.05,29833.61,22444.48,7389.13,Delivered,Wallet,Marketplace
FO002218,2026-05-05,2026-05-07,FC00444,FP0035,4,8849.44,0.15,30088.1,27238.8,2849.3,Delivered,Card,Marketplace
FO002219,2025-08-25,,FC00641,FP0122,4,1597.73,0.05,6071.37,4122.6,1948.77,Cancelled,UPI,App
FO002220,2026-06-27,2026-06-28,FC00440,FP0002,3,6892.88,0.2,16542.91,13415.13,3127.78,Delivered,UPI,Marketplace
FO002221,2024-12-09,2024-12-11,FC00023,FP0085,4,4839.7,0,19358.8,9936.56,9422.24,Delivered,COD,App
FO002222,2025-12-26,2025-12-27,FC00078,FP0142,4,2779.44,0.2,8894.21,6201.92,2692.29,Delivered,COD,Marketplace
FO002223,2025-08-22,2025-08-23,FC00586,FP0089,1,7208.67,0.1,6487.8,4928.6,1559.2,Delivered,COD,Web
FO002224,2025-09-05,2025-09-07,FC00018,FP0108,4,6123.84,0.1,22045.82,17802.08,4243.74,Delivered,COD,Web
FO002225,2025-09-15,2025-09-19,FC00765,FP0026,3,8378.01,0.2,20107.22,15693.0,4414.22,Delivered,Wallet,Marketplace
FO002226,2026-06-22,2026-06-24,FC00478,FP0079,1,8401.85,0.15,7141.57,5544.42,1597.15,Delivered,UPI,App
FO002227,2025-10-03,2025-10-06,FC00214,FP0056,3,2313.97,0,6941.91,5295.48,1646.43,Returned,Wallet,Marketplace
FO002228,2024-12-21,2024-12-24,FC00121,FP0111,4,2277.23,0,9108.92,5053.4,4055.52,Delivered,UPI,Marketplace
FO002229,2025-01-21,2025-01-23,FC00643,FP0120,5,1814.22,0.05,8617.55,4258.65,4358.9,Delivered,Card,Web
FO002230,2025-08-23,2025-08-28,FC00622,FP0043,3,2276.32,0.2,5463.17,4215.81,1247.36,Delivered,COD,App
FO002231,2024-07-23,2024-07-26,FC00264,FP0092,4,1308.85,0.2,4188.32,3365.96,822.36,Delivered,COD,App
FO002232,2025-11-25,2025-11-27,FC00602,FP0012,5,5731.62,0.05,27225.19,19106.05,8119.14,Delivered,Card,App
FO002233,2025-03-16,2025-03-19,FC00446,FP0080,4,5963.59,0.15,20276.21,12824.76,7451.45,Delivered,COD,Marketplace
FO002234,2025-08-09,2025-08-14,FC00283,FP0072,2,8536.96,0.15,14512.83,9708.58,4804.25,Delivered,Wallet,App
FO002235,2024-09-07,2024-09-09,FC00343,FP0044,3,1760.04,0.05,5016.11,2498.73,2517.38,Delivered,COD,Marketplace
FO002236,2025-07-29,2025-07-30,FC00187,FP0092,2,1308.85,0.1,2355.93,1682.98,672.95,Delivered,COD,App
FO002237,2024-03-05,2024-03-07,FC00357,FP0129,3,8281.13,0.15,21116.88,15832.5,5284.38,Delivered,Wallet,Web
FO002238,2024-06-16,2024-06-19,FC00512,FP0073,4,3772.01,0,15088.04,8309.44,6778.6,Delivered,Wallet,App
FO002239,2025-11-08,2025-11-12,FC00716,FP0073,5,3772.01,0.05,17917.05,10386.8,7530.25,Delivered,UPI,Marketplace
FO002240,2025-04-11,2025-04-14,FC00552,FP0090,3,7705.8,0.2,18493.92,12469.86,6024.06,Delivered,Card,App
FO002241,2024-11-16,2024-11-17,FC00332,FP0113,4,6018.81,0.15,20463.95,16721.72,3742.23,Delivered,Wallet,Marketplace
FO002242,2024-05-20,2024-05-24,FC00707,FP0010,5,4028.79,0.1,18129.56,13966.85,4162.71,Delivered,UPI,Web
FO002243,2025-10-17,2025-10-21,FC00533,FP0021,4,5809.66,0,23238.64,15652.48,7586.16,Returned,Wallet,App
FO002244,2026-07-17,2026-07-21,FC00628,FP0017,1,1613.62,0.05,1532.94,1022.91,510.03,Delivered,UPI,Web
FO002245,2026-04-25,2026-04-29,FC00503,FP0087,5,4087.92,0,20439.6,10732.4,9707.2,Delivered,Wallet,App
FO002246,2026-04-11,,FC00326,FP0080,1,5963.59,0.1,5367.23,3206.19,2161.04,Cancelled,Wallet,Web
FO002247,2025-01-02,2025-01-07,FC00503,FP0111,5,2277.23,0,11386.15,6316.75,5069.4,Delivered,Wallet,Marketplace
FO002248,2025-01-23,2025-01-27,FC00288,FP0149,4,6293.48,0.2,20139.14,18923.68,1215.46,Delivered,UPI,Web
FO002249,2025-07-23,2025-07-25,FC00726,FP0086,2,3161.12,0.2,5057.79,3482.52,1575.27,Delivered,Wallet,Marketplace
FO002250,2024-04-26,2024-04-30,FC00335,FP0094,3,8583.13,0.2,20599.51,13464.3,7135.21,Delivered,Wallet,Web
FO002251,2024-08-03,2024-08-07,FC00228,FP0042,4,1367.6,0,5470.4,3612.64,1857.76,Shipped,UPI,App
FO002252,2025-02-27,2025-03-03,FC00037,FP0055,2,5232.43,0.15,8895.13,7360.72,1534.41,Delivered,Card,Web
FO002253,2025-10-30,2025-11-02,FC00078,FP0078,3,2259.44,0.05,6439.4,4190.79,2248.61,Shipped,Card,Web
FO002254,2026-01-23,2026-01-27,FC00572,FP0029,1,8582.57,0,8582.57,6233.86,2348.71,Delivered,COD,Marketplace
FO002255,2026-06-01,2026-06-04,FC00745,FP0111,4,2277.23,0.15,7742.58,5053.4,2689.18,Returned,COD,Marketplace
FO002256,2026-07-03,2026-07-05,FC00259,FP0061,2,3489.93,0,6979.86,3864.54,3115.32,Delivered,Card,App
FO002257,2026-01-09,2026-01-12,FC00658,FP0037,4,1147.6,0.05,4360.88,3081.92,1278.96,Delivered,Wallet,App
FO002258,2025-06-06,2025-06-11,FC00383,FP0050,1,3182.54,0,3182.54,2366.24,816.3,Delivered,COD,Marketplace
FO002259,2024-08-26,2024-08-31,FC00292,FP0114,1,4147.68,0,4147.68,1916.82,2230.86,Returned,Wallet,Web
FO002260,2025-10-07,2025-10-09,FC00740,FP0049,1,3120.66,0,3120.66,2148.06,972.6,Delivered,UPI,Web
FO002261,2026-06-18,2026-06-21,FC00037,FP0099,5,8753.38,0.1,39390.21,23168.45,16221.76,Delivered,Wallet,Marketplace
FO002262,2026-01-08,,FC00560,FP0063,2,5604.39,0.2,8967.02,7143.06,1823.96,Cancelled,Wallet,Marketplace
FO002263,2026-07-17,2026-07-18,FC00060,FP0126,3,8367.43,0,25102.29,12577.86,12524.43,Delivered,Card,Marketplace
FO002264,2025-07-10,2025-07-14,FC00655,FP0025,1,3658.51,0.2,2926.81,1747.17,1179.64,Delivered,COD,Web
FO002265,2025-10-13,2025-10-14,FC00241,FP0035,5,8849.44,0,44247.2,34048.5,10198.7,Delivered,UPI,Marketplace
FO002266,2025-10-08,2025-10-11,FC00100,FP0083,3,588.68,0,1766.04,988.44,777.6,Delivered,UPI,App
FO002267,2024-09-21,2024-09-24,FC00572,FP0079,4,8401.85,0,33607.4,22177.68,11429.72,Returned,COD,Web
FO002268,2025-01-30,2025-02-02,FC00799,FP0037,2,1147.6,0,2295.2,1540.96,754.24,Delivered,UPI,App
FO002269,2024-12-24,2024-12-29,FC00319,FP0139,4,2943.02,0.15,10006.27,8093.4,1912.87,Delivered,Card,Web
FO002270,2025-10-29,2025-10-31,FC00073,FP0052,2,7579.42,0.2,12127.07,11805.06,322.01,Delivered,Wallet,App
FO002271,2025-03-24,2025-03-26,FC00371,FP0035,2,8849.44,0,17698.88,13619.4,4079.48,Delivered,Wallet,Web
FO002272,2024-08-19,2024-08-20,FC00216,FP0125,3,3663.38,0,10990.14,8108.52,2881.62,Returned,COD,App
FO002273,2025-09-18,2025-09-21,FC00135,FP0055,1,5232.43,0,5232.43,3680.36,1552.07,Delivered,COD,App
FO002274,2025-07-29,2025-08-03,FC00481,FP0126,2,8367.43,0.05,15898.12,8385.24,7512.88,Delivered,Wallet,App
FO002275,2025-10-05,2025-10-06,FC00020,FP0035,2,8849.44,0.2,14159.1,13619.4,539.7,Delivered,UPI,App
FO002276,2025-08-26,2025-08-29,FC00397,FP0038,1,2344.11,0,2344.11,1686.66,657.45,Delivered,UPI,App
FO002277,2024-01-29,2024-01-31,FC00422,FP0081,5,6700.25,0.2,26801.0,15846.4,10954.6,Delivered,Wallet,App
FO002278,2026-08-19,2026-08-20,FC00509,FP0085,4,4839.7,0.05,18390.86,9936.56,8454.3,Delivered,COD,Web
FO002279,2024-04-01,2024-04-03,FC00594,FP0125,2,3663.38,0.15,6227.75,5405.68,822.07,Delivered,Card,Marketplace
FO002280,2024-10-01,2024-10-04,FC00671,FP0094,3,8583.13,0.2,20599.51,13464.3,7135.21,Delivered,UPI,App
FO002281,2026-07-18,2026-07-20,FC00220,FP0016,5,2502.51,0,12512.55,6422.2,6090.35,Delivered,COD,App
FO002282,2025-07-30,2025-08-03,FC00652,FP0012,1,5731.62,0.2,4585.3,3821.21,764.09,Returned,COD,Marketplace
FO002283,2025-06-16,2025-06-20,FC00612,FP0038,2,2344.11,0,4688.22,3373.32,1314.9,Delivered,Card,Marketplace
FO002284,2025-11-17,2025-11-19,FC00069,FP0056,3,2313.97,0.2,5553.53,5295.48,258.05,Delivered,COD,Web
FO002285,2025-09-11,2025-09-12,FC00450,FP0020,5,7904.14,0.1,35568.63,19434.2,16134.43,Delivered,UPI,Web
FO002286,2025-10-22,2025-10-27,FC00704,FP0091,1,4842.26,0.2,3873.81,3775.55,98.26,Delivered,UPI,App
FO002287,2024-03-14,2024-03-18,FC00654,FP0072,4,8536.96,0.15,29025.66,19417.16,9608.5,Delivered,UPI,App
FO002288,2025-02-10,2025-02-15,FC00719,FP0067,4,1512.27,0.2,4839.26,4034.76,804.5,Delivered,Wallet,App
FO002289,2025-07-11,2025-07-13,FC00683,FP0149,1,6293.48,0.2,5034.78,4730.92,303.86,Delivered,Wallet,Marketplace
FO002290,2024-08-29,2024-09-01,FC00046,FP0068,2,7649.03,0,15298.06,10576.2,4721.86,Delivered,Wallet,Web
FO002291,2025-12-21,2025-12-26,FC00609,FP0141,3,8678.41,0.05,24733.47,14878.74,9854.73,Delivered,Card,Web
FO002292,2024-02-05,2024-02-10,FC00254,FP0093,3,717.83,0.1,1938.14,1132.53,805.61,Delivered,UPI,App
FO002293,2025-09-07,2025-09-10,FC00427,FP0056,2,2313.97,0,4627.94,3530.32,1097.62,Returned,Wallet,Web
FO002294,2025-10-29,2025-11-02,FC00639,FP0109,5,6224.56,0,31122.8,19742.9,11379.9,Delivered,Wallet,Marketplace
FO002295,2024-06-04,2024-06-05,FC00371,FP0132,4,8467.19,0,33868.76,21624.04,12244.72,Returned,COD,Marketplace
FO002296,2025-12-02,2025-12-04,FC00270,FP0107,3,8729.85,0,26189.55,15951.81,10237.74,Delivered,UPI,Web
FO002297,2024-09-16,2024-09-19,FC00069,FP0050,1,3182.54,0.05,3023.41,2366.24,657.17,Delivered,Card,App
FO002298,2024-08-10,2024-08-11,FC00738,FP0009,3,5129.07,0.1,13848.49,7836.09,6012.4,Delivered,COD,Web
FO002299,2026-04-27,2026-04-29,FC00435,FP0146,2,8900.1,0.2,14240.16,11265.46,2974.7,Delivered,Wallet,Marketplace
FO002300,2024-04-25,2024-04-29,FC00731,FP0055,2,5232.43,0.1,9418.37,7360.72,2057.65,Delivered,Wallet,Web
FO002301,2024-08-06,2024-08-08,FC00371,FP0020,3,7904.14,0.1,21341.18,11660.52,9680.66,Shipped,COD,Marketplace
FO002302,2024-07-31,2024-08-04,FC00025,FP0042,2,1367.6,0.1,2461.68,1806.32,655.36,Delivered,Wallet,App
FO002303,2026-08-03,2026-08-05,FC00352,FP0051,4,362.42,0.15,1232.23,901.6,330.63,Delivered,Card,Web
FO002304,2024-01-02,2024-01-07,FC00640,FP0007,5,8720.63,0,43603.15,29310.9,14292.25,Delivered,Card,Web
FO002305,2025-02-21,2025-02-23,FC00431,FP0066,5,6676.95,0.05,31715.51,22578.15,9137.36,Delivered,UPI,App
FO002306,2026-03-18,2026-03-23,FC00635,FP0056,1,2313.97,0.05,2198.27,1765.16,433.11,Delivered,Wallet,Marketplace
FO002307,2025-03-09,2025-03-12,FC00198,FP0096,4,7777.95,0,31111.8,15942.6,15169.2,Shipped,Card,Web
FO002308,2024-02-19,2024-02-23,FC00495,FP0051,1,362.42,0.2,289.94,225.4,64.54,Delivered,COD,Marketplace
FO002309,2024-09-27,2024-09-29,FC00583,FP0023,3,4930.6,0.2,11833.44,7727.97,4105.47,Delivered,Card,App
FO002310,2025-12-09,2025-12-14,FC00336,FP0126,2,8367.43,0.2,13387.89,8385.24,5002.65,Delivered,Wallet,App
FO002311,2024-11-04,2024-11-08,FC00663,FP0042,4,1367.6,0.1,4923.36,3612.64,1310.72,Delivered,COD,Web
FO002312,2025-05-20,,FC00746,FP0121,1,4465.29,0,4465.29,2082.53,2382.76,Cancelled,Wallet,App
FO002313,2026-01-30,2026-02-01,FC00614,FP0049,3,3120.66,0.15,7957.68,6444.18,1513.5,Delivered,UPI,Marketplace
FO002314,2025-07-27,2025-07-28,FC00417,FP0035,2,8849.44,0.15,15044.05,13619.4,1424.65,Delivered,UPI,App
FO002315,2025-12-24,2025-12-27,FC00746,FP0026,5,8378.01,0.05,39795.55,26155.0,13640.55,Delivered,UPI,Marketplace
FO002316,2024-06-22,2024-06-25,FC00017,FP0087,3,4087.92,0.2,9811.01,6439.44,3371.57,Delivered,Wallet,App
FO002317,2024-09-07,2024-09-10,FC00177,FP0011,4,4973.23,0.05,18898.27,15166.08,3732.19,Delivered,COD,App
FO002318,2026-04-17,2026-04-20,FC00015,FP0091,3,4842.26,0,14526.78,11326.65,3200.13,Delivered,Card,Marketplace
FO002319,2025-03-10,2025-03-15,FC00021,FP0020,4,7904.14,0,31616.56,15547.36,16069.2,Delivered,UPI,Marketplace
FO002320,2025-08-19,2025-08-23,FC00229,FP0076,1,2384.81,0.1,2146.33,1451.32,695.01,Delivered,Wallet,Marketplace
FO002321,2026-08-29,2026-08-30,FC00703,FP0057,1,2898.29,0.1,2608.46,2073.55,534.91,Delivered,UPI,Web
FO002322,2025-01-28,2025-02-01,FC00379,FP0150,2,1525.45,0.15,2593.26,1966.06,627.2,Returned,Wallet,Marketplace
FO002323,2026-05-12,2026-05-15,FC00310,FP0031,3,938.39,0.2,2252.14,2114.13,138.01,Delivered,Card,App
FO002324,2026-02-02,2026-02-07,FC00706,FP0131,1,5348.1,0.2,4278.48,3575.05,703.43,Shipped,COD,Marketplace
FO002325,2025-03-07,2025-03-11,FC00324,FP0128,4,6621.29,0,26485.16,20591.28,5893.88,Delivered,UPI,App
FO002326,2025-10-22,2025-10-27,FC00342,FP0127,1,2634.4,0,2634.4,1540.51,1093.89,Shipped,Wallet,Web
FO002327,2026-05-10,2026-05-12,FC00363,FP0079,5,8401.85,0,42009.25,27722.1,14287.15,Delivered,UPI,Web
FO002328,2024-01-17,2024-01-18,FC00747,FP0097,2,408.56,0,817.12,615.96,201.16,Delivered,COD,Web
FO002329,2026-03-25,2026-03-26,FC00450,FP0046,2,4437.46,0.1,7987.43,5177.9,2809.53,Delivered,Card,Marketplace
FO002330,2024-11-01,2024-11-05,FC00789,FP0145,2,7366.74,0.2,11786.78,9378.42,2408.36,Delivered,Card,App
FO002331,2026-06-24,,FC00742,FP0004,5,2567.54,0,12837.7,7202.2,5635.5,Cancelled,UPI,App
FO002332,2026-01-05,2026-01-09,FC00573,FP0021,3,5809.66,0.2,13943.18,11739.36,2203.82,Delivered,UPI,Marketplace
FO002333,2025-04-10,2025-04-15,FC00141,FP0038,4,2344.11,0.15,7969.97,6746.64,1223.33,Delivered,Wallet,Marketplace
FO002334,2025-11-06,2025-11-11,FC00484,FP0019,1,3439.44,0,3439.44,2175.5,1263.94,Delivered,Wallet,Marketplace
FO002335,2024-05-01,2024-05-06,FC00085,FP0029,4,8582.57,0.15,29180.74,24935.44,4245.3,Delivered,UPI,Web
FO002336,2024-10-18,2024-10-22,FC00365,FP0052,2,7579.42,0,15158.84,11805.06,3353.78,Delivered,COD,Web
FO002337,2026-05-16,2026-05-20,FC00140,FP0109,3,6224.56,0.05,17740.0,11845.74,5894.26,Delivered,UPI,Marketplace
FO002338,2024-05-19,2024-05-21,FC00135,FP0049,2,3120.66,0.1,5617.19,4296.12,1321.07,Shipped,Card,Web
FO002339,2024-11-15,2024-11-16,FC00450,FP0024,1,723.69,0.05,687.51,405.14,282.37,Delivered,COD,Web
FO002340,2026-08-31,2026-09-03,FC00776,FP0091,3,4842.26,0.2,11621.42,11326.65,294.77,Delivered,Wallet,Web
FO002341,2024-05-10,2024-05-11,FC00450,FP0119,1,8688.16,0.05,8253.75,5844.97,2408.78,Delivered,COD,Marketplace
FO002342,2026-03-07,2026-03-11,FC00153,FP0010,5,4028.79,0,20143.95,13966.85,6177.1,Delivered,Card,Web
FO002343,2026-04-18,2026-04-23,FC00028,FP0146,1,8900.1,0.15,7565.09,5632.73,1932.36,Delivered,UPI,Web
FO002344,2026-06-01,2026-06-03,FC00285,FP0060,2,1889.38,0,3778.76,1788.44,1990.32,Delivered,UPI,Web
FO002345,2024-08-14,2024-08-16,FC00056,FP0005,5,936.51,0,4682.55,2128.0,2554.55,Returned,UPI,Web
FO002346,2025-01-21,2025-01-26,FC00740,FP0062,5,6579.03,0.15,27960.88,14878.6,13082.28,Delivered,COD,Web
FO002347,2025-03-14,2025-03-18,FC00674,FP0003,1,7444.42,0.15,6327.76,3849.78,2477.98,Delivered,COD,App
FO002348,2024-12-12,2024-12-14,FC00532,FP0114,2,4147.68,0.15,7051.06,3833.64,3217.42,Delivered,UPI,Marketplace
FO002349,2026-03-13,2026-03-14,FC00016,FP0008,5,573.37,0.05,2723.51,2213.45,510.06,Delivered,UPI,Web
FO002350,2025-01-11,2025-01-14,FC00294,FP0046,5,4437.46,0,22187.3,12944.75,9242.55,Delivered,UPI,Web
FO002351,2026-07-03,2026-07-07,FC00450,FP0020,5,7904.14,0.1,35568.63,19434.2,16134.43,Delivered,COD,Marketplace
FO002352,2024-01-22,2024-01-25,FC00545,FP0129,5,8281.13,0.15,35194.8,26387.5,8807.3,Shipped,Wallet,Marketplace
FO002353,2024-09-19,,FC00651,FP0149,2,6293.48,0,12586.96,9461.84,3125.12,Cancelled,Card,Web
FO002354,2024-09-24,2024-09-25,FC00044,FP0128,4,6621.29,0,26485.16,20591.28,5893.88,Delivered,Card,Web
FO002355,2025-04-30,2025-05-03,FC00305,FP0094,3,8583.13,0.15,21886.98,13464.3,8422.68,Delivered,UPI,App
FO002356,2026-07-15,2026-07-19,FC00442,FP0142,2,2779.44,0.05,5280.94,3100.96,2179.98,Delivered,UPI,Marketplace
FO002357,2026-01-12,2026-01-15,FC00456,FP0029,4,8582.57,0.1,30897.25,24935.44,5961.81,Delivered,Card,Marketplace
FO002358,2025-02-11,2025-02-14,FC00663,FP0083,4,588.68,0,2354.72,1317.92,1036.8,Delivered,UPI,App
FO002359,2025-02-03,2025-02-04,FC00653,FP0043,4,2276.32,0.2,7284.22,5621.08,1663.14,Delivered,Wallet,Web
FO002360,2026-01-15,2026-01-17,FC00282,FP0045,2,3811.34,0.15,6479.28,4421.5,2057.78,Delivered,Wallet,Marketplace
FO002361,2026-01-28,2026-01-29,FC00786,FP0047,2,8632.68,0.15,14675.56,7856.98,6818.58,Delivered,Card,App
FO002362,2026-07-20,2026-07-21,FC00209,FP0089,3,7208.67,0,21626.01,14785.8,6840.21,Delivered,Card,Marketplace
FO002363,2025-12-10,2025-12-15,FC00466,FP0016,1,2502.51,0.2,2002.01,1284.44,717.57,Delivered,COD,Web
FO002364,2024-05-09,2024-05-11,FC00215,FP0069,3,3524.08,0.2,8457.79,7669.14,788.65,Delivered,Wallet,Web
FO002365,2024-03-28,2024-04-01,FC00374,FP0050,1,3182.54,0,3182.54,2366.24,816.3,Delivered,Card,Marketplace
FO002366,2025-04-22,2025-04-24,FC00081,FP0123,3,8591.64,0.2,20619.94,17214.27,3405.67,Delivered,COD,Marketplace
FO002367,2025-12-07,2025-12-10,FC00119,FP0059,3,6932.62,0.2,16638.29,11460.81,5177.48,Delivered,Wallet,Marketplace
FO002368,2026-05-01,2026-05-03,FC00151,FP0063,1,5604.39,0.2,4483.51,3571.53,911.98,Shipped,UPI,App
FO002369,2025-04-22,2025-04-27,FC00669,FP0133,3,3028.5,0.05,8631.23,6259.92,2371.31,Delivered,COD,App
FO002370,2025-01-22,2025-01-27,FC00556,FP0025,4,3658.51,0.15,12438.93,6988.68,5450.25,Delivered,UPI,App
FO002371,2026-02-21,2026-02-25,FC00751,FP0057,2,2898.29,0.2,4637.26,4147.1,490.16,Delivered,Wallet,App
FO002372,2024-03-01,,FC00526,FP0046,4,4437.46,0.2,14199.87,10355.8,3844.07,Cancelled,Card,App
FO002373,2024-06-18,2024-06-21,FC00570,FP0001,4,210.57,0,842.28,439.2,403.08,Delivered,Wallet,Marketplace
FO002374,2025-08-08,2025-08-13,FC00443,FP0129,1,8281.13,0.05,7867.07,5277.5,2589.57,Delivered,COD,Marketplace
FO002375,2026-03-04,2026-03-09,FC00731,FP0010,4,4028.79,0.2,12892.13,11173.48,1718.65,Shipped,COD,Marketplace
FO002376,2025-12-10,2025-12-11,FC00447,FP0008,4,573.37,0.15,1949.46,1770.76,178.7,Delivered,UPI,App
FO002377,2024-06-12,2024-06-17,FC00298,FP0055,4,5232.43,0,20929.72,14721.44,6208.28,Delivered,Wallet,Web
FO002378,2026-05-30,2026-05-31,FC00672,FP0057,5,2898.29,0,14491.45,10367.75,4123.7,Delivered,Card,Web
FO002379,2026-07-14,2026-07-17,FC00743,FP0110,5,504.22,0,2521.1,1924.0,597.1,Delivered,Wallet,App
FO002380,2025-11-11,,FC00216,FP0063,2,5604.39,0,11208.78,7143.06,4065.72,Cancelled,UPI,App
FO002381,2024-04-18,2024-04-23,FC00220,FP0077,2,5603.86,0.15,9526.56,5512.9,4013.66,Delivered,COD,Marketplace
FO002382,2024-01-09,2024-01-12,FC00703,FP0030,1,7057.58,0,7057.58,4816.42,2241.16,Delivered,COD,Marketplace
FO002383,2026-02-17,2026-02-21,FC00590,FP0026,3,8378.01,0,25134.03,15693.0,9441.03,Delivered,UPI,Web
FO002384,2024-01-01,2024-01-03,FC00325,FP0132,1,8467.19,0.05,8043.83,5406.01,2637.82,Delivered,Card,App
FO002385,2026-06-04,2026-06-05,FC00643,FP0053,3,439.66,0.1,1187.08,694.71,492.37,Delivered,Wallet,Marketplace
FO002386,2024-02-16,2024-02-17,FC00667,FP0046,1,4437.46,0.1,3993.71,2588.95,1404.76,Delivered,COD,App
FO002387,2024-12-11,2024-12-12,FC00218,FP0065,4,6416.13,0,25664.52,12093.4,13571.12,Delivered,Card,Marketplace
FO002388,2025-03-31,2025-04-05,FC00668,FP0096,5,7777.95,0,38889.75,19928.25,18961.5,Shipped,COD,Marketplace
FO002389,2025-11-09,2025-11-11,FC00495,FP0029,5,8582.57,0.2,34330.28,31169.3,3160.98,Delivered,Wallet,App
FO002390,2026-03-04,2026-03-07,FC00310,FP0101,1,1034.69,0,1034.69,760.13,274.56,Delivered,Card,App
FO002391,2025-06-14,2025-06-16,FC00399,FP0057,5,2898.29,0,14491.45,10367.75,4123.7,Returned,Card,Marketplace
FO002392,2024-02-14,2024-02-16,FC00188,FP0042,5,1367.6,0.1,6154.2,4515.8,1638.4,Delivered,Wallet,Marketplace
FO002393,2024-09-10,2024-09-11,FC00160,FP0137,3,5774.99,0,17324.97,10669.89,6655.08,Returned,UPI,Web
FO002394,2026-01-18,2026-01-23,FC00261,FP0093,2,717.83,0.15,1220.31,755.02,465.29,Delivered,COD,Web
FO002395,2025-11-11,2025-11-16,FC00601,FP0083,5,588.68,0.1,2649.06,1647.4,1001.66,Delivered,Wallet,Web
FO002396,2025-12-09,2025-12-14,FC00176,FP0126,2,8367.43,0.2,13387.89,8385.24,5002.65,Delivered,Wallet,Marketplace
FO002397,2025-12-16,2025-12-19,FC00367,FP0076,2,2384.81,0,4769.62,2902.64,1866.98,Delivered,COD,Web
FO002398,2025-04-24,2025-04-29,FC00619,FP0075,4,1589.63,0.15,5404.74,2908.84,2495.9,Delivered,Wallet,App
FO002399,2025-06-17,2025-06-18,FC00241,FP0130,2,3439.37,0.2,5502.99,4464.46,1038.53,Delivered,Card,Web
FO002400,2026-06-14,,FC00776,FP0143,1,8786.1,0.2,7028.88,6599.64,429.24,Cancelled,COD,App
FO002401,2026-06-30,2026-07-02,FC00706,FP0136,2,2234.55,0.05,4245.65,3411.88,833.77,Delivered,Card,App
FO002402,2025-04-09,2025-04-12,FC00014,FP0028,5,1252.8,0.15,5324.4,4158.9,1165.5,Shipped,COD,Marketplace
FO002403,2025-05-24,2025-05-29,FC00319,FP0106,5,5985.79,0.2,23943.16,19301.1,4642.06,Delivered,COD,Web
FO002404,2025-02-08,2025-02-13,FC00325,FP0083,2,588.68,0,1177.36,658.96,518.4,Delivered,Card,App
FO002405,2024-11-10,2024-11-14,FC00229,FP0076,2,2384.81,0,4769.62,2902.64,1866.98,Delivered,Card,Marketplace
FO002406,2026-04-17,2026-04-22,FC00120,FP0008,5,573.37,0.05,2723.51,2213.45,510.06,Delivered,UPI,Marketplace
FO002407,2026-02-28,2026-03-01,FC00550,FP0035,1,8849.44,0.05,8406.97,6809.7,1597.27,Returned,Wallet,Web
FO002408,2026-05-25,2026-05-28,FC00122,FP0093,4,717.83,0,2871.32,1510.04,1361.28,Delivered,Card,Marketplace
FO002409,2024-04-08,2024-04-09,FC00064,FP0020,4,7904.14,0.2,25293.25,15547.36,9745.89,Delivered,UPI,Web
FO002410,2026-02-13,2026-02-17,FC00016,FP0108,1,6123.84,0.05,5817.65,4450.52,1367.13,Delivered,UPI,Marketplace
FO002411,2024-01-10,2024-01-12,FC00772,FP0083,5,588.68,0,2943.4,1647.4,1296.0,Delivered,Wallet,Web
FO002412,2025-07-22,2025-07-27,FC00262,FP0032,4,5585.91,0.2,17874.91,13424.88,4450.03,Delivered,COD,Web
FO002413,2026-01-28,2026-01-30,FC00085,FP0130,4,3439.37,0,13757.48,8928.92,4828.56,Delivered,Wallet,App
FO002414,2024-02-20,2024-02-22,FC00605,FP0049,3,3120.66,0,9361.98,6444.18,2917.8,Delivered,Wallet,App
FO002415,2026-04-27,2026-05-02,FC00548,FP0042,3,1367.6,0.05,3897.66,2709.48,1188.18,Delivered,COD,Marketplace
FO002416,2024-05-31,2024-06-03,FC00047,FP0001,3,210.57,0.05,600.12,329.4,270.72,Delivered,UPI,Marketplace
FO002417,2025-07-19,2025-07-21,FC00249,FP0057,5,2898.29,0,14491.45,10367.75,4123.7,Delivered,UPI,App
FO002418,2026-02-04,2026-02-05,FC00579,FP0121,2,4465.29,0,8930.58,4165.06,4765.52,Delivered,Wallet,App
FO002419,2024-04-21,2024-04-22,FC00180,FP0067,4,1512.27,0.1,5444.17,4034.76,1409.41,Delivered,Card,Marketplace
FO002420,2024-03-12,2024-03-16,FC00422,FP0137,5,5774.99,0,28874.95,17783.15,11091.8,Delivered,Wallet,Marketplace
FO002421,2025-09-20,,FC00344,FP0095,1,4214.31,0,4214.31,3248.61,965.7,Cancelled,Card,App
FO002422,2024-04-25,2024-04-26,FC00774,FP0131,1,5348.1,0,5348.1,3575.05,1773.05,Shipped,UPI,Marketplace
FO002423,2026-08-06,2026-08-09,FC00249,FP0042,5,1367.6,0.05,6496.1,4515.8,1980.3,Delivered,Wallet,App
FO002424,2024-05-07,2024-05-11,FC00251,FP0112,2,7352.99,0,14705.98,8769.76,5936.22,Delivered,Card,Marketplace
FO002425,2026-08-02,2026-08-05,FC00333,FP0086,3,3161.12,0,9483.36,5223.78,4259.58,Delivered,Wallet,App
FO002426,2024-08-10,2024-08-15,FC00711,FP0057,1,2898.29,0.1,2608.46,2073.55,534.91,Delivered,Card,Marketplace
FO002427,2025-08-09,2025-08-12,FC00571,FP0144,3,1851.64,0.2,4443.94,3793.8,650.14,Delivered,UPI,App
FO002428,2025-04-02,2025-04-06,FC00222,FP0096,2,7777.95,0,15555.9,7971.3,7584.6,Delivered,UPI,App
FO002429,2025-04-27,2025-04-30,FC00780,FP0096,4,7777.95,0,31111.8,15942.6,15169.2,Shipped,Wallet,Marketplace
FO002430,2024-06-02,2024-06-03,FC00189,FP0093,4,717.83,0.05,2727.75,1510.04,1217.71,Shipped,Card,Marketplace
FO002431,2024-02-15,2024-02-19,FC00457,FP0150,2,1525.45,0.05,2898.36,1966.06,932.3,Shipped,COD,Web
FO002432,2024-11-17,2024-11-19,FC00692,FP0006,3,2389.7,0.15,6093.73,3867.42,2226.31,Delivered,Card,App
FO002433,2024-09-08,2024-09-12,FC00273,FP0111,3,2277.23,0,6831.69,3790.05,3041.64,Delivered,COD,App
FO002434,2024-07-31,2024-08-05,FC00116,FP0048,5,5765.37,0,28826.85,19647.95,9178.9,Delivered,UPI,App
FO002435,2024-07-06,2024-07-09,FC00495,FP0072,2,8536.96,0.1,15366.53,9708.58,5657.95,Delivered,Wallet,Marketplace
FO002436,2024-07-06,2024-07-07,FC00311,FP0143,4,8786.1,0.1,31629.96,26398.56,5231.4,Delivered,COD,Marketplace
FO002437,2025-03-20,2025-03-21,FC00529,FP0092,4,1308.85,0.2,4188.32,3365.96,822.36,Delivered,COD,Web
FO002438,2024-04-05,2024-04-09,FC00413,FP0036,3,7738.34,0,23215.02,15600.72,7614.3,Delivered,Wallet,App
FO002439,2025-10-13,2025-10-14,FC00499,FP0113,4,6018.81,0,24075.24,16721.72,7353.52,Delivered,COD,App
FO002440,2025-03-01,2025-03-06,FC00774,FP0022,3,5006.4,0.05,14268.24,10721.7,3546.54,Delivered,COD,Web
FO002441,2026-07-11,2026-07-14,FC00236,FP0054,2,3389.15,0.2,5422.64,3855.66,1566.98,Delivered,UPI,Marketplace
FO002442,2025-11-10,2025-11-12,FC00100,FP0069,3,3524.08,0.05,10043.63,7669.14,2374.49,Delivered,UPI,App
FO002443,2026-05-14,2026-05-17,FC00299,FP0120,1,1814.22,0.15,1542.09,851.73,690.36,Delivered,UPI,Web
FO002444,2026-01-20,2026-01-24,FC00050,FP0101,4,1034.69,0.15,3517.95,3040.52,477.43,Delivered,UPI,Marketplace
FO002445,2026-03-11,2026-03-12,FC00712,FP0094,5,8583.13,0.1,38624.08,22440.5,16183.58,Delivered,Wallet,Marketplace
FO002446,2025-08-27,2025-08-28,FC00516,FP0137,4,5774.99,0.05,21944.96,14226.52,7718.44,Delivered,Card,Marketplace
FO002447,2024-01-01,2024-01-04,FC00004,FP0043,3,2276.32,0,6828.96,4215.81,2613.15,Returned,COD,Web
FO002448,2025-09-26,,FC00495,FP0104,3,7540.37,0.1,20359.0,11767.29,8591.71,Cancelled,COD,Web
FO002449,2024-04-30,2024-05-03,FC00311,FP0057,2,2898.29,0,5796.58,4147.1,1649.48,Delivered,COD,App
FO002450,2025-11-28,2025-12-03,FC00067,FP0081,2,6700.25,0.05,12730.47,6338.56,6391.91,Delivered,Card,Web
FO002451,2025-06-23,2025-06-25,FC00492,FP0140,5,2871.91,0.2,11487.64,8317.3,3170.34,Delivered,COD,App
FO002452,2024-03-19,2024-03-24,FC00776,FP0043,4,2276.32,0.2,7284.22,5621.08,1663.14,Delivered,UPI,App
FO002453,2024-02-24,2024-02-29,FC00285,FP0053,2,439.66,0.05,835.35,463.14,372.21,Delivered,UPI,Web
FO002454,2024-09-18,2024-09-21,FC00768,FP0086,4,3161.12,0.05,12012.26,6965.04,5047.22,Delivered,Card,Marketplace
FO002455,2024-03-14,2024-03-15,FC00723,FP0146,1,8900.1,0.2,7120.08,5632.73,1487.35,Delivered,Card,Web
FO002456,2024-05-15,2024-05-16,FC00183,FP0015,5,8865.5,0,44327.5,33674.2,10653.3,Shipped,Wallet,Marketplace
FO002457,2024-10-28,2024-11-02,FC00718,FP0005,1,936.51,0,936.51,425.6,510.91,Delivered,UPI,Marketplace
FO002458,2024-05-27,2024-05-30,FC00248,FP0111,5,2277.23,0,11386.15,6316.75,5069.4,Delivered,UPI,Marketplace
FO002459,2025-02-19,2025-02-20,FC00011,FP0088,1,3685.01,0.1,3316.51,2269.49,1047.02,Delivered,UPI,App
FO002460,2024-09-21,2024-09-26,FC00307,FP0087,3,4087.92,0.05,11650.57,6439.44,5211.13,Delivered,Wallet,Web
FO002461,2024-09-25,2024-09-28,FC00510,FP0080,5,5963.59,0.1,26836.16,16030.95,10805.21,Delivered,Wallet,App
FO002462,2026-08-25,2026-08-30,FC00648,FP0098,4,8268.49,0,33073.96,21982.0,11091.96,Delivered,Card,Web
FO002463,2025-04-30,2025-05-02,FC00779,FP0134,3,6168.72,0.05,17580.85,9404.19,8176.66,Delivered,Wallet,App
FO002464,2025-04-25,2025-04-29,FC00301,FP0057,1,2898.29,0.2,2318.63,2073.55,245.08,Delivered,Wallet,App
FO002465,2024-01-13,2024-01-18,FC00485,FP0075,2,1589.63,0.15,2702.37,1454.42,1247.95,Delivered,COD,App
FO002466,2026-04-12,2026-04-16,FC00119,FP0017,5,1613.62,0.15,6857.88,5114.55,1743.33,Delivered,UPI,Marketplace
FO002467,2026-03-25,2026-03-30,FC00238,FP0106,1,5985.79,0.1,5387.21,3860.22,1526.99,Delivered,Card,Web
FO002468,2025-02-14,2025-02-15,FC00191,FP0049,2,3120.66,0.1,5617.19,4296.12,1321.07,Delivered,Wallet,App
FO002469,2025-07-16,2025-07-17,FC00521,FP0059,2,6932.62,0.1,12478.72,7640.54,4838.18,Delivered,Wallet,Web
FO002470,2024-05-23,2024-05-27,FC00440,FP0076,1,2384.81,0.15,2027.09,1451.32,575.77,Delivered,UPI,App
FO002471,2024-02-24,2024-02-26,FC00493,FP0142,1,2779.44,0,2779.44,1550.48,1228.96,Delivered,UPI,App
FO002472,2026-01-14,2026-01-19,FC00441,FP0021,5,5809.66,0.05,27595.88,19565.6,8030.28,Delivered,Wallet,App
FO002473,2025-11-28,2025-11-30,FC00670,FP0044,5,1760.04,0.2,7040.16,4164.55,2875.61,Delivered,UPI,Marketplace
FO002474,2024-02-07,2024-02-11,FC00624,FP0043,5,2276.32,0,11381.6,7026.35,4355.25,Delivered,Wallet,App
FO002475,2026-02-11,2026-02-15,FC00611,FP0146,4,8900.1,0,35600.4,22530.92,13069.48,Delivered,Card,App
FO002476,2025-08-15,2025-08-18,FC00767,FP0019,4,3439.44,0.05,13069.87,8702.0,4367.87,Delivered,COD,Web
FO002477,2025-06-03,2025-06-04,FC00049,FP0055,2,5232.43,0,10464.86,7360.72,3104.14,Delivered,COD,Web
FO002478,2025-06-19,2025-06-22,FC00142,FP0076,3,2384.81,0.05,6796.71,4353.96,2442.75,Delivered,Card,App
FO002479,2026-02-10,2026-02-15,FC00774,FP0037,3,1147.6,0,3442.8,2311.44,1131.36,Delivered,COD,Web
FO002480,2024-08-05,2024-08-10,FC00205,FP0073,4,3772.01,0.1,13579.24,8309.44,5269.8,Delivered,Card,App
FO002481,2025-08-16,2025-08-19,FC00020,FP0019,4,3439.44,0.15,11694.1,8702.0,2992.1,Delivered,Wallet,Marketplace
FO002482,2025-10-28,2025-10-31,FC00761,FP0032,4,5585.91,0,22343.64,13424.88,8918.76,Delivered,COD,App
FO002483,2025-12-08,,FC00096,FP0118,2,5177.32,0.15,8801.44,5682.72,3118.72,Cancelled,Card,Web
FO002484,2025-11-20,2025-11-21,FC00403,FP0008,5,573.37,0.15,2436.82,2213.45,223.37,Delivered,COD,Marketplace
FO002485,2025-04-05,2025-04-08,FC00159,FP0091,2,4842.26,0,9684.52,7551.1,2133.42,Delivered,Card,Web
FO002486,2024-09-15,2024-09-16,FC00035,FP0010,3,4028.79,0.1,10877.73,8380.11,2497.62,Delivered,UPI,Marketplace
FO002487,2025-10-13,2025-10-17,FC00062,FP0125,3,3663.38,0.2,8792.11,8108.52,683.59,Delivered,Wallet,App
FO002488,2025-07-17,2025-07-22,FC00218,FP0083,3,588.68,0,1766.04,988.44,777.6,Delivered,Wallet,Marketplace
FO002489,2025-03-20,2025-03-23,FC00717,FP0093,2,717.83,0,1435.66,755.02,680.64,Shipped,UPI,App
FO002490,2026-05-13,2026-05-15,FC00182,FP0121,1,4465.29,0.15,3795.5,2082.53,1712.97,Returned,UPI,Marketplace
FO002491,2026-08-30,2026-09-03,FC00749,FP0143,3,8786.1,0,26358.3,19798.92,6559.38,Delivered,Wallet,Marketplace
FO002492,2024-06-14,2024-06-19,FC00312,FP0038,2,2344.11,0,4688.22,3373.32,1314.9,Delivered,UPI,App
FO002493,2024-06-28,2024-06-29,FC00165,FP0126,3,8367.43,0.1,22592.06,12577.86,10014.2,Delivered,Card,App
FO002494,2025-12-27,2025-12-31,FC00794,FP0015,2,8865.5,0,17731.0,13469.68,4261.32,Delivered,COD,Marketplace
FO002495,2025-07-27,2025-07-31,FC00210,FP0052,4,7579.42,0,30317.68,23610.12,6707.56,Delivered,Wallet,Marketplace
FO002496,2025-10-30,2025-11-02,FC00388,FP0024,4,723.69,0.1,2605.28,1620.56,984.72,Delivered,Wallet,Marketplace
FO002497,2024-12-27,2024-12-28,FC00149,FP0063,5,5604.39,0,28021.95,17857.65,10164.3,Delivered,UPI,Web
FO002498,2024-03-07,2024-03-09,FC00022,FP0146,5,8900.1,0.15,37825.42,28163.65,9661.77,Delivered,COD,Marketplace
FO002499,2025-06-05,2025-06-10,FC00589,FP0100,2,2392.72,0,4785.44,2404.28,2381.16,Delivered,UPI,App
FO002500,2025-02-11,2025-02-14,FC00171,FP0056,5,2313.97,0.05,10991.36,8825.8,2165.56,Delivered,UPI,Marketplace
FO002501,2026-07-11,2026-07-14,FC00610,FP0124,2,4028.63,0.2,6445.81,5005.46,1440.35,Delivered,COD,App
FO002502,2024-08-30,2024-09-02,FC00442,FP0098,1,8268.49,0.2,6614.79,5495.5,1119.29,Delivered,Wallet,App
FO002503,2025-10-08,2025-10-11,FC00529,FP0028,3,1252.8,0.2,3006.72,2495.34,511.38,Delivered,Card,Marketplace
FO002504,2026-08-30,2026-08-31,FC00758,FP0093,3,717.83,0,2153.49,1132.53,1020.96,Shipped,Card,Marketplace
FO002505,2024-05-19,2024-05-20,FC00632,FP0108,3,6123.84,0,18371.52,13351.56,5019.96,Delivered,UPI,Web
FO002506,2026-02-19,2026-02-24,FC00169,FP0127,4,2634.4,0.1,9483.84,6162.04,3321.8,Delivered,Wallet,App
FO002507,2024-12-19,2024-12-21,FC00197,FP0025,2,3658.51,0.2,5853.62,3494.34,2359.28,Delivered,Card,Marketplace
FO002508,2026-05-10,2026-05-12,FC00613,FP0060,1,1889.38,0.15,1605.97,894.22,711.75,Shipped,UPI,App
FO002509,2026-05-12,2026-05-16,FC00753,FP0029,4,8582.57,0.2,27464.22,24935.44,2528.78,Delivered,Card,App
FO002510,2024-04-22,2024-04-24,FC00499,FP0098,2,8268.49,0,16536.98,10991.0,5545.98,Delivered,Card,Marketplace
FO002511,2025-12-05,2025-12-07,FC00687,FP0059,3,6932.62,0,20797.86,11460.81,9337.05,Delivered,Card,Web
FO002512,2026-06-18,2026-06-22,FC00559,FP0097,3,408.56,0,1225.68,923.94,301.74,Delivered,COD,Web
FO002513,2025-08-09,2025-08-14,FC00442,FP0003,4,7444.42,0,29777.68,15399.12,14378.56,Delivered,UPI,Marketplace
FO002514,2026-08-24,2026-08-28,FC00377,FP0055,4,5232.43,0,20929.72,14721.44,6208.28,Delivered,Wallet,Marketplace
FO002515,2025-11-02,2025-11-05,FC00327,FP0135,1,3393.68,0.1,3054.31,1708.4,1345.91,Returned,Wallet,App
FO002516,2026-04-11,2026-04-13,FC00177,FP0040,2,1044.51,0.05,1984.57,1010.92,973.65,Delivered,UPI,App
FO002517,2024-07-23,2024-07-26,FC00062,FP0018,3,4845.28,0.15,12355.46,9145.41,3210.05,Delivered,COD,Marketplace
FO002518,2026-08-09,2026-08-10,FC00677,FP0008,4,573.37,0.2,1834.78,1770.76,64.02,Delivered,Card,App
FO002519,2025-08-10,2025-08-15,FC00090,FP0094,3,8583.13,0.05,24461.92,13464.3,10997.62,Delivered,COD,Web
FO002520,2025-10-09,2025-10-14,FC00245,FP0012,1,5731.62,0.15,4871.88,3821.21,1050.67,Delivered,COD,Marketplace
FO002521,2026-07-31,2026-08-01,FC00585,FP0023,1,4930.6,0,4930.6,2575.99,2354.61,Delivered,Card,Marketplace
FO002522,2026-04-04,2026-04-09,FC00483,FP0021,1,5809.66,0.1,5228.69,3913.12,1315.57,Delivered,UPI,App
FO002523,2024-07-15,2024-07-18,FC00765,FP0077,4,5603.86,0.1,20173.9,11025.8,9148.1,Returned,COD,Web
FO002524,2025-09-15,2025-09-16,FC00047,FP0141,5,8678.41,0.15,36883.24,24797.9,12085.34,Delivered,Wallet,App
FO002525,2025-03-20,2025-03-21,FC00639,FP0059,4,6932.62,0.1,24957.43,15281.08,9676.35,Delivered,Wallet,Web
FO002526,2026-01-30,2026-02-04,FC00146,FP0147,5,6012.15,0,30060.75,21406.3,8654.45,Delivered,UPI,Marketplace
FO002527,2025-06-26,2025-06-27,FC00092,FP0142,2,2779.44,0,5558.88,3100.96,2457.92,Delivered,COD,Marketplace
FO002528,2025-04-12,2025-04-15,FC00704,FP0026,1,8378.01,0.15,7121.31,5231.0,1890.31,Delivered,Card,App
FO002529,2025-12-03,2025-12-07,FC00471,FP0100,1,2392.72,0.05,2273.08,1202.14,1070.94,Delivered,Card,Web
FO002530,2024-06-26,2024-06-30,FC00669,FP0144,2,1851.64,0,3703.28,2529.2,1174.08,Delivered,Card,App
FO002531,2024-01-06,2024-01-07,FC00711,FP0140,2,2871.91,0,5743.82,3326.92,2416.9,Delivered,COD,Web
FO002532,2026-05-25,2026-05-27,FC00765,FP0082,1,3600.56,0.1,3240.5,2404.73,835.77,Delivered,COD,App
FO002533,2024-01-15,2024-01-18,FC00226,FP0095,1,4214.31,0,4214.31,3248.61,965.7,Delivered,UPI,Marketplace
FO002534,2026-05-13,2026-05-16,FC00099,FP0092,5,1308.85,0.2,5235.4,4207.45,1027.95,Delivered,COD,Marketplace
FO002535,2025-04-25,2025-04-28,FC00205,FP0113,3,6018.81,0.15,15347.97,12541.29,2806.68,Returned,Card,App
FO002536,2024-05-31,2024-06-02,FC00204,FP0064,5,6408.04,0.15,27234.17,21859.5,5374.67,Delivered,Card,App
FO002537,2024-05-15,2024-05-18,FC00263,FP0127,1,2634.4,0.1,2370.96,1540.51,830.45,Delivered,UPI,App
FO002538,2026-06-24,2026-06-27,FC00319,FP0090,1,7705.8,0,7705.8,4156.62,3549.18,Returned,Wallet,Web
FO002539,2024-11-11,2024-11-16,FC00176,FP0113,5,6018.81,0,30094.05,20902.15,9191.9,Delivered,Card,App
FO002540,2024-06-06,2024-06-10,FC00209,FP0078,3,2259.44,0.1,6100.49,4190.79,1909.7,Delivered,COD,App
FO002541,2025-12-16,2025-12-20,FC00494,FP0064,1,6408.04,0,6408.04,4371.9,2036.14,Delivered,Wallet,Marketplace
FO002542,2025-01-13,2025-01-16,FC00400,FP0129,4,8281.13,0.1,29812.07,21110.0,8702.07,Delivered,UPI,Web
FO002543,2024-11-09,2024-11-11,FC00069,FP0147,2,6012.15,0,12024.3,8562.52,3461.78,Delivered,UPI,Marketplace
FO002544,2024-03-21,2024-03-23,FC00044,FP0090,4,7705.8,0,30823.2,16626.48,14196.72,Delivered,Card,Marketplace
FO002545,2026-03-18,2026-03-20,FC00171,FP0046,5,4437.46,0.05,21077.93,12944.75,8133.18,Delivered,Wallet,App
FO002546,2026-03-30,2026-04-04,FC00355,FP0068,2,7649.03,0.1,13768.25,10576.2,3192.05,Delivered,UPI,Web
FO002547,2025-02-12,2025-02-16,FC00305,FP0083,1,588.68,0.2,470.94,329.48,141.46,Delivered,Wallet,Marketplace
FO002548,2024-07-18,2024-07-22,FC00319,FP0110,2,504.22,0,1008.44,769.6,238.84,Delivered,COD,Marketplace
FO002549,2026-07-19,2026-07-23,FC00241,FP0019,5,3439.44,0.2,13757.76,10877.5,2880.26,Delivered,COD,Web
FO002550,2026-07-02,2026-07-05,FC00656,FP0042,5,1367.6,0.1,6154.2,4515.8,1638.4,Delivered,UPI,Web
FO002551,2026-08-22,2026-08-26,FC00582,FP0136,2,2234.55,0.1,4022.19,3411.88,610.31,Delivered,Wallet,App
FO002552,2026-01-17,2026-01-21,FC00175,FP0045,5,3811.34,0.2,15245.36,11053.75,4191.61,Delivered,COD,Marketplace
FO002553,2026-06-02,2026-06-07,FC00573,FP0145,5,7366.74,0.1,33150.33,23446.05,9704.28,Delivered,Wallet,Marketplace
FO002554,2024-05-05,,FC00693,FP0114,4,4147.68,0.05,15761.18,7667.28,8093.9,Cancelled,UPI,Marketplace
FO002555,2025-09-03,2025-09-08,FC00765,FP0090,2,7705.8,0,15411.6,8313.24,7098.36,Delivered,COD,Marketplace
FO002556,2025-12-07,2025-12-08,FC00777,FP0077,4,5603.86,0,22415.44,11025.8,11389.64,Delivered,COD,Web
FO002557,2024-02-22,2024-02-27,FC00182,FP0028,4,1252.8,0.1,4510.08,3327.12,1182.96,Delivered,COD,Marketplace
FO002558,2026-06-13,2026-06-18,FC00512,FP0054,2,3389.15,0,6778.3,3855.66,2922.64,Delivered,Wallet,Marketplace
FO002559,2025-05-21,2025-05-26,FC00648,FP0103,2,4863.91,0.15,8268.65,5045.06,3223.59,Delivered,Wallet,Web
FO002560,2025-01-21,2025-01-22,FC00174,FP0026,3,8378.01,0,25134.03,15693.0,9441.03,Delivered,Card,Web
FO002561,2024-10-24,2024-10-29,FC00229,FP0073,1,3772.01,0.2,3017.61,2077.36,940.25,Delivered,Card,Web
FO002562,2025-03-04,2025-03-06,FC00003,FP0074,4,7560.0,0.05,28728.0,21313.6,7414.4,Delivered,COD,Web
FO002563,2026-01-25,2026-01-27,FC00694,FP0018,3,4845.28,0,14535.84,9145.41,5390.43,Delivered,Wallet,App
FO002564,2025-06-10,2025-06-13,FC00699,FP0150,5,1525.45,0.2,6101.8,4915.15,1186.65,Delivered,COD,Web
FO002565,2025-09-09,2025-09-12,FC00737,FP0014,2,2335.19,0.05,4436.86,2213.82,2223.04,Delivered,Card,App
FO002566,2026-01-05,2026-01-10,FC00064,FP0140,5,2871.91,0,14359.55,8317.3,6042.25,Shipped,COD,Marketplace
FO002567,2025-02-20,2025-02-24,FC00154,FP0029,1,8582.57,0.1,7724.31,6233.86,1490.45,Delivered,UPI,Marketplace
FO002568,2026-07-10,2026-07-15,FC00569,FP0129,1,8281.13,0,8281.13,5277.5,3003.63,Delivered,COD,App
FO002569,2025-07-27,2025-08-01,FC00224,FP0066,1,6676.95,0,6676.95,4515.63,2161.32,Delivered,Wallet,App
FO002570,2025-06-29,2025-07-02,FC00400,FP0142,3,2779.44,0.15,7087.57,4651.44,2436.13,Delivered,Wallet,Marketplace
FO002571,2024-10-31,2024-11-01,FC00210,FP0060,2,1889.38,0.15,3211.95,1788.44,1423.51,Delivered,Card,Marketplace
FO002572,2025-10-24,,FC00079,FP0112,3,7352.99,0.2,17647.18,13154.64,4492.54,Cancelled,Card,App
FO002573,2024-03-16,2024-03-21,FC00315,FP0138,1,8119.99,0.05,7713.99,5002.34,2711.65,Delivered,COD,Web
FO002574,2024-05-10,2024-05-15,FC00443,FP0081,4,6700.25,0,26801.0,12677.12,14123.88,Delivered,Wallet,App
FO002575,2025-08-11,2025-08-12,FC00495,FP0017,2,1613.62,0,3227.24,2045.82,1181.42,Shipped,COD,App
FO002576,2025-03-09,2025-03-11,FC00495,FP0111,5,2277.23,0.15,9678.23,6316.75,3361.48,Delivered,UPI,App
FO002577,2025-05-21,2025-05-24,FC00612,FP0112,1,7352.99,0.05,6985.34,4384.88,2600.46,Delivered,UPI,Marketplace
FO002578,2026-06-27,2026-07-01,FC00171,FP0128,1,6621.29,0,6621.29,5147.82,1473.47,Delivered,Card,Web
FO002579,2024-03-19,2024-03-21,FC00030,FP0137,4,5774.99,0,23099.96,14226.52,8873.44,Returned,UPI,Web
FO002580,2024-01-19,2024-01-23,FC00365,FP0003,3,7444.42,0.15,18983.27,11549.34,7433.93,Delivered,COD,Web
FO002581,2026-05-26,2026-05-27,FC00471,FP0063,3,5604.39,0,16813.17,10714.59,6098.58,Shipped,COD,Web
FO002582,2025-07-23,2025-07-26,FC00299,FP0140,5,2871.91,0.05,13641.57,8317.3,5324.27,Delivered,COD,App
FO002583,2025-06-18,2025-06-20,FC00782,FP0034,4,4479.24,0.2,14333.57,8747.32,5586.25,Delivered,Card,Marketplace
FO002584,2024-06-28,2024-06-30,FC00191,FP0039,5,2919.84,0.1,13139.28,6867.15,6272.13,Shipped,UPI,Marketplace
FO002585,2024-06-14,2024-06-19,FC00613,FP0016,1,2502.51,0,2502.51,1284.44,1218.07,Delivered,UPI,Web
FO002586,2026-05-10,2026-05-13,FC00067,FP0089,3,7208.67,0,21626.01,14785.8,6840.21,Delivered,UPI,Marketplace
FO002587,2026-04-24,2026-04-26,FC00330,FP0028,4,1252.8,0.05,4760.64,3327.12,1433.52,Delivered,COD,Web
FO002588,2026-02-26,2026-02-27,FC00305,FP0056,4,2313.97,0.05,8793.09,7060.64,1732.45,Returned,COD,Marketplace
FO002589,2025-04-28,2025-04-30,FC00625,FP0145,2,7366.74,0,14733.48,9378.42,5355.06,Delivered,COD,Web
FO002590,2024-09-23,2024-09-28,FC00747,FP0119,2,8688.16,0.1,15638.69,11689.94,3948.75,Delivered,Wallet,Marketplace
FO002591,2024-04-24,2024-04-27,FC00111,FP0098,3,8268.49,0.05,23565.2,16486.5,7078.7,Returned,UPI,Marketplace
FO002592,2026-08-21,2026-08-23,FC00474,FP0027,5,2801.39,0.2,11205.56,10825.05,380.51,Delivered,Wallet,App
FO002593,2024-05-30,2024-06-02,FC00480,FP0111,3,2277.23,0,6831.69,3790.05,3041.64,Delivered,Wallet,Marketplace
FO002594,2025-02-17,2025-02-22,FC00364,FP0114,5,4147.68,0.15,17627.64,9584.1,8043.54,Returned,COD,App
FO002595,2025-05-10,2025-05-13,FC00289,FP0142,1,2779.44,0.15,2362.52,1550.48,812.04,Delivered,COD,App
FO002596,2026-03-23,2026-03-26,FC00503,FP0124,2,4028.63,0,8057.26,5005.46,3051.8,Delivered,COD,App
FO002597,2024-07-18,2024-07-19,FC00061,FP0150,5,1525.45,0.15,6483.16,4915.15,1568.01,Delivered,UPI,Marketplace
FO002598,2025-10-27,2025-10-30,FC00638,FP0037,3,1147.6,0,3442.8,2311.44,1131.36,Delivered,UPI,Web
FO002599,2025-08-25,2025-08-26,FC00174,FP0013,3,5090.72,0.2,12217.73,8133.81,4083.92,Shipped,UPI,Web
FO002600,2025-10-05,2025-10-09,FC00194,FP0060,3,1889.38,0,5668.14,2682.66,2985.48,Delivered,Card,Marketplace
FO002601,2024-09-02,2024-09-05,FC00094,FP0053,1,439.66,0.2,351.73,231.57,120.16,Delivered,Card,App
FO002602,2026-05-21,2026-05-23,FC00329,FP0076,3,2384.81,0.05,6796.71,4353.96,2442.75,Returned,UPI,Marketplace
FO002603,2026-08-28,2026-08-31,FC00303,FP0108,5,6123.84,0.2,24495.36,22252.6,2242.76,Delivered,UPI,Web
FO002604,2024-08-21,2024-08-23,FC00658,FP0046,1,4437.46,0.1,3993.71,2588.95,1404.76,Delivered,Wallet,Marketplace
FO002605,2024-03-07,2024-03-08,FC00585,FP0002,3,6892.88,0.2,16542.91,13415.13,3127.78,Delivered,COD,Web
FO002606,2025-02-04,2025-02-08,FC00230,FP0099,4,8753.38,0.2,28010.82,18534.76,9476.06,Shipped,Wallet,Web
FO002607,2024-03-28,2024-03-31,FC00453,FP0130,2,3439.37,0.2,5502.99,4464.46,1038.53,Delivered,Card,Web
FO002608,2025-02-24,2025-02-25,FC00188,FP0122,1,1597.73,0,1597.73,1030.65,567.08,Delivered,UPI,Web
FO002609,2025-02-13,,FC00273,FP0096,1,7777.95,0,7777.95,3985.65,3792.3,Cancelled,COD,Marketplace
FO002610,2026-08-21,2026-08-25,FC00197,FP0118,2,5177.32,0.2,8283.71,5682.72,2600.99,Delivered,COD,Marketplace
FO002611,2024-03-26,2024-03-27,FC00245,FP0002,5,6892.88,0,34464.4,22358.55,12105.85,Delivered,Card,Web
FO002612,2025-08-06,2025-08-09,FC00693,FP0036,2,7738.34,0,15476.68,10400.48,5076.2,Delivered,Card,Marketplace
FO002613,2025-01-20,2025-01-21,FC00657,FP0081,5,6700.25,0,33501.25,15846.4,17654.85,Delivered,Wallet,Web
FO002614,2024-04-22,2024-04-23,FC00394,FP0095,4,4214.31,0.2,13485.79,12994.44,491.35,Delivered,UPI,Marketplace
FO002615,2025-04-26,,FC00574,FP0047,2,8632.68,0.05,16402.09,7856.98,8545.11,Cancelled,Card,Marketplace
FO002616,2026-05-23,2026-05-25,FC00493,FP0069,5,3524.08,0.1,15858.36,12781.9,3076.46,Delivered,Card,Marketplace
FO002617,2026-05-18,2026-05-23,FC00682,FP0046,1,4437.46,0,4437.46,2588.95,1848.51,Delivered,Wallet,App
FO002618,2024-01-20,2024-01-21,FC00154,FP0095,5,4214.31,0.2,16857.24,16243.05,614.19,Delivered,UPI,App
FO002619,2025-05-29,2025-06-01,FC00239,FP0142,1,2779.44,0.2,2223.55,1550.48,673.07,Delivered,UPI,Web
FO002620,2025-11-02,2025-11-06,FC00271,FP0050,5,3182.54,0,15912.7,11831.2,4081.5,Delivered,UPI,App
FO002621,2024-12-08,2024-12-12,FC00302,FP0053,5,439.66,0.05,2088.39,1157.85,930.54,Delivered,Card,Marketplace
FO002622,2024-08-17,,FC00250,FP0039,1,2919.84,0,2919.84,1373.43,1546.41,Cancelled,COD,App
FO002623,2025-09-01,2025-09-02,FC00223,FP0120,1,1814.22,0.05,1723.51,851.73,871.78,Shipped,Card,Web
FO002624,2025-09-11,2025-09-14,FC00751,FP0103,2,4863.91,0.05,9241.43,5045.06,4196.37,Delivered,Wallet,Web
FO002625,2025-09-14,2025-09-19,FC00443,FP0030,5,7057.58,0,35287.9,24082.1,11205.8,Delivered,UPI,Web
FO002626,2024-06-03,2024-06-04,FC00116,FP0049,2,3120.66,0.1,5617.19,4296.12,1321.07,Delivered,Wallet,App
FO002627,2024-10-04,2024-10-08,FC00072,FP0047,5,8632.68,0.05,41005.23,19642.45,21362.78,Delivered,Card,Marketplace
FO002628,2025-01-22,2025-01-25,FC00021,FP0083,5,588.68,0.15,2501.89,1647.4,854.49,Delivered,Card,Web
FO002629,2026-04-14,2026-04-17,FC00728,FP0058,1,7791.14,0.15,6622.47,4809.46,1813.01,Shipped,Wallet,Marketplace
FO002630,2026-05-12,2026-05-16,FC00521,FP0044,4,1760.04,0.15,5984.14,3331.64,2652.5,Delivered,COD,Web
FO002631,2024-07-26,2024-07-27,FC00406,FP0139,3,2943.02,0.1,7946.15,6070.05,1876.1,Delivered,Wallet,Web
FO002632,2024-09-22,2024-09-24,FC00231,FP0060,2,1889.38,0.1,3400.88,1788.44,1612.44,Delivered,COD,Marketplace
FO002633,2024-04-02,2024-04-07,FC00348,FP0148,2,2392.78,0.05,4546.28,2288.92,2257.36,Delivered,UPI,App
FO002634,2025-11-28,2025-11-29,FC00788,FP0084,4,5736.42,0.1,20651.11,15129.08,5522.03,Delivered,Wallet,App
FO002635,2024-03-06,2024-03-09,FC00741,FP0030,2,7057.58,0.2,11292.13,9632.84,1659.29,Delivered,UPI,Marketplace
FO002636,2026-02-25,2026-02-26,FC00592,FP0050,2,3182.54,0.05,6046.83,4732.48,1314.35,Delivered,COD,App
FO002637,2025-03-15,2025-03-19,FC00136,FP0068,2,7649.03,0.05,14533.16,10576.2,3956.96,Delivered,Wallet,App
FO002638,2024-07-26,2024-07-29,FC00193,FP0069,2,3524.08,0.2,5638.53,5112.76,525.77,Delivered,COD,Web
FO002639,2024-10-14,2024-10-19,FC00456,FP0127,1,2634.4,0,2634.4,1540.51,1093.89,Delivered,COD,Web
FO002640,2025-10-29,2025-10-30,FC00674,FP0021,4,5809.66,0.2,18590.91,15652.48,2938.43,Shipped,Card,App
FO002641,2024-08-07,,FC00214,FP0035,1,8849.44,0.1,7964.5,6809.7,1154.8,Cancelled,Card,Marketplace
FO002642,2025-12-31,2026-01-04,FC00114,FP0087,4,4087.92,0.15,13898.93,8585.92,5313.01,Delivered,Card,App
FO002643,2024-12-11,2024-12-16,FC00749,FP0122,5,1597.73,0.05,7589.22,5153.25,2435.97,Delivered,Wallet,Web
FO002644,2025-06-30,2025-07-05,FC00134,FP0016,3,2502.51,0.05,7132.15,3853.32,3278.83,Delivered,UPI,Web
FO002645,2024-10-20,2024-10-21,FC00461,FP0020,1,7904.14,0.05,7508.93,3886.84,3622.09,Delivered,COD,App
FO002646,2024-12-29,2025-01-03,FC00455,FP0020,1,7904.14,0.1,7113.73,3886.84,3226.89,Delivered,Wallet,App
FO002647,2024-09-22,2024-09-24,FC00389,FP0024,3,723.69,0.1,1953.96,1215.42,738.54,Delivered,Card,Marketplace
FO002648,2024-02-09,2024-02-12,FC00590,FP0137,1,5774.99,0.1,5197.49,3556.63,1640.86,Shipped,UPI,App
FO002649,2024-07-06,2024-07-07,FC00695,FP0109,2,6224.56,0.15,10581.75,7897.16,2684.59,Returned,Card,App
FO002650,2024-05-10,2024-05-11,FC00418,FP0134,4,6168.72,0.2,19739.9,12538.92,7200.98,Delivered,Card,Web
FO002651,2024-04-29,2024-04-30,FC00208,FP0072,5,8536.96,0.1,38416.32,24271.45,14144.87,Delivered,Card,Marketplace
FO002652,2024-01-18,2024-01-20,FC00431,FP0099,4,8753.38,0.2,28010.82,18534.76,9476.06,Delivered,UPI,Web
FO002653,2024-01-03,2024-01-06,FC00481,FP0030,1,7057.58,0.05,6704.7,4816.42,1888.28,Delivered,Card,Web
FO002654,2024-05-02,2024-05-06,FC00620,FP0112,4,7352.99,0.1,26470.76,17539.52,8931.24,Delivered,Card,App
FO002655,2025-06-07,,FC00463,FP0037,2,1147.6,0,2295.2,1540.96,754.24,Cancelled,UPI,App
FO002656,2025-10-15,2025-10-20,FC00776,FP0146,2,8900.1,0,17800.2,11265.46,6534.74,Delivered,COD,Web
FO002657,2025-03-04,2025-03-06,FC00625,FP0002,2,6892.88,0,13785.76,8943.42,4842.34,Delivered,Card,Marketplace
FO002658,2026-05-27,2026-05-28,FC00059,FP0098,1,8268.49,0.05,7855.07,5495.5,2359.57,Delivered,UPI,Web
FO002659,2026-01-30,2026-02-03,FC00377,FP0005,3,936.51,0.1,2528.58,1276.8,1251.78,Delivered,Wallet,App
FO002660,2026-05-12,,FC00719,FP0051,1,362.42,0,362.42,225.4,137.02,Cancelled,COD,Marketplace
FO002661,2026-04-28,2026-04-29,FC00074,FP0049,4,3120.66,0.2,9986.11,8592.24,1393.87,Delivered,Card,App
FO002662,2026-02-14,2026-02-17,FC00525,FP0140,5,2871.91,0.1,12923.59,8317.3,4606.29,Shipped,Wallet,Marketplace
FO002663,2024-01-16,2024-01-17,FC00636,FP0055,4,5232.43,0.15,17790.26,14721.44,3068.82,Delivered,Wallet,App
FO002664,2025-01-19,2025-01-20,FC00174,FP0040,5,1044.51,0.05,4961.42,2527.3,2434.12,Delivered,UPI,Web
FO002665,2026-04-26,2026-04-28,FC00583,FP0123,1,8591.64,0,8591.64,5738.09,2853.55,Shipped,UPI,Marketplace
FO002666,2025-12-15,2025-12-16,FC00342,FP0066,2,6676.95,0.05,12686.2,9031.26,3654.94,Delivered,UPI,Web
FO002667,2025-12-11,2025-12-12,FC00138,FP0150,2,1525.45,0,3050.9,1966.06,1084.84,Delivered,UPI,App
FO002668,2026-02-25,2026-02-26,FC00177,FP0109,2,6224.56,0.2,9959.3,7897.16,2062.14,Delivered,UPI,App
FO002669,2026-07-10,,FC00096,FP0130,5,3439.37,0.05,16337.01,11161.15,5175.86,Cancelled,UPI,Marketplace
FO002670,2026-05-15,2026-05-20,FC00422,FP0034,3,4479.24,0,13437.72,6560.49,6877.23,Returned,Card,Web
FO002671,2025-10-15,2025-10-18,FC00721,FP0071,1,1700.58,0,1700.58,1272.24,428.34,Delivered,COD,Web
FO002672,2025-10-21,2025-10-26,FC00255,FP0093,1,717.83,0.05,681.94,377.51,304.43,Delivered,UPI,Web
FO002673,2024-08-22,2024-08-23,FC00212,FP0016,1,2502.51,0.2,2002.01,1284.44,717.57,Delivered,Card,Web
FO002674,2026-06-28,2026-07-01,FC00712,FP0032,3,5585.91,0.2,13406.18,10068.66,3337.52,Delivered,Card,Marketplace
FO002675,2024-03-31,2024-04-03,FC00756,FP0098,4,8268.49,0.2,26459.17,21982.0,4477.17,Delivered,Wallet,App
FO002676,2025-05-10,2025-05-15,FC00561,FP0131,2,5348.1,0.15,9091.77,7150.1,1941.67,Delivered,UPI,App
FO002677,2026-03-19,2026-03-23,FC00408,FP0081,1,6700.25,0.05,6365.24,3169.28,3195.96,Delivered,Wallet,App
FO002678,2024-11-19,2024-11-23,FC00434,FP0079,3,8401.85,0.1,22685.0,16633.26,6051.74,Delivered,UPI,App
FO002679,2026-06-23,2026-06-26,FC00177,FP0091,4,4842.26,0,19369.04,15102.2,4266.84,Delivered,UPI,Marketplace
FO002680,2026-07-14,2026-07-16,FC00075,FP0093,4,717.83,0.05,2727.75,1510.04,1217.71,Delivered,Card,App
FO002681,2024-07-19,2024-07-23,FC00594,FP0104,3,7540.37,0.15,19227.94,11767.29,7460.65,Delivered,COD,App
FO002682,2024-10-13,2024-10-15,FC00335,FP0141,3,8678.41,0,26035.23,14878.74,11156.49,Delivered,UPI,Web
FO002683,2025-04-14,2025-04-15,FC00637,FP0063,4,5604.39,0.1,20175.8,14286.12,5889.68,Delivered,COD,Web
FO002684,2026-02-14,2026-02-17,FC00777,FP0050,3,3182.54,0,9547.62,7098.72,2448.9,Delivered,Card,Web
FO002685,2026-07-12,2026-07-13,FC00618,FP0118,5,5177.32,0.15,22003.61,14206.8,7796.81,Delivered,Card,App
FO002686,2025-12-23,2025-12-28,FC00770,FP0056,4,2313.97,0,9255.88,7060.64,2195.24,Delivered,Card,Web
FO002687,2024-12-12,2024-12-14,FC00606,FP0125,4,3663.38,0,14653.52,10811.36,3842.16,Shipped,Card,App
FO002688,2024-09-05,2024-09-08,FC00208,FP0141,3,8678.41,0.15,22129.95,14878.74,7251.21,Delivered,UPI,Web
FO002689,2024-08-09,2024-08-11,FC00374,FP0014,4,2335.19,0,9340.76,4427.64,4913.12,Shipped,UPI,Web
FO002690,2025-05-28,2025-05-31,FC00767,FP0103,1,4863.91,0.1,4377.52,2522.53,1854.99,Delivered,Wallet,App
FO002691,2025-09-25,2025-09-29,FC00053,FP0138,5,8119.99,0.15,34509.96,25011.7,9498.26,Delivered,COD,Web
FO002692,2025-05-08,2025-05-10,FC00156,FP0089,2,7208.67,0.2,11533.87,9857.2,1676.67,Delivered,Card,App
FO002693,2024-08-14,2024-08-15,FC00610,FP0041,5,4109.96,0.1,18494.82,9649.85,8844.97,Delivered,COD,App
FO002694,2024-10-13,2024-10-14,FC00357,FP0089,2,7208.67,0.2,11533.87,9857.2,1676.67,Delivered,UPI,Marketplace
FO002695,2025-08-08,2025-08-10,FC00231,FP0053,1,439.66,0,439.66,231.57,208.09,Delivered,Wallet,Web
FO002696,2024-07-01,2024-07-05,FC00601,FP0084,4,5736.42,0,22945.68,15129.08,7816.6,Delivered,COD,Marketplace
FO002697,2025-08-12,2025-08-17,FC00287,FP0003,4,7444.42,0.2,23822.14,15399.12,8423.02,Delivered,Wallet,Web
FO002698,2025-06-26,2025-06-30,FC00515,FP0051,5,362.42,0.05,1721.5,1127.0,594.5,Delivered,UPI,Web
FO002699,2024-08-14,2024-08-19,FC00507,FP0024,5,723.69,0,3618.45,2025.7,1592.75,Delivered,COD,App
FO002700,2025-03-30,2025-04-03,FC00730,FP0071,2,1700.58,0.1,3061.04,2544.48,516.56,Delivered,Wallet,App
FO002701,2024-01-01,2024-01-05,FC00731,FP0037,3,1147.6,0.05,3270.66,2311.44,959.22,Delivered,COD,Marketplace
FO002702,2025-09-10,2025-09-13,FC00400,FP0045,1,3811.34,0.1,3430.21,2210.75,1219.46,Delivered,Wallet,Web
FO002703,2025-12-22,,FC00536,FP0025,4,3658.51,0,14634.04,6988.68,7645.36,Cancelled,COD,Web
FO002704,2026-01-02,2026-01-07,FC00501,FP0036,5,7738.34,0.2,30953.36,26001.2,4952.16,Delivered,COD,App
FO002705,2024-11-21,2024-11-25,FC00502,FP0005,1,936.51,0.15,796.03,425.6,370.43,Delivered,UPI,Marketplace
FO002706,2025-02-02,2025-02-05,FC00107,FP0102,2,7850.95,0,15701.9,11222.24,4479.66,Delivered,Card,App
FO002707,2026-02-25,2026-02-27,FC00292,FP0134,5,6168.72,0,30843.6,15673.65,15169.95,Delivered,UPI,App
FO002708,2026-04-10,2026-04-12,FC00231,FP0080,2,5963.59,0.05,11330.82,6412.38,4918.44,Delivered,COD,App
FO002709,2024-12-11,2024-12-14,FC00227,FP0042,1,1367.6,0,1367.6,903.16,464.44,Delivered,Wallet,App
FO002710,2024-08-20,2024-08-25,FC00778,FP0005,2,936.51,0.15,1592.07,851.2,740.87,Delivered,COD,Web
FO002711,2025-12-02,2025-12-06,FC00143,FP0072,4,8536.96,0,34147.84,19417.16,14730.68,Delivered,Card,Marketplace
FO002712,2024-06-20,2024-06-24,FC00514,FP0057,4,2898.29,0.1,10433.84,8294.2,2139.64,Delivered,Wallet,Web
FO002713,2024-03-30,,FC00641,FP0124,5,4028.63,0.15,17121.68,12513.65,4608.03,Cancelled,Card,Marketplace
FO002714,2026-04-19,,FC00423,FP0043,5,2276.32,0.2,9105.28,7026.35,2078.93,Cancelled,UPI,Web
FO002715,2024-05-19,2024-05-22,FC00324,FP0014,1,2335.19,0.1,2101.67,1106.91,994.76,Shipped,UPI,Web
FO002716,2024-05-28,2024-05-30,FC00385,FP0147,4,6012.15,0.05,22846.17,17125.04,5721.13,Delivered,COD,Marketplace
FO002717,2026-05-20,2026-05-21,FC00612,FP0139,5,2943.02,0.15,12507.83,10116.75,2391.08,Delivered,Wallet,App
FO002718,2025-05-22,2025-05-27,FC00715,FP0086,4,3161.12,0.05,12012.26,6965.04,5047.22,Delivered,Wallet,Marketplace
FO002719,2025-11-28,,FC00443,FP0059,3,6932.62,0.1,18718.07,11460.81,7257.26,Cancelled,UPI,Marketplace
FO002720,2024-05-20,2024-05-23,FC00054,FP0045,1,3811.34,0.05,3620.77,2210.75,1410.02,Delivered,Wallet,Web
FO002721,2025-03-08,2025-03-11,FC00243,FP0046,3,4437.46,0.1,11981.14,7766.85,4214.29,Delivered,Wallet,Web
FO002722,2025-11-24,2025-11-26,FC00767,FP0034,4,4479.24,0.05,17021.11,8747.32,8273.79,Delivered,Card,Web
FO002723,2026-02-14,2026-02-16,FC00368,FP0076,4,2384.81,0,9539.24,5805.28,3733.96,Shipped,Card,Marketplace
FO002724,2024-11-22,2024-11-24,FC00105,FP0141,1,8678.41,0.2,6942.73,4959.58,1983.15,Shipped,COD,Marketplace
FO002725,2024-02-03,2024-02-04,FC00403,FP0090,3,7705.8,0.2,18493.92,12469.86,6024.06,Delivered,UPI,Marketplace
FO002726,2025-07-30,2025-08-01,FC00220,FP0093,4,717.83,0.15,2440.62,1510.04,930.58,Delivered,COD,Web
FO002727,2025-05-21,2025-05-22,FC00126,FP0037,4,1147.6,0.1,4131.36,3081.92,1049.44,Delivered,COD,App
FO002728,2024-02-17,2024-02-21,FC00571,FP0046,1,4437.46,0.15,3771.84,2588.95,1182.89,Delivered,COD,Marketplace
FO002729,2026-05-08,2026-05-13,FC00455,FP0106,2,5985.79,0.2,9577.26,7720.44,1856.82,Delivered,Wallet,Marketplace
FO002730,2024-05-31,2024-06-02,FC00234,FP0107,2,8729.85,0.1,15713.73,10634.54,5079.19,Delivered,COD,App
FO002731,2025-01-28,2025-01-31,FC00363,FP0144,4,1851.64,0.15,6295.58,5058.4,1237.18,Delivered,Card,App
FO002732,2026-02-17,2026-02-20,FC00686,FP0081,5,6700.25,0.1,30151.12,15846.4,14304.72,Delivered,UPI,App
FO002733,2026-03-10,2026-03-11,FC00152,FP0073,4,3772.01,0.2,12070.43,8309.44,3760.99,Shipped,Card,App
FO002734,2024-12-06,2024-12-10,FC00595,FP0114,1,4147.68,0,4147.68,1916.82,2230.86,Delivered,UPI,Marketplace
FO002735,2024-08-15,2024-08-17,FC00524,FP0114,4,4147.68,0,16590.72,7667.28,8923.44,Delivered,Card,Web
FO002736,2026-04-25,2026-04-26,FC00013,FP0082,2,3600.56,0,7201.12,4809.46,2391.66,Delivered,UPI,Marketplace
FO002737,2024-06-10,2024-06-12,FC00461,FP0035,2,8849.44,0.1,15928.99,13619.4,2309.59,Delivered,COD,App
FO002738,2026-06-27,2026-06-30,FC00082,FP0078,2,2259.44,0,4518.88,2793.86,1725.02,Delivered,UPI,Web
FO002739,2024-03-01,,FC00566,FP0054,2,3389.15,0.05,6439.39,3855.66,2583.73,Cancelled,COD,Marketplace
FO002740,2026-01-02,,FC00719,FP0149,4,6293.48,0,25173.92,18923.68,6250.24,Cancelled,UPI,Web
FO002741,2024-05-24,2024-05-26,FC00484,FP0120,3,1814.22,0.1,4898.39,2555.19,2343.2,Delivered,Wallet,Marketplace
FO002742,2024-12-12,2024-12-15,FC00388,FP0119,1,8688.16,0.1,7819.34,5844.97,1974.37,Delivered,Card,App
FO002743,2025-06-26,2025-06-29,FC00565,FP0076,1,2384.81,0.05,2265.57,1451.32,814.25,Delivered,UPI,Web
FO002744,2026-01-28,2026-02-02,FC00731,FP0020,4,7904.14,0.2,25293.25,15547.36,9745.89,Shipped,UPI,Web
FO002745,2024-06-05,2024-06-08,FC00749,FP0051,5,362.42,0.05,1721.5,1127.0,594.5,Delivered,Wallet,Web
FO002746,2024-04-22,2024-04-23,FC00796,FP0055,5,5232.43,0.1,23545.94,18401.8,5144.14,Delivered,UPI,App
FO002747,2024-09-21,2024-09-25,FC00437,FP0121,3,4465.29,0.1,12056.28,6247.59,5808.69,Delivered,UPI,Marketplace
FO002748,2026-02-13,2026-02-16,FC00365,FP0041,4,4109.96,0,16439.84,7719.88,8719.96,Delivered,Card,App
FO002749,2024-06-05,2024-06-09,FC00595,FP0043,2,2276.32,0,4552.64,2810.54,1742.1,Delivered,COD,Marketplace
FO002750,2026-01-31,2026-02-05,FC00533,FP0084,1,5736.42,0.05,5449.6,3782.27,1667.33,Delivered,Card,Marketplace
FO002751,2024-11-25,,FC00172,FP0055,1,5232.43,0,5232.43,3680.36,1552.07,Cancelled,Card,Web
FO002752,2024-05-04,2024-05-07,FC00214,FP0143,1,8786.1,0.1,7907.49,6599.64,1307.85,Delivered,Wallet,Web
FO002753,2026-08-14,2026-08-15,FC00331,FP0046,3,4437.46,0.1,11981.14,7766.85,4214.29,Delivered,Wallet,App
FO002754,2026-04-04,2026-04-07,FC00592,FP0045,3,3811.34,0,11434.02,6632.25,4801.77,Delivered,Wallet,App
FO002755,2024-06-29,2024-07-02,FC00101,FP0076,4,2384.81,0,9539.24,5805.28,3733.96,Delivered,Card,Web
FO002756,2024-07-21,2024-07-26,FC00559,FP0021,1,5809.66,0.2,4647.73,3913.12,734.61,Delivered,Wallet,Marketplace
FO002757,2024-09-10,2024-09-15,FC00401,FP0094,3,8583.13,0.1,23174.45,13464.3,9710.15,Delivered,Card,App
FO002758,2024-06-12,2024-06-15,FC00609,FP0026,4,8378.01,0.1,30160.84,20924.0,9236.84,Delivered,Wallet,App
FO002759,2024-11-15,2024-11-19,FC00450,FP0108,3,6123.84,0.05,17452.94,13351.56,4101.38,Shipped,COD,Marketplace
FO002760,2025-12-11,2025-12-13,FC00660,FP0107,5,8729.85,0,43649.25,26586.35,17062.9,Delivered,UPI,Marketplace
FO002761,2024-06-04,2024-06-07,FC00323,FP0009,5,5129.07,0.2,20516.28,13060.15,7456.13,Delivered,UPI,Marketplace
FO002762,2024-12-06,2024-12-10,FC00666,FP0047,5,8632.68,0,43163.4,19642.45,23520.95,Delivered,Card,App
FO002763,2025-05-14,2025-05-18,FC00518,FP0109,2,6224.56,0.2,9959.3,7897.16,2062.14,Delivered,UPI,App
FO002764,2026-05-14,2026-05-18,FC00155,FP0016,2,2502.51,0,5005.02,2568.88,2436.14,Delivered,UPI,Web
FO002765,2026-06-07,2026-06-10,FC00602,FP0086,2,3161.12,0.05,6006.13,3482.52,2523.61,Delivered,UPI,Web
FO002766,2025-03-09,2025-03-10,FC00469,FP0004,3,2567.54,0.05,7317.49,4321.32,2996.17,Delivered,Wallet,Marketplace
FO002767,2025-08-13,2025-08-16,FC00139,FP0108,1,6123.84,0,6123.84,4450.52,1673.32,Delivered,Wallet,Web
FO002768,2025-09-14,2025-09-15,FC00647,FP0123,2,8591.64,0.1,15464.95,11476.18,3988.77,Delivered,Card,Marketplace
FO002769,2024-02-13,2024-02-17,FC00466,FP0067,4,1512.27,0.15,5141.72,4034.76,1106.96,Delivered,Card,App
FO002770,2025-05-06,2025-05-09,FC00368,FP0001,1,210.57,0.15,178.98,109.8,69.18,Delivered,COD,App
FO002771,2024-05-19,2024-05-24,FC00206,FP0105,5,7024.21,0.1,31608.95,25788.95,5820.0,Delivered,Wallet,Marketplace
FO002772,2024-07-28,2024-08-01,FC00752,FP0145,3,7366.74,0,22100.22,14067.63,8032.59,Delivered,Wallet,Web
FO002773,2025-02-17,2025-02-18,FC00014,FP0147,4,6012.15,0.2,19238.88,17125.04,2113.84,Delivered,COD,Marketplace
FO002774,2024-10-31,2024-11-05,FC00199,FP0102,5,7850.95,0.15,33366.54,28055.6,5310.94,Delivered,UPI,Marketplace
FO002775,2025-07-08,2025-07-13,FC00111,FP0030,2,7057.58,0,14115.16,9632.84,4482.32,Delivered,UPI,Marketplace
FO002776,2025-08-28,2025-09-02,FC00685,FP0010,3,4028.79,0,12086.37,8380.11,3706.26,Delivered,Wallet,Marketplace
FO002777,2024-09-10,2024-09-12,FC00635,FP0109,1,6224.56,0.1,5602.1,3948.58,1653.52,Delivered,Card,Marketplace
FO002778,2025-04-29,2025-05-03,FC00383,FP0091,3,4842.26,0.1,13074.1,11326.65,1747.45,Delivered,COD,App
FO002779,2025-08-02,2025-08-07,FC00333,FP0024,2,723.69,0,1447.38,810.28,637.1,Delivered,Card,App
FO002780,2026-02-12,2026-02-14,FC00720,FP0032,4,5585.91,0,22343.64,13424.88,8918.76,Delivered,Wallet,App
FO002781,2024-03-15,,FC00500,FP0001,5,210.57,0,1052.85,549.0,503.85,Cancelled,Wallet,App
FO002782,2026-01-14,2026-01-18,FC00184,FP0124,4,4028.63,0,16114.52,10010.92,6103.6,Delivered,COD,Marketplace
FO002783,2025-01-25,,FC00211,FP0044,1,1760.04,0.2,1408.03,832.91,575.12,Cancelled,Wallet,Marketplace
FO002784,2024-05-11,2024-05-12,FC00753,FP0141,2,8678.41,0.2,13885.46,9919.16,3966.3,Shipped,Wallet,Marketplace
FO002785,2024-12-15,2024-12-16,FC00087,FP0140,4,2871.91,0,11487.64,6653.84,4833.8,Delivered,Card,Marketplace
FO002786,2025-11-27,2025-12-01,FC00095,FP0125,1,3663.38,0.15,3113.87,2702.84,411.03,Delivered,Card,App
FO002787,2025-01-11,2025-01-15,FC00544,FP0069,4,3524.08,0.2,11277.06,10225.52,1051.54,Delivered,COD,Marketplace
FO002788,2024-09-14,2024-09-19,FC00288,FP0087,1,4087.92,0.05,3883.52,2146.48,1737.04,Delivered,Wallet,App
FO002789,2024-10-29,2024-10-31,FC00362,FP0023,5,4930.6,0.2,19722.4,12879.95,6842.45,Delivered,Wallet,Marketplace
FO002790,2025-01-11,2025-01-12,FC00098,FP0068,5,7649.03,0.05,36332.89,26440.5,9892.39,Delivered,COD,App
FO002791,2025-07-22,2025-07-23,FC00333,FP0003,3,7444.42,0.05,21216.6,11549.34,9667.26,Delivered,COD,App
FO002792,2025-01-01,2025-01-03,FC00397,FP0071,3,1700.58,0,5101.74,3816.72,1285.02,Delivered,COD,App
FO002793,2026-08-15,2026-08-16,FC00097,FP0061,3,3489.93,0,10469.79,5796.81,4672.98,Returned,Card,Web
FO002794,2026-03-10,,FC00373,FP0150,3,1525.45,0,4576.35,2949.09,1627.26,Cancelled,UPI,App
FO002795,2024-05-23,2024-05-24,FC00172,FP0058,1,7791.14,0.1,7012.03,4809.46,2202.57,Delivered,Card,Web
FO002796,2025-09-05,2025-09-06,FC00547,FP0081,3,6700.25,0.1,18090.67,9507.84,8582.83,Returned,Card,App
FO002797,2024-09-07,2024-09-10,FC00525,FP0056,5,2313.97,0.1,10412.86,8825.8,1587.06,Delivered,Wallet,App
FO002798,2024-08-30,2024-08-31,FC00454,FP0115,5,2713.67,0.2,10854.68,10453.65,401.03,Delivered,UPI,Marketplace
FO002799,2025-12-20,2025-12-24,FC00044,FP0007,3,8720.63,0.2,20929.51,17586.54,3342.97,Delivered,Wallet,Web
FO002800,2025-05-25,2025-05-29,FC00798,FP0106,1,5985.79,0,5985.79,3860.22,2125.57,Delivered,COD,App
FO002801,2025-12-26,2025-12-31,FC00623,FP0015,1,8865.5,0,8865.5,6734.84,2130.66,Delivered,COD,Marketplace
FO002802,2025-11-12,2025-11-13,FC00766,FP0083,2,588.68,0,1177.36,658.96,518.4,Delivered,COD,App
FO002803,2025-06-19,2025-06-24,FC00280,FP0021,1,5809.66,0.2,4647.73,3913.12,734.61,Delivered,Card,Marketplace
FO002804,2026-02-14,2026-02-19,FC00733,FP0095,3,4214.31,0,12642.93,9745.83,2897.1,Shipped,Wallet,App
FO002805,2025-07-03,2025-07-07,FC00749,FP0132,2,8467.19,0,16934.38,10812.02,6122.36,Delivered,COD,App
FO002806,2025-01-24,2025-01-28,FC00767,FP0089,1,7208.67,0.1,6487.8,4928.6,1559.2,Delivered,Wallet,Web
FO002807,2024-02-02,2024-02-07,FC00225,FP0144,2,1851.64,0,3703.28,2529.2,1174.08,Delivered,UPI,Web
FO002808,2026-03-17,2026-03-20,FC00774,FP0010,2,4028.79,0.05,7654.7,5586.74,2067.96,Delivered,COD,Web
FO002809,2024-06-05,2024-06-08,FC00619,FP0018,4,4845.28,0.15,16473.95,12193.88,4280.07,Delivered,Wallet,App
FO002810,2026-01-06,2026-01-10,FC00709,FP0124,2,4028.63,0,8057.26,5005.46,3051.8,Delivered,Wallet,Web
FO002811,2024-05-13,2024-05-16,FC00325,FP0038,5,2344.11,0.05,11134.52,8433.3,2701.22,Shipped,COD,Marketplace
FO002812,2026-08-19,2026-08-20,FC00132,FP0050,5,3182.54,0.05,15117.07,11831.2,3285.87,Delivered,Card,Web
FO002813,2025-01-28,2025-01-31,FC00576,FP0007,1,8720.63,0.2,6976.5,5862.18,1114.32,Delivered,COD,Marketplace
FO002814,2024-05-27,2024-05-29,FC00409,FP0110,5,504.22,0.15,2142.94,1924.0,218.94,Delivered,Card,Marketplace
FO002815,2024-08-26,2024-08-29,FC00196,FP0082,5,3600.56,0,18002.8,12023.65,5979.15,Delivered,Card,Marketplace
FO002816,2024-12-08,2024-12-09,FC00300,FP0021,5,5809.66,0.05,27595.88,19565.6,8030.28,Shipped,Wallet,Marketplace
FO002817,2024-04-28,2024-05-03,FC00436,FP0127,1,2634.4,0.15,2239.24,1540.51,698.73,Delivered,Wallet,Marketplace
FO002818,2024-07-23,2024-07-25,FC00243,FP0026,1,8378.01,0.05,7959.11,5231.0,2728.11,Shipped,Card,Marketplace
FO002819,2024-05-14,2024-05-15,FC00648,FP0086,4,3161.12,0.05,12012.26,6965.04,5047.22,Delivered,Card,App
FO002820,2024-07-07,,FC00743,FP0118,5,5177.32,0,25886.6,14206.8,11679.8,Cancelled,Wallet,Web
FO002821,2025-01-21,2025-01-26,FC00187,FP0142,1,2779.44,0.1,2501.5,1550.48,951.02,Delivered,Card,Marketplace
FO002822,2026-04-02,2026-04-06,FC00481,FP0105,4,7024.21,0,28096.84,20631.16,7465.68,Delivered,Card,Marketplace
FO002823,2024-03-20,2024-03-21,FC00457,FP0021,3,5809.66,0.2,13943.18,11739.36,2203.82,Delivered,Wallet,Web
FO002824,2024-06-16,,FC00545,FP0001,4,210.57,0,842.28,439.2,403.08,Cancelled,Wallet,App
FO002825,2025-11-13,2025-11-18,FC00217,FP0069,5,3524.08,0.1,15858.36,12781.9,3076.46,Delivered,Card,Marketplace
FO002826,2025-01-13,2025-01-15,FC00636,FP0123,3,8591.64,0,25774.92,17214.27,8560.65,Delivered,Card,Web
FO002827,2024-10-31,2024-11-01,FC00597,FP0008,2,573.37,0.05,1089.4,885.38,204.02,Delivered,UPI,Web
FO002828,2024-11-22,2024-11-26,FC00019,FP0141,5,8678.41,0.05,41222.45,24797.9,16424.55,Delivered,COD,Marketplace
FO002829,2024-04-29,2024-05-01,FC00092,FP0122,1,1597.73,0.1,1437.96,1030.65,407.31,Delivered,Wallet,App
FO002830,2026-04-22,2026-04-24,FC00396,FP0140,4,2871.91,0,11487.64,6653.84,4833.8,Delivered,UPI,Web
FO002831,2026-03-03,2026-03-05,FC00799,FP0140,3,2871.91,0.1,7754.16,4990.38,2763.78,Delivered,UPI,Marketplace
FO002832,2024-11-06,2024-11-09,FC00310,FP0027,5,2801.39,0.15,11905.91,10825.05,1080.86,Delivered,UPI,App
FO002833,2026-07-12,2026-07-16,FC00551,FP0067,4,1512.27,0.05,5746.63,4034.76,1711.87,Delivered,Wallet,Web
FO002834,2026-03-17,2026-03-18,FC00432,FP0054,5,3389.15,0.2,13556.6,9639.15,3917.45,Delivered,COD,Marketplace
FO002835,2026-02-02,2026-02-07,FC00321,FP0024,1,723.69,0.2,578.95,405.14,173.81,Delivered,COD,Marketplace
FO002836,2026-02-14,2026-02-17,FC00749,FP0078,1,2259.44,0.2,1807.55,1396.93,410.62,Delivered,COD,Marketplace
FO002837,2025-11-18,2025-11-19,FC00021,FP0123,5,8591.64,0,42958.2,28690.45,14267.75,Delivered,COD,Marketplace
FO002838,2026-05-06,2026-05-11,FC00226,FP0039,4,2919.84,0.05,11095.39,5493.72,5601.67,Delivered,Wallet,App
FO002839,2025-10-09,2025-10-13,FC00226,FP0087,4,4087.92,0.1,14716.51,8585.92,6130.59,Delivered,Wallet,App
FO002840,2024-05-18,2024-05-21,FC00683,FP0146,1,8900.1,0.1,8010.09,5632.73,2377.36,Delivered,Wallet,Web
FO002841,2025-09-21,2025-09-24,FC00112,FP0067,5,1512.27,0,7561.35,5043.45,2517.9,Delivered,COD,App
FO002842,2026-08-31,2026-09-02,FC00466,FP0100,2,2392.72,0,4785.44,2404.28,2381.16,Delivered,COD,Web
FO002843,2024-10-18,2024-10-22,FC00479,FP0050,1,3182.54,0.05,3023.41,2366.24,657.17,Shipped,Wallet,App
FO002844,2024-05-25,2024-05-30,FC00065,FP0063,2,5604.39,0,11208.78,7143.06,4065.72,Delivered,Wallet,Web
FO002845,2024-11-25,,FC00694,FP0041,2,4109.96,0.05,7808.92,3859.94,3948.98,Cancelled,UPI,Marketplace
FO002846,2024-03-09,2024-03-13,FC00373,FP0012,1,5731.62,0,5731.62,3821.21,1910.41,Returned,Card,Web
FO002847,2025-07-31,2025-08-01,FC00175,FP0071,3,1700.58,0.1,4591.57,3816.72,774.85,Delivered,COD,App
FO002848,2025-02-15,2025-02-18,FC00622,FP0099,5,8753.38,0,43766.9,23168.45,20598.45,Delivered,UPI,App
FO002849,2025-01-15,2025-01-20,FC00099,FP0080,1,5963.59,0,5963.59,3206.19,2757.4,Delivered,Wallet,Web
FO002850,2024-08-05,,FC00625,FP0059,4,6932.62,0.15,23570.91,15281.08,8289.83,Cancelled,Wallet,App
FO002851,2026-07-24,2026-07-25,FC00580,FP0052,5,7579.42,0,37897.1,29512.65,8384.45,Delivered,COD,Web
FO002852,2025-06-18,2025-06-19,FC00569,FP0038,4,2344.11,0.2,7501.15,6746.64,754.51,Delivered,UPI,Marketplace
FO002853,2025-11-16,2025-11-17,FC00508,FP0042,3,1367.6,0,4102.8,2709.48,1393.32,Delivered,Card,Marketplace
FO002854,2024-04-10,2024-04-14,FC00142,FP0096,4,7777.95,0.05,29556.21,15942.6,13613.61,Delivered,Wallet,App
FO002855,2025-07-28,2025-07-31,FC00121,FP0110,4,504.22,0.2,1613.5,1539.2,74.3,Delivered,Card,Marketplace
FO002856,2026-04-06,2026-04-11,FC00750,FP0098,3,8268.49,0.2,19844.38,16486.5,3357.88,Delivered,COD,Marketplace
FO002857,2024-10-13,,FC00412,FP0019,5,3439.44,0,17197.2,10877.5,6319.7,Cancelled,Wallet,Web
FO002858,2026-08-27,2026-08-28,FC00201,FP0127,1,2634.4,0,2634.4,1540.51,1093.89,Shipped,Card,Web
FO002859,2024-02-18,2024-02-22,FC00781,FP0114,1,4147.68,0.2,3318.14,1916.82,1401.32,Shipped,COD,Marketplace
FO002860,2026-03-25,2026-03-30,FC00062,FP0023,1,4930.6,0,4930.6,2575.99,2354.61,Delivered,Card,Web
FO002861,2026-08-26,2026-08-31,FC00347,FP0044,3,1760.04,0,5280.12,2498.73,2781.39,Delivered,UPI,Web
FO002862,2024-03-04,2024-03-06,FC00653,FP0113,3,6018.81,0.1,16250.79,12541.29,3709.5,Returned,Card,Marketplace
FO002863,2026-07-23,2026-07-24,FC00746,FP0008,2,573.37,0.1,1032.07,885.38,146.69,Delivered,Wallet,Marketplace
FO002864,2025-08-12,2025-08-16,FC00261,FP0094,2,8583.13,0.15,14591.32,8976.2,5615.12,Delivered,Wallet,Marketplace
FO002865,2026-03-07,2026-03-12,FC00317,FP0008,2,573.37,0.05,1089.4,885.38,204.02,Delivered,COD,Web
FO002866,2026-06-02,2026-06-04,FC00549,FP0002,1,6892.88,0.05,6548.24,4471.71,2076.53,Delivered,UPI,App
FO002867,2026-06-09,2026-06-13,FC00755,FP0024,5,723.69,0.1,3256.61,2025.7,1230.91,Delivered,COD,App
FO002868,2024-12-20,2024-12-23,FC00642,FP0028,1,1252.8,0.05,1190.16,831.78,358.38,Delivered,UPI,Web
FO002869,2025-05-05,2025-05-06,FC00635,FP0061,2,3489.93,0,6979.86,3864.54,3115.32,Delivered,Wallet,Marketplace
FO002870,2026-06-30,2026-07-01,FC00271,FP0038,4,2344.11,0.15,7969.97,6746.64,1223.33,Delivered,Card,Web
FO002871,2025-04-26,2025-05-01,FC00700,FP0009,4,5129.07,0.15,17438.84,10448.12,6990.72,Delivered,Wallet,Web
FO002872,2026-03-18,2026-03-20,FC00007,FP0062,1,6579.03,0.2,5263.22,2975.72,2287.5,Delivered,COD,Marketplace
FO002873,2025-06-13,2025-06-16,FC00212,FP0057,5,2898.29,0.2,11593.16,10367.75,1225.41,Delivered,COD,App
FO002874,2024-03-15,2024-03-17,FC00635,FP0040,5,1044.51,0.05,4961.42,2527.3,2434.12,Delivered,Wallet,App
FO002875,2026-03-13,2026-03-18,FC00545,FP0083,5,588.68,0.05,2796.23,1647.4,1148.83,Shipped,Card,Marketplace
FO002876,2025-09-20,2025-09-23,FC00149,FP0129,2,8281.13,0.15,14077.92,10555.0,3522.92,Delivered,UPI,Web
FO002877,2026-04-30,2026-05-04,FC00267,FP0085,4,4839.7,0.1,17422.92,9936.56,7486.36,Delivered,Card,Marketplace
FO002878,2025-09-10,2025-09-12,FC00472,FP0084,3,5736.42,0.1,15488.33,11346.81,4141.52,Delivered,COD,Web
FO002879,2025-07-14,2025-07-15,FC00232,FP0013,5,5090.72,0.1,22908.24,13556.35,9351.89,Shipped,UPI,Marketplace
FO002880,2025-03-20,2025-03-24,FC00362,FP0084,2,5736.42,0.05,10899.2,7564.54,3334.66,Delivered,COD,Web
FO002881,2024-11-26,2024-12-01,FC00351,FP0114,4,4147.68,0,16590.72,7667.28,8923.44,Delivered,Card,App
FO002882,2026-06-14,2026-06-17,FC00716,FP0101,5,1034.69,0.05,4914.78,3800.65,1114.13,Delivered,Wallet,Web
FO002883,2026-02-05,2026-02-10,FC00783,FP0111,2,2277.23,0.15,3871.29,2526.7,1344.59,Delivered,COD,Web
FO002884,2024-09-27,2024-09-30,FC00269,FP0094,4,8583.13,0.2,27466.02,17952.4,9513.62,Delivered,COD,Marketplace
FO002885,2025-09-07,2025-09-09,FC00517,FP0134,3,6168.72,0,18506.16,9404.19,9101.97,Delivered,Wallet,Web
FO002886,2024-05-30,2024-06-04,FC00697,FP0071,5,1700.58,0.1,7652.61,6361.2,1291.41,Delivered,Wallet,Marketplace
FO002887,2024-12-09,2024-12-13,FC00350,FP0067,2,1512.27,0.2,2419.63,2017.38,402.25,Delivered,Card,App
FO002888,2025-09-21,2025-09-25,FC00658,FP0009,4,5129.07,0,20516.28,10448.12,10068.16,Delivered,Wallet,App
FO002889,2025-10-04,2025-10-09,FC00622,FP0121,4,4465.29,0.15,15181.99,8330.12,6851.87,Shipped,COD,Web
FO002890,2024-12-22,2024-12-26,FC00607,FP0002,1,6892.88,0,6892.88,4471.71,2421.17,Delivered,COD,Web
FO002891,2024-08-15,2024-08-16,FC00606,FP0107,1,8729.85,0.05,8293.36,5317.27,2976.09,Delivered,COD,Web
FO002892,2024-12-17,2024-12-22,FC00477,FP0118,2,5177.32,0,10354.64,5682.72,4671.92,Delivered,Card,App
FO002893,2026-05-18,2026-05-22,FC00079,FP0082,5,3600.56,0.05,17102.66,12023.65,5079.01,Delivered,UPI,Marketplace
FO002894,2026-04-30,2026-05-03,FC00274,FP0144,5,1851.64,0.1,8332.38,6323.0,2009.38,Delivered,Card,App
FO002895,2025-08-16,2025-08-19,FC00683,FP0128,3,6621.29,0.1,17877.48,15443.46,2434.02,Delivered,COD,App
FO002896,2024-09-21,2024-09-24,FC00079,FP0119,4,8688.16,0,34752.64,23379.88,11372.76,Delivered,Wallet,Marketplace
FO002897,2025-07-26,2025-07-27,FC00224,FP0081,2,6700.25,0.2,10720.4,6338.56,4381.84,Shipped,Card,Web
FO002898,2026-04-03,2026-04-07,FC00330,FP0028,1,1252.8,0,1252.8,831.78,421.02,Delivered,UPI,Web
FO002899,2026-04-06,2026-04-08,FC00575,FP0065,2,6416.13,0,12832.26,6046.7,6785.56,Delivered,Card,App
FO002900,2026-08-22,2026-08-26,FC00379,FP0107,1,8729.85,0.1,7856.87,5317.27,2539.6,Delivered,Card,App
FO002901,2025-12-19,2025-12-24,FC00303,FP0114,1,4147.68,0.05,3940.3,1916.82,2023.48,Delivered,Wallet,App
FO002902,2026-05-26,2026-05-30,FC00372,FP0075,3,1589.63,0.15,4053.56,2181.63,1871.93,Delivered,UPI,Web
FO002903,2024-08-08,2024-08-13,FC00482,FP0105,2,7024.21,0,14048.42,10315.58,3732.84,Delivered,Card,Marketplace
FO002904,2024-01-26,2024-01-27,FC00124,FP0106,2,5985.79,0,11971.58,7720.44,4251.14,Delivered,UPI,App
FO002905,2024-12-09,2024-12-13,FC00444,FP0116,3,7401.76,0.15,18874.49,15026.85,3847.64,Delivered,Wallet,App
FO002906,2026-05-14,2026-05-16,FC00695,FP0131,2,5348.1,0.05,10161.39,7150.1,3011.29,Delivered,Wallet,Marketplace
FO002907,2025-11-19,2025-11-23,FC00207,FP0043,1,2276.32,0.15,1934.87,1405.27,529.6,Delivered,COD,Web
FO002908,2024-12-17,,FC00140,FP0028,5,1252.8,0.2,5011.2,4158.9,852.3,Cancelled,Card,Marketplace
FO002909,2025-09-15,2025-09-20,FC00264,FP0074,1,7560.0,0.2,6048.0,5328.4,719.6,Delivered,UPI,Web
FO002910,2024-10-31,2024-11-01,FC00406,FP0139,4,2943.02,0,11772.08,8093.4,3678.68,Delivered,UPI,Marketplace
FO002911,2025-04-05,2025-04-08,FC00276,FP0036,1,7738.34,0.05,7351.42,5200.24,2151.18,Delivered,Wallet,Marketplace
FO002912,2024-08-07,2024-08-09,FC00484,FP0019,3,3439.44,0.1,9286.49,6526.5,2759.99,Delivered,Wallet,Marketplace
FO002913,2025-01-15,2025-01-18,FC00503,FP0026,4,8378.01,0.1,30160.84,20924.0,9236.84,Delivered,COD,Marketplace
FO002914,2026-02-13,2026-02-17,FC00405,FP0006,4,2389.7,0,9558.8,5156.56,4402.24,Delivered,Card,App
FO002915,2026-03-10,2026-03-11,FC00153,FP0061,5,3489.93,0,17449.65,9661.35,7788.3,Delivered,UPI,App
FO002916,2025-05-19,,FC00023,FP0033,4,2599.62,0.2,8318.78,5853.84,2464.94,Cancelled,Card,Marketplace
FO002917,2024-09-08,2024-09-09,FC00218,FP0108,2,6123.84,0,12247.68,8901.04,3346.64,Delivered,Card,App
FO002918,2025-05-02,2025-05-06,FC00353,FP0108,5,6123.84,0,30619.2,22252.6,8366.6,Shipped,COD,Web
FO002919,2024-09-05,2024-09-06,FC00725,FP0126,4,8367.43,0.15,28449.26,16770.48,11678.78,Delivered,Card,App
FO002920,2024-11-14,2024-11-17,FC00403,FP0072,2,8536.96,0.1,15366.53,9708.58,5657.95,Delivered,Wallet,App
FO002921,2025-10-07,2025-10-11,FC00584,FP0033,1,2599.62,0.05,2469.64,1463.46,1006.18,Delivered,COD,Marketplace
FO002922,2026-08-24,2026-08-25,FC00549,FP0111,4,2277.23,0.1,8198.03,5053.4,3144.63,Delivered,COD,Marketplace
FO002923,2026-06-05,2026-06-06,FC00689,FP0057,4,2898.29,0.2,9274.53,8294.2,980.33,Delivered,Wallet,Marketplace
FO002924,2025-05-07,2025-05-09,FC00314,FP0105,5,7024.21,0.2,28096.84,25788.95,2307.89,Delivered,COD,Marketplace
FO002925,2024-10-19,2024-10-23,FC00087,FP0022,3,5006.4,0.2,12015.36,10721.7,1293.66,Returned,UPI,Marketplace
FO002926,2025-09-28,2025-10-01,FC00595,FP0064,3,6408.04,0.15,16340.5,13115.7,3224.8,Delivered,Wallet,Web
FO002927,2024-01-22,2024-01-26,FC00657,FP0138,1,8119.99,0.1,7307.99,5002.34,2305.65,Delivered,Wallet,App
FO002928,2026-07-09,2026-07-13,FC00337,FP0143,2,8786.1,0.05,16693.59,13199.28,3494.31,Delivered,COD,Web
FO002929,2025-04-30,2025-05-01,FC00355,FP0024,4,723.69,0.2,2315.81,1620.56,695.25,Delivered,Card,Marketplace
FO002930,2025-06-22,2025-06-25,FC00250,FP0060,1,1889.38,0.05,1794.91,894.22,900.69,Delivered,UPI,Web
FO002931,2026-07-27,2026-08-01,FC00605,FP0134,2,6168.72,0,12337.44,6269.46,6067.98,Delivered,Card,Web
FO002932,2025-03-02,2025-03-06,FC00182,FP0021,2,5809.66,0.05,11038.35,7826.24,3212.11,Delivered,COD,Marketplace
FO002933,2025-06-24,2025-06-25,FC00265,FP0105,1,7024.21,0.1,6321.79,5157.79,1164.0,Delivered,Card,Web
FO002934,2025-08-11,2025-08-16,FC00437,FP0007,4,8720.63,0,34882.52,23448.72,11433.8,Delivered,COD,App
FO002935,2025-06-28,2025-07-02,FC00397,FP0042,2,1367.6,0.05,2598.44,1806.32,792.12,Shipped,Card,App
FO002936,2025-02-01,2025-02-05,FC00128,FP0065,2,6416.13,0.15,10907.42,6046.7,4860.72,Delivered,Card,App
FO002937,2024-03-13,2024-03-18,FC00400,FP0052,1,7579.42,0,7579.42,5902.53,1676.89,Delivered,UPI,App
FO002938,2025-04-04,2025-04-08,FC00137,FP0115,3,2713.67,0.2,6512.81,6272.19,240.62,Delivered,Card,Marketplace
FO002939,2024-08-21,,FC00630,FP0078,2,2259.44,0.1,4066.99,2793.86,1273.13,Cancelled,Card,Web
FO002940,2024-03-04,2024-03-06,FC00579,FP0071,4,1700.58,0.2,5441.86,5088.96,352.9,Shipped,Card,App
FO002941,2025-06-13,2025-06-15,FC00515,FP0054,4,3389.15,0.15,11523.11,7711.32,3811.79,Returned,UPI,App
FO002942,2024-02-07,2024-02-09,FC00612,FP0091,5,4842.26,0.05,23000.74,18877.75,4122.99,Delivered,COD,Marketplace
FO002943,2026-06-17,2026-06-20,FC00616,FP0141,2,8678.41,0.15,14753.3,9919.16,4834.14,Delivered,Wallet,Web
FO002944,2024-05-07,2024-05-10,FC00045,FP0147,3,6012.15,0.1,16232.8,12843.78,3389.02,Delivered,UPI,Marketplace
FO002945,2025-09-13,2025-09-15,FC00251,FP0035,3,8849.44,0.15,22566.07,20429.1,2136.97,Delivered,COD,Web
FO002946,2024-12-11,2024-12-12,FC00791,FP0116,4,7401.76,0.05,28126.69,20035.8,8090.89,Delivered,Wallet,Web
FO002947,2025-11-17,2025-11-18,FC00302,FP0026,2,8378.01,0.15,14242.62,10462.0,3780.62,Delivered,Card,Web
FO002948,2024-08-16,2024-08-17,FC00037,FP0128,4,6621.29,0,26485.16,20591.28,5893.88,Delivered,COD,Marketplace
FO002949,2026-08-19,,FC00459,FP0098,1,8268.49,0,8268.49,5495.5,2772.99,Cancelled,Card,Marketplace
FO002950,2024-01-24,2024-01-25,FC00469,FP0018,2,4845.28,0.1,8721.5,6096.94,2624.56,Delivered,COD,Web
FO002951,2024-08-10,2024-08-12,FC00323,FP0109,5,6224.56,0.1,28010.52,19742.9,8267.62,Delivered,Wallet,Marketplace
FO002952,2024-08-11,2024-08-15,FC00725,FP0150,5,1525.45,0.2,6101.8,4915.15,1186.65,Delivered,COD,Web
FO002953,2025-11-18,2025-11-20,FC00103,FP0074,1,7560.0,0.05,7182.0,5328.4,1853.6,Delivered,Wallet,Web
FO002954,2024-08-18,2024-08-23,FC00621,FP0037,2,1147.6,0.1,2065.68,1540.96,524.72,Delivered,COD,App
FO002955,2024-07-27,2024-07-31,FC00691,FP0002,4,6892.88,0.05,26192.94,17886.84,8306.1,Delivered,Wallet,Marketplace
FO002956,2026-02-15,2026-02-19,FC00478,FP0127,5,2634.4,0,13172.0,7702.55,5469.45,Delivered,UPI,App
FO002957,2025-10-21,,FC00178,FP0024,5,723.69,0.15,3075.68,2025.7,1049.98,Cancelled,COD,App
FO002958,2026-01-12,2026-01-15,FC00677,FP0025,2,3658.51,0.15,6219.47,3494.34,2725.13,Returned,Card,Web
FO002959,2026-07-29,2026-08-03,FC00408,FP0081,5,6700.25,0.05,31826.19,15846.4,15979.79,Delivered,Card,App
FO002960,2024-07-23,2024-07-26,FC00202,FP0138,5,8119.99,0.2,32479.96,25011.7,7468.26,Delivered,COD,Web
FO002961,2025-04-23,2025-04-24,FC00006,FP0117,5,3955.57,0.05,18788.96,12709.1,6079.86,Delivered,COD,Marketplace
FO002962,2026-02-28,2026-03-01,FC00120,FP0133,5,3028.5,0.2,12114.0,10433.2,1680.8,Delivered,COD,Marketplace
FO002963,2024-04-20,2024-04-25,FC00490,FP0043,3,2276.32,0,6828.96,4215.81,2613.15,Delivered,COD,Web
FO002964,2024-06-14,2024-06-18,FC00546,FP0066,1,6676.95,0.1,6009.26,4515.63,1493.63,Shipped,Wallet,Web
FO002965,2026-03-31,2026-04-05,FC00313,FP0025,3,3658.51,0.1,9877.98,5241.51,4636.47,Delivered,Wallet,Web
FO002966,2025-12-25,2025-12-26,FC00616,FP0042,2,1367.6,0.2,2188.16,1806.32,381.84,Delivered,Wallet,Marketplace
FO002967,2024-01-15,,FC00666,FP0065,2,6416.13,0.15,10907.42,6046.7,4860.72,Cancelled,UPI,Marketplace
FO002968,2024-07-09,2024-07-10,FC00648,FP0051,1,362.42,0.1,326.18,225.4,100.78,Delivered,Wallet,App
FO002969,2024-02-28,2024-03-02,FC00136,FP0052,1,7579.42,0.1,6821.48,5902.53,918.95,Delivered,UPI,Web
FO002970,2024-08-04,2024-08-07,FC00680,FP0112,1,7352.99,0,7352.99,4384.88,2968.11,Delivered,COD,Web
FO002971,2026-02-09,2026-02-10,FC00537,FP0149,2,6293.48,0.15,10698.92,9461.84,1237.08,Delivered,UPI,Marketplace
FO002972,2025-02-15,2025-02-16,FC00504,FP0075,2,1589.63,0.1,2861.33,1454.42,1406.91,Delivered,Wallet,Web
FO002973,2024-12-16,2024-12-17,FC00641,FP0092,4,1308.85,0,5235.4,3365.96,1869.44,Delivered,UPI,Marketplace
FO002974,2024-11-24,2024-11-27,FC00300,FP0056,5,2313.97,0,11569.85,8825.8,2744.05,Delivered,UPI,Web
FO002975,2025-05-01,2025-05-05,FC00350,FP0015,4,8865.5,0,35462.0,26939.36,8522.64,Delivered,UPI,Marketplace
FO002976,2024-01-10,2024-01-14,FC00207,FP0013,1,5090.72,0,5090.72,2711.27,2379.45,Delivered,Card,Marketplace
FO002977,2026-08-16,2026-08-20,FC00197,FP0040,2,1044.51,0.1,1880.12,1010.92,869.2,Delivered,Wallet,Marketplace
FO002978,2025-06-06,2025-06-09,FC00625,FP0053,5,439.66,0,2198.3,1157.85,1040.45,Delivered,UPI,Marketplace
FO002979,2025-11-09,2025-11-13,FC00249,FP0065,2,6416.13,0.1,11549.03,6046.7,5502.33,Delivered,COD,App
FO002980,2024-10-12,2024-10-17,FC00112,FP0030,2,7057.58,0.15,11997.89,9632.84,2365.05,Delivered,COD,App
FO002981,2026-07-08,2026-07-09,FC00722,FP0137,2,5774.99,0.05,10972.48,7113.26,3859.22,Delivered,Wallet,Marketplace
FO002982,2026-02-09,2026-02-13,FC00664,FP0092,1,1308.85,0.1,1177.96,841.49,336.47,Delivered,COD,Web
FO002983,2025-06-01,2025-06-06,FC00287,FP0020,5,7904.14,0,39520.7,19434.2,20086.5,Delivered,Wallet,App
FO002984,2026-03-22,2026-03-26,FC00408,FP0049,4,3120.66,0.15,10610.24,8592.24,2018.0,Delivered,Card,Web
FO002985,2026-02-28,2026-03-04,FC00446,FP0141,3,8678.41,0.15,22129.95,14878.74,7251.21,Shipped,UPI,Web
FO002986,2025-12-28,2025-12-31,FC00306,FP0100,3,2392.72,0.05,6819.25,3606.42,3212.83,Delivered,Card,Marketplace
FO002987,2025-11-20,2025-11-24,FC00359,FP0080,3,5963.59,0.05,16996.23,9618.57,7377.66,Delivered,Card,Marketplace
FO002988,2025-06-19,2025-06-21,FC00756,FP0079,1,8401.85,0.15,7141.57,5544.42,1597.15,Delivered,Card,App
FO002989,2025-05-23,2025-05-25,FC00611,FP0047,1,8632.68,0.1,7769.41,3928.49,3840.92,Delivered,COD,Web
FO002990,2025-03-19,2025-03-21,FC00363,FP0060,1,1889.38,0.2,1511.5,894.22,617.28,Delivered,Wallet,Web
FO002991,2025-11-21,2025-11-25,FC00705,FP0027,1,2801.39,0.05,2661.32,2165.01,496.31,Delivered,Card,Marketplace
FO002992,2024-08-12,2024-08-16,FC00018,FP0047,5,8632.68,0.2,34530.72,19642.45,14888.27,Delivered,Card,Marketplace
FO002993,2025-03-13,2025-03-15,FC00038,FP0007,5,8720.63,0.1,39242.83,29310.9,9931.93,Delivered,UPI,App
FO002994,2025-04-10,2025-04-12,FC00226,FP0102,3,7850.95,0,23552.85,16833.36,6719.49,Delivered,UPI,Web
FO002995,2026-08-07,2026-08-08,FC00686,FP0039,2,2919.84,0.2,4671.74,2746.86,1924.88,Shipped,Wallet,App
FO002996,2025-10-31,2025-11-04,FC00010,FP0079,3,8401.85,0.2,20164.44,16633.26,3531.18,Delivered,Wallet,Web
FO002997,2026-08-05,2026-08-10,FC00331,FP0132,2,8467.19,0,16934.38,10812.02,6122.36,Delivered,COD,App
FO002998,2026-01-18,,FC00767,FP0010,4,4028.79,0.2,12892.13,11173.48,1718.65,Cancelled,Wallet,Marketplace
FO002999,2024-04-09,2024-04-14,FC00007,FP0029,5,8582.57,0.05,40767.21,31169.3,9597.91,Delivered,COD,Marketplace
FO003000,2025-04-22,2025-04-25,FC00444,FP0127,1,2634.4,0,2634.4,1540.51,1093.89,Delivered,Card,Web
FO000101,2025-12-10,2025-12-14,FC00363,FP0072,4,8536.96,0.05,32440.45,19417.16,13023.29,Delivered,UPI,Marketplace
FO000701,2025-03-17,2025-03-20,FC00307,FP0095,1,4214.31,0,4214.31,3248.61,965.7,Delivered,UPI,App
FO001401,2025-05-05,2025-05-09,FC00626,FP0015,4,8865.5,0,35462.0,26939.36,8522.64,Delivered,Wallet,Marketplace
FO002201,2026-08-15,2026-08-20,FC00080,FP0041,4,4109.96,0,16439.84,7719.88,8719.96,Delivered,COD,Marketplace
FO002801,2025-12-26,2025-12-31,FC00623,FP0015,1,8865.5,0,8865.5,6734.84,2130.66,Delivered,COD,Marketplace
