Customer_ID,Age,City,Plan,Contract_Type,Tenure_Months,Monthly_Charge,Monthly_Usage_GB,Support_Calls,Complaints,Late_Payments,Credit_Score,Monthly_Income,Signup_Channel,Churn
CUST00001,40,Bengaluru,Basic,Monthly,45,299,11.1,3,1,3,518,89275,Web,Yes
CUST00002,57,Noida,Basic,Monthly,58,399,32.3,4,1,4,616,80708,App,No
CUST00003,52,Bengaluru,Standard,Monthly,37,699,29.5,1,2,1,660,145916,App,Yes
CUST00004,43,Chennai,Basic,Monthly,34,399,5.3,6,1,0,715,127875,App,Yes
CUST00005,26,Gurugram,Basic,Monthly,48,399,26.2,4,4,1,518,125707,App,No
CUST00006,24,Chennai,Basic,Quarterly,52,299,7.0,3,5,1,496,18043,App,No
CUST00007,28,Pune,Basic,Monthly,28,249,4.1,1,1,4,716,98695,Retail,Yes
CUST00008,47,Mumbai,Standard,Annual,55,599,24.8,0,1,5,741,83631,Web,No
CUST00009,52,Chennai,Standard,Annual,29,599,21.4,6,2,5,473,35443,App,No
CUST00010,45,Bengaluru,Premium,Monthly,13,999,43.1,0,4,6,705,19059,Retail,No
CUST00011,37,Bengaluru,Standard,Quarterly,49,599,33.0,2,1,5,542,44028,Web,Yes
CUST00012,36,Jaipur,Standard,Monthly,55,699,5.2,2,2,2,673,137407,Web,No
CUST00013,31,Kolkata,Premium,Monthly,40,1099,77.1,4,3,2,600,133690,App,No
CUST00014,33,Hyderabad,Basic,Annual,14,349,3.8,1,2,0,691,94224,App,No
CUST00015,34,Hyderabad,Standard,Quarterly,31,649,37.0,3,2,2,460,101412,Web,No
CUST00016,38,Delhi,Basic,Monthly,36,299,7.8,2,0,0,793,79347,App,No
CUST00017,20,Noida,Standard,Annual,31,699,57.4,5,2,1,764,36396,Web,No
CUST00018,28,Noida,Premium,Annual,33,999,69.0,8,5,2,507,42012,Retail,No
CUST00019,26,Noida,Standard,Annual,49,599,40.3,6,5,6,734,43096,App,Yes
CUST00020,39,Hyderabad,Standard,Annual,27,599,54.7,1,2,1,719,50604,App,No
CUST00021,59,Bengaluru,Standard,Annual,5,599,20.8,4,3,1,809,128825,Retail,Yes
CUST00022,18,Kolkata,Premium,Quarterly,51,999,69.4,8,2,5,761,64674,Retail,No
CUST00023,20,Mumbai,Standard,Monthly,57,549,58.3,0,0,3,616,117164,Web,No
CUST00024,42,Hyderabad,Standard,Annual,45,699,43.4,1,5,5,686,74717,App,No
CUST00025,22,Mumbai,Basic,Monthly,33,399,5.7,3,1,1,843,142586,Retail,No
CUST00026,57,Noida,Standard,Annual,53,599,35.5,4,4,4,587,114808,App,No
CUST00027,33,Gurugram,Standard,Annual,59,599,17.3,3,4,3,511,142422,Web,No
CUST00028,53,Kolkata,Basic,Annual,53,399,13.7,8,4,1,764,30274,Web,No
CUST00029,19,Hyderabad,Premium,Quarterly,20,999,68.5,4,3,3,707,51062,Web,No
CUST00030,27,Mumbai,Basic,Monthly,6,249,26.3,1,0,5,777,116189,Retail,No
CUST00031,34,Pune,Standard,Annual,5,599,35.8,5,4,0,454,108571,Retail,No
CUST00032,57,Kolkata,Standard,Quarterly,10,699,20.9,4,0,6,802,135596,Web,No
CUST00033,49,Noida,Basic,Monthly,17,299,21.7,2,2,0,450,137343,App,Yes
CUST00034,32,Noida,Basic,Quarterly,58,249,26.0,0,5,6,566,107042,App,No
CUST00035,53,Hyderabad,Basic,Monthly,56,249,7.0,7,3,1,702,60550,Web,Yes
CUST00036,29,Bengaluru,Basic,Monthly,37,249,18.8,7,5,0,540,55595,App,No
CUST00037,20,Gurugram,premium,Annual,51,999,49.4,5,4,3,636,104349,Retail,Yes
CUST00038,58,Kolkata,Basic,Annual,57,399,19.3,7,5,5,835,43958,App,No
CUST00039,58,Hyderabad,Standard,Monthly,23,599,27.7,5,4,4,632,102871,Retail,Yes
CUST00040,31,Gurugram,basic,Annual,9,299,22.6,2,1,3,533,31014,Retail,Yes
CUST00041,28,Jaipur,Basic,Annual,25,349,18.2,4,2,3,699,93837,Web,No
CUST00042,21,Bengaluru,Premium,Quarterly,36,949,40.8,2,4,5,652,61933,App,Yes
CUST00043,49,Jaipur,Standard,Annual,12,649,55.7,8,2,1,587,135980,Web,No
CUST00044,38,Jaipur,Premium,Monthly,12,949,62.5,4,3,2,743,113108,Retail,No
CUST00045,56,Jaipur,Standard,Monthly,29,599,27.0,0,2,1,795,72964,Web,No
CUST00046,55,Noida,Premium,Monthly,38,1049,75.8,2,0,6,578,22148,App,No
CUST00047,18,Kolkata,Premium,Annual,5,1099,52.0,4,1,3,544,124339,Web,Yes
CUST00048,24,Gurugram,Basic,Monthly,50,299,28.3,1,1,4,813,146376,App,No
CUST00049,44,Pune,Premium,Monthly,48,999,45.5,4,0,6,802,93583,Retail,Yes
CUST00050,40,Chennai,Standard,Monthly,55,549,32.6,7,4,4,779,67498,App,Yes
CUST00051,59,Mumbai,Premium,Monthly,12,999,47.4,0,3,0,646,125240,Retail,No
CUST00052,42,Gurugram,Standard,Quarterly,36,699,60.6,5,3,2,663,131999,App,No
CUST00053,25,Chennai,Basic,Monthly,10,349,5.8,4,3,2,740,71715,Retail,Yes
CUST00054,46,Bengaluru,Premium,Monthly,10,999,54.8,7,4,6,583,112614,Retail,Yes
CUST00055,27,Kolkata,Basic,Annual,13,349,25.7,7,2,2,845,88036,App,Yes
CUST00056,59,Pune,Premium,Annual,58,999,55.2,7,0,4,755,102381,App,No
CUST00057,37,Pune,Standard,Quarterly,45,699,41.6,5,0,2,604,42989,Web,No
CUST00058,60,Bengaluru,Standard,Monthly,16,699,39.8,8,0,6,748,135196,Web,No
CUST00059,21,Jaipur,Standard,Quarterly,45,549,35.6,2,0,6,848,78447,Retail,Yes
CUST00060,48,Gurugram,Premium,Monthly,55,1049,72.1,0,0,1,802,114254,App,No
CUST00061,58,Bengaluru,Basic,Monthly,51,399,13.0,8,0,5,665,83136,Web,No
CUST00062,44,Pune,Premium,Monthly,15,999,57.0,5,3,1,832,50777,Retail,No
CUST00063,38,Jaipur,Premium,Annual,39,999,46.9,2,5,1,560,79697,Web,No
CUST00064,31,Bengaluru,Standard,Quarterly,6,699,24.8,5,2,5,614,114836,App,No
CUST00065,53,Kolkata,Basic,Annual,20,299,36.7,2,3,6,492,135848,Web,No
CUST00066,58,Delhi,Standard,Quarterly,9,599,46.7,5,2,1,802,43160,App,No
CUST00067,23,Delhi,Basic,Annual,50,249,12.7,8,0,0,451,136904,App,No
CUST00068,55,Noida,Premium,Annual,54,999,53.1,7,1,5,739,112573,Web,No
CUST00069,35,Mumbai,Basic,Monthly,43,299,32.9,7,3,4,813,78292,Web,Yes
CUST00070,24,Jaipur,Basic,Monthly,36,399,29.3,3,1,4,524,119347,Retail,Yes
CUST00071,50,Hyderabad,Basic,Quarterly,42,249,35.3,4,2,0,699,99163,Web,No
CUST00072,24,Delhi,Standard,Quarterly,24,649,41.3,2,5,3,600,28264,App,No
CUST00073,57,Kolkata,Premium,Monthly,1,999,67.3,6,5,3,705,109559,App,Yes
CUST00074,40,Mumbai,Basic,Monthly,47,349,17.1,3,1,0,687,144484,Retail,No
CUST00075,21,Bengaluru,Premium,Annual,49,999,45.6,5,0,6,634,34932,Retail,No
CUST00076,31,Bengaluru,Basic,Monthly,33,299,17.2,5,2,2,708,96719,App,No
CUST00077,34,Bengaluru,Standard,Annual,54,599,38.7,1,1,1,679,90714,App,No
CUST00078,22,Bengaluru,Premium,Annual,23,949,48.8,7,0,4,719,93012,Retail,No
CUST00079,54,Kolkata,Premium,Monthly,35,1049,46.2,2,2,1,773,18027,Web,No
CUST00080,21,Jaipur,Standard,Monthly,44,649,43.8,3,1,1,723,27483,Web,No
CUST00081,57,Hyderabad,Basic,Quarterly,21,349,14.8,4,0,3,476,83215,Web,No
CUST00082,51,,Standard,Annual,11,699,4.4,0,3,1,581,133564,App,No
CUST00083,56,Noida,Standard,Quarterly,52,599,43.8,5,2,3,575,130836,Retail,No
CUST00084,59,Jaipur,Standard,Monthly,10,599,52.3,6,5,3,704,85907,Retail,Yes
CUST00085,38,Delhi,Premium,Monthly,43,999,40.5,5,4,1,829,64990,App,Yes
CUST00086,36,Mumbai,Premium,Annual,11,999,43.0,7,5,4,484,136254,App,Yes
CUST00087,40,Delhi,Basic,Quarterly,53,299,7.4,1,0,2,665,52443,App,No
CUST00088,31,Kolkata,Basic,Monthly,37,299,0.6,3,3,3,565,70924,Retail,No
CUST00089,55,Gurugram,Premium,Quarterly,38,949,62.8,5,0,5,579,41420,App,No
CUST00090,56,Jaipur,Premium,Monthly,59,999,61.7,1,1,2,542,58841,Retail,No
CUST00091,29,Jaipur,Standard,Annual,50,599,43.3,3,0,1,815,53794,Retail,No
CUST00092,45,Bengaluru,Premium,Monthly,40,1049,60.8,3,5,6,476,117918,Retail,No
CUST00093,26,Hyderabad,Standard,Annual,56,649,18.7,4,4,2,840,76566,App,Yes
CUST00094,56,Chennai,Basic,Annual,49,299,0,5,4,3,479,18513,Retail,No
CUST00095,42,Jaipur,Premium,Annual,13,1049,71.7,3,1,6,680,39279,Web,No
CUST00096,29,Kolkata,Premium,Annual,10,1049,62.2,8,2,1,832,42147,Retail,No
CUST00097,43,Gurugram,Premium,Quarterly,16,999,53.9,8,3,3,747,35666,Retail,Yes
CUST00098,19,Mumbai,Premium,Quarterly,4,999,25.7,3,5,5,758,46992,App,Yes
CUST00099,37,Gurugram,Standard,Annual,53,699,27.6,8,3,2,495,114432,Retail,No
CUST00100,49,Delhi,Standard,Monthly,11,699,65.2,7,5,1,642,74294,App,No
CUST00101,39,Jaipur,Premium,Quarterly,46,999,42.9,6,1,4,475,36614,Retail,No
CUST00102,59,Bengaluru,Premium,Annual,28,949,72.9,3,4,6,520,83258,Retail,No
CUST00103,26,Noida,Premium,Annual,5,949,28.7,8,4,3,548,34363,App,No
CUST00104,28,Noida,Premium,Annual,36,999,63.7,6,1,4,749,28091,Retail,Yes
CUST00105,50,Jaipur,Basic,Quarterly,27,299,7.7,2,4,4,700,65003,Retail,Yes
CUST00106,20,Bengaluru,Basic,Quarterly,36,299,25.1,2,5,2,648,135537,Web,No
CUST00107,53,Hyderabad,Basic,Annual,38,249,2.8,5,5,0,788,94421,Web,No
CUST00108,57,Gurugram,Premium,Quarterly,38,999,51.8,7,0,0,469,139034,App,No
CUST00109,54,Mumbai,Standard,Annual,6,699,33.0,3,3,2,767,97632,Web,No
CUST00110,58,Kolkata,Standard,Annual,58,599,37.3,7,4,4,837,123570,App,Yes
CUST00111,59,Noida,Standard,Monthly,55,549,47.5,3,3,1,576,115930,Retail,No
CUST00112,32,Pune,Basic,Annual,46,299,45.4,3,4,1,642,78813,App,Yes
CUST00113,48,Jaipur,Basic,Quarterly,56,249,24.2,3,1,2,715,142102,App,No
CUST00114,57,Chennai,Premium,Quarterly,49,1099,49.3,7,3,0,802,58510,Retail,No
CUST00115,49,Noida,Premium,Annual,25,1099,46.3,2,1,1,716,70901,Retail,No
CUST00116,23,Delhi,Standard,Annual,13,649,24.6,6,1,5,475,122781,App,No
CUST00117,22,Chennai,Premium,Quarterly,60,999,38.5,7,4,1,690,54735,Web,Yes
CUST00118,60,Hyderabad,Standard,Quarterly,35,549,46.0,1,5,1,551,43814,Web,No
CUST00119,28,Gurugram,Standard,Quarterly,55,649,42.3,3,2,2,704,57936,Retail,No
CUST00120,51,Mumbai,Standard,Annual,6,649,29.2,5,4,5,806,82134,App,No
CUST00121,43,Delhi,basic,Quarterly,40,299,20.4,2,3,3,542,79299,App,No
CUST00122,27,Hyderabad,Premium,Annual,4,999,58.4,1,3,5,692,114130,Web,No
CUST00123,48,Noida,Standard,Quarterly,8,599,36.8,5,2,4,657,103844,Retail,No
CUST00124,18,Hyderabad,Basic,Monthly,42,299,17.2,5,1,3,625,145571,Retail,Yes
CUST00125,26,Pune,Premium,Quarterly,17,1099,22.7,5,0,3,757,86335,App,No
CUST00126,41,Kolkata,Standard,Annual,28,599,29.1,7,4,5,733,91598,Retail,No
CUST00127,29,Gurugram,Premium,Annual,21,999,69.6,0,5,2,840,131348,Web,No
CUST00128,48,Gurugram,Basic,Quarterly,56,299,2.1,3,4,2,633,110994,Retail,No
CUST00129,52,Jaipur,Premium,Quarterly,29,949,43.3,1,2,2,519,44941,App,Yes
CUST00130,50,Gurugram,Premium,Annual,4,999,61.1,8,4,2,641,146955,Retail,No
CUST00131,29,Noida,Basic,Monthly,35,249,13.5,5,0,2,581,74038,Web,No
CUST00132,29,Jaipur,Basic,Annual,9,299,15.4,5,0,4,720,138811,Web,Yes
CUST00133,56,Kolkata,Standard,Monthly,41,649,45.2,0,0,6,636,95700,App,Yes
CUST00134,36,Kolkata,Basic,Monthly,42,299,33.6,4,3,1,647,82698,Web,No
CUST00135,34,Noida,Standard,Annual,28,649,40.6,5,2,2,589,135628,App,No
CUST00136,39,Delhi,Basic,Monthly,55,349,34.9,1,3,1,836,136197,Retail,Yes
CUST00137,43,Delhi,Standard,Quarterly,4,599,12.6,0,0,0,682,148384,Web,No
CUST00138,32,Mumbai,Standard,Monthly,3,599,51.3,8,0,6,770,107590,App,Yes
CUST00139,44,Gurugram,Basic,Quarterly,50,299,32.0,3,3,6,802,132549,Retail,No
CUST00140,32,Mumbai,Standard,Annual,22,549,19.4,8,2,2,850,62614,App,Yes
CUST00141,18,Delhi,Basic,Quarterly,19,299,4.1,8,4,5,828,23633,App,No
CUST00142,35,Delhi,Standard,Quarterly,49,599,23.0,5,2,3,652,45504,Retail,No
CUST00143,27,Pune,Premium,Annual,57,999,69.1,8,1,1,547,118329,Retail,No
CUST00144,47,Gurugram,Premium,Monthly,55,949,48.6,4,0,3,661,85337,Retail,No
CUST00145,26,,Standard,Annual,28,699,34.5,4,0,3,623,63011,Web,No
CUST00146,30,Gurugram,Standard,Quarterly,23,549,37.7,3,5,4,584,64489,Retail,No
CUST00147,39,Hyderabad,Standard,Annual,51,699,20.1,4,2,5,804,105016,Web,No
CUST00148,28,Jaipur,Premium,Quarterly,18,999,70.0,3,2,4,699,43314,Web,No
CUST00149,33,Gurugram,Premium,Quarterly,42,999,46.9,5,0,5,613,91045,Retail,No
CUST00150,57,Chennai,Basic,Quarterly,48,299,26.8,0,0,0,706,129800,App,No
CUST00151,34,Gurugram,Standard,Monthly,12,599,18.0,7,1,1,756,29265,App,No
CUST00152,49,Gurugram,Premium,Monthly,31,1049,53.2,1,3,2,521,123889,Web,No
CUST00153,56,Noida,Premium,Quarterly,26,999,64.4,2,4,1,603,142471,Web,Yes
CUST00154,46,Mumbai,Standard,Annual,16,599,26.3,2,0,1,749,147216,Retail,No
CUST00155,47,Bengaluru,Standard,Monthly,36,599,14.6,8,1,6,730,25168,Web,No
CUST00156,33,Gurugram,Basic,Quarterly,34,299,23.3,1,2,0,847,123166,Retail,Yes
CUST00157,42,Hyderabad,Standard,Monthly,31,649,45.4,3,0,0,540,108106,App,No
CUST00158,24,Mumbai,Premium,Monthly,40,999,66.4,4,2,3,538,137057,App,No
CUST00159,44,Gurugram,Premium,Annual,29,949,41.2,4,5,5,844,59685,Web,No
CUST00160,43,Jaipur,Premium,Quarterly,14,949,74.9,4,4,1,725,112307,Retail,No
CUST00161,36,Mumbai,Premium,Annual,13,949,67.7,5,5,4,611,119796,Retail,Yes
CUST00162,19,Hyderabad,Standard,Quarterly,43,649,43.5,7,0,5,657,58835,App,Yes
CUST00163,50,Gurugram,Basic,Quarterly,7,299,27.3,7,2,1,678,113100,App,No
CUST00164,44,Bengaluru,Basic,Quarterly,25,299,18.3,4,0,1,695,145932,App,No
CUST00165,18,Hyderabad,Basic,Annual,10,299,17.2,1,4,5,455,30393,Retail,No
CUST00166,34,Jaipur,Premium,Monthly,25,1049,59.8,2,4,3,545,35490,Web,Yes
CUST00167,24,Jaipur,Premium,Monthly,40,999,54.3,6,3,0,812,76799,Web,No
CUST00168,35,Hyderabad,Premium,Monthly,38,1049,33.8,2,2,3,506,43606,Web,No
CUST00169,26,Chennai,Basic,Monthly,14,299,13.1,5,5,0,506,110250,App,No
CUST00170,37,Noida,Standard,Monthly,43,599,70.1,7,1,3,689,18180,Web,No
CUST00171,58,Jaipur,Premium,Monthly,16,1049,29.9,7,0,5,518,112748,Retail,No
CUST00172,32,Gurugram,Standard,Monthly,57,599,26.2,5,5,6,818,31489,App,No
CUST00173,43,Delhi,Standard,Monthly,9,599,34.0,3,4,6,479,131275,App,No
CUST00174,31,Jaipur,Basic,Monthly,17,299,0,6,1,1,471,41475,Web,Yes
CUST00175,54,Mumbai,Basic,Monthly,54,299,23.3,2,0,1,559,121116,App,No
CUST00176,40,Kolkata,Standard,Monthly,53,599,45.1,5,5,6,513,86578,App,Yes
CUST00177,55,Chennai,Basic,Monthly,17,249,25.2,7,2,0,525,63086,Retail,No
CUST00178,38,Hyderabad,Standard,Annual,49,599,40.0,2,2,0,687,142167,App,No
CUST00179,22,Kolkata,Standard,Quarterly,17,549,16.4,0,0,2,796,142408,App,No
CUST00180,42,Bengaluru,Basic,Annual,14,349,5.0,6,5,6,561,51130,Web,No
CUST00181,34,Pune,Basic,Monthly,23,299,6.4,4,4,2,598,83823,App,No
CUST00182,37,Hyderabad,Basic,Quarterly,55,349,13.2,6,2,6,518,97441,App,No
CUST00183,26,,Standard,Quarterly,19,599,48.5,4,4,2,610,90274,Web,Yes
CUST00184,56,Mumbai,Premium,Annual,55,1099,46.4,8,0,4,530,65383,Retail,No
CUST00185,48,Kolkata,Basic,Annual,28,249,15.9,0,0,2,767,119942,Retail,No
CUST00186,21,Noida,Premium,Quarterly,39,999,54.6,2,3,3,583,28644,Retail,No
CUST00187,60,,Basic,Annual,4,249,27.8,4,3,1,696,102565,App,No
CUST00188,30,Hyderabad,Basic,Quarterly,58,349,0,4,2,1,491,99461,Web,No
CUST00189,20,Pune,Premium,Quarterly,56,999,76.4,0,0,4,555,118828,Web,No
CUST00190,56,Bengaluru,Premium,Quarterly,56,1099,60.9,0,0,4,783,141583,Web,No
CUST00191,32,Chennai,Premium,Annual,15,949,69.6,6,4,3,609,23836,Retail,Yes
CUST00192,44,Kolkata,Basic,Monthly,30,249,35.0,8,3,0,515,99616,Retail,No
CUST00193,41,Noida,Basic,Annual,5,249,0,8,5,1,589,87308,Retail,No
CUST00194,35,Noida,Premium,Quarterly,40,999,63.4,5,0,6,564,29642,App,No
CUST00195,27,Gurugram,Basic,Quarterly,58,249,16.3,7,1,1,450,73464,Web,No
CUST00196,60,Bengaluru,Premium,Quarterly,21,999,63.5,6,0,0,596,116345,App,No
CUST00197,51,Noida,Premium,Quarterly,7,999,60.1,0,0,2,697,137403,Web,No
CUST00198,41,Hyderabad,Basic,Quarterly,10,299,19.0,3,1,0,813,100481,Web,No
CUST00199,44,Kolkata,Basic,Annual,43,299,39.1,4,0,3,564,40788,Web,No
CUST00200,42,Chennai,Premium,Quarterly,38,1049,12.1,7,4,3,545,56714,Retail,No
CUST00201,22,Gurugram,Basic,Annual,25,299,17.0,6,2,2,689,132880,Web,No
CUST00202,48,Chennai,Premium,Annual,24,999,56.0,8,5,2,673,101766,Web,No
CUST00203,49,Jaipur,Basic,Quarterly,19,249,24.1,1,3,0,793,38946,Web,Yes
CUST00204,31,Jaipur,Basic,Annual,28,299,0,0,4,6,654,49554,Retail,Yes
CUST00205,43,Jaipur,Premium,Monthly,30,999,35.6,1,3,5,588,74649,Web,Yes
CUST00206,25,Hyderabad,Standard,Monthly,55,599,25.8,5,5,3,837,117968,Web,No
CUST00207,20,Noida,Basic,Monthly,57,249,18.4,8,2,3,683,52808,App,No
CUST00208,56,Chennai,Standard,Quarterly,22,699,34.7,1,4,1,470,117413,Retail,No
CUST00209,46,Gurugram,Standard,Annual,53,699,33.4,3,3,3,739,92534,App,No
CUST00210,45,Bengaluru,Basic,Monthly,41,299,20.1,5,0,6,530,19900,App,Yes
CUST00211,59,Hyderabad,Premium,Quarterly,46,1049,62.7,2,1,5,655,70218,App,Yes
CUST00212,34,Gurugram,Premium,Annual,42,999,37.6,7,1,1,455,27107,Web,No
CUST00213,51,Jaipur,Premium,Annual,57,999,58.1,4,5,1,618,76108,Web,Yes
CUST00214,52,Chennai,Basic,Annual,58,299,25.9,8,3,3,613,76933,Web,Yes
CUST00215,56,Noida,Basic,Monthly,47,399,13.1,7,0,1,532,117357,Web,No
CUST00216,38,Jaipur,Basic,Annual,28,399,18.6,4,2,4,634,54405,Web,Yes
CUST00217,60,Mumbai,Basic,Monthly,58,299,4.6,3,0,0,808,140394,Retail,No
CUST00218,52,Gurugram,Basic,Monthly,18,299,0,7,2,4,591,26623,App,No
CUST00219,40,Chennai,Basic,Monthly,57,399,0,8,3,4,522,27735,App,Yes
CUST00220,58,Gurugram,Premium,Quarterly,29,999,46.8,8,0,3,593,99882,App,Yes
CUST00221,48,Kolkata,Standard,Annual,18,649,19.0,3,2,1,667,143084,Web,No
CUST00222,56,Chennai,Standard,Monthly,1,599,43.9,8,5,3,492,111134,App,Yes
CUST00223,51,Pune,Premium,Quarterly,16,949,63.2,3,0,5,540,84841,Retail,No
CUST00224,55,Chennai,Premium,Quarterly,45,949,62.7,4,1,5,511,108952,Retail,No
CUST00225,60,Noida,Standard,Monthly,8,599,24.4,1,3,3,778,146189,App,No
CUST00226,37,Bengaluru,Standard,Quarterly,30,649,38.5,8,0,1,775,101037,Web,No
CUST00227,18,Delhi,Standard,Monthly,39,599,8.1,6,4,5,742,112001,Retail,No
CUST00228,22,Gurugram,Standard,Annual,36,599,30.9,0,2,6,633,149780,Retail,Yes
CUST00229,53,Kolkata,Basic,Monthly,5,349,8.0,3,1,4,547,52662,Web,No
CUST00230,23,Pune,Premium,Monthly,38,999,49.3,2,4,2,690,33740,Web,No
CUST00231,29,Pune,Premium,Annual,11,1049,45.9,7,2,1,753,113331,Retail,No
CUST00232,25,Chennai,Basic,Monthly,10,299,20.9,1,2,4,530,66549,Retail,No
CUST00233,29,Jaipur,Premium,Monthly,21,949,57.9,6,0,4,714,27855,Retail,No
CUST00234,21,Mumbai,Standard,Quarterly,30,599,59.9,3,3,0,630,132320,Retail,No
CUST00235,22,Gurugram,Standard,Quarterly,22,599,50.0,0,5,4,735,123830,Web,No
CUST00236,32,Mumbai,Premium,Monthly,48,1099,52.8,7,0,1,774,141082,App,No
CUST00237,47,Chennai,Premium,Monthly,2,999,57.0,2,3,6,780,102395,Web,Yes
CUST00238,42,Pune,Premium,Quarterly,60,999,54.3,5,0,0,596,24050,App,No
CUST00239,46,Noida,Basic,Annual,56,299,0,4,5,3,744,37531,Retail,Yes
CUST00240,26,Gurugram,Premium,Quarterly,38,999,68.1,5,1,6,789,32113,Web,No
CUST00241,31,Jaipur,Basic,Annual,12,299,36.9,2,4,1,812,50626,Retail,Yes
CUST00242,31,Mumbai,Standard,Monthly,21,599,64.3,7,5,6,552,144351,App,No
CUST00243,42,Mumbai,Standard,Annual,20,599,52.7,7,1,4,652,100535,Web,Yes
CUST00244,51,Jaipur,Standard,Monthly,4,649,43.4,4,4,3,686,26175,Web,No
CUST00245,37,Chennai,Premium,Annual,21,1099,43.5,7,1,0,758,64177,App,No
CUST00246,34,Mumbai,Standard,Annual,22,699,44.8,7,1,6,574,52652,App,No
CUST00247,24,Pune,standard,Monthly,36,599,48.6,5,4,3,825,95406,App,Yes
CUST00248,40,Gurugram,Premium,Annual,26,949,55.5,0,2,3,828,33056,Retail,No
CUST00249,43,Chennai,Basic,Quarterly,37,399,5.9,3,2,4,729,71067,Retail,Yes
CUST00250,60,Bengaluru,Premium,Annual,17,999,62.3,5,2,2,785,31888,App,No
CUST00251,33,Pune,Premium,Annual,8,1099,49.0,7,3,4,786,107084,Retail,Yes
CUST00252,53,Pune,Standard,Annual,51,599,17.9,4,2,4,728,32872,Retail,No
CUST00253,44,Gurugram,Standard,Annual,11,599,24.5,2,0,4,531,81488,App,No
CUST00254,60,Delhi,Standard,Annual,12,599,29.9,2,4,0,461,58810,Retail,No
CUST00255,22,Hyderabad,Standard,Monthly,23,599,37.9,8,2,1,595,123614,Web,Yes
CUST00256,31,Bengaluru,Premium,Quarterly,11,1099,50.6,5,4,4,611,147486,App,Yes
CUST00257,38,Delhi,Standard,Quarterly,56,699,55.0,2,0,1,614,117157,Web,No
CUST00258,39,Pune,Premium,Monthly,12,1049,57.4,5,2,4,475,97068,Web,No
CUST00259,34,Bengaluru,Premium,Monthly,36,1099,61.5,0,0,0,546,69047,Retail,No
CUST00260,42,Gurugram,Standard,Annual,27,649,32.6,4,3,0,753,113572,Retail,No
CUST00261,42,Bengaluru,Standard,Quarterly,57,599,34.5,6,0,6,516,77634,Retail,No
CUST00262,33,Gurugram,Basic,Quarterly,41,299,12.4,5,3,3,717,128456,Retail,No
CUST00263,47,Chennai,Basic,Annual,43,399,47.3,1,1,1,568,134642,App,Yes
CUST00264,22,Kolkata,Standard,Monthly,41,699,32.0,5,0,3,805,34508,Retail,Yes
CUST00265,44,Hyderabad,Premium,Annual,14,1099,62.2,1,1,5,759,28472,App,No
CUST00266,41,Noida,Basic,Quarterly,48,299,28.4,5,1,3,815,82906,Retail,No
CUST00267,45,Jaipur,Premium,Annual,41,999,41.3,7,2,6,647,60718,Retail,No
CUST00268,27,Noida,Basic,Quarterly,51,299,0.2,5,3,0,701,67172,Web,No
CUST00269,31,Gurugram,Basic,Monthly,24,399,12.2,7,5,6,788,109016,Web,Yes
CUST00270,24,Bengaluru,Basic,Monthly,4,299,8.5,7,2,4,793,42385,App,No
CUST00271,39,Noida,Premium,Monthly,9,999,54.5,1,1,6,757,116848,Retail,No
CUST00272,25,Gurugram,Standard,Quarterly,14,599,40.3,6,1,5,684,117609,Retail,No
CUST00273,21,Noida,Standard,Quarterly,19,699,34.0,3,3,0,529,102874,Web,No
CUST00274,48,Mumbai,Basic,Quarterly,57,299,19.8,7,4,6,522,27432,Retail,No
CUST00275,51,Delhi,Standard,Annual,25,599,44.5,2,0,1,511,115087,Retail,No
CUST00276,38,Mumbai,Standard,Quarterly,13,549,65.7,3,0,0,460,25916,Retail,No
CUST00277,25,Bengaluru,Premium,Annual,23,949,40.7,2,3,0,773,34779,Retail,Yes
CUST00278,52,Kolkata,Standard,Annual,31,549,44.2,1,1,0,561,88023,Retail,No
CUST00279,49,Delhi,Premium,Annual,32,949,46.7,8,5,6,455,92387,App,No
CUST00280,40,Bengaluru,Basic,Monthly,54,399,25.2,1,5,1,641,128465,Web,No
CUST00281,35,Bengaluru,Basic,Quarterly,45,399,21.6,8,4,5,645,110128,Web,No
CUST00282,31,Jaipur,Premium,Monthly,5,1049,65.5,3,0,4,569,32829,Retail,No
CUST00283,29,Kolkata,Standard,Quarterly,55,549,36.4,1,5,6,795,138423,Retail,Yes
CUST00284,19,Pune,Basic,Monthly,59,349,29.2,2,1,3,512,32786,Retail,No
CUST00285,44,Mumbai,Premium,Quarterly,5,999,50.7,7,1,0,696,69365,Retail,No
CUST00286,51,Kolkata,Standard,Annual,37,599,55.1,7,4,0,731,149422,Web,No
CUST00287,33,Mumbai,Premium,Monthly,55,1049,59.6,5,5,0,780,122117,Web,No
CUST00288,49,Gurugram,Basic,Annual,45,249,12.6,3,2,3,730,55806,Web,No
CUST00289,33,Pune,Basic,Monthly,23,349,14.7,7,0,5,555,25538,App,No
CUST00290,50,Delhi,Basic,Annual,7,249,31.1,5,4,6,497,80442,Retail,No
CUST00291,60,Mumbai,Basic,Monthly,13,299,13.0,4,0,3,568,80799,Retail,Yes
CUST00292,54,Gurugram,Premium,Quarterly,5,999,56.0,5,5,4,509,137047,App,No
CUST00293,39,Mumbai,Premium,Monthly,56,1099,56.9,8,5,1,798,111772,Retail,Yes
CUST00294,22,Delhi,Standard,Monthly,30,599,51.4,7,3,0,741,135974,App,No
CUST00295,33,Bengaluru,Standard,Monthly,30,699,49.1,4,5,4,466,129824,Retail,Yes
CUST00296,28,Mumbai,Standard,Quarterly,56,599,34.0,8,5,5,716,79464,App,No
CUST00297,42,Gurugram,Basic,Monthly,8,299,15.0,7,4,2,591,122348,Web,No
CUST00298,53,Chennai,Standard,Monthly,30,699,31.6,3,1,4,698,53884,Retail,No
CUST00299,29,Pune,Premium,Annual,40,999,49.6,2,2,6,659,34986,Retail,No
CUST00300,59,Chennai,Standard,Quarterly,37,699,13.5,4,0,3,583,140449,App,No
CUST00301,20,Mumbai,Standard,Annual,55,599,20.1,1,2,3,487,91518,Retail,No
CUST00302,49,Hyderabad,Premium,Annual,29,999,28.2,0,3,2,500,110890,App,Yes
CUST00303,24,Kolkata,Standard,Quarterly,17,599,21.7,3,5,6,716,66917,App,No
CUST00304,42,Bengaluru,Basic,Annual,16,299,37.8,3,5,1,626,42925,Web,Yes
CUST00305,32,Hyderabad,Premium,Quarterly,45,1099,62.8,6,3,5,571,59531,App,No
CUST00306,34,Bengaluru,Basic,Quarterly,27,349,23.8,3,1,3,496,60227,App,No
CUST00307,32,Pune,Premium,Quarterly,6,1049,63.1,5,1,1,606,144748,App,No
CUST00308,52,Bengaluru,Premium,Annual,26,999,49.2,6,0,1,833,39447,Web,No
CUST00309,33,Mumbai,Standard,Quarterly,32,599,38.3,7,5,1,741,33004,Web,No
CUST00310,45,Chennai,Standard,Annual,44,599,26.6,8,4,0,634,98659,Retail,No
CUST00311,59,Hyderabad,Standard,Quarterly,28,599,41.1,3,3,6,640,136287,Retail,Yes
CUST00312,39,Jaipur,Premium,Monthly,29,949,55.2,2,0,1,782,93211,Web,No
CUST00313,51,Hyderabad,Premium,Annual,4,1049,58.6,2,1,6,839,18407,App,No
CUST00314,40,Kolkata,Basic,Quarterly,26,299,11.7,1,0,4,694,47876,App,No
CUST00315,49,Gurugram,Basic,Quarterly,47,249,4.4,6,3,3,473,130381,App,No
CUST00316,25,Noida,Basic,Monthly,18,249,18.0,3,4,2,547,117472,Retail,No
CUST00317,47,Mumbai,Basic,Monthly,50,299,22.7,3,0,6,527,80157,Retail,No
CUST00318,42,Hyderabad,Standard,Quarterly,28,599,22.6,4,2,2,663,53202,App,No
CUST00319,24,Jaipur,Basic,Monthly,7,299,31.5,6,2,1,633,25414,Retail,No
CUST00320,37,Mumbai,Premium,Quarterly,22,999,53.5,2,3,2,565,30650,Web,Yes
CUST00321,60,Pune,Standard,Annual,12,649,42.1,1,4,0,626,52128,Retail,No
CUST00322,38,Bengaluru,Premium,Annual,27,999,63.0,3,5,1,814,71448,Retail,Yes
CUST00323,37,Gurugram,Standard,Annual,30,549,41.6,5,4,6,550,32518,App,No
CUST00324,43,Jaipur,Premium,Annual,39,1049,42.2,1,5,3,837,76101,Web,No
CUST00325,60,Delhi,Premium,Monthly,8,949,31.5,8,4,6,660,23458,Retail,No
CUST00326,49,Mumbai,Basic,Quarterly,25,349,15.7,0,2,4,452,130179,Retail,No
CUST00327,60,Gurugram,Premium,Quarterly,59,949,45.7,3,1,3,516,126670,App,No
CUST00328,49,Jaipur,Premium,Quarterly,57,1049,48.4,1,5,3,576,21804,Web,No
CUST00329,58,Chennai,Standard,Annual,26,549,41.3,7,5,1,729,40075,App,No
CUST00330,32,Pune,Basic,Annual,56,349,26.4,5,2,5,793,97607,App,No
CUST00331,58,Noida,Standard,Annual,47,599,46.7,5,2,5,547,18101,Retail,No
CUST00332,48,Jaipur,Standard,Quarterly,16,599,31.0,5,2,4,573,148296,App,Yes
CUST00333,54,Bengaluru,Premium,Monthly,53,1099,61.6,7,3,2,725,148719,Web,Yes
CUST00334,47,Bengaluru,Standard,Quarterly,35,599,35.9,5,4,4,814,73341,App,No
CUST00335,49,Pune,Basic,Quarterly,27,299,9.2,7,1,2,654,107825,Web,No
CUST00336,22,Noida,Basic,Annual,10,349,40.5,0,3,6,596,99153,App,No
CUST00337,58,Delhi,Standard,Quarterly,33,699,21.1,8,4,3,795,33286,Web,Yes
CUST00338,20,Jaipur,Standard,Quarterly,52,599,23.6,7,3,4,733,106686,App,No
CUST00339,48,Jaipur,Premium,Monthly,56,999,43.3,2,4,1,611,73511,Retail,No
CUST00340,49,Delhi,Standard,Quarterly,41,549,17.2,6,1,6,823,49328,Retail,No
CUST00341,55,Gurugram,Premium,Annual,55,949,48.9,0,3,6,720,122068,App,No
CUST00342,29,Bengaluru,Premium,Monthly,40,999,57.4,1,2,6,450,140021,Retail,Yes
CUST00343,31,Chennai,Standard,Monthly,40,599,36.3,0,2,5,716,139308,Web,Yes
CUST00344,27,Kolkata,Standard,Quarterly,13,599,48.7,2,4,4,843,67911,Web,No
CUST00345,33,Gurugram,Basic,Monthly,12,299,36.6,6,0,3,518,45164,Web,No
CUST00346,59,Pune,premium,Monthly,58,1049,28.9,8,1,0,689,110263,App,No
CUST00347,26,Pune,Basic,Annual,9,249,10.1,1,3,1,692,70604,Retail,No
CUST00348,28,Jaipur,Premium,Monthly,30,949,76.8,8,4,2,750,62684,App,No
CUST00349,21,Kolkata,Basic,Annual,9,349,33.9,0,5,1,700,19627,Web,No
CUST00350,18,Bengaluru,Standard,Monthly,55,549,45.5,7,5,2,505,82145,Web,No
CUST00351,18,Pune,Basic,Annual,39,299,15.9,3,3,1,689,54184,App,No
CUST00352,20,Mumbai,Standard,Monthly,24,599,38.8,2,2,5,739,66264,App,No
CUST00353,21,Gurugram,Basic,Annual,25,299,7.1,6,4,0,666,67746,Web,No
CUST00354,28,Bengaluru,Basic,Annual,51,299,23.2,1,2,0,678,77777,Retail,No
CUST00355,51,Noida,Premium,Monthly,44,1099,58.2,4,1,0,785,128158,App,No
CUST00356,23,Gurugram,Basic,Quarterly,32,249,28.6,5,5,0,814,48492,Web,No
CUST00357,38,Jaipur,Basic,Monthly,18,299,1.3,4,3,2,602,105454,App,No
CUST00358,33,Noida,Standard,Monthly,31,649,22.2,5,1,0,528,57695,Web,No
CUST00359,28,Gurugram,Premium,Annual,43,949,52.0,4,3,3,550,90928,Retail,No
CUST00360,45,Jaipur,Basic,Annual,16,399,3.6,0,5,5,526,68332,Web,No
CUST00361,33,Pune,Basic,Quarterly,35,399,18.9,7,5,6,490,61414,Web,Yes
CUST00362,19,Kolkata,Premium,Annual,20,999,52.9,4,5,6,807,99293,App,Yes
CUST00363,59,Noida,Premium,Quarterly,25,999,66.3,4,5,6,641,137145,App,Yes
CUST00364,27,Gurugram,Premium,Quarterly,50,999,64.4,2,5,4,498,100140,Web,Yes
CUST00365,23,Gurugram,Basic,Monthly,24,249,19.2,8,2,6,452,142785,Web,No
CUST00366,43,Kolkata,Standard,Quarterly,50,549,47.7,3,0,3,485,72961,Retail,No
CUST00367,46,Mumbai,Standard,Monthly,17,599,37.6,5,1,0,721,39378,App,No
CUST00368,46,Mumbai,Standard,Annual,27,599,26.0,1,1,0,479,52020,Web,No
CUST00369,28,Chennai,Basic,Quarterly,57,399,20.8,6,5,6,600,117682,Retail,Yes
CUST00370,23,Bengaluru,Standard,Monthly,24,599,31.0,3,0,2,632,79049,App,No
CUST00371,52,Mumbai,Basic,Annual,59,299,24.5,0,5,0,536,119873,Web,No
CUST00372,50,Kolkata,Basic,Quarterly,48,299,2.4,5,4,4,778,144519,App,Yes
CUST00373,25,Mumbai,Standard,Annual,48,549,26.7,7,2,6,489,20359,Web,Yes
CUST00374,53,Noida,Premium,Quarterly,59,1099,51.3,2,2,0,761,74757,Web,No
CUST00375,23,Noida,Standard,Quarterly,58,649,25.8,0,5,0,544,134428,Web,Yes
CUST00376,19,Chennai,Premium,Quarterly,25,949,60.4,2,5,6,683,61265,Retail,No
CUST00377,31,Kolkata,Basic,Annual,36,249,20.9,3,5,4,627,66375,App,Yes
CUST00378,39,Pune,Premium,Quarterly,6,949,68.2,7,5,2,728,54226,Web,Yes
CUST00379,26,Mumbai,Premium,Annual,9,999,61.1,2,5,0,584,120406,Web,No
CUST00380,29,Delhi,Basic,Annual,22,399,25.7,3,0,6,850,66900,App,No
CUST00381,43,Delhi,Premium,Annual,10,1049,53.2,2,5,0,476,125211,App,No
CUST00382,19,Hyderabad,Basic,Monthly,37,249,20.1,0,4,2,696,125863,Web,Yes
CUST00383,42,Noida,Premium,Monthly,7,1099,62.1,8,0,3,756,131121,App,No
CUST00384,53,Pune,Premium,Monthly,19,1099,62.3,1,1,1,576,74848,Web,No
CUST00385,46,Pune,Standard,Quarterly,40,649,26.3,1,4,4,600,147479,Retail,No
CUST00386,19,Chennai,Premium,Monthly,10,1099,64.1,1,1,3,466,140756,Retail,No
CUST00387,31,Gurugram,Basic,Annual,5,299,29.8,0,2,2,743,57453,App,No
CUST00388,51,Kolkata,Standard,Annual,30,599,60.7,4,5,3,522,121654,App,No
CUST00389,29,Mumbai,Premium,Quarterly,34,949,65.5,3,5,2,773,121470,App,No
CUST00390,55,Jaipur,Standard,Annual,7,599,44.1,1,1,4,560,24664,Web,No
CUST00391,30,Bengaluru,Premium,Quarterly,38,999,13.7,4,0,1,808,93566,App,No
CUST00392,45,Hyderabad,Basic,Annual,30,399,17.6,3,0,2,464,139104,App,Yes
CUST00393,38,Bengaluru,Standard,Quarterly,19,599,39.6,0,2,2,750,94706,App,No
CUST00394,41,Hyderabad,Premium,Monthly,45,1099,53.0,7,3,0,473,88814,Web,No
CUST00395,31,Kolkata,Premium,Annual,11,999,40.1,0,1,0,493,130377,Web,No
CUST00396,37,Jaipur,Premium,Monthly,57,1049,55.2,6,4,3,748,24754,App,No
CUST00397,25,Chennai,Basic,Monthly,27,349,12.1,3,1,6,739,121131,Web,No
CUST00398,37,Bengaluru,Standard,Monthly,42,649,38.5,0,3,4,568,39125,App,Yes
CUST00399,48,Hyderabad,Basic,Annual,26,299,28.1,7,2,5,811,28972,Web,No
CUST00400,50,Pune,Basic,Annual,10,299,21.9,5,3,4,650,100527,Web,No
CUST00401,19,Pune,Standard,Monthly,15,699,40.1,1,2,0,762,136693,Web,No
CUST00402,46,Pune,Premium,Quarterly,53,1049,69.1,3,0,3,779,45871,Retail,No
CUST00403,25,Mumbai,Basic,Monthly,51,299,12.2,5,5,1,549,38106,Web,No
CUST00404,59,Hyderabad,Premium,Monthly,11,1099,70.4,3,0,0,661,138825,Web,No
CUST00405,40,Noida,Standard,Annual,40,599,42.9,1,0,0,516,104609,App,No
CUST00406,51,Mumbai,Premium,Annual,8,1099,45.7,7,1,4,473,75702,Web,Yes
CUST00407,24,Noida,Standard,Quarterly,50,599,30.9,7,3,0,536,114885,App,No
CUST00408,27,Pune,Basic,Monthly,39,249,11.6,6,5,2,510,18309,App,No
CUST00409,57,Gurugram,Standard,Annual,20,699,40.3,7,5,5,742,111307,Web,Yes
CUST00410,19,Pune,Standard,Annual,37,649,20.6,5,2,6,553,74846,Retail,Yes
CUST00411,48,Hyderabad,Basic,Monthly,22,299,26.6,0,1,1,703,126246,App,No
CUST00412,38,Kolkata,Standard,Annual,44,599,33.9,4,2,3,708,113763,Retail,No
CUST00413,55,Hyderabad,Premium,Quarterly,15,999,62.3,8,1,1,768,136007,Retail,No
CUST00414,36,Pune,Standard,Monthly,43,599,65.7,1,0,4,807,127990,Web,No
CUST00415,55,Mumbai,Premium,Quarterly,5,999,56.3,7,5,5,516,141009,Retail,No
CUST00416,22,Noida,Basic,Annual,13,349,17.2,1,5,0,674,57986,Retail,No
CUST00417,26,Mumbai,Basic,Quarterly,21,349,14.3,3,0,6,746,73351,Web,No
CUST00418,49,Hyderabad,Basic,Monthly,4,399,24.7,1,0,3,460,106126,App,No
CUST00419,39,Pune,Standard,Annual,1,699,25.1,0,0,2,777,104107,Retail,No
CUST00420,37,Mumbai,Premium,Monthly,29,999,62.1,2,5,6,754,69555,Retail,No
CUST00421,60,Noida,Basic,Monthly,16,349,39.1,1,2,5,587,106968,Retail,No
CUST00422,35,Pune,Basic,Monthly,23,299,21.6,3,5,6,623,63919,App,No
CUST00423,49,Jaipur,Basic,Monthly,54,349,1.8,7,3,5,614,98752,App,Yes
CUST00424,47,Mumbai,Basic,Quarterly,51,399,18.7,4,4,2,777,92937,Web,No
CUST00425,45,Chennai,Premium,Monthly,4,1049,57.3,5,5,2,659,22939,Web,No
CUST00426,21,Noida,Premium,Monthly,42,999,50.3,2,0,3,562,53869,App,Yes
CUST00427,46,Pune,Standard,Annual,22,599,27.8,3,4,6,465,42765,Retail,No
CUST00428,33,Hyderabad,Standard,Quarterly,3,599,61.3,4,0,2,525,51251,Retail,No
CUST00429,57,Gurugram,standard,Quarterly,1,599,25.7,8,5,0,699,63568,Retail,No
CUST00430,42,Bengaluru,Premium,Monthly,40,1049,39.8,7,1,4,625,55647,Web,No
CUST00431,23,Bengaluru,Basic,Monthly,10,299,17.2,2,5,1,843,90052,App,No
CUST00432,55,Gurugram,Premium,Quarterly,24,1099,44.6,5,0,2,593,48204,App,No
CUST00433,51,Jaipur,Premium,Monthly,10,949,60.9,3,4,5,608,45294,Web,Yes
CUST00434,35,Kolkata,Standard,Monthly,32,599,39.0,5,5,2,719,127668,App,Yes
CUST00435,47,Kolkata,Standard,Quarterly,24,649,54.3,4,3,5,563,28692,App,No
CUST00436,34,Mumbai,Standard,Annual,55,599,20.9,8,1,2,597,91165,App,No
CUST00437,30,Hyderabad,Basic,Quarterly,59,299,16.4,8,0,6,563,30925,App,No
CUST00438,55,Delhi,Standard,Annual,33,599,38.3,0,5,1,737,74980,Retail,Yes
CUST00439,22,Delhi,Premium,Monthly,36,1099,51.0,5,2,6,621,29948,Retail,No
CUST00440,49,Jaipur,Premium,Quarterly,43,1099,58.2,1,3,1,590,112155,Retail,No
CUST00441,46,Pune,Basic,Annual,31,299,40.6,3,4,1,788,35413,Retail,No
CUST00442,60,Delhi,Standard,Annual,1,549,32.6,0,5,2,472,110744,Retail,No
CUST00443,30,Mumbai,Basic,Annual,8,399,25.8,0,4,2,536,37040,Web,No
CUST00444,32,Kolkata,Basic,Quarterly,21,299,22.1,0,5,0,622,53867,Retail,Yes
CUST00445,46,Chennai,Premium,Monthly,3,999,50.6,4,0,5,464,123405,App,No
CUST00446,18,Hyderabad,Standard,Annual,14,599,43.5,6,5,1,518,44120,App,Yes
CUST00447,57,Jaipur,Basic,Monthly,5,299,23.2,4,2,2,590,52207,Web,Yes
CUST00448,28,Jaipur,Premium,Annual,36,999,62.5,7,3,2,614,95540,Web,No
CUST00449,36,Bengaluru,Standard,Annual,43,599,41.0,4,5,0,581,35699,Web,Yes
CUST00450,54,Chennai,Premium,Annual,32,999,35.9,1,2,3,656,138623,App,No
CUST00451,47,Pune,Basic,Quarterly,52,249,0,4,3,3,655,40676,Web,No
CUST00452,45,Gurugram,Premium,Monthly,46,949,51.0,6,3,0,556,36064,Web,No
CUST00453,26,Jaipur,Standard,Quarterly,18,599,40.6,5,3,3,636,86188,App,No
CUST00454,22,Mumbai,Premium,Quarterly,21,999,45.8,7,2,2,510,139646,App,No
CUST00455,39,Pune,Basic,Annual,40,399,0,7,5,3,820,47997,App,Yes
CUST00456,27,Kolkata,Basic,Annual,18,299,31.0,0,4,6,743,113763,Web,No
CUST00457,53,Delhi,Premium,Quarterly,6,999,58.0,1,0,2,834,83318,Web,Yes
CUST00458,29,Kolkata,Basic,Monthly,5,399,24.1,5,0,4,517,115550,Web,No
CUST00459,53,Pune,Standard,Monthly,28,599,33.4,2,0,4,552,27745,Web,No
CUST00460,19,Mumbai,Premium,Quarterly,1,999,38.3,1,0,3,848,70580,Retail,No
CUST00461,37,Gurugram,Standard,Quarterly,33,599,23.9,8,4,3,596,29952,App,No
CUST00462,27,Jaipur,Premium,Monthly,40,949,59.4,6,5,5,817,22777,App,No
CUST00463,57,Hyderabad,Standard,Annual,16,599,42.8,1,0,0,849,32979,Web,No
CUST00464,38,Delhi,Standard,Annual,40,649,21.2,7,5,6,506,113997,Retail,No
CUST00465,55,Mumbai,Premium,Monthly,14,999,46.2,2,2,1,600,42373,App,Yes
CUST00466,52,Chennai,Standard,Monthly,58,599,35.8,1,1,5,723,99323,Web,No
CUST00467,36,Chennai,Premium,Monthly,10,949,55.0,5,4,4,827,24220,Retail,No
CUST00468,49,Chennai,Basic,Monthly,36,349,7.4,1,4,5,474,48730,Retail,Yes
CUST00469,29,Gurugram,Premium,Annual,19,999,51.2,1,2,0,514,146976,Web,No
CUST00470,39,Noida,Standard,Monthly,45,599,31.9,8,4,6,515,77758,App,Yes
CUST00471,53,Pune,Standard,Monthly,16,599,27.5,2,1,5,785,132768,App,No
CUST00472,19,Chennai,Basic,Monthly,22,249,11.8,1,2,5,613,78677,Retail,No
CUST00473,27,Mumbai,Standard,Annual,23,549,42.7,3,0,2,505,65571,Web,No
CUST00474,34,Chennai,Premium,Quarterly,56,949,56.4,0,0,0,834,87193,Retail,No
CUST00475,38,Chennai,Standard,Annual,1,599,35.5,6,4,5,637,56072,Retail,No
CUST00476,22,Noida,Basic,Annual,50,299,9.7,3,2,3,666,134836,App,No
CUST00477,47,Hyderabad,Basic,Monthly,53,399,29.3,3,3,2,458,46540,Web,Yes
CUST00478,33,Kolkata,Premium,Annual,20,999,74.7,5,5,6,560,33009,App,Yes
CUST00479,24,Delhi,Standard,Annual,30,699,58.7,0,1,4,603,105314,Retail,No
CUST00480,29,Chennai,Standard,Monthly,41,699,40.1,4,2,2,706,110943,Web,No
CUST00481,21,Jaipur,Standard,Monthly,47,699,37.6,6,3,0,591,36619,App,No
CUST00482,49,Mumbai,Basic,Monthly,38,299,46.6,4,0,2,466,94743,Retail,No
CUST00483,58,Jaipur,Basic,Monthly,38,249,13.5,7,1,6,647,149507,Web,Yes
CUST00484,25,Mumbai,Basic,Monthly,15,299,27.3,4,5,1,643,70115,Retail,No
CUST00485,28,Hyderabad,Standard,Monthly,11,549,26.6,0,4,0,807,121017,App,No
CUST00486,53,Jaipur,Standard,Quarterly,22,599,9.5,3,2,2,584,66668,Retail,Yes
CUST00487,36,Hyderabad,Premium,Monthly,22,949,45.4,3,3,3,528,86320,App,Yes
CUST00488,40,Pune,Premium,Monthly,41,999,66.9,0,0,2,647,122508,Web,No
CUST00489,56,Hyderabad,Basic,Quarterly,18,299,9.0,6,2,6,516,147419,Retail,No
CUST00490,23,Delhi,Basic,Annual,22,349,6.0,8,1,6,625,83427,Retail,No
CUST00491,21,Pune,Standard,Annual,3,599,38.0,0,3,1,833,72614,Retail,No
CUST00492,58,Pune,Standard,Quarterly,18,549,39.3,3,1,4,716,35743,App,No
CUST00493,31,Kolkata,Basic,Monthly,17,349,4.5,6,1,1,664,33215,Web,No
CUST00494,44,Noida,Basic,Annual,10,349,11.8,2,5,0,560,62557,Retail,No
CUST00495,25,Bengaluru,Basic,Annual,1,299,9.1,3,2,6,481,106166,Web,No
CUST00496,29,Chennai,Standard,Annual,2,549,11.7,0,4,5,620,19238,Web,No
CUST00497,41,Noida,Basic,Quarterly,7,299,18.3,0,3,6,538,147099,App,Yes
CUST00498,36,Noida,Premium,Annual,58,1099,74.9,4,0,6,682,90076,Retail,No
CUST00499,20,Jaipur,Premium,Monthly,7,999,50.3,5,5,2,483,101798,App,Yes
CUST00500,31,,Basic,Quarterly,39,299,6.7,8,0,4,670,100063,App,No
CUST00501,30,Hyderabad,Premium,Quarterly,55,999,39.7,8,1,1,557,61289,App,No
CUST00502,23,Chennai,Premium,Quarterly,44,999,24.8,7,4,4,621,109494,App,No
CUST00503,58,Chennai,Standard,Quarterly,23,599,21.6,6,2,3,483,104052,Retail,No
CUST00504,30,Pune,Standard,Quarterly,43,699,47.2,0,3,1,486,101771,Web,No
CUST00505,39,Gurugram,Premium,Annual,39,999,77.9,3,0,4,716,56964,Retail,No
CUST00506,44,Hyderabad,Standard,Quarterly,20,599,39.9,5,5,4,726,145730,App,No
CUST00507,44,Kolkata,Premium,Annual,17,999,29.9,7,5,5,541,76621,Retail,Yes
CUST00508,28,Kolkata,Premium,Monthly,18,999,78.3,5,4,5,661,80529,App,Yes
CUST00509,47,Hyderabad,Basic,Annual,60,299,25.7,7,1,2,793,140024,App,No
CUST00510,23,Gurugram,Standard,Quarterly,24,599,30.9,5,3,5,653,41917,App,No
CUST00511,51,Jaipur,Premium,Monthly,41,999,51.3,8,0,2,694,117722,Retail,No
CUST00512,26,Noida,Basic,Monthly,16,299,17.0,5,4,3,747,26085,Web,Yes
CUST00513,52,Jaipur,Premium,Quarterly,49,949,62.7,7,1,5,814,128071,Retail,No
CUST00514,20,Mumbai,Standard,Quarterly,24,599,33.8,2,0,3,483,68164,App,No
CUST00515,24,Jaipur,Standard,Quarterly,58,549,24.0,1,5,3,589,30428,App,No
CUST00516,27,Jaipur,Standard,Annual,53,599,2.2,4,2,0,564,37329,Web,No
CUST00517,30,Delhi,Premium,Monthly,33,999,37.8,5,1,3,683,59841,Web,No
CUST00518,19,Jaipur,basic,Quarterly,52,299,25.0,6,1,1,778,39261,Web,No
CUST00519,27,Delhi,Basic,Annual,18,299,32.8,3,5,5,611,121063,Retail,No
CUST00520,60,Delhi,Basic,Quarterly,42,249,20.0,4,0,3,807,59950,Retail,No
CUST00521,60,Gurugram,Premium,Quarterly,41,999,25.3,2,3,4,835,79796,Retail,No
CUST00522,37,Kolkata,Basic,Annual,32,299,16.9,3,5,2,733,115542,Web,No
CUST00523,58,Pune,Standard,Monthly,41,599,42.0,3,4,0,604,67452,Web,Yes
CUST00524,43,Bengaluru,Premium,Annual,15,999,61.8,4,0,1,757,80079,Retail,No
CUST00525,57,Chennai,Premium,Annual,27,949,45.6,4,3,6,725,72779,Web,Yes
CUST00526,46,Mumbai,Standard,Annual,42,649,29.2,6,0,6,503,43470,App,No
CUST00527,44,Hyderabad,Basic,Monthly,25,349,36.2,6,3,2,703,74412,Web,No
CUST00528,18,Jaipur,Premium,Monthly,3,1049,37.1,3,5,0,736,76994,Retail,No
CUST00529,35,Jaipur,Premium,Annual,55,999,49.9,6,4,5,707,46262,Retail,No
CUST00530,46,Kolkata,Premium,Annual,57,1099,42.6,0,2,6,624,147865,App,No
CUST00531,51,Mumbai,Premium,Quarterly,57,1049,78.2,0,0,5,549,32372,App,No
CUST00532,58,Kolkata,Standard,Monthly,41,699,42.7,6,3,2,492,66494,Retail,No
CUST00533,45,Mumbai,Standard,Annual,25,599,13.0,8,0,3,530,131349,Retail,No
CUST00534,47,Chennai,Premium,Annual,57,999,45.6,0,4,3,484,48526,App,Yes
CUST00535,21,Delhi,Basic,Monthly,18,399,19.6,3,4,0,635,26718,Web,No
CUST00536,21,Mumbai,Premium,Monthly,32,999,49.0,6,5,2,688,115746,Retail,No
CUST00537,34,Chennai,Basic,Annual,26,349,34.5,8,5,2,654,32726,Retail,Yes
CUST00538,32,Gurugram,Standard,Monthly,53,649,40.6,3,2,5,811,81559,Web,Yes
CUST00539,28,Jaipur,Standard,Monthly,42,599,32.4,2,3,0,575,51922,Web,Yes
CUST00540,39,Hyderabad,Standard,Quarterly,34,699,30.7,2,2,3,800,80876,Web,No
CUST00541,26,Kolkata,Premium,Monthly,19,999,44.7,6,5,4,782,129422,App,No
CUST00542,47,Chennai,Premium,Quarterly,8,1049,61.7,0,1,2,625,80968,Web,No
CUST00543,21,Bengaluru,Standard,Monthly,42,549,44.0,4,5,0,696,69600,App,Yes
CUST00544,28,Jaipur,Standard,Annual,25,599,20.2,4,1,2,568,108261,Web,No
CUST00545,47,Chennai,Premium,Monthly,11,999,53.1,5,3,4,826,51258,Retail,No
CUST00546,52,Noida,Basic,Annual,2,299,18.8,7,5,3,639,41733,Web,No
CUST00547,49,Kolkata,Premium,Monthly,9,1099,83.9,4,1,3,507,44815,App,Yes
CUST00548,26,Gurugram,Basic,Annual,14,399,34.2,6,3,5,501,119131,Web,No
CUST00549,44,Pune,Basic,Annual,55,399,10.2,6,3,0,703,74986,Retail,No
CUST00550,27,Jaipur,Standard,Monthly,25,649,47.2,4,2,3,784,29475,App,Yes
CUST00551,41,Chennai,Basic,Annual,42,349,7.9,4,3,1,463,99314,Web,No
CUST00552,38,Mumbai,Basic,Quarterly,41,299,36.9,1,0,4,634,75494,Retail,No
CUST00553,37,Gurugram,Premium,Quarterly,33,999,51.4,1,1,3,537,75547,Retail,No
CUST00554,43,Mumbai,Premium,Monthly,16,999,51.8,4,1,4,574,128399,App,No
CUST00555,20,Bengaluru,Premium,Annual,29,949,44.1,1,3,1,491,30570,App,No
CUST00556,39,Bengaluru,Standard,Monthly,41,549,35.9,3,3,1,810,116414,App,Yes
CUST00557,57,Pune,Basic,Monthly,38,299,31.7,7,0,6,502,69112,Retail,No
CUST00558,19,Kolkata,Basic,Quarterly,46,299,0,2,0,0,754,83095,Retail,No
CUST00559,52,Kolkata,Premium,Annual,32,1049,53.4,1,4,1,487,77839,Retail,Yes
CUST00560,43,Pune,Basic,Quarterly,18,299,26.0,1,2,4,633,133137,Retail,Yes
CUST00561,22,Delhi,Premium,Annual,5,1049,46.3,2,5,2,594,121742,Web,No
CUST00562,53,Kolkata,Standard,Annual,32,599,57.8,1,1,4,834,97210,Web,No
CUST00563,43,Kolkata,Premium,Quarterly,9,1099,65.3,3,1,3,783,27451,Web,No
CUST00564,37,Pune,Basic,Monthly,30,299,14.7,0,2,1,522,136030,App,No
CUST00565,51,Bengaluru,Basic,Quarterly,31,349,45.6,8,0,6,751,146488,Web,No
CUST00566,40,Hyderabad,Standard,Quarterly,14,649,13.4,6,5,5,670,143536,Retail,Yes
CUST00567,56,Mumbai,Basic,Quarterly,23,349,13.9,2,0,6,557,32548,Web,No
CUST00568,47,Mumbai,Premium,Monthly,4,1099,63.4,6,3,2,769,76829,App,No
CUST00569,43,Pune,Basic,Monthly,46,399,4.7,7,2,6,522,90330,Web,Yes
CUST00570,60,Chennai,Basic,Annual,51,399,7.6,6,2,6,785,130649,App,Yes
CUST00571,49,Bengaluru,Basic,Monthly,19,399,10.6,8,4,2,476,90065,Web,No
CUST00572,54,Pune,Basic,Quarterly,9,299,10.3,2,5,5,795,30852,Retail,No
CUST00573,24,Hyderabad,Premium,Annual,50,999,51.7,5,2,2,576,85747,Retail,Yes
CUST00574,18,Mumbai,Standard,Monthly,9,549,50.1,4,1,2,554,146531,App,No
CUST00575,49,Gurugram,Standard,Annual,32,549,60.1,2,3,0,622,114960,Retail,No
CUST00576,55,Jaipur,Premium,Quarterly,43,1049,58.7,3,3,1,624,112894,Retail,No
CUST00577,45,Gurugram,Standard,Monthly,1,649,24.0,3,1,0,709,96053,App,No
CUST00578,24,Pune,standard,Quarterly,32,599,49.5,8,4,5,577,42323,Web,No
CUST00579,54,Bengaluru,Basic,Monthly,45,299,15.2,7,0,2,726,94315,Retail,Yes
CUST00580,23,Chennai,Basic,Annual,53,399,28.2,5,3,3,771,135025,Web,No
CUST00581,46,Bengaluru,Basic,Monthly,22,399,26.0,8,4,3,528,81498,App,No
CUST00582,28,Gurugram,Basic,Quarterly,22,399,27.3,2,3,5,659,143581,Retail,No
CUST00583,53,Bengaluru,Basic,Annual,49,299,19.0,4,1,0,545,55768,App,No
CUST00584,28,Delhi,Basic,Annual,38,299,0,8,1,1,815,30147,App,No
CUST00585,35,Kolkata,Standard,Annual,27,649,20.5,5,1,5,576,99761,App,No
CUST00586,23,Hyderabad,Standard,Quarterly,58,599,30.4,3,1,5,526,133828,App,No
CUST00587,32,Hyderabad,Premium,Annual,3,949,29.3,7,1,4,501,77017,Retail,No
CUST00588,25,,Basic,Quarterly,15,299,18.5,3,0,6,463,63284,Web,No
CUST00589,36,Bengaluru,standard,Annual,60,699,30.8,0,1,0,657,34284,Web,No
CUST00590,47,Gurugram,Standard,Monthly,6,599,12.9,7,3,6,677,141600,Web,Yes
CUST00591,42,Bengaluru,Standard,Quarterly,31,649,53.2,3,3,6,526,42480,Web,No
CUST00592,23,Kolkata,Standard,Annual,24,549,60.3,0,1,6,746,80290,App,No
CUST00593,37,Kolkata,Standard,Annual,20,599,28.1,6,1,5,626,125825,Retail,No
CUST00594,47,Mumbai,Standard,Monthly,30,599,46.9,7,3,6,801,23174,App,Yes
CUST00595,26,Chennai,premium,Monthly,25,999,67.3,5,5,1,746,88403,Retail,Yes
CUST00596,55,Noida,Premium,Quarterly,7,999,59.2,3,5,5,529,112687,App,No
CUST00597,33,Noida,Premium,Annual,7,999,26.8,0,5,0,505,95627,App,Yes
CUST00598,60,Chennai,Basic,Quarterly,7,299,15.9,0,3,4,685,122734,App,No
CUST00599,23,Noida,Basic,Annual,12,399,0,3,4,1,842,83092,Web,Yes
CUST00600,47,Gurugram,Premium,Monthly,52,1049,24.4,1,3,0,490,58976,App,No
CUST00601,26,Bengaluru,Basic,Annual,60,299,35.7,2,2,5,752,25896,App,No
CUST00602,29,Kolkata,Basic,Quarterly,55,299,20.9,0,0,3,799,66839,Retail,No
CUST00603,25,Gurugram,Standard,Annual,12,699,25.8,8,2,6,618,102743,Retail,No
CUST00604,35,Kolkata,Standard,Monthly,40,599,23.5,8,1,5,535,19524,Web,No
CUST00605,42,Pune,Basic,Quarterly,39,249,0,4,0,2,528,46230,Web,No
CUST00606,27,Mumbai,Premium,Annual,32,1099,63.9,0,2,1,513,73056,Retail,No
CUST00607,52,Pune,Premium,Monthly,25,949,58.6,6,3,0,829,48806,Web,No
CUST00608,24,Bengaluru,Standard,Annual,16,649,35.2,8,4,0,597,100703,Retail,No
CUST00609,29,Delhi,Premium,Monthly,42,949,73.9,6,2,4,793,32394,Web,No
CUST00610,55,Chennai,Premium,Quarterly,4,1049,71.4,5,2,3,678,84669,Web,Yes
CUST00611,23,Chennai,Basic,Monthly,3,299,29.3,2,0,0,704,78215,Retail,No
CUST00612,19,Bengaluru,Basic,Quarterly,18,349,9.2,5,0,1,654,121069,App,No
CUST00613,24,Pune,Standard,Monthly,40,649,49.2,3,4,3,468,92126,Web,No
CUST00614,50,Kolkata,Premium,Annual,34,999,42.5,8,0,4,681,105244,Retail,No
CUST00615,35,Pune,Premium,Annual,33,1099,59.3,7,0,1,721,138295,Retail,No
CUST00616,39,Jaipur,Standard,Quarterly,42,699,36.8,1,2,3,723,147601,Web,No
CUST00617,49,Noida,Premium,Monthly,56,999,47.6,8,4,2,834,78814,Retail,No
CUST00618,58,Noida,Premium,Monthly,13,999,57.8,5,4,5,531,30821,App,No
CUST00619,53,Bengaluru,Premium,Annual,52,949,44.0,8,0,1,466,71393,Web,No
CUST00620,55,Kolkata,Standard,Quarterly,49,599,54.5,3,5,0,523,46912,Web,No
CUST00621,35,Mumbai,Premium,Monthly,52,999,45.8,6,3,0,518,149337,Retail,No
CUST00622,30,Mumbai,Standard,Monthly,60,599,46.7,5,0,3,653,82197,Web,Yes
CUST00623,23,Gurugram,Basic,Monthly,51,299,6.3,1,3,6,622,33948,Web,No
CUST00624,52,Jaipur,Standard,Annual,51,549,13.8,7,0,6,799,125068,Retail,No
CUST00625,29,Bengaluru,Standard,Monthly,28,699,38.8,6,2,4,477,57076,App,No
CUST00626,60,Bengaluru,Premium,Annual,10,949,57.7,1,4,2,656,75407,Web,No
CUST00627,26,Gurugram,Basic,Annual,53,349,16.7,2,3,1,582,85638,Retail,Yes
CUST00628,44,Jaipur,Basic,Quarterly,17,249,17.8,5,0,2,656,143870,App,No
CUST00629,57,Noida,Premium,Monthly,53,999,69.5,2,0,1,613,28133,Retail,No
CUST00630,58,Delhi,Basic,Annual,36,349,8.1,0,5,3,844,47316,Web,Yes
CUST00631,60,Kolkata,Premium,Quarterly,10,999,74.6,4,1,0,564,86377,Retail,No
CUST00632,58,Mumbai,Premium,Annual,47,1049,53.2,3,0,3,815,140162,Web,No
CUST00633,56,Gurugram,Premium,Monthly,23,949,61.9,2,1,5,669,26975,Retail,Yes
CUST00634,29,Jaipur,Standard,Quarterly,51,549,27.1,1,2,1,508,73516,Web,No
CUST00635,46,Jaipur,Basic,Monthly,46,399,15.3,6,2,2,548,142751,App,Yes
CUST00636,45,Noida,Basic,Annual,44,399,13.3,5,1,1,828,93729,Web,Yes
CUST00637,23,Bengaluru,Standard,Quarterly,56,599,47.2,0,5,1,500,50501,Retail,No
CUST00638,57,Bengaluru,Basic,Monthly,58,399,30.1,2,4,0,460,71897,App,No
CUST00639,32,Jaipur,Premium,Monthly,33,999,41.7,8,2,3,801,45994,App,No
CUST00640,54,Gurugram,Premium,Annual,54,1049,30.7,0,1,2,687,116095,Web,No
CUST00641,40,Kolkata,Basic,Monthly,54,399,15.0,1,2,4,507,78607,App,No
CUST00642,20,Bengaluru,Standard,Quarterly,39,599,30.3,1,4,1,511,39600,Retail,No
CUST00643,26,Bengaluru,Basic,Quarterly,25,349,17.1,6,4,6,686,50219,Retail,No
CUST00644,52,Noida,Standard,Quarterly,15,599,32.7,4,4,3,612,64152,App,No
CUST00645,18,Gurugram,Basic,Quarterly,18,349,18.4,6,4,3,823,70291,Retail,Yes
CUST00646,59,Mumbai,Basic,Monthly,58,299,22.8,4,5,6,470,143924,Retail,No
CUST00647,55,Chennai,Premium,Quarterly,21,949,78.0,5,4,0,806,69267,Retail,No
CUST00648,54,Bengaluru,Basic,Annual,7,249,0,5,5,4,613,95432,Retail,No
CUST00649,42,Delhi,Standard,Annual,16,599,14.2,0,4,2,615,82715,Web,Yes
CUST00650,46,Mumbai,Standard,Monthly,8,599,33.2,8,2,1,792,113883,Retail,No
CUST00651,30,Jaipur,Standard,Annual,33,649,43.1,1,3,1,729,129739,Web,Yes
CUST00652,43,Kolkata,Basic,Monthly,54,249,0,3,1,6,565,143787,Web,No
CUST00653,34,Delhi,Standard,Quarterly,9,599,37.1,0,0,4,625,125557,App,No
CUST00654,45,Pune,Basic,Quarterly,29,299,20.0,3,3,3,838,105113,App,No
CUST00655,56,Jaipur,Standard,Quarterly,54,549,17.4,4,2,3,724,65058,Web,No
CUST00656,37,Bengaluru,Basic,Monthly,10,399,0,8,4,5,592,26711,App,No
CUST00657,52,Hyderabad,Premium,Annual,19,999,53.6,0,3,4,536,63971,Web,Yes
CUST00658,45,,Basic,Annual,40,299,29.3,7,5,5,506,33353,Retail,No
CUST00659,39,Noida,Premium,Monthly,20,999,39.7,0,4,3,522,99010,App,No
CUST00660,51,Gurugram,Standard,Quarterly,20,599,34.7,5,3,3,537,91532,App,Yes
CUST00661,55,Jaipur,Basic,Quarterly,26,399,10.6,7,0,1,460,45920,Web,No
CUST00662,60,Delhi,Standard,Monthly,31,549,47.8,4,3,2,682,37203,App,No
CUST00663,32,Jaipur,Standard,Quarterly,8,599,33.6,7,0,6,506,122746,Web,No
CUST00664,59,Delhi,Standard,Quarterly,33,599,49.9,7,5,0,609,65628,App,Yes
CUST00665,28,Jaipur,Basic,Annual,17,349,28.7,1,2,6,507,88647,Web,Yes
CUST00666,55,Hyderabad,Basic,Annual,24,399,29.8,6,2,2,820,139358,Retail,No
CUST00667,51,Mumbai,Basic,Quarterly,23,299,17.0,8,5,3,499,144107,Web,No
CUST00668,21,Jaipur,Standard,Annual,48,599,24.0,1,4,3,766,32273,Retail,No
CUST00669,55,Delhi,Premium,Annual,18,949,64.9,0,1,4,614,21039,App,No
CUST00670,38,Gurugram,Standard,Quarterly,33,599,45.6,2,1,1,722,82770,App,No
CUST00671,53,Delhi,Standard,Annual,49,599,35.9,2,5,5,496,39973,Retail,No
CUST00672,21,Hyderabad,Standard,Monthly,13,599,53.2,7,2,1,785,74536,Web,No
CUST00673,39,Chennai,Standard,Annual,57,599,29.1,6,1,0,606,43902,Web,No
CUST00674,45,Jaipur,Premium,Monthly,40,949,55.1,0,1,0,836,57436,Web,No
CUST00675,56,Mumbai,Basic,Quarterly,21,249,2.3,7,4,6,577,43101,App,No
CUST00676,29,Delhi,Basic,Annual,13,299,13.3,7,4,6,505,71000,Retail,No
CUST00677,38,Noida,Premium,Quarterly,11,999,68.4,3,4,5,608,50896,Retail,No
CUST00678,34,Jaipur,standard,Annual,44,599,40.8,2,4,5,679,120304,Retail,No
CUST00679,32,Delhi,Standard,Annual,37,549,9.3,2,5,6,816,81191,Web,Yes
CUST00680,41,Gurugram,Premium,Annual,7,1049,62.8,6,3,2,850,42293,Retail,No
CUST00681,55,Pune,Premium,Annual,17,999,53.3,8,1,6,621,125468,Web,No
CUST00682,46,Jaipur,Premium,Annual,56,1099,59.4,5,4,2,745,57531,Web,No
CUST00683,24,Noida,Standard,Monthly,21,649,29.7,8,2,2,756,137418,App,Yes
CUST00684,25,Hyderabad,Standard,Monthly,34,699,48.1,7,4,6,460,79832,Web,No
CUST00685,43,Hyderabad,Basic,Monthly,5,399,27.2,5,3,5,808,23146,Web,No
CUST00686,19,Kolkata,Basic,Monthly,21,399,13.4,5,0,0,492,108186,App,No
CUST00687,49,Jaipur,Standard,Annual,11,549,46.6,6,1,4,748,64910,App,No
CUST00688,22,Jaipur,Basic,Annual,25,349,16.8,1,0,1,736,127200,Web,No
CUST00689,27,Chennai,Standard,Quarterly,1,699,29.8,4,0,3,594,37539,App,Yes
CUST00690,54,Chennai,Basic,Quarterly,20,299,0.7,1,4,2,533,117293,Web,No
CUST00691,57,Pune,Basic,Monthly,6,299,8.8,3,2,2,495,108445,App,No
CUST00692,59,Bengaluru,Standard,Monthly,8,599,34.8,0,4,3,817,38247,Web,Yes
CUST00693,21,Bengaluru,Premium,Annual,7,1049,44.2,2,0,0,688,34173,App,No
CUST00694,24,Jaipur,Standard,Annual,60,599,33.9,8,2,2,522,70123,App,No
CUST00695,40,Hyderabad,Premium,Quarterly,51,999,50.5,0,3,3,788,106967,App,No
CUST00696,24,Noida,Standard,Quarterly,60,549,31.9,5,1,6,661,111530,Retail,No
CUST00697,54,Pune,Basic,Quarterly,34,299,11.9,5,3,3,621,90503,App,No
CUST00698,37,Pune,Standard,Quarterly,56,599,27.4,7,3,0,806,108476,Web,No
CUST00699,44,Mumbai,Basic,Annual,48,299,3.0,6,4,4,787,51397,Retail,No
CUST00700,23,Mumbai,Standard,Annual,40,599,27.8,2,1,5,578,56341,Retail,No
CUST00701,28,Delhi,Standard,Quarterly,14,649,33.2,5,1,6,694,120683,Retail,No
CUST00702,23,Pune,Premium,Quarterly,60,1099,56.9,3,0,1,652,18289,Retail,No
CUST00703,44,Mumbai,Basic,Monthly,39,299,25.9,2,4,3,620,131582,App,No
CUST00704,52,Pune,Basic,Annual,5,349,25.1,6,3,4,614,143021,Retail,No
CUST00705,43,Delhi,Basic,Quarterly,56,399,33.0,0,0,6,592,87896,Retail,No
CUST00706,22,Gurugram,Standard,Monthly,50,699,48.2,8,4,6,553,30759,Retail,Yes
CUST00707,33,Chennai,Basic,Annual,13,349,19.6,7,1,6,625,54166,Web,No
CUST00708,49,Hyderabad,Standard,Monthly,51,699,32.1,1,5,4,504,82066,Retail,Yes
CUST00709,31,Mumbai,Basic,Annual,59,249,14.5,7,0,4,782,76258,Web,Yes
CUST00710,35,Delhi,Standard,Annual,9,549,41.6,0,5,4,633,23441,Retail,No
CUST00711,56,Pune,Basic,Annual,46,399,2.9,4,3,1,530,60666,App,No
CUST00712,48,Pune,Premium,Monthly,21,999,47.9,5,3,2,668,73544,Retail,No
CUST00713,21,Jaipur,Standard,Monthly,17,649,25.0,8,2,2,545,19830,Retail,No
CUST00714,47,Kolkata,Standard,Annual,31,599,44.8,3,5,4,663,61089,Web,No
CUST00715,48,Bengaluru,Premium,Annual,14,999,19.2,2,0,6,608,49782,Retail,No
CUST00716,30,Chennai,Basic,Quarterly,7,299,28.7,0,2,6,757,104448,Web,Yes
CUST00717,34,Pune,Standard,Annual,5,599,33.5,7,2,6,604,76936,Retail,No
CUST00718,56,Bengaluru,Premium,Quarterly,22,999,36.9,0,3,2,804,18712,Web,No
CUST00719,34,Hyderabad,Premium,Quarterly,31,999,35.5,3,5,6,713,20634,Retail,No
CUST00720,26,Kolkata,Premium,Annual,10,999,59.2,7,1,3,469,96112,Web,No
CUST00721,60,Jaipur,Standard,Annual,46,699,26.5,8,0,1,708,99732,App,No
CUST00722,42,Gurugram,Standard,Monthly,53,699,45.7,3,5,3,687,77112,App,Yes
CUST00723,33,Gurugram,Premium,Quarterly,43,1099,46.1,2,5,4,637,67350,Web,No
CUST00724,18,Hyderabad,Premium,Monthly,57,999,59.2,6,5,0,630,54041,App,No
CUST00725,50,Gurugram,Basic,Quarterly,47,299,0,6,4,5,503,149714,App,Yes
CUST00726,44,Delhi,Basic,Quarterly,9,299,40.1,4,0,5,647,67089,Retail,No
CUST00727,24,Gurugram,Premium,Quarterly,6,999,34.4,1,2,3,844,94897,Web,No
CUST00728,50,Noida,Standard,Quarterly,54,599,25.5,5,2,5,452,100967,Web,Yes
CUST00729,20,Pune,Basic,Quarterly,26,349,26.8,3,1,4,477,44540,Retail,No
CUST00730,60,Delhi,Basic,Annual,48,249,17.0,6,3,3,484,65834,App,No
CUST00731,60,Jaipur,Premium,Monthly,33,999,59.7,2,0,3,475,68759,App,No
CUST00732,31,Chennai,Standard,Monthly,36,599,11.4,5,1,6,559,82337,App,No
CUST00733,25,Noida,Premium,Annual,19,1049,43.8,5,0,5,685,39497,Retail,No
CUST00734,58,Pune,Standard,Monthly,12,599,36.7,2,1,0,689,55279,Retail,Yes
CUST00735,55,Jaipur,Premium,Quarterly,24,949,58.7,3,0,4,768,100941,Retail,Yes
CUST00736,38,Hyderabad,Standard,Annual,38,599,26.4,3,1,4,818,49114,App,Yes
CUST00737,48,Gurugram,Standard,Annual,52,649,35.3,4,1,2,518,50028,Retail,No
CUST00738,48,Jaipur,Basic,Monthly,13,299,19.2,0,3,2,526,109453,Web,No
CUST00739,58,Pune,Basic,Annual,17,299,19.4,8,5,3,745,97175,App,No
CUST00740,47,Mumbai,Basic,Monthly,34,299,39.7,4,2,4,748,104767,App,No
CUST00741,46,Pune,Basic,Monthly,45,299,33.2,0,0,5,687,70020,Retail,No
CUST00742,39,Chennai,Premium,Monthly,6,999,46.1,0,4,0,735,137773,App,No
CUST00743,55,Hyderabad,Basic,Annual,46,399,15.4,1,5,4,693,149301,Retail,No
CUST00744,60,Kolkata,Standard,Monthly,49,699,18.0,4,5,4,495,110478,Web,No
CUST00745,24,Kolkata,Standard,Annual,48,599,46.5,8,4,6,658,128115,App,Yes
CUST00746,29,Bengaluru,Basic,Monthly,35,299,14.1,0,4,4,676,43221,Web,No
CUST00747,29,Pune,Basic,Annual,29,399,2.2,2,1,6,550,58019,Retail,No
CUST00748,49,Mumbai,Basic,Quarterly,53,349,16.2,8,2,0,822,75988,Web,No
CUST00749,29,Chennai,Premium,Monthly,29,999,34.9,2,2,5,771,129605,App,Yes
CUST00750,52,Noida,Premium,Quarterly,9,999,41.3,0,1,1,713,97876,Retail,No
CUST00751,54,Delhi,Premium,Annual,29,999,58.0,4,0,6,505,104137,App,Yes
CUST00752,32,Bengaluru,Standard,Annual,16,599,26.9,8,1,6,774,80587,App,No
CUST00753,56,Hyderabad,Basic,Quarterly,48,399,14.2,7,3,3,535,125011,Web,No
CUST00754,41,Mumbai,Premium,Annual,4,1099,49.6,7,1,3,660,102757,App,No
CUST00755,38,Jaipur,Standard,Quarterly,19,549,20.2,8,2,5,784,138357,Web,Yes
CUST00756,24,Delhi,Basic,Quarterly,39,299,4.5,7,3,3,484,35678,Retail,No
CUST00757,31,Noida,Basic,Monthly,42,299,19.1,2,5,0,842,126543,Retail,No
CUST00758,39,Chennai,Basic,Monthly,56,399,19.5,5,5,3,513,134203,Retail,No
CUST00759,41,Kolkata,Premium,Monthly,36,1099,60.0,5,1,3,740,20375,Web,Yes
CUST00760,31,Kolkata,Basic,Quarterly,4,349,20.1,5,1,4,796,140673,Retail,No
CUST00761,25,Mumbai,Basic,Monthly,6,249,0,5,1,0,548,89131,Web,No
CUST00762,35,Noida,Standard,Annual,50,549,47.1,7,1,6,614,85591,App,No
CUST00763,54,Jaipur,Basic,Monthly,36,299,27.8,8,5,5,766,73715,App,No
CUST00764,54,Delhi,Basic,Quarterly,49,299,36.3,4,0,1,669,48283,Web,No
CUST00765,23,Hyderabad,Standard,Monthly,36,699,48.9,8,3,0,566,104254,App,No
CUST00766,39,Hyderabad,Standard,Quarterly,10,599,34.0,3,1,4,738,115275,Retail,No
CUST00767,60,Mumbai,Standard,Quarterly,27,599,32.3,6,0,3,559,105270,App,Yes
CUST00768,50,Mumbai,Premium,Quarterly,55,949,62.7,7,3,2,654,49562,Web,Yes
CUST00769,37,Noida,Premium,Quarterly,36,999,57.5,4,0,2,672,106819,App,Yes
CUST00770,45,Gurugram,Basic,Annual,1,349,25.4,2,3,0,560,111777,Web,Yes
CUST00771,24,Mumbai,Standard,Quarterly,53,599,23.6,0,5,2,472,127566,App,No
CUST00772,24,Bengaluru,Standard,Quarterly,16,699,20.3,5,4,3,626,67556,Retail,No
CUST00773,42,Bengaluru,Premium,Quarterly,34,949,32.3,5,2,3,647,88943,App,No
CUST00774,31,Chennai,Standard,Annual,9,599,39.6,5,5,2,584,30722,Retail,Yes
CUST00775,22,Bengaluru,Basic,Annual,10,249,31.6,7,3,3,836,98217,Web,No
CUST00776,44,Mumbai,Premium,Annual,7,949,55.6,5,4,6,812,19639,Retail,No
CUST00777,58,Noida,Basic,Annual,48,299,14.6,0,5,5,773,21032,App,Yes
CUST00778,43,Jaipur,Basic,Quarterly,24,299,6.3,6,5,6,452,56201,Web,No
CUST00779,31,Hyderabad,Premium,Annual,39,1049,47.7,6,0,4,673,135309,Retail,No
CUST00780,26,Hyderabad,Basic,Annual,18,299,14.0,8,1,5,795,148940,Retail,Yes
CUST00781,19,,Basic,Monthly,10,249,14.5,4,4,2,514,133925,Retail,No
CUST00782,52,Noida,standard,Annual,6,699,31.1,4,4,6,733,130129,Retail,Yes
CUST00783,42,Kolkata,Basic,Annual,26,349,29.5,0,4,6,473,68161,Web,No
CUST00784,20,Jaipur,Basic,Monthly,39,399,23.4,4,1,3,650,94900,Web,No
CUST00785,23,Kolkata,Standard,Annual,37,549,39.8,2,5,0,498,148102,Web,Yes
CUST00786,52,Mumbai,Basic,Monthly,58,299,16.7,6,5,6,601,142454,Web,Yes
CUST00787,24,Delhi,Basic,Quarterly,40,299,13.3,8,2,3,790,68821,Web,No
CUST00788,50,Jaipur,Standard,Quarterly,47,599,42.6,5,1,6,621,129012,Retail,No
CUST00789,50,,Standard,Monthly,4,599,21.3,2,3,3,563,84153,App,No
CUST00790,45,Gurugram,Basic,Monthly,50,299,9.1,1,3,0,563,92068,App,Yes
CUST00791,38,Jaipur,Premium,Monthly,43,1049,47.3,3,4,3,613,110105,Web,No
CUST00792,40,Chennai,Premium,Annual,59,999,64.7,7,0,4,730,53591,App,No
CUST00793,19,Kolkata,Basic,Quarterly,59,299,26.5,1,3,5,807,68942,Retail,No
CUST00794,36,Noida,Premium,Monthly,42,999,62.5,2,4,5,536,79335,Web,Yes
CUST00795,35,Gurugram,Basic,Quarterly,39,299,0,6,3,6,800,49760,App,Yes
CUST00796,30,Delhi,Standard,Monthly,36,699,43.2,5,1,2,734,60291,Web,Yes
CUST00797,21,,Standard,Monthly,23,649,33.8,5,5,4,826,83711,Web,Yes
CUST00798,57,Kolkata,Standard,Quarterly,32,699,41.9,2,0,5,451,19437,Retail,No
CUST00799,27,Mumbai,Standard,Quarterly,8,599,47.8,8,1,4,609,87362,Retail,No
CUST00800,27,Pune,Standard,Quarterly,24,599,50.0,4,1,5,729,110147,Web,No
CUST00801,52,Mumbai,Standard,Quarterly,52,699,53.5,8,0,0,530,104285,Web,No
CUST00802,51,Noida,Premium,Quarterly,1,949,52.2,6,1,0,787,87440,Web,No
CUST00803,56,Noida,Standard,Annual,19,599,43.4,8,0,1,610,147054,App,No
CUST00804,41,Gurugram,Standard,Annual,10,549,30.0,5,2,3,607,61301,Retail,No
CUST00805,38,Pune,Premium,Quarterly,58,999,73.7,4,3,6,786,52302,Retail,No
CUST00806,54,Delhi,standard,Monthly,8,699,28.5,2,4,0,524,104356,App,No
CUST00807,19,Jaipur,Standard,Monthly,57,549,23.0,1,2,1,551,149785,Web,No
CUST00808,54,Hyderabad,Premium,Quarterly,16,1099,39.9,3,1,5,681,46838,Web,No
CUST00809,57,Chennai,Premium,Quarterly,22,999,48.7,1,5,2,746,23641,App,No
CUST00810,48,Mumbai,Basic,Monthly,11,299,17.2,8,4,0,805,144468,Retail,Yes
CUST00811,56,Jaipur,Premium,Annual,36,999,79.9,1,0,3,789,82821,App,No
CUST00812,36,Jaipur,Standard,Quarterly,53,599,38.5,0,5,2,629,29308,App,No
CUST00813,56,Kolkata,Premium,Annual,43,999,54.3,7,1,4,651,64082,App,No
CUST00814,26,Hyderabad,Premium,Monthly,23,999,51.2,3,2,5,601,30013,App,Yes
CUST00815,29,Chennai,Standard,Monthly,50,699,32.1,5,4,2,533,74904,App,No
CUST00816,22,Chennai,Standard,Annual,31,599,40.0,0,1,6,776,101780,Web,No
CUST00817,50,Delhi,Basic,Monthly,38,299,43.5,4,2,0,731,65580,App,No
CUST00818,56,Hyderabad,Premium,Quarterly,57,949,77.4,2,0,1,610,123633,Retail,No
CUST00819,37,Kolkata,Basic,Monthly,42,349,26.6,6,3,0,613,63051,Retail,No
CUST00820,43,Delhi,Premium,Annual,14,1099,50.5,2,2,3,684,61409,App,Yes
CUST00821,20,Bengaluru,Standard,Annual,2,599,41.3,0,3,0,736,80660,Retail,Yes
CUST00822,51,Pune,Standard,Quarterly,30,599,34.1,7,1,2,771,90110,App,No
CUST00823,54,Gurugram,Basic,Annual,53,349,33.2,4,5,2,825,109811,App,No
CUST00824,44,Gurugram,Basic,Monthly,40,249,16.0,1,3,5,584,76846,Web,No
CUST00825,53,Mumbai,Basic,Monthly,17,399,24.9,4,0,3,843,148194,Web,No
CUST00826,19,Hyderabad,Basic,Annual,50,249,1.8,5,5,1,530,56387,Retail,No
CUST00827,51,Chennai,Standard,Annual,10,599,55.1,1,2,0,843,79478,App,No
CUST00828,19,Bengaluru,Standard,Monthly,33,699,22.0,3,2,6,783,32200,Web,No
CUST00829,28,Bengaluru,Premium,Quarterly,16,1099,55.5,7,3,2,785,56960,App,No
CUST00830,47,,Standard,Annual,28,599,37.1,5,2,5,766,54779,App,No
CUST00831,44,Chennai,Basic,Annual,31,399,16.9,4,2,2,740,41251,Web,No
CUST00832,26,Bengaluru,Standard,Quarterly,34,599,33.9,8,0,1,715,42470,Retail,No
CUST00833,45,Kolkata,Premium,Quarterly,7,999,56.8,1,2,0,620,98326,Retail,No
CUST00834,32,Kolkata,Basic,Quarterly,47,349,11.1,0,2,2,784,58794,Web,No
CUST00835,52,Pune,Standard,Monthly,41,599,11.4,8,3,1,757,137694,App,No
CUST00836,28,Gurugram,Premium,Monthly,2,999,62.6,5,3,0,641,125320,Web,No
CUST00837,59,Mumbai,Premium,Annual,25,999,71.6,8,3,1,569,37372,Retail,No
CUST00838,53,Chennai,Basic,Annual,56,349,20.3,7,1,1,469,111438,App,Yes
CUST00839,18,,Standard,Annual,42,599,28.9,6,5,3,759,58846,App,No
CUST00840,30,Gurugram,Premium,Quarterly,57,999,66.8,3,0,0,731,40954,Web,No
CUST00841,18,Delhi,Standard,Quarterly,13,549,33.4,1,3,2,803,31825,Web,Yes
CUST00842,52,Bengaluru,Premium,Quarterly,55,1049,61.2,7,3,4,514,70409,Retail,No
CUST00843,19,Hyderabad,Basic,Monthly,18,399,17.0,2,0,4,600,135517,App,Yes
CUST00844,28,Bengaluru,Standard,Quarterly,1,599,15.7,1,5,3,806,102258,App,Yes
CUST00845,45,Bengaluru,Standard,Quarterly,12,549,49.9,7,1,6,586,127525,Web,No
CUST00846,42,Pune,Basic,Monthly,17,249,26.1,0,4,2,686,99176,App,No
CUST00847,54,Kolkata,Basic,Monthly,42,249,30.9,4,5,3,795,77635,Retail,No
CUST00848,43,Pune,Basic,Annual,9,299,34.2,6,2,5,648,32886,Web,No
CUST00849,36,Hyderabad,Premium,Annual,1,949,51.8,0,3,6,812,119949,Web,No
CUST00850,37,Gurugram,Standard,Monthly,33,549,41.8,2,4,1,728,30412,Retail,Yes
CUST00851,18,Bengaluru,Standard,Monthly,33,549,34.6,6,4,4,754,145203,Web,Yes
CUST00852,32,Chennai,Standard,Annual,19,649,37.0,7,3,3,714,92838,Retail,Yes
CUST00853,47,Kolkata,Basic,Monthly,42,299,0,0,5,2,821,26992,Retail,Yes
CUST00854,56,Mumbai,Basic,Quarterly,40,349,12.2,2,1,6,716,55307,Retail,Yes
CUST00855,59,Gurugram,Premium,Quarterly,50,949,30.8,4,2,5,762,109703,Web,No
CUST00856,43,Mumbai,Standard,Quarterly,12,549,26.8,8,2,5,780,68822,Retail,No
CUST00857,20,Hyderabad,Standard,Annual,11,599,22.3,2,3,0,634,135917,Retail,No
CUST00858,57,Noida,Premium,Monthly,52,999,65.1,7,4,1,831,145927,Web,No
CUST00859,59,Gurugram,Standard,Annual,9,599,21.5,8,3,0,593,49492,Web,Yes
CUST00860,55,Kolkata,basic,Monthly,21,299,3.5,3,3,2,480,129843,Retail,No
CUST00861,38,Mumbai,Standard,Quarterly,29,699,31.6,4,3,6,836,140287,Web,No
CUST00862,41,Jaipur,Basic,Monthly,12,249,13.8,4,3,3,545,129830,App,Yes
CUST00863,34,Pune,Standard,Quarterly,16,599,29.0,1,1,2,733,45292,Web,No
CUST00864,53,Noida,Basic,Monthly,24,299,35.2,1,5,3,619,42713,Web,Yes
CUST00865,55,Delhi,Premium,Annual,49,999,42.3,7,3,5,573,147086,Retail,No
CUST00866,52,Bengaluru,Premium,Quarterly,16,1099,54.4,3,3,3,698,128969,Web,No
CUST00867,49,Delhi,Standard,Monthly,34,599,24.4,8,1,5,553,83765,App,No
CUST00868,39,Pune,Premium,Monthly,11,999,36.4,2,5,5,664,48574,Retail,Yes
CUST00869,59,Jaipur,Basic,Quarterly,8,399,1.7,6,5,0,769,59771,Retail,No
CUST00870,51,Delhi,Standard,Monthly,19,699,29.7,6,1,2,515,122049,Retail,No
CUST00871,31,Chennai,Standard,Monthly,21,699,44.0,5,0,3,451,100788,Retail,No
CUST00872,28,Mumbai,Standard,Quarterly,47,699,34.1,2,2,6,619,104610,Web,Yes
CUST00873,24,Pune,Premium,Quarterly,36,1049,57.1,2,3,5,760,81030,Web,No
CUST00874,49,Gurugram,Standard,Quarterly,53,699,6.2,4,2,4,557,106745,Retail,Yes
CUST00875,30,Chennai,Premium,Monthly,27,999,53.1,8,2,4,656,39046,Web,No
CUST00876,18,Jaipur,Premium,Quarterly,2,949,54.9,0,1,5,831,122403,App,No
CUST00877,55,Hyderabad,Premium,Annual,20,949,56.2,5,5,2,751,118317,App,No
CUST00878,19,Hyderabad,Basic,Quarterly,29,349,9.2,3,2,6,666,76599,Web,No
CUST00879,55,Noida,Basic,Annual,52,299,19.7,0,0,3,720,129397,Retail,No
CUST00880,47,Pune,Standard,Monthly,58,599,27.9,0,4,6,627,135502,Retail,No
CUST00881,27,Kolkata,Basic,Monthly,58,299,29.3,3,3,6,502,68205,App,Yes
CUST00882,57,Bengaluru,Premium,Annual,18,949,64.1,4,4,1,725,147636,Web,No
CUST00883,20,Gurugram,Premium,Monthly,4,999,57.2,3,5,5,619,48621,Web,Yes
CUST00884,26,Pune,Standard,Quarterly,17,549,26.5,3,2,5,606,49666,Retail,No
CUST00885,39,Delhi,Premium,Monthly,55,949,27.9,1,4,5,711,147648,App,No
CUST00886,46,,Premium,Quarterly,7,999,85.1,1,2,6,721,52755,App,No
CUST00887,60,Noida,Premium,Quarterly,35,949,62.6,3,0,3,675,118588,App,No
CUST00888,59,Kolkata,Standard,Annual,3,699,49.7,7,5,5,687,130190,Web,No
CUST00889,25,Jaipur,Basic,Quarterly,58,299,15.6,6,5,0,495,120440,App,No
CUST00890,49,Mumbai,Basic,Monthly,51,249,33.1,6,2,3,610,117325,App,No
CUST00891,47,Mumbai,Standard,Quarterly,54,699,42.9,4,3,4,472,32230,Retail,No
CUST00892,55,Pune,Standard,Annual,45,599,47.0,1,4,0,656,127188,Web,Yes
CUST00893,38,Gurugram,Premium,Quarterly,1,949,71.7,7,0,3,675,76353,App,No
CUST00894,37,Kolkata,Basic,Quarterly,59,299,30.7,2,1,3,516,117941,Retail,Yes
CUST00895,50,Kolkata,Standard,Quarterly,21,699,23.5,1,1,5,748,85701,Web,No
CUST00896,52,Chennai,Basic,Monthly,12,399,11.2,8,2,5,630,80705,Retail,No
CUST00897,30,Pune,Premium,Annual,30,999,70.3,4,2,3,786,18868,Web,No
CUST00898,26,Delhi,Premium,Annual,43,999,41.3,3,1,6,550,61548,Retail,No
CUST00899,56,Mumbai,Basic,Monthly,53,249,30.4,6,4,4,849,25126,Web,Yes
CUST00900,45,Jaipur,Basic,Annual,34,249,15.2,8,4,0,621,140205,Web,Yes
CUST00901,51,Bengaluru,Basic,Monthly,31,299,7.5,7,1,2,703,123339,Retail,Yes
CUST00902,28,Chennai,Premium,Monthly,50,1099,62.0,6,4,0,652,85291,Retail,No
CUST00903,50,Mumbai,Standard,Monthly,33,699,31.9,6,0,2,658,60820,Web,No
CUST00904,41,Delhi,Basic,Quarterly,26,299,22.1,6,3,2,714,33472,App,No
CUST00905,27,Gurugram,Premium,Quarterly,55,1049,87.0,7,4,1,606,120750,Retail,Yes
CUST00906,39,Noida,Standard,Quarterly,60,599,21.9,6,1,4,518,78306,Web,No
CUST00907,35,Mumbai,Basic,Quarterly,21,249,35.2,6,4,4,741,131456,Web,Yes
CUST00908,43,Hyderabad,Premium,Annual,39,949,48.1,0,2,4,798,148283,Web,No
CUST00909,21,Hyderabad,Standard,Quarterly,22,599,39.4,0,0,1,837,53157,Web,No
CUST00910,37,Chennai,Standard,Quarterly,19,599,28.4,0,4,2,722,137811,Web,No
CUST00911,52,Chennai,Basic,Monthly,41,299,6.8,8,1,2,581,143773,App,No
CUST00912,22,Noida,Standard,Annual,40,599,53.0,7,1,1,511,92131,Retail,No
CUST00913,59,Kolkata,Standard,Quarterly,48,599,49.5,7,2,6,511,94651,Retail,No
CUST00914,52,Noida,Standard,Annual,7,599,32.9,4,1,0,596,83456,Web,No
CUST00915,48,Jaipur,Premium,Annual,51,999,61.2,0,5,5,497,96903,Web,Yes
CUST00916,57,Pune,Basic,Quarterly,30,399,31.7,5,2,5,702,62779,App,Yes
CUST00917,27,Noida,Standard,Quarterly,14,599,35.8,5,3,3,687,116516,Web,No
CUST00918,56,Noida,Premium,Monthly,22,999,64.0,5,0,5,703,133310,App,No
CUST00919,19,Noida,Premium,Monthly,9,949,54.7,0,2,6,714,51413,App,No
CUST00920,58,Kolkata,Standard,Quarterly,48,699,39.4,3,2,3,602,106804,Web,No
CUST00921,20,Kolkata,Premium,Quarterly,21,1049,64.3,1,2,6,465,91034,Web,No
CUST00922,56,Hyderabad,Basic,Monthly,9,299,12.5,1,0,5,575,144026,Web,No
CUST00923,37,Hyderabad,Basic,Quarterly,5,299,19.2,0,5,2,762,111655,Web,No
CUST00924,48,Gurugram,Basic,Monthly,58,299,10.5,7,0,0,708,105024,Retail,No
CUST00925,42,Pune,Basic,Quarterly,27,299,48.5,1,2,5,813,115682,App,No
CUST00926,36,Kolkata,Basic,Annual,38,399,11.0,8,3,2,482,61649,Retail,No
CUST00927,53,Delhi,Basic,Annual,30,299,12.2,2,0,3,451,95021,Web,No
CUST00928,39,Chennai,Premium,Annual,48,949,56.7,6,3,2,763,84463,App,Yes
CUST00929,33,Bengaluru,Basic,Monthly,46,299,29.1,3,1,6,474,56743,Web,No
CUST00930,53,Jaipur,Standard,Monthly,49,699,15.5,2,3,5,582,114148,Retail,Yes
CUST00931,25,Jaipur,Premium,Quarterly,16,1049,49.5,5,5,3,701,92355,Web,No
CUST00932,23,Kolkata,Premium,Quarterly,15,1099,63.4,1,1,3,465,95406,Retail,No
CUST00933,56,,Premium,Monthly,59,999,54.7,4,1,3,573,28065,App,No
CUST00934,27,Gurugram,Standard,Quarterly,29,599,56.2,3,2,3,694,83008,App,No
CUST00935,58,Chennai,Basic,Annual,35,299,35.9,0,1,1,698,86357,App,No
CUST00936,19,Noida,Basic,Annual,35,249,23.7,4,2,2,824,22488,Retail,No
CUST00937,36,Gurugram,Premium,Annual,11,949,46.9,3,1,1,717,139352,Retail,No
CUST00938,28,Jaipur,Standard,Monthly,13,699,48.0,1,4,2,699,34963,Web,Yes
CUST00939,33,Gurugram,Standard,Annual,36,699,41.1,8,5,3,541,131946,Retail,No
CUST00940,44,Chennai,Standard,Quarterly,60,599,46.2,0,2,2,713,46979,Retail,No
CUST00941,37,Mumbai,Premium,Annual,41,949,51.3,5,3,0,609,30087,Retail,No
CUST00942,32,Chennai,Premium,Annual,38,999,39.1,5,3,0,704,118238,Web,Yes
CUST00943,56,Delhi,Standard,Quarterly,18,599,40.5,4,2,2,678,122865,App,No
CUST00944,21,Bengaluru,Standard,Quarterly,37,599,61.9,2,2,2,548,66089,App,No
CUST00945,52,Bengaluru,Basic,Annual,23,399,10.2,6,4,2,599,83033,Web,No
CUST00946,60,Mumbai,Standard,Quarterly,17,599,34.1,7,5,6,662,61542,App,Yes
CUST00947,30,Pune,Premium,Annual,20,949,57.1,3,3,4,500,59735,Web,No
CUST00948,60,Gurugram,standard,Quarterly,43,599,32.4,2,1,2,835,96045,App,No
CUST00949,58,Delhi,Standard,Quarterly,50,599,31.6,4,4,5,540,124508,Retail,Yes
CUST00950,54,Pune,Premium,Annual,18,1049,42.8,2,3,5,586,39316,Retail,No
CUST00951,49,Noida,Premium,Quarterly,39,1049,41.1,4,4,6,585,104231,App,No
CUST00952,53,Hyderabad,Standard,Monthly,51,699,50.2,2,5,2,808,54608,App,Yes
CUST00953,27,Bengaluru,Standard,Monthly,11,699,36.4,1,0,5,571,56910,App,No
CUST00954,54,Chennai,Premium,Quarterly,3,1099,52.7,5,5,6,720,46511,Web,Yes
CUST00955,32,Jaipur,Premium,Annual,30,999,53.7,2,2,3,721,61062,Retail,Yes
CUST00956,37,Noida,Basic,Quarterly,52,299,1.7,5,0,4,662,120970,Retail,No
CUST00957,37,Pune,Premium,Monthly,53,1099,60.9,5,4,2,778,72124,Web,No
CUST00958,47,Pune,Premium,Quarterly,59,1049,39.9,7,3,5,569,145248,Retail,No
CUST00959,43,Chennai,Basic,Quarterly,50,249,14.4,1,3,4,833,137244,App,No
CUST00960,55,Gurugram,Premium,Quarterly,23,999,65.6,7,1,5,476,120838,Web,No
CUST00961,44,Bengaluru,Basic,Monthly,50,249,27.2,2,2,0,565,139660,Retail,No
CUST00962,45,Bengaluru,Basic,Annual,40,299,0,3,4,2,479,63695,Web,No
CUST00963,28,Hyderabad,Premium,Quarterly,50,1049,65.7,6,3,4,518,67756,Web,Yes
CUST00964,26,Mumbai,Basic,Monthly,12,349,34.0,1,5,0,683,78543,Retail,No
CUST00965,46,Noida,Basic,Annual,3,299,22.1,6,0,5,657,64746,App,No
CUST00966,43,Chennai,Basic,Annual,42,299,28.6,7,5,6,831,112744,App,Yes
CUST00967,33,Gurugram,Premium,Quarterly,27,999,83.6,0,1,3,631,90523,Web,No
CUST00968,58,Mumbai,Premium,Annual,32,949,47.5,3,1,3,712,117300,App,No
CUST00969,39,Chennai,Standard,Quarterly,60,599,12.2,3,4,1,554,125222,Web,No
CUST00970,51,Gurugram,Premium,Monthly,46,999,52.0,2,3,2,666,80008,Retail,Yes
CUST00971,56,Kolkata,Premium,Annual,18,999,68.4,7,1,6,580,118403,App,No
CUST00972,54,Delhi,Basic,Annual,9,249,14.0,7,4,4,603,31534,Retail,Yes
CUST00973,41,Delhi,Basic,Annual,45,299,30.1,6,2,2,685,29120,Web,No
CUST00974,21,,Standard,Annual,9,549,41.8,0,2,6,650,147732,Retail,No
CUST00975,46,Jaipur,Basic,Monthly,41,249,36.8,5,5,6,459,65432,App,Yes
CUST00976,24,Chennai,Standard,Monthly,17,599,36.6,7,0,3,510,34880,App,No
CUST00977,32,Chennai,Premium,Monthly,30,1099,66.8,8,4,2,582,25561,Retail,No
CUST00978,25,Bengaluru,Premium,Annual,47,1049,46.9,0,4,2,838,146120,Web,No
CUST00979,36,Mumbai,Standard,Monthly,58,599,57.0,4,3,5,518,35739,Retail,No
CUST00980,48,Jaipur,Basic,Monthly,1,399,30.2,5,3,5,534,38695,App,Yes
CUST00981,28,Jaipur,Premium,Quarterly,16,999,48.4,1,1,6,497,78730,App,No
CUST00982,51,Pune,Standard,Quarterly,33,649,47.1,6,4,4,656,34920,Web,No
CUST00983,43,Chennai,Basic,Annual,47,399,0,3,4,3,800,56854,Web,No
CUST00984,21,Noida,Premium,Quarterly,18,999,45.7,0,5,6,467,135948,Retail,No
CUST00985,50,Delhi,Standard,Quarterly,8,699,17.8,5,5,2,649,142583,Retail,Yes
CUST00986,32,Kolkata,Standard,Quarterly,4,549,29.0,0,4,2,557,72855,Retail,No
CUST00987,51,Pune,Premium,Quarterly,9,1049,58.2,6,4,1,722,127134,App,No
CUST00988,50,Noida,Premium,Quarterly,44,999,46.6,2,2,6,624,124996,App,Yes
CUST00989,19,Gurugram,Standard,Monthly,45,649,25.8,1,3,1,475,61081,Web,Yes
CUST00990,48,Pune,Premium,Quarterly,45,999,35.5,6,3,3,707,126693,App,No
CUST00991,24,Delhi,Standard,Annual,3,599,22.2,8,3,1,455,46564,App,Yes
CUST00992,38,Jaipur,Premium,Monthly,22,999,72.1,0,0,1,780,34997,App,No
CUST00993,25,Chennai,Standard,Quarterly,43,699,52.1,4,5,6,556,130041,App,Yes
CUST00994,54,Hyderabad,Basic,Annual,5,399,17.8,6,3,2,680,133931,App,Yes
CUST00995,44,Noida,Premium,Monthly,13,999,74.3,2,0,0,553,88959,App,No
CUST00996,46,Kolkata,Premium,Annual,8,1049,38.6,1,5,2,462,29162,App,No
CUST00997,34,Bengaluru,Basic,Monthly,32,299,0,0,1,1,598,102374,App,No
CUST00998,28,Hyderabad,Premium,Quarterly,28,999,59.2,8,4,5,773,22472,App,No
CUST00999,55,Jaipur,Basic,Quarterly,54,299,23.0,0,5,3,690,113833,App,No
CUST01000,35,,Basic,Quarterly,6,299,42.1,8,0,2,604,57527,App,No
CUST01001,55,Jaipur,Premium,Quarterly,32,1049,46.6,8,3,3,526,128046,Web,No
CUST01002,33,Mumbai,Premium,Quarterly,45,999,64.2,8,1,4,804,100283,Retail,Yes
CUST01003,58,Delhi,Standard,Quarterly,24,599,57.9,0,5,4,675,137760,Web,Yes
CUST01004,53,Pune,Standard,Quarterly,54,599,38.9,5,5,1,730,133209,Retail,No
CUST01005,37,Mumbai,Standard,Monthly,37,599,53.2,5,3,5,456,21483,Web,Yes
CUST01006,54,Delhi,Premium,Monthly,60,999,68.1,7,0,5,801,64081,Web,No
CUST01007,55,Noida,Basic,Annual,4,249,14.4,4,2,3,842,115567,Retail,No
CUST01008,34,Kolkata,Premium,Quarterly,51,1049,71.1,2,3,4,757,73720,Retail,No
CUST01009,33,,Basic,Monthly,15,299,33.8,2,4,0,552,33874,Web,No
CUST01010,27,Hyderabad,Standard,Quarterly,53,599,32.6,0,4,0,594,88202,Web,Yes
CUST01011,56,Bengaluru,Standard,Annual,56,599,57.4,3,2,2,789,131728,Retail,No
CUST01012,19,Mumbai,Basic,Quarterly,5,349,20.9,1,5,5,791,32888,App,Yes
CUST01013,39,Pune,Premium,Monthly,36,999,39.9,3,1,0,724,74527,App,No
CUST01014,57,Bengaluru,Standard,Monthly,48,549,24.3,5,5,1,485,83853,Web,Yes
CUST01015,35,Jaipur,Standard,Quarterly,25,649,44.8,6,5,2,497,72014,Retail,No
CUST01016,53,Chennai,Basic,Quarterly,56,349,2.4,2,0,3,698,58799,App,No
CUST01017,60,Bengaluru,Basic,Quarterly,12,399,20.3,8,5,6,755,74455,Web,No
CUST01018,42,Chennai,Standard,Annual,36,699,29.9,0,1,0,672,109326,Web,Yes
CUST01019,32,Gurugram,Standard,Monthly,47,549,6.8,0,1,4,725,79106,App,No
CUST01020,47,Delhi,Basic,Quarterly,20,399,4.8,7,2,6,736,18113,Retail,No
CUST01021,55,Noida,Standard,Quarterly,1,549,35.9,0,5,3,542,51818,App,Yes
CUST01022,27,Gurugram,Standard,Annual,5,549,26.2,5,0,1,616,108930,Web,No
CUST01023,40,Bengaluru,Standard,Annual,35,549,51.3,5,4,3,754,145163,App,Yes
CUST01024,46,Jaipur,Premium,Monthly,33,999,52.0,5,4,2,625,122163,Retail,Yes
CUST01025,22,Bengaluru,Standard,Quarterly,43,599,58.7,2,4,6,501,45416,Retail,No
CUST01026,60,Bengaluru,Basic,Monthly,51,299,26.9,1,0,2,753,61336,App,No
CUST01027,51,Chennai,Standard,Annual,47,549,45.5,6,5,6,451,22405,App,Yes
CUST01028,56,Hyderabad,Standard,Quarterly,5,549,21.4,1,4,6,669,63866,App,Yes
CUST01029,29,Chennai,Premium,Monthly,60,999,46.2,1,3,2,701,104000,App,No
CUST01030,46,Mumbai,Standard,Quarterly,50,699,40.2,6,2,1,659,120357,App,No
CUST01031,26,Chennai,Basic,Annual,33,349,26.5,4,2,2,537,142312,Retail,Yes
CUST01032,19,Pune,Premium,Annual,15,999,50.1,8,5,0,682,31802,Web,No
CUST01033,19,Hyderabad,Standard,Quarterly,43,599,28.8,0,2,2,585,98422,Retail,No
CUST01034,43,Kolkata,Premium,Annual,35,1099,68.1,3,2,4,562,126790,Web,No
CUST01035,32,Pune,Premium,Quarterly,58,999,47.5,2,3,3,835,34117,App,No
CUST01036,35,Pune,Standard,Annual,36,699,34.7,4,5,3,558,84045,Retail,No
CUST01037,39,Delhi,Premium,Annual,18,1099,69.7,5,3,3,634,86462,Web,No
CUST01038,46,Mumbai,Standard,Monthly,31,599,26.2,6,4,1,714,50643,Web,No
CUST01039,59,Chennai,Premium,Quarterly,52,949,57.5,0,4,2,590,128913,Web,Yes
CUST01040,25,Mumbai,Premium,Annual,50,999,55.2,1,3,2,453,102415,App,No
CUST01041,55,Kolkata,Premium,Quarterly,53,999,49.4,6,0,2,670,91819,Web,Yes
CUST01042,33,Noida,Standard,Annual,1,699,22.9,0,5,3,799,102381,Web,Yes
CUST01043,22,Chennai,Basic,Annual,24,249,13.7,2,3,0,804,68506,Retail,No
CUST01044,25,Mumbai,Premium,Monthly,22,949,39.3,8,0,4,722,135667,App,Yes
CUST01045,22,Chennai,Standard,Monthly,7,599,33.9,7,2,1,599,64703,Web,No
CUST01046,41,Chennai,standard,Quarterly,57,699,14.8,3,5,1,803,118343,Web,No
CUST01047,29,Noida,Basic,Quarterly,3,299,29.9,4,5,0,755,72944,Web,No
CUST01048,53,Pune,Premium,Annual,58,999,60.1,1,1,5,459,114501,Retail,No
CUST01049,51,Gurugram,Standard,Quarterly,15,549,32.0,5,0,5,742,62408,App,No
CUST01050,25,Gurugram,Standard,Monthly,48,699,29.1,8,2,5,769,22213,Web,Yes
CUST01051,48,Kolkata,Standard,Quarterly,44,699,31.9,1,1,1,504,59849,Retail,No
CUST01052,58,Delhi,Standard,Annual,20,599,41.5,0,0,1,628,21785,Retail,No
CUST01053,25,Bengaluru,Standard,Quarterly,5,599,27.0,1,1,0,591,22220,Retail,No
CUST01054,55,Hyderabad,Premium,Annual,22,949,42.3,5,3,6,689,99567,App,No
CUST01055,30,Kolkata,Standard,Annual,24,699,55.7,8,4,6,486,141587,App,Yes
CUST01056,28,Kolkata,Premium,Quarterly,40,949,37.4,0,1,5,639,130311,App,No
CUST01057,28,Kolkata,Basic,Annual,16,299,25.6,8,3,2,648,88057,Web,No
CUST01058,41,Pune,Standard,Quarterly,8,599,32.0,2,2,6,605,148586,App,Yes
CUST01059,40,Noida,Premium,Annual,16,999,33.3,7,3,5,717,88773,App,No
CUST01060,54,Bengaluru,Standard,Monthly,22,649,24.0,7,3,5,708,99874,App,Yes
CUST01061,37,Gurugram,Standard,Annual,14,649,60.5,3,0,3,801,72331,Retail,No
CUST01062,34,Gurugram,Premium,Monthly,16,999,35.7,7,4,5,819,74137,Retail,No
CUST01063,43,Gurugram,Basic,Quarterly,40,349,0,0,0,4,807,58270,Web,No
CUST01064,49,Bengaluru,Standard,Annual,16,649,48.2,6,4,2,524,49585,App,No
CUST01065,58,Bengaluru,Basic,Monthly,17,299,25.1,6,3,1,597,43686,Web,No
CUST01066,36,Mumbai,Basic,Quarterly,56,299,14.3,1,3,4,638,144644,App,Yes
CUST01067,51,Mumbai,Standard,Annual,19,699,40.7,5,2,5,817,47368,Retail,No
CUST01068,51,Bengaluru,Basic,Annual,19,399,15.6,1,0,3,823,33334,Web,No
CUST01069,22,Chennai,Basic,Annual,56,299,29.6,7,4,3,572,114796,App,No
CUST01070,50,Chennai,basic,Quarterly,54,249,23.2,5,5,3,806,33832,Retail,No
CUST01071,26,Pune,Premium,Annual,8,1049,73.4,5,2,5,542,22307,Web,No
CUST01072,24,Pune,Premium,Monthly,50,999,52.1,1,0,0,486,59537,App,Yes
CUST01073,60,Bengaluru,Premium,Quarterly,20,1099,40.6,1,3,2,605,33163,App,Yes
CUST01074,23,Gurugram,Basic,Monthly,58,249,30.7,7,0,2,689,87620,Web,No
CUST01075,26,Chennai,Premium,Monthly,12,949,46.9,0,4,0,562,35793,App,No
CUST01076,22,Pune,Standard,Monthly,45,649,35.4,7,1,6,838,89905,App,Yes
CUST01077,20,Bengaluru,Premium,Quarterly,46,999,56.0,1,3,0,482,104998,Retail,No
CUST01078,40,Jaipur,Standard,Monthly,31,699,46.7,0,2,5,484,144808,App,Yes
CUST01079,46,Pune,Basic,Monthly,51,299,7.4,8,5,2,513,60104,App,No
CUST01080,33,Kolkata,Standard,Monthly,46,699,45.4,1,4,4,796,20986,Web,No
CUST01081,60,Gurugram,Basic,Monthly,10,399,6.1,3,4,3,622,131853,Web,No
CUST01082,55,Bengaluru,Premium,Quarterly,6,999,75.8,2,3,4,466,55471,App,Yes
CUST01083,45,Noida,Basic,Quarterly,50,299,9.1,7,4,2,613,24034,App,No
CUST01084,32,Hyderabad,Premium,Monthly,46,999,42.0,2,1,3,625,42020,App,No
CUST01085,28,Gurugram,Basic,Annual,37,299,21.3,1,4,4,754,31435,Web,No
CUST01086,26,Jaipur,Premium,Monthly,23,1049,61.7,6,5,4,741,20932,App,No
CUST01087,29,Bengaluru,Standard,Quarterly,12,549,19.5,8,4,5,492,87516,Retail,Yes
CUST01088,26,Noida,Premium,Annual,52,999,46.9,6,4,2,541,141618,Web,No
CUST01089,37,Delhi,Basic,Monthly,37,299,18.0,7,3,4,759,141451,Web,No
CUST01090,39,Delhi,Premium,Quarterly,26,1049,56.9,7,5,6,662,26617,App,Yes
CUST01091,25,Delhi,Premium,Monthly,22,999,62.0,0,1,4,500,45706,Retail,Yes
CUST01092,34,Chennai,Basic,Annual,3,299,23.5,2,1,2,763,59830,Retail,No
CUST01093,33,Pune,Premium,Quarterly,48,999,44.0,8,4,2,762,100540,Web,No
CUST01094,53,Jaipur,Premium,Annual,1,1099,70.8,4,3,1,828,27531,Web,Yes
CUST01095,19,Hyderabad,Standard,Quarterly,32,699,35.2,3,5,5,731,117329,App,Yes
CUST01096,36,Jaipur,Basic,Annual,14,299,30.4,3,1,4,669,24472,App,No
CUST01097,27,Jaipur,Standard,Monthly,14,699,35.1,8,3,0,623,93260,App,Yes
CUST01098,38,Jaipur,Premium,Annual,51,949,49.6,8,5,1,778,140266,Web,No
CUST01099,30,Delhi,Premium,Annual,54,949,46.3,5,0,1,560,66522,Web,No
CUST01100,44,Pune,Premium,Annual,34,949,78.1,0,1,4,675,92419,App,No
CUST01101,38,Kolkata,Basic,Annual,5,249,30.8,0,4,0,639,112789,Retail,No
CUST01102,25,Noida,Standard,Quarterly,54,599,29.7,7,2,1,647,107922,Web,No
CUST01103,31,Bengaluru,Standard,Quarterly,56,549,43.1,1,1,3,548,120041,Web,No
CUST01104,33,Pune,Premium,Quarterly,18,999,54.1,6,1,1,723,39686,App,No
CUST01105,40,Jaipur,Premium,Monthly,14,999,51.2,3,1,6,693,112708,Web,No
CUST01106,33,Mumbai,Basic,Quarterly,18,399,12.1,3,0,0,786,138201,App,No
CUST01107,28,Delhi,Standard,Annual,48,699,45.2,0,2,1,450,41213,App,No
CUST01108,25,Jaipur,Premium,Annual,60,949,51.2,7,3,2,758,117115,Retail,No
CUST01109,45,Noida,Standard,Monthly,37,649,12.9,4,0,1,758,56832,Web,Yes
CUST01110,46,Gurugram,Standard,Monthly,57,699,34.9,8,3,5,719,95448,App,Yes
CUST01111,57,Pune,Basic,Monthly,58,349,0,6,2,5,503,106672,Retail,No
CUST01112,25,Mumbai,Premium,Monthly,45,999,78.8,7,4,3,578,54042,Web,No
CUST01113,21,Mumbai,Basic,Annual,31,399,43.1,6,3,5,597,21511,Retail,Yes
CUST01114,18,Gurugram,Basic,Quarterly,56,349,16.5,7,4,5,836,123743,Retail,Yes
CUST01115,36,Delhi,Basic,Monthly,17,299,9.5,2,3,3,725,116688,Retail,Yes
CUST01116,44,Hyderabad,Premium,Annual,23,1049,46.4,6,5,5,685,121809,Retail,No
CUST01117,32,Bengaluru,Premium,Monthly,41,1099,19.7,4,4,5,833,79915,Retail,No
CUST01118,59,Hyderabad,Basic,Quarterly,20,399,22.9,1,0,2,757,98276,Retail,No
CUST01119,33,Mumbai,Standard,Annual,55,699,33.7,6,5,4,554,89365,Retail,Yes
CUST01120,35,Chennai,Premium,Monthly,16,999,51.4,8,0,0,699,43593,Web,No
CUST01121,30,Pune,Basic,Quarterly,43,299,17.5,3,4,5,461,62021,App,No
CUST01122,49,Pune,Standard,Monthly,49,699,47.9,7,2,0,474,71079,App,Yes
CUST01123,29,Hyderabad,Premium,Monthly,25,999,48.0,1,0,4,594,56543,Retail,No
CUST01124,50,Delhi,Basic,Monthly,37,299,24.6,5,3,6,618,61188,App,Yes
CUST01125,35,Bengaluru,Premium,Annual,54,999,79.9,2,3,0,670,53475,Web,Yes
CUST01126,27,Noida,Standard,Quarterly,57,649,46.7,6,4,4,603,140308,Web,Yes
CUST01127,59,Delhi,Standard,Monthly,39,599,26.9,8,3,2,622,72063,Retail,No
CUST01128,47,Kolkata,Premium,Quarterly,56,1049,59.9,5,4,5,849,129555,App,Yes
CUST01129,35,Gurugram,Standard,Monthly,3,599,34.8,0,1,6,650,54284,App,Yes
CUST01130,54,Pune,Standard,Quarterly,2,649,35.1,8,3,3,476,126081,App,No
CUST01131,56,Delhi,Basic,Annual,19,299,18.4,2,2,4,581,32690,App,No
CUST01132,19,Jaipur,Basic,Quarterly,23,349,15.4,2,0,6,601,56119,App,No
CUST01133,46,Pune,Standard,Annual,59,649,49.4,0,1,1,565,128120,App,No
CUST01134,41,Delhi,Basic,Quarterly,38,299,27.1,7,4,4,489,78249,Retail,Yes
CUST01135,28,Jaipur,Basic,Quarterly,42,299,45.6,0,1,4,614,130383,Web,No
CUST01136,57,Pune,Standard,Monthly,57,549,55.0,4,0,1,462,50633,Web,No
CUST01137,51,Pune,Basic,Monthly,45,299,8.8,4,4,6,733,144545,Web,No
CUST01138,29,Jaipur,Standard,Monthly,6,549,33.5,2,0,0,554,90534,Retail,No
CUST01139,52,Bengaluru,Standard,Annual,44,599,44.0,3,4,2,558,78851,App,No
CUST01140,21,Chennai,Basic,Annual,36,299,2.2,3,2,1,613,102487,Web,No
CUST01141,51,Noida,Standard,Annual,56,599,25.9,7,0,6,472,51972,Web,Yes
CUST01142,55,Pune,Basic,Monthly,19,399,33.6,3,0,1,503,136767,Retail,No
CUST01143,51,Jaipur,Basic,Monthly,47,299,26.2,2,3,0,751,109680,Web,No
CUST01144,52,Noida,Premium,Annual,35,949,51.9,3,3,3,797,59012,Web,No
CUST01145,33,Noida,Basic,Annual,26,399,15.2,5,0,4,585,147364,App,No
CUST01146,29,Chennai,Premium,Monthly,49,1049,45.6,0,2,3,844,109858,Web,No
CUST01147,57,Bengaluru,Basic,Monthly,30,399,30.2,1,5,3,740,57912,App,No
CUST01148,57,Jaipur,Premium,Monthly,35,1099,46.4,7,0,0,679,119019,App,No
CUST01149,55,Delhi,Basic,Quarterly,16,249,32.5,3,5,0,543,26679,Web,No
CUST01150,24,Hyderabad,Basic,Monthly,43,299,13.9,2,0,5,821,78511,App,No
CUST01151,52,Chennai,Basic,Annual,58,299,37.2,7,3,2,559,121223,Retail,No
CUST01152,29,Jaipur,basic,Quarterly,40,299,5.4,7,2,2,741,49303,App,No
CUST01153,29,Jaipur,Premium,Quarterly,27,1049,27.5,6,0,6,636,78047,Web,No
CUST01154,35,Bengaluru,Standard,Monthly,37,599,27.8,7,0,5,684,95471,Web,Yes
CUST01155,49,Chennai,Basic,Annual,27,299,0,7,5,4,808,19158,Retail,Yes
CUST01156,56,Gurugram,Standard,Quarterly,25,649,59.0,6,3,1,470,107101,Web,No
CUST01157,18,Delhi,Basic,Monthly,12,299,19.1,1,5,3,597,128094,Web,No
CUST01158,33,Delhi,Standard,Quarterly,12,599,36.7,6,1,1,664,24793,Web,No
CUST01159,29,Delhi,Basic,Monthly,31,249,21.6,7,2,3,734,56494,Retail,Yes
CUST01160,24,Mumbai,Basic,Quarterly,29,299,8.2,8,0,1,673,63385,App,No
CUST01161,35,Mumbai,Basic,Quarterly,41,399,26.3,0,3,0,801,72170,Web,No
CUST01162,56,Kolkata,Basic,Monthly,29,299,32.9,7,3,6,480,148938,App,No
CUST01163,22,Hyderabad,Basic,Monthly,60,299,17.8,7,4,6,639,133415,Retail,No
CUST01164,32,Jaipur,Basic,Quarterly,6,349,26.1,8,0,1,517,40720,Web,No
CUST01165,20,Hyderabad,Standard,Annual,56,599,16.8,2,3,4,495,120260,App,No
CUST01166,57,Noida,Premium,Monthly,50,1049,72.5,1,5,6,645,86722,App,Yes
CUST01167,46,Chennai,Basic,Monthly,59,299,20.3,0,1,3,705,100439,App,Yes
CUST01168,30,Mumbai,Premium,Monthly,3,999,49.1,1,1,5,625,49225,Web,Yes
CUST01169,21,Hyderabad,Premium,Annual,10,999,49.6,4,5,6,695,108720,Web,No
CUST01170,43,Chennai,Premium,Monthly,56,999,64.8,8,2,3,594,100830,Web,Yes
CUST01171,49,Gurugram,Basic,Annual,52,299,0.4,3,2,6,540,93060,Web,No
CUST01172,35,Kolkata,Basic,Annual,53,299,35.7,6,2,6,785,49498,App,Yes
CUST01173,19,Pune,Premium,Quarterly,7,999,43.4,3,1,1,599,101223,Retail,Yes
CUST01174,40,Noida,Standard,Quarterly,35,649,50.3,6,0,0,455,124249,App,No
CUST01175,35,Jaipur,Basic,Annual,43,349,1.5,3,1,5,846,118240,App,Yes
CUST01176,29,Pune,Premium,Monthly,26,999,27.5,3,1,0,832,64734,Web,No
CUST01177,54,Chennai,Basic,Quarterly,36,399,19.9,7,5,2,700,69729,App,No
CUST01178,18,Kolkata,Premium,Monthly,4,949,56.3,5,3,1,721,147790,Web,No
CUST01179,25,Bengaluru,Premium,Quarterly,46,1099,52.6,0,1,3,666,137593,App,No
CUST01180,28,Gurugram,Standard,Annual,24,649,37.6,7,3,2,743,44769,Web,No
CUST01181,37,Bengaluru,Standard,Quarterly,41,599,42.0,4,1,5,609,65910,App,No
CUST01182,42,Delhi,Standard,Monthly,14,699,71.1,1,3,0,645,55759,Retail,No
CUST01183,19,Mumbai,Standard,Annual,50,699,45.7,3,1,5,569,130760,Retail,No
CUST01184,57,Hyderabad,Standard,Annual,42,599,40.1,2,5,1,524,144540,Retail,No
CUST01185,52,Jaipur,Premium,Quarterly,46,999,66.3,0,3,5,690,79291,Web,No
CUST01186,56,Chennai,Premium,Quarterly,7,999,53.9,3,2,3,823,126910,App,No
CUST01187,26,Noida,Premium,Quarterly,42,1049,48.3,5,1,4,780,68016,App,No
CUST01188,46,Hyderabad,Standard,Quarterly,43,549,52.6,5,3,6,598,96956,Retail,No
CUST01189,31,Bengaluru,Standard,Monthly,46,599,45.5,4,3,3,694,142058,App,Yes
CUST01190,51,Hyderabad,Basic,Quarterly,56,249,42.0,2,3,6,784,79684,Retail,Yes
CUST01191,28,Hyderabad,Basic,Quarterly,54,299,27.8,0,5,5,716,102798,Retail,Yes
CUST01192,44,Noida,Premium,Annual,20,999,50.4,6,0,0,558,125121,App,No
CUST01193,57,Bengaluru,Premium,Annual,2,1099,48.5,8,1,0,614,40784,App,No
CUST01194,20,Gurugram,Basic,Quarterly,12,299,5.9,6,2,0,837,97034,App,Yes
CUST01195,51,Bengaluru,Premium,Annual,7,999,71.7,8,3,4,665,89212,Web,No
CUST01196,47,Chennai,Premium,Quarterly,24,999,45.4,5,4,3,526,30825,App,No
CUST01197,26,Jaipur,Standard,Quarterly,3,599,14.4,5,3,3,801,146175,Web,Yes
CUST01198,24,Pune,Basic,Monthly,25,299,23.1,6,0,0,778,103566,Web,No
CUST01199,48,Kolkata,Standard,Monthly,40,549,50.6,6,2,2,535,42769,Retail,No
CUST01200,38,Noida,Basic,Monthly,36,249,10.0,8,5,2,623,87081,Web,Yes
CUST01201,39,,Standard,Quarterly,59,649,33.5,3,3,2,818,92634,Web,Yes
CUST01202,21,Bengaluru,Basic,Annual,6,299,25.1,7,1,4,570,33899,App,No
CUST01203,41,Kolkata,Premium,Quarterly,27,999,63.1,7,4,4,587,48125,Web,No
CUST01204,47,Noida,Basic,Annual,40,349,20.2,0,4,0,745,76844,Web,No
CUST01205,57,Jaipur,Standard,Monthly,43,649,20.7,7,2,3,707,112040,App,No
CUST01206,41,Chennai,Standard,Annual,56,549,38.3,8,3,3,674,138685,Web,Yes
CUST01207,43,Bengaluru,Standard,Monthly,31,549,45.3,0,0,0,843,61147,Retail,Yes
CUST01208,35,Jaipur,Standard,Annual,51,599,44.4,2,5,4,518,88977,App,Yes
CUST01209,20,Delhi,Premium,Quarterly,46,999,59.0,8,0,3,727,83939,Web,No
CUST01210,37,Hyderabad,Basic,Quarterly,39,399,11.3,4,4,6,532,45869,Retail,Yes
CUST01211,35,Gurugram,Standard,Annual,34,699,6.2,5,0,6,642,148818,App,No
CUST01212,42,Gurugram,Premium,Quarterly,3,949,63.3,5,3,0,734,57536,App,No
CUST01213,56,Noida,Standard,Monthly,45,599,53.5,4,0,2,663,94873,Retail,Yes
CUST01214,39,Noida,Premium,Monthly,15,999,62.8,6,2,1,672,108837,Retail,No
CUST01215,29,Mumbai,Basic,Annual,15,249,11.9,2,3,5,834,75477,Retail,No
CUST01216,59,Jaipur,Premium,Quarterly,35,999,46.9,8,1,6,649,107749,Web,No
CUST01217,21,Mumbai,Standard,Monthly,1,549,38.8,6,0,6,711,126512,App,Yes
CUST01218,48,Bengaluru,Basic,Quarterly,39,249,34.1,3,5,2,457,111572,App,No
CUST01219,22,Gurugram,Premium,Quarterly,51,1049,46.4,5,3,6,645,38581,App,Yes
CUST01220,22,Gurugram,Basic,Quarterly,35,249,0,5,4,5,711,55202,App,Yes
CUST01221,42,Jaipur,Premium,Monthly,4,999,52.9,4,2,1,504,133389,App,No
CUST01222,42,Hyderabad,Premium,Monthly,13,999,75.5,6,1,3,821,43110,Web,No
CUST01223,42,Mumbai,Basic,Annual,8,299,33.4,2,0,2,640,106679,Retail,No
CUST01224,18,Jaipur,Basic,Quarterly,46,299,0,3,5,3,462,99322,App,Yes
CUST01225,38,Noida,Standard,Quarterly,54,699,31.0,2,4,3,608,66526,Web,No
CUST01226,47,,Standard,Monthly,29,699,45.6,4,4,4,742,23243,App,No
CUST01227,43,Jaipur,Basic,Monthly,17,249,18.3,6,3,4,461,59592,Retail,No
CUST01228,42,Delhi,Premium,Quarterly,32,999,72.8,8,0,0,760,140867,App,No
CUST01229,32,Hyderabad,Basic,Annual,40,299,27.8,3,2,2,713,106268,Retail,No
CUST01230,18,Jaipur,Standard,Monthly,35,549,42.7,3,2,1,829,21164,Web,No
CUST01231,42,Kolkata,Standard,Quarterly,22,599,21.6,2,3,0,826,41385,Web,No
CUST01232,39,Bengaluru,Standard,Annual,37,599,19.0,2,0,1,713,49925,Web,No
CUST01233,43,Jaipur,Standard,Monthly,33,699,18.9,2,2,5,553,120870,Retail,No
CUST01234,18,Noida,Standard,Annual,9,699,7.8,0,2,4,645,93368,Retail,No
CUST01235,35,Delhi,Basic,Annual,10,399,9.1,1,1,0,477,33194,App,No
CUST01236,45,Pune,Premium,Monthly,40,949,31.0,8,2,4,693,140866,App,Yes
CUST01237,41,Delhi,Standard,Quarterly,5,649,24.2,7,4,2,534,48499,Web,No
CUST01238,22,Chennai,Basic,Quarterly,15,399,35.8,8,4,2,776,133657,Web,No
CUST01239,52,Chennai,Basic,Annual,19,349,0,8,2,6,671,45766,Web,Yes
CUST01240,18,Bengaluru,Premium,Annual,11,999,44.0,0,5,6,792,40136,App,Yes
CUST01241,44,Noida,standard,Monthly,54,599,29.2,0,1,5,564,49825,App,No
CUST01242,33,Bengaluru,Premium,Monthly,27,949,49.7,1,5,1,597,88122,Web,No
CUST01243,30,Kolkata,Premium,Quarterly,33,1099,46.3,8,2,5,605,71525,App,No
CUST01244,48,Mumbai,Basic,Quarterly,45,349,8.4,6,3,3,639,143585,Web,Yes
CUST01245,31,Kolkata,Basic,Annual,57,349,38.0,8,0,6,472,98330,App,No
CUST01246,44,Delhi,Standard,Quarterly,53,649,30.1,5,5,3,495,69029,Retail,No
CUST01247,49,Chennai,Premium,Annual,38,1099,63.4,1,0,3,459,126916,Retail,No
CUST01248,28,Kolkata,Premium,Monthly,21,999,53.2,2,0,6,794,94844,Retail,No
CUST01249,33,Pune,Premium,Quarterly,4,999,56.5,2,1,6,483,30595,Retail,No
CUST01250,50,Jaipur,Standard,Monthly,49,699,58.2,1,2,0,693,95580,Retail,No
CUST01251,50,Hyderabad,Premium,Annual,47,999,78.5,2,2,1,714,119700,Web,Yes
CUST01252,37,Hyderabad,Basic,Quarterly,52,299,0,7,4,6,722,61948,Retail,No
CUST01253,26,Delhi,Basic,Quarterly,34,249,25.3,4,3,6,676,91221,Web,Yes
CUST01254,54,Chennai,Standard,Quarterly,39,549,27.8,4,4,0,496,116410,Web,No
CUST01255,27,Delhi,Standard,Quarterly,6,599,37.5,7,5,6,806,140890,App,Yes
CUST01256,40,Kolkata,Basic,Annual,26,349,7.3,1,0,6,541,57403,Retail,No
CUST01257,55,Pune,Premium,Monthly,42,949,44.8,6,5,5,600,145339,Retail,No
CUST01258,26,Chennai,Premium,Annual,21,1049,68.0,7,4,4,643,35657,Retail,Yes
CUST01259,22,Chennai,Premium,Annual,38,999,53.3,5,3,0,485,83353,Retail,No
CUST01260,40,Bengaluru,Standard,Annual,59,599,42.2,8,0,6,829,67790,App,No
CUST01261,44,Kolkata,Premium,Monthly,12,999,55.1,0,0,0,813,125236,Web,No
CUST01262,51,Bengaluru,Standard,Annual,55,549,14.1,3,5,5,484,132273,App,No
CUST01263,49,Kolkata,Premium,Quarterly,18,999,43.5,8,1,0,634,83141,Web,No
CUST01264,50,Gurugram,Standard,Annual,50,599,22.9,3,4,4,773,101673,Web,No
CUST01265,59,Gurugram,Standard,Quarterly,36,649,15.3,4,3,6,649,125267,App,Yes
CUST01266,19,Mumbai,Basic,Quarterly,3,249,12.6,0,4,4,623,18986,Retail,No
CUST01267,20,Gurugram,Standard,Annual,37,699,25.6,2,5,2,695,24601,App,Yes
CUST01268,26,Pune,Standard,Annual,50,549,37.2,5,3,2,456,138674,Web,No
CUST01269,60,Mumbai,Premium,Annual,10,999,63.7,0,1,6,712,52073,App,No
CUST01270,32,Kolkata,Premium,Monthly,45,1099,38.9,1,2,1,647,71934,Web,No
CUST01271,24,Kolkata,Basic,Annual,59,399,19.0,0,0,0,594,99830,Retail,No
CUST01272,44,Noida,Basic,Quarterly,1,299,16.3,6,3,4,834,142566,Retail,Yes
CUST01273,22,Jaipur,Standard,Monthly,59,599,60.9,2,5,6,829,82797,App,Yes
CUST01274,47,Chennai,Basic,Monthly,47,299,14.4,4,1,0,745,29168,Retail,No
CUST01275,37,Mumbai,Standard,Monthly,50,599,39.3,3,1,5,738,59769,Web,No
CUST01276,22,Noida,Basic,Annual,40,349,7.7,7,5,1,735,36112,Retail,No
CUST01277,47,Mumbai,Standard,Annual,55,549,33.2,8,5,6,842,139601,Retail,No
CUST01278,30,Kolkata,Basic,Quarterly,11,299,20.1,0,3,0,850,144476,App,No
CUST01279,33,Noida,Basic,Quarterly,26,349,17.3,8,4,3,644,40690,Retail,Yes
CUST01280,32,Noida,Basic,Monthly,23,399,18.0,0,2,0,759,117998,App,No
CUST01281,27,Kolkata,basic,Annual,58,299,24.1,3,0,6,632,145574,Web,Yes
CUST01282,28,Kolkata,Basic,Monthly,33,299,17.0,2,3,1,821,143959,App,Yes
CUST01283,39,Kolkata,Premium,Monthly,27,999,58.2,8,4,4,485,129530,Retail,No
CUST01284,41,Bengaluru,Standard,Monthly,17,599,56.8,7,1,1,822,117375,Web,Yes
CUST01285,60,Pune,Basic,Quarterly,21,299,30.3,3,0,4,837,115801,App,No
CUST01286,25,Kolkata,Standard,Annual,20,649,13.9,6,0,2,619,116156,App,No
CUST01287,46,Delhi,Standard,Monthly,8,599,22.6,7,5,6,680,22419,Web,Yes
CUST01288,31,Noida,Standard,Quarterly,6,599,25.9,5,3,3,844,60624,Web,No
CUST01289,57,Gurugram,Premium,Quarterly,18,1049,56.3,6,2,6,720,67000,App,No
CUST01290,58,Delhi,Basic,Annual,10,299,17.2,3,5,6,738,118698,Retail,No
CUST01291,23,Bengaluru,Standard,Quarterly,45,599,28.3,5,2,5,525,20323,Web,Yes
CUST01292,19,Pune,Premium,Quarterly,5,1049,47.2,1,2,3,533,39477,Retail,Yes
CUST01293,21,Jaipur,Standard,Quarterly,29,699,27.4,8,2,5,717,122734,Web,No
CUST01294,42,Gurugram,Premium,Quarterly,19,1099,53.0,2,2,5,800,120023,Web,No
CUST01295,22,Noida,Premium,Quarterly,13,999,49.4,8,3,3,537,76405,App,No
CUST01296,48,Hyderabad,premium,Quarterly,46,999,44.9,0,4,2,692,35742,App,No
CUST01297,28,Delhi,Standard,Annual,35,699,20.2,3,4,2,535,136298,App,Yes
CUST01298,34,Gurugram,Basic,Annual,42,299,19.5,5,0,0,613,109989,App,No
CUST01299,40,Hyderabad,Standard,Monthly,46,649,21.3,5,4,1,787,38258,Web,Yes
CUST01300,45,Bengaluru,Premium,Quarterly,19,999,53.2,5,5,3,624,81048,App,Yes
CUST01301,41,Kolkata,Standard,Quarterly,50,649,6.9,2,5,4,551,72176,Retail,No
CUST01302,43,Delhi,Premium,Annual,46,949,25.4,8,5,5,512,50517,App,No
CUST01303,24,Gurugram,Standard,Monthly,8,549,23.0,8,3,5,613,26405,Retail,Yes
CUST01304,60,Bengaluru,Basic,Annual,6,299,7.7,5,0,1,783,20955,Web,No
CUST01305,57,Delhi,Premium,Quarterly,1,949,51.5,6,4,1,587,121068,Retail,No
CUST01306,44,Bengaluru,Premium,Quarterly,51,999,38.5,7,5,2,556,126338,Web,No
CUST01307,42,Gurugram,Premium,Monthly,22,999,53.2,8,2,1,830,70232,App,No
CUST01308,54,Delhi,Standard,Monthly,16,599,39.5,4,3,5,846,123637,Retail,No
CUST01309,28,Mumbai,Basic,Monthly,1,299,26.0,7,4,1,804,30521,App,Yes
CUST01310,20,Bengaluru,Premium,Quarterly,20,999,68.9,2,3,4,592,132075,Retail,Yes
CUST01311,33,Noida,Standard,Monthly,50,699,47.3,1,2,2,557,88282,Web,Yes
CUST01312,25,Pune,Basic,Annual,53,349,10.0,0,2,2,763,102219,Retail,No
CUST01313,45,Hyderabad,Premium,Annual,19,1099,51.7,3,3,5,806,39396,Retail,No
CUST01314,27,Hyderabad,Standard,Monthly,16,599,33.0,2,3,1,732,61648,Web,No
CUST01315,18,Mumbai,Basic,Quarterly,50,299,24.8,7,0,5,658,119793,Retail,No
CUST01316,56,Hyderabad,Standard,Monthly,19,599,40.8,3,0,1,565,25847,Web,No
CUST01317,48,Mumbai,Premium,Annual,40,949,38.1,1,4,0,673,105555,Web,No
CUST01318,42,Delhi,Premium,Annual,35,949,69.7,4,0,0,838,123400,App,No
CUST01319,19,Delhi,Standard,Quarterly,17,649,19.3,3,1,5,745,25745,Retail,No
CUST01320,30,Pune,Basic,Annual,40,399,21.8,0,5,1,776,50998,Web,No
CUST01321,34,Delhi,Standard,Quarterly,5,599,34.9,5,0,4,749,64399,Retail,Yes
CUST01322,43,Jaipur,Basic,Annual,15,299,7.4,3,1,4,489,41203,Retail,No
CUST01323,26,Mumbai,Premium,Monthly,25,1049,66.5,3,3,3,792,75737,Retail,No
CUST01324,20,Kolkata,Premium,Quarterly,16,999,58.5,7,3,4,730,119566,App,No
CUST01325,54,Noida,Standard,Monthly,4,599,36.5,1,3,6,834,49039,App,Yes
CUST01326,19,Pune,Basic,Annual,39,299,28.2,0,1,4,477,70355,App,No
CUST01327,48,Pune,Standard,Quarterly,20,599,53.2,2,3,4,504,44477,Web,No
CUST01328,55,Gurugram,Premium,Annual,16,949,57.0,0,0,0,849,46951,Retail,No
CUST01329,24,Gurugram,Standard,Monthly,56,599,19.8,7,0,0,620,131528,Retail,Yes
CUST01330,27,Bengaluru,Premium,Annual,1,999,68.5,8,4,4,662,48766,App,No
CUST01331,22,Gurugram,Premium,Quarterly,36,1049,76.5,1,3,2,613,99509,Web,No
CUST01332,55,Delhi,Basic,Annual,9,299,0,8,3,3,463,116456,Web,No
CUST01333,18,Mumbai,Basic,Quarterly,25,299,1.8,2,2,4,598,144484,App,No
CUST01334,27,Mumbai,Basic,Annual,52,249,8.2,5,5,5,544,104729,App,Yes
CUST01335,35,Pune,Basic,Quarterly,52,399,31.9,1,2,0,509,90872,App,No
CUST01336,26,Hyderabad,Basic,Annual,44,299,22.8,2,4,5,781,60367,Web,No
CUST01337,18,Jaipur,Basic,Annual,2,399,8.0,4,5,2,501,62499,Retail,Yes
CUST01338,18,Bengaluru,Standard,Quarterly,52,699,35.4,6,2,4,469,138796,App,No
CUST01339,52,Gurugram,Premium,Monthly,7,999,63.7,6,1,5,581,53634,Web,Yes
CUST01340,30,Hyderabad,Premium,Monthly,28,1049,48.6,4,0,1,618,54670,App,No
CUST01341,19,Kolkata,Standard,Annual,38,599,23.1,1,4,0,630,135275,Web,No
CUST01342,47,Mumbai,Premium,Quarterly,50,999,52.3,1,4,1,717,36514,Retail,No
CUST01343,52,Delhi,Basic,Annual,30,299,15.1,7,0,1,588,96240,Retail,No
CUST01344,52,Hyderabad,Standard,Quarterly,37,599,31.5,4,4,3,732,79336,Retail,No
CUST01345,34,Bengaluru,Standard,Annual,16,649,32.0,7,1,0,586,71177,Retail,No
CUST01346,39,,Premium,Monthly,27,949,54.0,3,3,6,525,67772,Web,No
CUST01347,36,Bengaluru,Basic,Annual,1,249,14.6,0,5,3,605,54871,Retail,No
CUST01348,25,Bengaluru,Premium,Monthly,35,999,35.0,1,3,0,706,36362,Retail,No
CUST01349,42,Hyderabad,Premium,Monthly,52,999,50.8,3,0,1,454,47934,Retail,No
CUST01350,48,Delhi,Basic,Monthly,42,399,9.5,6,3,3,688,139696,App,Yes
CUST01351,55,Mumbai,Premium,Monthly,54,1049,47.5,6,3,0,474,68638,App,No
CUST01352,34,Delhi,Premium,Quarterly,56,949,61.6,3,3,5,711,91328,Retail,Yes
CUST01353,47,Noida,Standard,Monthly,49,549,38.6,8,2,5,479,85325,Retail,No
CUST01354,53,Kolkata,Standard,Quarterly,60,599,41.6,3,5,5,674,41515,Web,No
CUST01355,47,Gurugram,Premium,Monthly,52,999,64.4,0,2,3,848,118907,Retail,No
CUST01356,36,Gurugram,Premium,Monthly,31,999,42.0,8,1,1,597,139608,Retail,Yes
CUST01357,51,Pune,Basic,Monthly,10,299,0,8,2,6,605,95288,Web,Yes
CUST01358,30,Bengaluru,Basic,Annual,36,299,14.1,5,4,3,661,42457,App,No
CUST01359,19,Chennai,Standard,Quarterly,42,699,12.9,6,1,0,733,132128,App,No
CUST01360,27,Noida,Premium,Annual,53,1049,70.1,5,5,0,626,91292,Web,Yes
CUST01361,28,Pune,Basic,Quarterly,32,249,21.6,1,0,1,689,66171,Retail,No
CUST01362,40,Hyderabad,Standard,Quarterly,55,599,37.0,3,0,3,811,102964,Web,No
CUST01363,34,Delhi,Standard,Annual,59,549,28.6,7,1,6,642,94532,App,No
CUST01364,18,Gurugram,Basic,Annual,54,299,21.5,5,0,5,556,117895,App,No
CUST01365,47,Mumbai,Basic,Annual,20,349,28.7,2,3,0,810,148619,App,Yes
CUST01366,30,Noida,Standard,Monthly,48,599,39.1,8,3,1,476,53143,Retail,No
CUST01367,35,Chennai,Basic,Annual,39,299,24.3,4,4,3,682,131831,Retail,No
CUST01368,31,Jaipur,Premium,Annual,31,1099,59.2,0,0,4,554,64003,Retail,No
CUST01369,55,Jaipur,Standard,Monthly,60,599,46.7,0,0,0,713,38231,Retail,No
CUST01370,56,Noida,Premium,Quarterly,21,999,85.3,4,3,0,727,47249,Web,No
CUST01371,32,Noida,Standard,Monthly,2,599,44.5,8,5,4,643,139590,Retail,No
CUST01372,43,Mumbai,Standard,Quarterly,23,549,23.8,8,3,2,804,105759,Retail,No
CUST01373,38,Mumbai,Standard,Monthly,23,699,38.9,1,3,3,489,133438,App,No
CUST01374,49,Delhi,Standard,Quarterly,7,699,26.4,6,4,3,685,118847,Web,No
CUST01375,41,Chennai,Premium,Monthly,23,999,56.0,2,3,0,654,145523,Retail,No
CUST01376,52,Gurugram,premium,Quarterly,54,949,81.7,0,2,3,583,82596,App,No
CUST01377,33,Mumbai,Standard,Annual,5,599,24.9,1,0,4,509,133610,Retail,Yes
CUST01378,27,Kolkata,Premium,Quarterly,7,1049,46.6,7,1,3,676,58256,Retail,No
CUST01379,28,Delhi,Premium,Quarterly,59,1049,76.2,0,3,5,626,124208,Web,No
CUST01380,53,Pune,Premium,Monthly,40,999,43.9,6,1,4,526,148882,Web,No
CUST01381,45,Chennai,Standard,Quarterly,4,699,28.5,0,5,6,744,99692,Web,No
CUST01382,33,Kolkata,Basic,Monthly,8,399,9.3,7,4,6,578,52252,App,No
CUST01383,29,Pune,Premium,Quarterly,51,949,55.3,8,5,6,545,59578,App,No
CUST01384,39,Mumbai,Premium,Annual,13,999,57.4,7,0,0,612,80418,App,No
CUST01385,18,Delhi,Premium,Monthly,24,1049,57.8,2,3,0,491,95534,Web,No
CUST01386,39,Pune,Premium,Annual,4,999,49.8,8,0,0,465,118531,Retail,No
CUST01387,31,Kolkata,Standard,Quarterly,31,599,27.0,7,5,3,487,84630,Web,No
CUST01388,42,Chennai,Standard,Quarterly,33,599,6.3,0,0,6,454,107129,Web,Yes
CUST01389,42,Hyderabad,Basic,Quarterly,11,299,1.6,8,5,5,505,127533,Web,No
CUST01390,30,Gurugram,Standard,Annual,16,549,22.7,1,1,0,809,130580,Retail,No
CUST01391,46,Kolkata,Premium,Annual,16,949,56.9,4,2,1,588,104211,App,Yes
CUST01392,59,Bengaluru,Standard,Annual,7,549,23.4,7,1,3,660,49271,Web,Yes
CUST01393,33,Hyderabad,Premium,Monthly,45,999,52.4,7,4,6,620,121398,Web,Yes
CUST01394,41,Bengaluru,Premium,Quarterly,43,1049,45.1,2,4,1,452,36927,App,No
CUST01395,57,Mumbai,Basic,Annual,4,399,23.2,0,2,3,543,112119,App,No
CUST01396,54,Hyderabad,Basic,Monthly,52,349,6.4,3,2,0,546,109821,Retail,No
CUST01397,60,Chennai,Basic,Monthly,55,299,18.6,4,5,4,557,47852,Retail,No
CUST01398,42,Gurugram,Basic,Monthly,34,299,20.7,1,2,0,609,43428,Web,No
CUST01399,49,Chennai,Premium,Annual,43,1049,52.9,4,4,2,794,38924,Retail,Yes
CUST01400,19,Jaipur,Premium,Annual,45,1049,21.2,0,2,3,567,57522,Retail,No
CUST01401,39,Jaipur,Premium,Monthly,38,999,64.6,2,2,6,711,97329,App,Yes
CUST01402,24,Chennai,Basic,Annual,36,249,0,3,2,5,521,141959,Web,No
CUST01403,54,Pune,Standard,Monthly,41,599,44.5,1,4,0,459,23427,App,No
CUST01404,40,Hyderabad,Premium,Monthly,58,999,47.9,5,0,5,698,138920,Retail,No
CUST01405,40,Hyderabad,Premium,Annual,1,949,54.5,3,4,0,759,128745,Retail,No
CUST01406,51,Mumbai,Basic,Quarterly,13,349,18.6,1,4,3,789,107351,Web,No
CUST01407,44,Mumbai,Standard,Quarterly,20,549,49.7,6,4,0,519,77908,Retail,No
CUST01408,40,Kolkata,Premium,Quarterly,55,949,74.3,5,0,3,797,120832,Web,No
CUST01409,51,Delhi,Standard,Annual,17,599,13.9,6,1,6,709,56437,App,No
CUST01410,50,Kolkata,Premium,Quarterly,51,999,50.9,2,2,2,762,44292,Web,No
CUST01411,44,Kolkata,Basic,Quarterly,29,399,18.2,2,3,6,526,138470,Retail,No
CUST01412,23,Hyderabad,Basic,Quarterly,50,299,18.1,4,4,4,697,117227,App,No
CUST01413,59,Noida,Basic,Annual,7,299,7.7,3,3,6,616,115198,Web,No
CUST01414,35,Hyderabad,Basic,Quarterly,13,299,19.1,8,2,6,517,34546,App,No
CUST01415,24,Mumbai,Basic,Monthly,54,249,19.9,1,1,1,801,123517,Web,No
CUST01416,33,Chennai,Premium,Monthly,20,999,38.5,5,1,2,745,128312,Retail,Yes
CUST01417,18,Bengaluru,Basic,Quarterly,24,249,4.3,0,4,1,834,79730,Web,No
CUST01418,38,Kolkata,Basic,Annual,11,399,27.5,8,5,1,605,101676,Web,No
CUST01419,22,Mumbai,Basic,Quarterly,12,299,27.2,7,5,5,583,55091,App,Yes
CUST01420,52,Pune,Premium,Quarterly,28,1099,28.6,0,1,5,544,146941,App,No
CUST01421,54,Noida,Standard,Monthly,33,599,22.8,6,2,6,514,115502,Retail,Yes
CUST01422,24,Gurugram,Basic,Quarterly,39,299,26.7,1,2,3,475,137527,App,Yes
CUST01423,51,Pune,Basic,Annual,53,299,1.2,5,5,3,519,137437,App,No
CUST01424,57,Pune,Premium,Quarterly,31,999,67.2,7,3,0,843,67826,App,Yes
CUST01425,32,Mumbai,Basic,Annual,3,299,5.6,0,0,6,815,125573,App,No
CUST01426,43,Chennai,Standard,Monthly,59,699,17.3,6,3,2,456,122462,Web,Yes
CUST01427,18,Delhi,Standard,Monthly,10,649,21.9,5,1,5,609,36898,Web,No
CUST01428,31,Chennai,Basic,Quarterly,38,249,7.2,6,0,3,618,98328,App,No
CUST01429,33,Bengaluru,Premium,Annual,45,949,49.6,7,5,4,841,83772,App,Yes
CUST01430,53,Pune,Basic,Monthly,10,299,19.1,3,2,6,833,108912,Web,Yes
CUST01431,29,Bengaluru,Standard,Quarterly,4,599,43.4,6,5,2,828,62855,Retail,Yes
CUST01432,27,Pune,Premium,Annual,39,1049,35.2,8,2,5,660,73672,Web,No
CUST01433,37,Bengaluru,Basic,Quarterly,37,249,23.6,7,3,6,545,53971,Retail,Yes
CUST01434,51,Bengaluru,Basic,Annual,3,299,22.5,8,3,1,497,44105,Web,Yes
CUST01435,31,Bengaluru,Basic,Annual,7,399,11.4,0,2,5,706,109433,Retail,No
CUST01436,50,Chennai,Standard,Quarterly,35,599,34.5,7,1,3,757,29090,Retail,No
CUST01437,52,Pune,Basic,Monthly,41,249,7.3,6,3,4,763,34003,App,No
CUST01438,44,Bengaluru,Basic,Annual,35,299,25.0,6,0,3,672,118884,Web,No
CUST01439,39,Mumbai,Standard,Monthly,24,599,13.7,8,2,0,675,103808,Retail,No
CUST01440,22,Noida,Premium,Quarterly,47,949,57.1,1,4,0,518,101356,App,No
CUST01441,42,Delhi,Premium,Annual,4,999,61.2,6,4,1,815,78989,Web,Yes
CUST01442,46,Jaipur,Standard,Monthly,17,649,45.0,3,2,6,615,68613,App,No
CUST01443,27,Hyderabad,Standard,Annual,41,549,21.2,3,1,6,729,147631,Web,No
CUST01444,23,Bengaluru,Standard,Quarterly,15,599,34.7,8,3,3,522,129022,App,Yes
CUST01445,45,Noida,Premium,Monthly,39,999,74.6,5,5,2,589,46977,App,No
CUST01446,48,Mumbai,Standard,Annual,36,549,7.9,3,5,6,700,44484,App,No
CUST01447,58,Jaipur,Standard,Quarterly,32,549,20.4,0,2,3,660,27940,Retail,Yes
CUST01448,30,Bengaluru,Premium,Monthly,7,999,79.2,8,4,5,795,136695,Retail,Yes
CUST01449,24,Jaipur,Premium,Monthly,2,1049,60.2,5,4,1,612,135782,Web,Yes
CUST01450,38,Jaipur,Premium,Annual,33,999,51.2,5,3,6,694,32594,Web,Yes
CUST01451,22,Kolkata,Premium,Annual,55,1099,50.4,3,2,6,459,124840,Web,No
CUST01452,60,Kolkata,Standard,Quarterly,20,599,33.0,7,1,5,706,70762,Retail,No
CUST01453,27,Gurugram,Premium,Annual,58,999,62.2,3,0,2,728,140529,App,No
CUST01454,47,Mumbai,Premium,Annual,10,999,39.0,4,2,5,477,24948,Retail,No
CUST01455,31,Pune,Premium,Quarterly,46,999,48.4,2,3,1,850,37356,Web,No
CUST01456,24,Gurugram,Standard,Annual,32,549,8.2,1,3,5,619,67999,App,Yes
CUST01457,40,Bengaluru,Standard,Quarterly,32,599,43.0,3,1,4,831,71785,Retail,No
CUST01458,35,Pune,Standard,Annual,37,649,22.9,2,3,0,769,101083,App,No
CUST01459,52,Delhi,Premium,Quarterly,14,949,62.3,3,0,2,511,54196,Web,No
CUST01460,52,Bengaluru,Basic,Monthly,41,299,3.2,0,1,3,612,135584,Web,No
CUST01461,25,Mumbai,Standard,Annual,25,699,28.7,5,3,3,569,126070,Retail,No
CUST01462,42,Gurugram,Standard,Quarterly,43,649,28.8,3,1,2,457,126357,Retail,No
CUST01463,38,Kolkata,Standard,Annual,54,599,41.5,8,5,3,480,135087,Retail,No
CUST01464,50,Hyderabad,Premium,Quarterly,29,1099,59.5,8,3,6,666,94687,Retail,No
CUST01465,47,Noida,Standard,Monthly,8,699,32.7,2,1,5,670,80703,Web,No
CUST01466,56,Pune,Standard,Monthly,17,599,47.1,1,3,6,694,40686,Retail,Yes
CUST01467,53,Bengaluru,Standard,Monthly,38,649,48.1,1,5,4,611,87197,Web,No
CUST01468,28,Kolkata,Standard,Quarterly,47,549,29.6,4,4,6,701,54860,Retail,No
CUST01469,39,Delhi,Standard,Quarterly,41,599,30.0,2,1,3,537,39871,Retail,No
CUST01470,25,Pune,Premium,Monthly,23,1099,32.5,6,0,1,644,85533,Retail,No
CUST01471,28,Kolkata,Standard,Quarterly,42,649,26.0,0,1,5,529,60770,Web,Yes
CUST01472,41,Jaipur,Basic,Monthly,56,349,23.4,2,2,4,565,57674,App,Yes
CUST01473,29,Mumbai,Standard,Monthly,17,599,37.7,3,1,1,504,77428,Retail,No
CUST01474,40,Kolkata,Basic,Quarterly,18,299,36.4,2,5,6,467,67965,Retail,No
CUST01475,19,Kolkata,Standard,Annual,2,699,35.3,8,4,5,796,83253,App,Yes
CUST01476,42,Noida,Standard,Quarterly,7,549,24.9,8,1,2,850,136344,Web,Yes
CUST01477,60,Chennai,Basic,Annual,28,399,23.4,7,1,2,750,113710,App,No
CUST01478,42,Kolkata,Standard,Monthly,3,649,60.7,7,4,6,662,73905,App,Yes
CUST01479,59,Noida,Standard,Monthly,44,599,38.0,8,2,5,478,67036,App,No
CUST01480,18,Jaipur,Premium,Annual,6,1049,49.6,4,0,0,691,72458,Web,No
CUST01481,48,Bengaluru,Standard,Quarterly,40,599,55.3,3,2,4,586,103405,App,No
CUST01482,45,Bengaluru,Premium,Quarterly,10,999,53.3,7,1,0,653,84165,App,No
CUST01483,48,Delhi,Basic,Monthly,8,299,19.3,3,3,3,635,92537,Web,No
CUST01484,26,Jaipur,Premium,Quarterly,3,999,50.2,4,5,1,745,59260,Retail,No
CUST01485,40,Kolkata,Basic,Monthly,17,299,30.8,3,0,1,691,60817,App,No
CUST01486,20,Bengaluru,Basic,Monthly,8,299,9.7,8,4,6,849,29842,Retail,Yes
CUST01487,54,Delhi,Basic,Annual,18,299,12.0,6,4,6,574,41059,Retail,No
CUST01488,22,Kolkata,Basic,Annual,54,299,8.7,5,2,1,572,126906,App,No
CUST01489,48,Noida,Premium,Annual,19,949,77.9,8,4,3,538,71166,App,No
CUST01490,30,Gurugram,Standard,Quarterly,26,649,20.5,1,4,3,599,49041,Retail,No
CUST01491,53,Delhi,Premium,Annual,22,1099,54.8,5,0,0,507,108103,Retail,No
CUST01492,32,Mumbai,Basic,Annual,25,299,19.2,7,0,5,589,75450,Retail,No
CUST01493,36,Kolkata,Premium,Annual,40,999,62.1,0,5,3,604,126216,App,No
CUST01494,24,Noida,Premium,Quarterly,47,1049,53.1,1,4,5,528,121665,Retail,No
CUST01495,57,Mumbai,Standard,Annual,53,599,39.6,1,3,5,660,108875,Retail,Yes
CUST01496,49,Gurugram,Standard,Annual,6,599,9.6,0,1,5,738,90342,Retail,Yes
CUST01497,26,Kolkata,Premium,Monthly,30,1099,47.7,1,4,2,707,68788,Retail,No
CUST01498,49,Chennai,Basic,Annual,20,349,9.2,2,5,3,516,80700,Retail,Yes
CUST01499,51,Delhi,Basic,Quarterly,5,349,20.8,5,5,1,700,94382,Retail,No
CUST01500,36,Hyderabad,Premium,Monthly,28,949,60.4,5,4,6,825,91942,Web,No
